Requirement ID,Requirement / Feature,PRD Section,Expected Behaviour,Implementation Evidence,Route / Screen Evidence,File Evidence,Database Evidence,Status,Gap Description,Confidence,Technical Question,Recommended Next Action
PRD-M01-001,Full Name,"MODULE 1: USER, FAMILY & PROFILE MANAGEMENT (Sthapana) > 1.1 User Profile","The application should capture or support full name, validate it, persist it to the authoritative store, and display it after save.","FoundationHub, Submodule1B, onboarding steps, familyService, educationService, and profile API provide profile/family/education paths. Supporting team evidence: PM_MODULE_INVENTORY reports live CRUD; PM_SCREEN_INVENTORY and PM_FIELD_INVENTORY list Foundation, Family, and Education screens. Evidence authority remains source/database unless a live observation is explicitly stated.",/foundation; /foundation/family; /foundation/education; /onboarding/name; /onboarding/dob; /onboarding/status; /onboarding/occupation,src/app/(dashboard)/foundation/page.tsx; src/app/(dashboard)/foundation/family/page.tsx; src/app/(dashboard)/foundation/education/page.tsx; src/app/api/profile/route.ts; src/app/api/family/route.ts; src/app/api/education/route.ts; audit-output/01-repository-and-architecture/MODULE_TO_FILE_MAP.csv; audit-input/02-existing-team-outputs/2026-07-19_MODULE_CRUD_TRACE.csv,users; family_members; education; see audit-output/02-database-and-dependencies/FRONTEND_DATABASE_FIELD_MAP.csv and MODULE_DEPENDENCY_MATRIX.csv,Implemented,No material source-level gap found for this atomic field; live behavior still requires PM/WD confirmation.,Confirmed,Can WD/PM confirm that Full Name behaves in the live build exactly as the cited source path and identify its acceptance test?,Run and record a focused acceptance test for Full Name; then mark Verified if behavior matches the PRD.
PRD-M01-002,"DOB, Gender","MODULE 1: USER, FAMILY & PROFILE MANAGEMENT (Sthapana) > 1.1 User Profile","The application should capture or support dob, gender, validate it, persist it to the authoritative store, and display it after save.","FoundationHub, Submodule1B, onboarding steps, familyService, educationService, and profile API provide profile/family/education paths. Supporting team evidence: PM_MODULE_INVENTORY reports live CRUD; PM_SCREEN_INVENTORY and PM_FIELD_INVENTORY list Foundation, Family, and Education screens. Evidence authority remains source/database unless a live observation is explicitly stated.",/foundation; /foundation/family; /foundation/education; /onboarding/name; /onboarding/dob; /onboarding/status; /onboarding/occupation,src/app/(dashboard)/foundation/page.tsx; src/app/(dashboard)/foundation/family/page.tsx; src/app/(dashboard)/foundation/education/page.tsx; src/app/api/profile/route.ts; src/app/api/family/route.ts; src/app/api/education/route.ts; audit-output/01-repository-and-architecture/MODULE_TO_FILE_MAP.csv; audit-input/02-existing-team-outputs/2026-07-19_MODULE_CRUD_TRACE.csv,users; family_members; education; see audit-output/02-database-and-dependencies/FRONTEND_DATABASE_FIELD_MAP.csv and MODULE_DEPENDENCY_MATRIX.csv,Partially Implemented,DOB has an onboarding/API path; gender is accepted by the profile API/schema but no user-facing capture screen was found.,Confirmed,"Which implementation is authoritative for DOB, Gender, and how should WD resolve this mismatch: DOB has an onboarding/API path; gender is accepted by the profile API/schema but no user-facing capture screen was found.","WD to close the cited gap for DOB, Gender; PM/DA to verify the completed workflow end to end."
PRD-M01-003,"PAN, Aadhaar (masked)","MODULE 1: USER, FAMILY & PROFILE MANAGEMENT (Sthapana) > 1.1 User Profile","The application should capture or support pan, aadhaar (masked), validate it, persist it to the authoritative store, and display it after save.","FoundationHub, Submodule1B, onboarding steps, familyService, educationService, and profile API provide profile/family/education paths. Supporting team evidence: PM_MODULE_INVENTORY reports live CRUD; PM_SCREEN_INVENTORY and PM_FIELD_INVENTORY list Foundation, Family, and Education screens. Evidence authority remains source/database unless a live observation is explicitly stated.",/foundation; /foundation/family; /foundation/education; /onboarding/name; /onboarding/dob; /onboarding/status; /onboarding/occupation,src/app/(dashboard)/foundation/page.tsx; src/app/(dashboard)/foundation/family/page.tsx; src/app/(dashboard)/foundation/education/page.tsx; src/app/api/profile/route.ts; src/app/api/family/route.ts; src/app/api/education/route.ts; audit-output/01-repository-and-architecture/MODULE_TO_FILE_MAP.csv; audit-input/02-existing-team-outputs/2026-07-19_MODULE_CRUD_TRACE.csv,users; family_members; education; see audit-output/02-database-and-dependencies/FRONTEND_DATABASE_FIELD_MAP.csv and MODULE_DEPENDENCY_MATRIX.csv,Implemented Differently,PAN/Aadhaar capture and masking are implemented in Pehchaan identity_records rather than the Foundation user-profile flow; users.panMasked/aadhaarMasked have no Foundation write path.,Confirmed,"Which implementation is authoritative for PAN, Aadhaar (masked), and how should WD resolve this mismatch: PAN/Aadhaar capture and masking are implemented in Pehchaan identity_records rather than the Foundation user-profile flow; users.panMasked/aadhaarMasked have no Foundation write path.","PM/WD to choose the authoritative behavior and persistence path, document the decision, and add regression coverage."
PRD-M01-004,Mobile Numbers (Primary / Secondary),"MODULE 1: USER, FAMILY & PROFILE MANAGEMENT (Sthapana) > 1.1 User Profile","The application should capture or support mobile numbers (primary / secondary), validate it, persist it to the authoritative store, and display it after save.","FoundationHub, Submodule1B, onboarding steps, familyService, educationService, and profile API provide profile/family/education paths. Supporting team evidence: PM_MODULE_INVENTORY reports live CRUD; PM_SCREEN_INVENTORY and PM_FIELD_INVENTORY list Foundation, Family, and Education screens. Evidence authority remains source/database unless a live observation is explicitly stated.",/foundation; /foundation/family; /foundation/education; /onboarding/name; /onboarding/dob; /onboarding/status; /onboarding/occupation,src/app/(dashboard)/foundation/page.tsx; src/app/(dashboard)/foundation/family/page.tsx; src/app/(dashboard)/foundation/education/page.tsx; src/app/api/profile/route.ts; src/app/api/family/route.ts; src/app/api/education/route.ts; audit-output/01-repository-and-architecture/MODULE_TO_FILE_MAP.csv; audit-input/02-existing-team-outputs/2026-07-19_MODULE_CRUD_TRACE.csv,users; family_members; education; see audit-output/02-database-and-dependencies/FRONTEND_DATABASE_FIELD_MAP.csv and MODULE_DEPENDENCY_MATRIX.csv,Partially Implemented,Primary contact capture exists; secondaryMobile exists in schema/read response but a complete primary/secondary edit workflow was not found.,Confirmed,"Which implementation is authoritative for Mobile Numbers (Primary / Secondary), and how should WD resolve this mismatch: Primary contact capture exists; secondaryMobile exists in schema/read response but a complete primary/secondary edit workflow was not found.",WD to close the cited gap for Mobile Numbers (Primary / Secondary); PM/DA to verify the completed workflow end to end.
PRD-M01-005,Email IDs (Primary / Recovery),"MODULE 1: USER, FAMILY & PROFILE MANAGEMENT (Sthapana) > 1.1 User Profile","The application should capture or support email ids (primary / recovery), validate it, persist it to the authoritative store, and display it after save.","FoundationHub, Submodule1B, onboarding steps, familyService, educationService, and profile API provide profile/family/education paths. Supporting team evidence: PM_MODULE_INVENTORY reports live CRUD; PM_SCREEN_INVENTORY and PM_FIELD_INVENTORY list Foundation, Family, and Education screens. Evidence authority remains source/database unless a live observation is explicitly stated.",/foundation; /foundation/family; /foundation/education; /onboarding/name; /onboarding/dob; /onboarding/status; /onboarding/occupation,src/app/(dashboard)/foundation/page.tsx; src/app/(dashboard)/foundation/family/page.tsx; src/app/(dashboard)/foundation/education/page.tsx; src/app/api/profile/route.ts; src/app/api/family/route.ts; src/app/api/education/route.ts; audit-output/01-repository-and-architecture/MODULE_TO_FILE_MAP.csv; audit-input/02-existing-team-outputs/2026-07-19_MODULE_CRUD_TRACE.csv,users; family_members; education; see audit-output/02-database-and-dependencies/FRONTEND_DATABASE_FIELD_MAP.csv and MODULE_DEPENDENCY_MATRIX.csv,Partially Implemented,"Primary auth email exists and recoveryEmail is readable in profile data, but a complete primary/recovery email management workflow was not found.",Confirmed,"Which implementation is authoritative for Email IDs (Primary / Recovery), and how should WD resolve this mismatch: Primary auth email exists and recoveryEmail is readable in profile data, but a complete primary/recovery email management workflow was not found.",WD to close the cited gap for Email IDs (Primary / Recovery); PM/DA to verify the completed workflow end to end.
PRD-M01-006,Address,"MODULE 1: USER, FAMILY & PROFILE MANAGEMENT (Sthapana) > 1.1 User Profile","The application should capture or support address, validate it, persist it to the authoritative store, and display it after save.","FoundationHub, Submodule1B, onboarding steps, familyService, educationService, and profile API provide profile/family/education paths. Supporting team evidence: PM_MODULE_INVENTORY reports live CRUD; PM_SCREEN_INVENTORY and PM_FIELD_INVENTORY list Foundation, Family, and Education screens. Evidence authority remains source/database unless a live observation is explicitly stated.",/foundation; /foundation/family; /foundation/education; /onboarding/name; /onboarding/dob; /onboarding/status; /onboarding/occupation,src/app/(dashboard)/foundation/page.tsx; src/app/(dashboard)/foundation/family/page.tsx; src/app/(dashboard)/foundation/education/page.tsx; src/app/api/profile/route.ts; src/app/api/family/route.ts; src/app/api/education/route.ts; audit-output/01-repository-and-architecture/MODULE_TO_FILE_MAP.csv; audit-input/02-existing-team-outputs/2026-07-19_MODULE_CRUD_TRACE.csv,users; family_members; education; see audit-output/02-database-and-dependencies/FRONTEND_DATABASE_FIELD_MAP.csv and MODULE_DEPENDENCY_MATRIX.csv,Not Implemented,"users.address exists, but no Foundation/onboarding address capture route was found.",Strong Evidence,"Is Address still required for the current release boundary, and if so which WD owner and target milestone apply?","PM to confirm scope; if retained, WD should design and estimate Address before implementation."
PRD-M01-007,Occupation / Business,"MODULE 1: USER, FAMILY & PROFILE MANAGEMENT (Sthapana) > 1.1 User Profile","The application should capture or support occupation / business, validate it, persist it to the authoritative store, and display it after save.","FoundationHub, Submodule1B, onboarding steps, familyService, educationService, and profile API provide profile/family/education paths. Supporting team evidence: PM_MODULE_INVENTORY reports live CRUD; PM_SCREEN_INVENTORY and PM_FIELD_INVENTORY list Foundation, Family, and Education screens. Evidence authority remains source/database unless a live observation is explicitly stated.",/foundation; /foundation/family; /foundation/education; /onboarding/name; /onboarding/dob; /onboarding/status; /onboarding/occupation,src/app/(dashboard)/foundation/page.tsx; src/app/(dashboard)/foundation/family/page.tsx; src/app/(dashboard)/foundation/education/page.tsx; src/app/api/profile/route.ts; src/app/api/family/route.ts; src/app/api/education/route.ts; audit-output/01-repository-and-architecture/MODULE_TO_FILE_MAP.csv; audit-input/02-existing-team-outputs/2026-07-19_MODULE_CRUD_TRACE.csv,users; family_members; education; see audit-output/02-database-and-dependencies/FRONTEND_DATABASE_FIELD_MAP.csv and MODULE_DEPENDENCY_MATRIX.csv,Implemented,No material source-level gap found for this atomic field; live behavior still requires PM/WD confirmation.,Confirmed,Can WD/PM confirm that Occupation / Business behaves in the live build exactly as the cited source path and identify its acceptance test?,Run and record a focused acceptance test for Occupation / Business; then mark Verified if behavior matches the PRD.
PRD-M01-008,Employer / Company,"MODULE 1: USER, FAMILY & PROFILE MANAGEMENT (Sthapana) > 1.1 User Profile","The application should capture or support employer / company, validate it, persist it to the authoritative store, and display it after save.","FoundationHub, Submodule1B, onboarding steps, familyService, educationService, and profile API provide profile/family/education paths. Supporting team evidence: PM_MODULE_INVENTORY reports live CRUD; PM_SCREEN_INVENTORY and PM_FIELD_INVENTORY list Foundation, Family, and Education screens. Evidence authority remains source/database unless a live observation is explicitly stated.",/foundation; /foundation/family; /foundation/education; /onboarding/name; /onboarding/dob; /onboarding/status; /onboarding/occupation,src/app/(dashboard)/foundation/page.tsx; src/app/(dashboard)/foundation/family/page.tsx; src/app/(dashboard)/foundation/education/page.tsx; src/app/api/profile/route.ts; src/app/api/family/route.ts; src/app/api/education/route.ts; audit-output/01-repository-and-architecture/MODULE_TO_FILE_MAP.csv; audit-input/02-existing-team-outputs/2026-07-19_MODULE_CRUD_TRACE.csv,users; family_members; education; see audit-output/02-database-and-dependencies/FRONTEND_DATABASE_FIELD_MAP.csv and MODULE_DEPENDENCY_MATRIX.csv,Not Implemented,"users.employerCompany and profile API support exist, but no onboarding/Foundation input for employer/company was found.",Strong Evidence,"Is Employer / Company still required for the current release boundary, and if so which WD owner and target milestone apply?","PM to confirm scope; if retained, WD should design and estimate Employer / Company before implementation."
PRD-M01-009,Marital Status,"MODULE 1: USER, FAMILY & PROFILE MANAGEMENT (Sthapana) > 1.1 User Profile","The application should capture or support marital status, validate it, persist it to the authoritative store, and display it after save.","FoundationHub, Submodule1B, onboarding steps, familyService, educationService, and profile API provide profile/family/education paths. Supporting team evidence: PM_MODULE_INVENTORY reports live CRUD; PM_SCREEN_INVENTORY and PM_FIELD_INVENTORY list Foundation, Family, and Education screens. Evidence authority remains source/database unless a live observation is explicitly stated.",/foundation; /foundation/family; /foundation/education; /onboarding/name; /onboarding/dob; /onboarding/status; /onboarding/occupation,src/app/(dashboard)/foundation/page.tsx; src/app/(dashboard)/foundation/family/page.tsx; src/app/(dashboard)/foundation/education/page.tsx; src/app/api/profile/route.ts; src/app/api/family/route.ts; src/app/api/education/route.ts; audit-output/01-repository-and-architecture/MODULE_TO_FILE_MAP.csv; audit-input/02-existing-team-outputs/2026-07-19_MODULE_CRUD_TRACE.csv,users; family_members; education; see audit-output/02-database-and-dependencies/FRONTEND_DATABASE_FIELD_MAP.csv and MODULE_DEPENDENCY_MATRIX.csv,Implemented,No material source-level gap found for this atomic field; live behavior still requires PM/WD confirmation.,Confirmed,Can WD/PM confirm that Marital Status behaves in the live build exactly as the cited source path and identify its acceptance test?,Run and record a focused acceptance test for Marital Status; then mark Verified if behavior matches the PRD.
PRD-M01-010,Add family member,"MODULE 1: USER, FAMILY & PROFILE MANAGEMENT (Sthapana) > 1.2 Family Management (1 + 5)","The application should capture or support add family member, validate it, persist it to the authoritative store, and display it after save.","FoundationHub, Submodule1B, onboarding steps, familyService, educationService, and profile API provide profile/family/education paths. Supporting team evidence: PM_MODULE_INVENTORY reports live CRUD; PM_SCREEN_INVENTORY and PM_FIELD_INVENTORY list Foundation, Family, and Education screens. Evidence authority remains source/database unless a live observation is explicitly stated.",/foundation; /foundation/family; /foundation/education; /onboarding/name; /onboarding/dob; /onboarding/status; /onboarding/occupation,src/app/(dashboard)/foundation/page.tsx; src/app/(dashboard)/foundation/family/page.tsx; src/app/(dashboard)/foundation/education/page.tsx; src/app/api/profile/route.ts; src/app/api/family/route.ts; src/app/api/education/route.ts; audit-output/01-repository-and-architecture/MODULE_TO_FILE_MAP.csv; audit-input/02-existing-team-outputs/2026-07-19_MODULE_CRUD_TRACE.csv,users; family_members; education; see audit-output/02-database-and-dependencies/FRONTEND_DATABASE_FIELD_MAP.csv and MODULE_DEPENDENCY_MATRIX.csv,Implemented,No material source-level gap found for this atomic field; live behavior still requires PM/WD confirmation.,Confirmed,Can WD/PM confirm that Add family member behaves in the live build exactly as the cited source path and identify its acceptance test?,Run and record a focused acceptance test for Add family member; then mark Verified if behavior matches the PRD.
PRD-M01-011,Relationship,"MODULE 1: USER, FAMILY & PROFILE MANAGEMENT (Sthapana) > 1.2 Family Management (1 + 5)","The application should capture or support relationship, validate it, persist it to the authoritative store, and display it after save.","FoundationHub, Submodule1B, onboarding steps, familyService, educationService, and profile API provide profile/family/education paths. Supporting team evidence: PM_MODULE_INVENTORY reports live CRUD; PM_SCREEN_INVENTORY and PM_FIELD_INVENTORY list Foundation, Family, and Education screens. Evidence authority remains source/database unless a live observation is explicitly stated.",/foundation; /foundation/family; /foundation/education; /onboarding/name; /onboarding/dob; /onboarding/status; /onboarding/occupation,src/app/(dashboard)/foundation/page.tsx; src/app/(dashboard)/foundation/family/page.tsx; src/app/(dashboard)/foundation/education/page.tsx; src/app/api/profile/route.ts; src/app/api/family/route.ts; src/app/api/education/route.ts; audit-output/01-repository-and-architecture/MODULE_TO_FILE_MAP.csv; audit-input/02-existing-team-outputs/2026-07-19_MODULE_CRUD_TRACE.csv,users; family_members; education; see audit-output/02-database-and-dependencies/FRONTEND_DATABASE_FIELD_MAP.csv and MODULE_DEPENDENCY_MATRIX.csv,Implemented,No material source-level gap found for this atomic field; live behavior still requires PM/WD confirmation.,Confirmed,Can WD/PM confirm that Relationship behaves in the live build exactly as the cited source path and identify its acceptance test?,Run and record a focused acceptance test for Relationship; then mark Verified if behavior matches the PRD.
PRD-M01-012,Dependent (Yes/No),"MODULE 1: USER, FAMILY & PROFILE MANAGEMENT (Sthapana) > 1.2 Family Management (1 + 5)","The application should capture or support dependent (yes/no), validate it, persist it to the authoritative store, and display it after save.","FoundationHub, Submodule1B, onboarding steps, familyService, educationService, and profile API provide profile/family/education paths. Supporting team evidence: PM_MODULE_INVENTORY reports live CRUD; PM_SCREEN_INVENTORY and PM_FIELD_INVENTORY list Foundation, Family, and Education screens. Evidence authority remains source/database unless a live observation is explicitly stated.",/foundation; /foundation/family; /foundation/education; /onboarding/name; /onboarding/dob; /onboarding/status; /onboarding/occupation,src/app/(dashboard)/foundation/page.tsx; src/app/(dashboard)/foundation/family/page.tsx; src/app/(dashboard)/foundation/education/page.tsx; src/app/api/profile/route.ts; src/app/api/family/route.ts; src/app/api/education/route.ts; audit-output/01-repository-and-architecture/MODULE_TO_FILE_MAP.csv; audit-input/02-existing-team-outputs/2026-07-19_MODULE_CRUD_TRACE.csv,users; family_members; education; see audit-output/02-database-and-dependencies/FRONTEND_DATABASE_FIELD_MAP.csv and MODULE_DEPENDENCY_MATRIX.csv,Implemented,No material source-level gap found for this atomic field; live behavior still requires PM/WD confirmation.,Confirmed,Can WD/PM confirm that Dependent (Yes/No) behaves in the live build exactly as the cited source path and identify its acceptance test?,Run and record a focused acceptance test for Dependent (Yes/No); then mark Verified if behavior matches the PRD.
PRD-M01-013,Nominee eligible (Yes/No),"MODULE 1: USER, FAMILY & PROFILE MANAGEMENT (Sthapana) > 1.2 Family Management (1 + 5)","The application should capture or support nominee eligible (yes/no), validate it, persist it to the authoritative store, and display it after save.","FoundationHub, Submodule1B, onboarding steps, familyService, educationService, and profile API provide profile/family/education paths. Supporting team evidence: PM_MODULE_INVENTORY reports live CRUD; PM_SCREEN_INVENTORY and PM_FIELD_INVENTORY list Foundation, Family, and Education screens. Evidence authority remains source/database unless a live observation is explicitly stated.",/foundation; /foundation/family; /foundation/education; /onboarding/name; /onboarding/dob; /onboarding/status; /onboarding/occupation,src/app/(dashboard)/foundation/page.tsx; src/app/(dashboard)/foundation/family/page.tsx; src/app/(dashboard)/foundation/education/page.tsx; src/app/api/profile/route.ts; src/app/api/family/route.ts; src/app/api/education/route.ts; audit-output/01-repository-and-architecture/MODULE_TO_FILE_MAP.csv; audit-input/02-existing-team-outputs/2026-07-19_MODULE_CRUD_TRACE.csv,users; family_members; education; see audit-output/02-database-and-dependencies/FRONTEND_DATABASE_FIELD_MAP.csv and MODULE_DEPENDENCY_MATRIX.csv,Implemented,No material source-level gap found for this atomic field; live behavior still requires PM/WD confirmation.,Confirmed,Can WD/PM confirm that Nominee eligible (Yes/No) behaves in the live build exactly as the cited source path and identify its acceptance test?,Run and record a focused acceptance test for Nominee eligible (Yes/No); then mark Verified if behavior matches the PRD.
PRD-M01-014,Individual access level,"MODULE 1: USER, FAMILY & PROFILE MANAGEMENT (Sthapana) > 1.2 Family Management (1 + 5)","The application should capture or support individual access level, validate it, persist it to the authoritative store, and display it after save.","FoundationHub, Submodule1B, onboarding steps, familyService, educationService, and profile API provide profile/family/education paths. Supporting team evidence: PM_MODULE_INVENTORY reports live CRUD; PM_SCREEN_INVENTORY and PM_FIELD_INVENTORY list Foundation, Family, and Education screens. Evidence authority remains source/database unless a live observation is explicitly stated.",/foundation; /foundation/family; /foundation/education; /onboarding/name; /onboarding/dob; /onboarding/status; /onboarding/occupation,src/app/(dashboard)/foundation/page.tsx; src/app/(dashboard)/foundation/family/page.tsx; src/app/(dashboard)/foundation/education/page.tsx; src/app/api/profile/route.ts; src/app/api/family/route.ts; src/app/api/education/route.ts; audit-output/01-repository-and-architecture/MODULE_TO_FILE_MAP.csv; audit-input/02-existing-team-outputs/2026-07-19_MODULE_CRUD_TRACE.csv,users; family_members; education; see audit-output/02-database-and-dependencies/FRONTEND_DATABASE_FIELD_MAP.csv and MODULE_DEPENDENCY_MATRIX.csv,Implemented,No material source-level gap found for this atomic field; live behavior still requires PM/WD confirmation.,Confirmed,Can WD/PM confirm that Individual access level behaves in the live build exactly as the cited source path and identify its acceptance test?,Run and record a focused acceptance test for Individual access level; then mark Verified if behavior matches the PRD.
PRD-M01-015,Degree / Course,"MODULE 1: USER, FAMILY & PROFILE MANAGEMENT (Sthapana) > 1.3 Education & Qualification","The application should capture or support degree / course, validate it, persist it to the authoritative store, and display it after save.","FoundationHub, Submodule1B, onboarding steps, familyService, educationService, and profile API provide profile/family/education paths. Supporting team evidence: PM_MODULE_INVENTORY reports live CRUD; PM_SCREEN_INVENTORY and PM_FIELD_INVENTORY list Foundation, Family, and Education screens. Evidence authority remains source/database unless a live observation is explicitly stated.",/foundation; /foundation/family; /foundation/education; /onboarding/name; /onboarding/dob; /onboarding/status; /onboarding/occupation,src/app/(dashboard)/foundation/page.tsx; src/app/(dashboard)/foundation/family/page.tsx; src/app/(dashboard)/foundation/education/page.tsx; src/app/api/profile/route.ts; src/app/api/family/route.ts; src/app/api/education/route.ts; audit-output/01-repository-and-architecture/MODULE_TO_FILE_MAP.csv; audit-input/02-existing-team-outputs/2026-07-19_MODULE_CRUD_TRACE.csv,users; family_members; education; see audit-output/02-database-and-dependencies/FRONTEND_DATABASE_FIELD_MAP.csv and MODULE_DEPENDENCY_MATRIX.csv,Implemented,No material source-level gap found for this atomic field; live behavior still requires PM/WD confirmation.,Confirmed,Can WD/PM confirm that Degree / Course behaves in the live build exactly as the cited source path and identify its acceptance test?,Run and record a focused acceptance test for Degree / Course; then mark Verified if behavior matches the PRD.
PRD-M01-016,Institution / University,"MODULE 1: USER, FAMILY & PROFILE MANAGEMENT (Sthapana) > 1.3 Education & Qualification","The application should capture or support institution / university, validate it, persist it to the authoritative store, and display it after save.","FoundationHub, Submodule1B, onboarding steps, familyService, educationService, and profile API provide profile/family/education paths. Supporting team evidence: PM_MODULE_INVENTORY reports live CRUD; PM_SCREEN_INVENTORY and PM_FIELD_INVENTORY list Foundation, Family, and Education screens. Evidence authority remains source/database unless a live observation is explicitly stated.",/foundation; /foundation/family; /foundation/education; /onboarding/name; /onboarding/dob; /onboarding/status; /onboarding/occupation,src/app/(dashboard)/foundation/page.tsx; src/app/(dashboard)/foundation/family/page.tsx; src/app/(dashboard)/foundation/education/page.tsx; src/app/api/profile/route.ts; src/app/api/family/route.ts; src/app/api/education/route.ts; audit-output/01-repository-and-architecture/MODULE_TO_FILE_MAP.csv; audit-input/02-existing-team-outputs/2026-07-19_MODULE_CRUD_TRACE.csv,users; family_members; education; see audit-output/02-database-and-dependencies/FRONTEND_DATABASE_FIELD_MAP.csv and MODULE_DEPENDENCY_MATRIX.csv,Implemented,No material source-level gap found for this atomic field; live behavior still requires PM/WD confirmation.,Confirmed,Can WD/PM confirm that Institution / University behaves in the live build exactly as the cited source path and identify its acceptance test?,Run and record a focused acceptance test for Institution / University; then mark Verified if behavior matches the PRD.
PRD-M01-017,Year of completion,"MODULE 1: USER, FAMILY & PROFILE MANAGEMENT (Sthapana) > 1.3 Education & Qualification","The application should capture or support year of completion, validate it, persist it to the authoritative store, and display it after save.","FoundationHub, Submodule1B, onboarding steps, familyService, educationService, and profile API provide profile/family/education paths. Supporting team evidence: PM_MODULE_INVENTORY reports live CRUD; PM_SCREEN_INVENTORY and PM_FIELD_INVENTORY list Foundation, Family, and Education screens. Evidence authority remains source/database unless a live observation is explicitly stated.",/foundation; /foundation/family; /foundation/education; /onboarding/name; /onboarding/dob; /onboarding/status; /onboarding/occupation,src/app/(dashboard)/foundation/page.tsx; src/app/(dashboard)/foundation/family/page.tsx; src/app/(dashboard)/foundation/education/page.tsx; src/app/api/profile/route.ts; src/app/api/family/route.ts; src/app/api/education/route.ts; audit-output/01-repository-and-architecture/MODULE_TO_FILE_MAP.csv; audit-input/02-existing-team-outputs/2026-07-19_MODULE_CRUD_TRACE.csv,users; family_members; education; see audit-output/02-database-and-dependencies/FRONTEND_DATABASE_FIELD_MAP.csv and MODULE_DEPENDENCY_MATRIX.csv,Implemented,No material source-level gap found for this atomic field; live behavior still requires PM/WD confirmation.,Confirmed,Can WD/PM confirm that Year of completion behaves in the live build exactly as the cited source path and identify its acceptance test?,Run and record a focused acceptance test for Year of completion; then mark Verified if behavior matches the PRD.
PRD-M01-018,Specialization,"MODULE 1: USER, FAMILY & PROFILE MANAGEMENT (Sthapana) > 1.3 Education & Qualification","The application should capture or support specialization, validate it, persist it to the authoritative store, and display it after save.","FoundationHub, Submodule1B, onboarding steps, familyService, educationService, and profile API provide profile/family/education paths. Supporting team evidence: PM_MODULE_INVENTORY reports live CRUD; PM_SCREEN_INVENTORY and PM_FIELD_INVENTORY list Foundation, Family, and Education screens. Evidence authority remains source/database unless a live observation is explicitly stated.",/foundation; /foundation/family; /foundation/education; /onboarding/name; /onboarding/dob; /onboarding/status; /onboarding/occupation,src/app/(dashboard)/foundation/page.tsx; src/app/(dashboard)/foundation/family/page.tsx; src/app/(dashboard)/foundation/education/page.tsx; src/app/api/profile/route.ts; src/app/api/family/route.ts; src/app/api/education/route.ts; audit-output/01-repository-and-architecture/MODULE_TO_FILE_MAP.csv; audit-input/02-existing-team-outputs/2026-07-19_MODULE_CRUD_TRACE.csv,users; family_members; education; see audit-output/02-database-and-dependencies/FRONTEND_DATABASE_FIELD_MAP.csv and MODULE_DEPENDENCY_MATRIX.csv,Implemented,No material source-level gap found for this atomic field; live behavior still requires PM/WD confirmation.,Confirmed,Can WD/PM confirm that Specialization behaves in the live build exactly as the cited source path and identify its acceptance test?,Run and record a focused acceptance test for Specialization; then mark Verified if behavior matches the PRD.
PRD-M01-019,Education loan mapping,"MODULE 1: USER, FAMILY & PROFILE MANAGEMENT (Sthapana) > 1.3 Education & Qualification","An education record should link to a real loan record when applicable, preserve that relationship after edit, and handle deletion/unlinking explicitly.","FoundationHub, Submodule1B, onboarding steps, familyService, educationService, and profile API provide profile/family/education paths. Supporting team evidence: PM_MODULE_INVENTORY reports live CRUD; PM_SCREEN_INVENTORY and PM_FIELD_INVENTORY list Foundation, Family, and Education screens. Evidence authority remains source/database unless a live observation is explicitly stated.",/foundation; /foundation/family; /foundation/education; /onboarding/name; /onboarding/dob; /onboarding/status; /onboarding/occupation,src/app/(dashboard)/foundation/page.tsx; src/app/(dashboard)/foundation/family/page.tsx; src/app/(dashboard)/foundation/education/page.tsx; src/app/api/profile/route.ts; src/app/api/family/route.ts; src/app/api/education/route.ts; audit-output/01-repository-and-architecture/MODULE_TO_FILE_MAP.csv; audit-input/02-existing-team-outputs/2026-07-19_MODULE_CRUD_TRACE.csv,users; family_members; education; see audit-output/02-database-and-dependencies/FRONTEND_DATABASE_FIELD_MAP.csv and MODULE_DEPENDENCY_MATRIX.csv,Implemented Differently,The boolean UI writes the sentinel EDUCATION_LOAN_ACTIVE into education.linkedLoanId rather than linking a loan_accounts.id.,Confirmed,"Which implementation is authoritative for Education loan mapping, and how should WD resolve this mismatch: The boolean UI writes the sentinel EDUCATION_LOAN_ACTIVE into education.linkedLoanId rather than linking a loan_accounts.id.","PM/WD to choose the authoritative behavior and persistence path, document the decision, and add regression coverage."
PRD-M02-001,Aadhaar,MODULE 2: DIGITAL IDENTITY & KYC VAULT (Pehchaan) > 2.1 Identity Records,"The application should offer Aadhaar as a supported option and preserve that type through create, view, edit, and delete workflows.","IdentityHub, AddIdentityPage, IdentityStore, identityService, identity-link routes, and reminder routes implement document registry and linking. Supporting team evidence: PM_MODULE_INVENTORY reports live CRUD/reminders; DA10-008 reports deletion available through the general vault rather than inside Pehchaan. Evidence authority remains source/database unless a live observation is explicitly stated.",/pehchaan/records; /pehchaan/records/add; /pehchaan/records/links; /pehchaan/records/renewals; /api/identity; /api/identity/links; /api/identity/reminders,src/app/(dashboard)/pehchaan/records/page.tsx; src/app/(dashboard)/pehchaan/records/add/page.tsx; src/app/(dashboard)/pehchaan/records/links/page.tsx; src/lib/services/identityService.ts; src/app/api/identity/reminders/route.ts; audit-output/01-repository-and-architecture/MODULE_TO_FILE_MAP.csv; audit-input/02-existing-team-outputs/2026-07-19_MODULE_CRUD_TRACE.csv,identity_records; identity_links; reminders; document_meta; see audit-output/02-database-and-dependencies/FRONTEND_DATABASE_FIELD_MAP.csv and MODULE_DEPENDENCY_MATRIX.csv,Implemented,"Implementation exists, but identity linkage and vault deletion use soft/application-managed relationships.",Confirmed,Can WD/PM confirm that Aadhaar behaves in the live build exactly as the cited source path and identify its acceptance test?,Run and record a focused acceptance test for Aadhaar; then mark Verified if behavior matches the PRD.
PRD-M02-002,PAN,MODULE 2: DIGITAL IDENTITY & KYC VAULT (Pehchaan) > 2.1 Identity Records,"The application should offer PAN as a supported option and preserve that type through create, view, edit, and delete workflows.","IdentityHub, AddIdentityPage, IdentityStore, identityService, identity-link routes, and reminder routes implement document registry and linking. Supporting team evidence: PM_MODULE_INVENTORY reports live CRUD/reminders; DA10-008 reports deletion available through the general vault rather than inside Pehchaan. Evidence authority remains source/database unless a live observation is explicitly stated.",/pehchaan/records; /pehchaan/records/add; /pehchaan/records/links; /pehchaan/records/renewals; /api/identity; /api/identity/links; /api/identity/reminders,src/app/(dashboard)/pehchaan/records/page.tsx; src/app/(dashboard)/pehchaan/records/add/page.tsx; src/app/(dashboard)/pehchaan/records/links/page.tsx; src/lib/services/identityService.ts; src/app/api/identity/reminders/route.ts; audit-output/01-repository-and-architecture/MODULE_TO_FILE_MAP.csv; audit-input/02-existing-team-outputs/2026-07-19_MODULE_CRUD_TRACE.csv,identity_records; identity_links; reminders; document_meta; see audit-output/02-database-and-dependencies/FRONTEND_DATABASE_FIELD_MAP.csv and MODULE_DEPENDENCY_MATRIX.csv,Implemented,"Implementation exists, but identity linkage and vault deletion use soft/application-managed relationships.",Confirmed,Can WD/PM confirm that PAN behaves in the live build exactly as the cited source path and identify its acceptance test?,Run and record a focused acceptance test for PAN; then mark Verified if behavior matches the PRD.
PRD-M02-003,Passport,MODULE 2: DIGITAL IDENTITY & KYC VAULT (Pehchaan) > 2.1 Identity Records,"The application should offer Passport as a supported option and preserve that type through create, view, edit, and delete workflows.","IdentityHub, AddIdentityPage, IdentityStore, identityService, identity-link routes, and reminder routes implement document registry and linking. Supporting team evidence: PM_MODULE_INVENTORY reports live CRUD/reminders; DA10-008 reports deletion available through the general vault rather than inside Pehchaan. Evidence authority remains source/database unless a live observation is explicitly stated.",/pehchaan/records; /pehchaan/records/add; /pehchaan/records/links; /pehchaan/records/renewals; /api/identity; /api/identity/links; /api/identity/reminders,src/app/(dashboard)/pehchaan/records/page.tsx; src/app/(dashboard)/pehchaan/records/add/page.tsx; src/app/(dashboard)/pehchaan/records/links/page.tsx; src/lib/services/identityService.ts; src/app/api/identity/reminders/route.ts; audit-output/01-repository-and-architecture/MODULE_TO_FILE_MAP.csv; audit-input/02-existing-team-outputs/2026-07-19_MODULE_CRUD_TRACE.csv,identity_records; identity_links; reminders; document_meta; see audit-output/02-database-and-dependencies/FRONTEND_DATABASE_FIELD_MAP.csv and MODULE_DEPENDENCY_MATRIX.csv,Implemented,"Implementation exists, but identity linkage and vault deletion use soft/application-managed relationships.",Confirmed,Can WD/PM confirm that Passport behaves in the live build exactly as the cited source path and identify its acceptance test?,Run and record a focused acceptance test for Passport; then mark Verified if behavior matches the PRD.
PRD-M02-004,Driving License,MODULE 2: DIGITAL IDENTITY & KYC VAULT (Pehchaan) > 2.1 Identity Records,"The application should offer Driving License as a supported option and preserve that type through create, view, edit, and delete workflows.","IdentityHub, AddIdentityPage, IdentityStore, identityService, identity-link routes, and reminder routes implement document registry and linking. Supporting team evidence: PM_MODULE_INVENTORY reports live CRUD/reminders; DA10-008 reports deletion available through the general vault rather than inside Pehchaan. Evidence authority remains source/database unless a live observation is explicitly stated.",/pehchaan/records; /pehchaan/records/add; /pehchaan/records/links; /pehchaan/records/renewals; /api/identity; /api/identity/links; /api/identity/reminders,src/app/(dashboard)/pehchaan/records/page.tsx; src/app/(dashboard)/pehchaan/records/add/page.tsx; src/app/(dashboard)/pehchaan/records/links/page.tsx; src/lib/services/identityService.ts; src/app/api/identity/reminders/route.ts; audit-output/01-repository-and-architecture/MODULE_TO_FILE_MAP.csv; audit-input/02-existing-team-outputs/2026-07-19_MODULE_CRUD_TRACE.csv,identity_records; identity_links; reminders; document_meta; see audit-output/02-database-and-dependencies/FRONTEND_DATABASE_FIELD_MAP.csv and MODULE_DEPENDENCY_MATRIX.csv,Implemented,"Implementation exists, but identity linkage and vault deletion use soft/application-managed relationships.",Confirmed,Can WD/PM confirm that Driving License behaves in the live build exactly as the cited source path and identify its acceptance test?,Run and record a focused acceptance test for Driving License; then mark Verified if behavior matches the PRD.
PRD-M02-005,Voter ID,MODULE 2: DIGITAL IDENTITY & KYC VAULT (Pehchaan) > 2.1 Identity Records,"The application should offer Voter ID as a supported option and preserve that type through create, view, edit, and delete workflows.","IdentityHub, AddIdentityPage, IdentityStore, identityService, identity-link routes, and reminder routes implement document registry and linking. Supporting team evidence: PM_MODULE_INVENTORY reports live CRUD/reminders; DA10-008 reports deletion available through the general vault rather than inside Pehchaan. Evidence authority remains source/database unless a live observation is explicitly stated.",/pehchaan/records; /pehchaan/records/add; /pehchaan/records/links; /pehchaan/records/renewals; /api/identity; /api/identity/links; /api/identity/reminders,src/app/(dashboard)/pehchaan/records/page.tsx; src/app/(dashboard)/pehchaan/records/add/page.tsx; src/app/(dashboard)/pehchaan/records/links/page.tsx; src/lib/services/identityService.ts; src/app/api/identity/reminders/route.ts; audit-output/01-repository-and-architecture/MODULE_TO_FILE_MAP.csv; audit-input/02-existing-team-outputs/2026-07-19_MODULE_CRUD_TRACE.csv,identity_records; identity_links; reminders; document_meta; see audit-output/02-database-and-dependencies/FRONTEND_DATABASE_FIELD_MAP.csv and MODULE_DEPENDENCY_MATRIX.csv,Implemented,"Implementation exists, but identity linkage and vault deletion use soft/application-managed relationships.",Confirmed,Can WD/PM confirm that Voter ID behaves in the live build exactly as the cited source path and identify its acceptance test?,Run and record a focused acceptance test for Voter ID; then mark Verified if behavior matches the PRD.
PRD-M02-006,Linked mobile,MODULE 2: DIGITAL IDENTITY & KYC VAULT (Pehchaan) > 2.2 Identity Mapping,"The application should capture or support linked mobile, validate it, persist it to the authoritative store, and display it after save.","IdentityHub, AddIdentityPage, IdentityStore, identityService, identity-link routes, and reminder routes implement document registry and linking. Supporting team evidence: PM_MODULE_INVENTORY reports live CRUD/reminders; DA10-008 reports deletion available through the general vault rather than inside Pehchaan. Evidence authority remains source/database unless a live observation is explicitly stated.",/pehchaan/records; /pehchaan/records/add; /pehchaan/records/links; /pehchaan/records/renewals; /api/identity; /api/identity/links; /api/identity/reminders,src/app/(dashboard)/pehchaan/records/page.tsx; src/app/(dashboard)/pehchaan/records/add/page.tsx; src/app/(dashboard)/pehchaan/records/links/page.tsx; src/lib/services/identityService.ts; src/app/api/identity/reminders/route.ts; audit-output/01-repository-and-architecture/MODULE_TO_FILE_MAP.csv; audit-input/02-existing-team-outputs/2026-07-19_MODULE_CRUD_TRACE.csv,identity_records; identity_links; reminders; document_meta; see audit-output/02-database-and-dependencies/FRONTEND_DATABASE_FIELD_MAP.csv and MODULE_DEPENDENCY_MATRIX.csv,Implemented,"Implementation exists, but identity linkage and vault deletion use soft/application-managed relationships.",Confirmed,Can WD/PM confirm that Linked mobile behaves in the live build exactly as the cited source path and identify its acceptance test?,Run and record a focused acceptance test for Linked mobile; then mark Verified if behavior matches the PRD.
PRD-M02-007,Linked email,MODULE 2: DIGITAL IDENTITY & KYC VAULT (Pehchaan) > 2.2 Identity Mapping,"The application should capture or support linked email, validate it, persist it to the authoritative store, and display it after save.","IdentityHub, AddIdentityPage, IdentityStore, identityService, identity-link routes, and reminder routes implement document registry and linking. Supporting team evidence: PM_MODULE_INVENTORY reports live CRUD/reminders; DA10-008 reports deletion available through the general vault rather than inside Pehchaan. Evidence authority remains source/database unless a live observation is explicitly stated.",/pehchaan/records; /pehchaan/records/add; /pehchaan/records/links; /pehchaan/records/renewals; /api/identity; /api/identity/links; /api/identity/reminders,src/app/(dashboard)/pehchaan/records/page.tsx; src/app/(dashboard)/pehchaan/records/add/page.tsx; src/app/(dashboard)/pehchaan/records/links/page.tsx; src/lib/services/identityService.ts; src/app/api/identity/reminders/route.ts; audit-output/01-repository-and-architecture/MODULE_TO_FILE_MAP.csv; audit-input/02-existing-team-outputs/2026-07-19_MODULE_CRUD_TRACE.csv,identity_records; identity_links; reminders; document_meta; see audit-output/02-database-and-dependencies/FRONTEND_DATABASE_FIELD_MAP.csv and MODULE_DEPENDENCY_MATRIX.csv,Implemented,"Implementation exists, but identity linkage and vault deletion use soft/application-managed relationships.",Confirmed,Can WD/PM confirm that Linked email behaves in the live build exactly as the cited source path and identify its acceptance test?,Run and record a focused acceptance test for Linked email; then mark Verified if behavior matches the PRD.
PRD-M02-008,Linked bank / tax / investment,MODULE 2: DIGITAL IDENTITY & KYC VAULT (Pehchaan) > 2.2 Identity Mapping,"An identity record should link to explicit bank, tax, or investment entities through defined relationship identifiers and survive create/edit/delete lifecycle changes.","IdentityHub, AddIdentityPage, IdentityStore, identityService, identity-link routes, and reminder routes implement document registry and linking. Supporting team evidence: PM_MODULE_INVENTORY reports live CRUD/reminders; DA10-008 reports deletion available through the general vault rather than inside Pehchaan. Evidence authority remains source/database unless a live observation is explicitly stated.",/pehchaan/records; /pehchaan/records/add; /pehchaan/records/links; /pehchaan/records/renewals; /api/identity; /api/identity/links; /api/identity/reminders,src/app/(dashboard)/pehchaan/records/page.tsx; src/app/(dashboard)/pehchaan/records/add/page.tsx; src/app/(dashboard)/pehchaan/records/links/page.tsx; src/lib/services/identityService.ts; src/app/api/identity/reminders/route.ts; audit-output/01-repository-and-architecture/MODULE_TO_FILE_MAP.csv; audit-input/02-existing-team-outputs/2026-07-19_MODULE_CRUD_TRACE.csv,identity_records; identity_links; reminders; document_meta; see audit-output/02-database-and-dependencies/FRONTEND_DATABASE_FIELD_MAP.csv and MODULE_DEPENDENCY_MATRIX.csv,Partially Implemented,"Generic identity_links records and mapping UI exist, but bank/tax/investment targets are not enforced foreign-key relationships.",Confirmed,"Which implementation is authoritative for Linked bank / tax / investment, and how should WD resolve this mismatch: Generic identity_links records and mapping UI exist, but bank/tax/investment targets are not enforced foreign-key relationships.",WD to close the cited gap for Linked bank / tax / investment; PM/DA to verify the completed workflow end to end.
PRD-M02-009,Expiry reminders,MODULE 2: DIGITAL IDENTITY & KYC VAULT (Pehchaan) > 2.3 Validity & Alerts,"The application should create, display, update, and clear expiry reminders consistently when the source record changes.","IdentityHub, AddIdentityPage, IdentityStore, identityService, identity-link routes, and reminder routes implement document registry and linking. Supporting team evidence: PM_MODULE_INVENTORY reports live CRUD/reminders; DA10-008 reports deletion available through the general vault rather than inside Pehchaan. Evidence authority remains source/database unless a live observation is explicitly stated.",/pehchaan/records; /pehchaan/records/add; /pehchaan/records/links; /pehchaan/records/renewals; /api/identity; /api/identity/links; /api/identity/reminders,src/app/(dashboard)/pehchaan/records/page.tsx; src/app/(dashboard)/pehchaan/records/add/page.tsx; src/app/(dashboard)/pehchaan/records/links/page.tsx; src/lib/services/identityService.ts; src/app/api/identity/reminders/route.ts; audit-output/01-repository-and-architecture/MODULE_TO_FILE_MAP.csv; audit-input/02-existing-team-outputs/2026-07-19_MODULE_CRUD_TRACE.csv,identity_records; identity_links; reminders; document_meta; see audit-output/02-database-and-dependencies/FRONTEND_DATABASE_FIELD_MAP.csv and MODULE_DEPENDENCY_MATRIX.csv,Partially Implemented,"Expiry/reminder code and records exist, but browser and database reminder paths overlap and live deletion behavior is inconsistent.",Confirmed,"Which implementation is authoritative for Expiry reminders, and how should WD resolve this mismatch: Expiry/reminder code and records exist, but browser and database reminder paths overlap and live deletion behavior is inconsistent.",WD to close the cited gap for Expiry reminders; PM/DA to verify the completed workflow end to end.
PRD-M02-010,Verification status,MODULE 2: DIGITAL IDENTITY & KYC VAULT (Pehchaan) > 2.3 Validity & Alerts,"The application should create, display, update, and clear verification status consistently when the source record changes.","IdentityHub, AddIdentityPage, IdentityStore, identityService, identity-link routes, and reminder routes implement document registry and linking. Supporting team evidence: PM_MODULE_INVENTORY reports live CRUD/reminders; DA10-008 reports deletion available through the general vault rather than inside Pehchaan. Evidence authority remains source/database unless a live observation is explicitly stated.",/pehchaan/records; /pehchaan/records/add; /pehchaan/records/links; /pehchaan/records/renewals; /api/identity; /api/identity/links; /api/identity/reminders,src/app/(dashboard)/pehchaan/records/page.tsx; src/app/(dashboard)/pehchaan/records/add/page.tsx; src/app/(dashboard)/pehchaan/records/links/page.tsx; src/lib/services/identityService.ts; src/app/api/identity/reminders/route.ts; audit-output/01-repository-and-architecture/MODULE_TO_FILE_MAP.csv; audit-input/02-existing-team-outputs/2026-07-19_MODULE_CRUD_TRACE.csv,identity_records; identity_links; reminders; document_meta; see audit-output/02-database-and-dependencies/FRONTEND_DATABASE_FIELD_MAP.csv and MODULE_DEPENDENCY_MATRIX.csv,Partially Implemented,"Document validation and seal-strength logic exist, but no authoritative persisted verification-status column/workflow is evidenced.",Confirmed,"Which implementation is authoritative for Verification status, and how should WD resolve this mismatch: Document validation and seal-strength logic exist, but no authoritative persisted verification-status column/workflow is evidenced.",WD to close the cited gap for Verification status; PM/DA to verify the completed workflow end to end.
PRD-M03-001,Bank portals,MODULE 3: LOGIN CREDENTIAL & ACCESS VAULT (Kunji) > 3.1 Login Types,"The application should offer Bank portals as a supported option and preserve that type through create, view, edit, and delete workflows.",KeyChamberHub and AddPortal use CredentialStore; a separate credentialService and /api/credentials path targets Prisma. Supporting team evidence: PM_MODULE_INVENTORY reports live CRUD but no reminders; DA10-005 records inconsistent Add Portal behavior and requests WD confirmation. Evidence authority remains source/database unless a live observation is explicitly stated.,/dwaar/portals; /dwaar/portals/add; /api/credentials,src/app/(dashboard)/dwaar/portals/page.tsx; src/app/(dashboard)/dwaar/portals/add/page.tsx; src/lib/credentialStore.ts; src/lib/services/credentialService.ts; src/app/api/credentials/route.ts; audit-output/01-repository-and-architecture/MODULE_TO_FILE_MAP.csv; audit-input/02-existing-team-outputs/2026-07-19_MODULE_CRUD_TRACE.csv,"credential_records exists, but the configured add page writes browser CredentialStore instead of /api/credentials; see audit-output/02-database-and-dependencies/FRONTEND_DATABASE_FIELD_MAP.csv and MODULE_DEPENDENCY_MATRIX.csv",Implemented Differently,"The configured UI is browser-store based while a separate database API exists, so persistence and cross-device behavior do not match one authoritative path.",Confirmed,"Which implementation is authoritative for Bank portals, and how should WD resolve this mismatch: The configured UI is browser-store based while a separate database API exists, so persistence and cross-device behavior do not match one authoritative path.","PM/WD to choose the authoritative behavior and persistence path, document the decision, and add regression coverage."
PRD-M03-002,Demat & MF platforms,MODULE 3: LOGIN CREDENTIAL & ACCESS VAULT (Kunji) > 3.1 Login Types,"The application should offer Demat & MF platforms as a supported option and preserve that type through create, view, edit, and delete workflows.",KeyChamberHub and AddPortal use CredentialStore; a separate credentialService and /api/credentials path targets Prisma. Supporting team evidence: PM_MODULE_INVENTORY reports live CRUD but no reminders; DA10-005 records inconsistent Add Portal behavior and requests WD confirmation. Evidence authority remains source/database unless a live observation is explicitly stated.,/dwaar/portals; /dwaar/portals/add; /api/credentials,src/app/(dashboard)/dwaar/portals/page.tsx; src/app/(dashboard)/dwaar/portals/add/page.tsx; src/lib/credentialStore.ts; src/lib/services/credentialService.ts; src/app/api/credentials/route.ts; audit-output/01-repository-and-architecture/MODULE_TO_FILE_MAP.csv; audit-input/02-existing-team-outputs/2026-07-19_MODULE_CRUD_TRACE.csv,"credential_records exists, but the configured add page writes browser CredentialStore instead of /api/credentials; see audit-output/02-database-and-dependencies/FRONTEND_DATABASE_FIELD_MAP.csv and MODULE_DEPENDENCY_MATRIX.csv",Implemented Differently,"The configured UI is browser-store based while a separate database API exists, so persistence and cross-device behavior do not match one authoritative path.",Confirmed,"Which implementation is authoritative for Demat & MF platforms, and how should WD resolve this mismatch: The configured UI is browser-store based while a separate database API exists, so persistence and cross-device behavior do not match one authoritative path.","PM/WD to choose the authoritative behavior and persistence path, document the decision, and add regression coverage."
PRD-M03-003,Insurance portals,MODULE 3: LOGIN CREDENTIAL & ACCESS VAULT (Kunji) > 3.1 Login Types,"The application should offer Insurance portals as a supported option and preserve that type through create, view, edit, and delete workflows.",KeyChamberHub and AddPortal use CredentialStore; a separate credentialService and /api/credentials path targets Prisma. Supporting team evidence: PM_MODULE_INVENTORY reports live CRUD but no reminders; DA10-005 records inconsistent Add Portal behavior and requests WD confirmation. Evidence authority remains source/database unless a live observation is explicitly stated.,/dwaar/portals; /dwaar/portals/add; /api/credentials,src/app/(dashboard)/dwaar/portals/page.tsx; src/app/(dashboard)/dwaar/portals/add/page.tsx; src/lib/credentialStore.ts; src/lib/services/credentialService.ts; src/app/api/credentials/route.ts; audit-output/01-repository-and-architecture/MODULE_TO_FILE_MAP.csv; audit-input/02-existing-team-outputs/2026-07-19_MODULE_CRUD_TRACE.csv,"credential_records exists, but the configured add page writes browser CredentialStore instead of /api/credentials; see audit-output/02-database-and-dependencies/FRONTEND_DATABASE_FIELD_MAP.csv and MODULE_DEPENDENCY_MATRIX.csv",Implemented Differently,"The configured UI is browser-store based while a separate database API exists, so persistence and cross-device behavior do not match one authoritative path.",Confirmed,"Which implementation is authoritative for Insurance portals, and how should WD resolve this mismatch: The configured UI is browser-store based while a separate database API exists, so persistence and cross-device behavior do not match one authoritative path.","PM/WD to choose the authoritative behavior and persistence path, document the decision, and add regression coverage."
PRD-M03-004,Loan portals,MODULE 3: LOGIN CREDENTIAL & ACCESS VAULT (Kunji) > 3.1 Login Types,"The application should offer Loan portals as a supported option and preserve that type through create, view, edit, and delete workflows.",KeyChamberHub and AddPortal use CredentialStore; a separate credentialService and /api/credentials path targets Prisma. Supporting team evidence: PM_MODULE_INVENTORY reports live CRUD but no reminders; DA10-005 records inconsistent Add Portal behavior and requests WD confirmation. Evidence authority remains source/database unless a live observation is explicitly stated.,/dwaar/portals; /dwaar/portals/add; /api/credentials,src/app/(dashboard)/dwaar/portals/page.tsx; src/app/(dashboard)/dwaar/portals/add/page.tsx; src/lib/credentialStore.ts; src/lib/services/credentialService.ts; src/app/api/credentials/route.ts; audit-output/01-repository-and-architecture/MODULE_TO_FILE_MAP.csv; audit-input/02-existing-team-outputs/2026-07-19_MODULE_CRUD_TRACE.csv,"credential_records exists, but the configured add page writes browser CredentialStore instead of /api/credentials; see audit-output/02-database-and-dependencies/FRONTEND_DATABASE_FIELD_MAP.csv and MODULE_DEPENDENCY_MATRIX.csv",Implemented Differently,"The configured UI is browser-store based while a separate database API exists, so persistence and cross-device behavior do not match one authoritative path.",Confirmed,"Which implementation is authoritative for Loan portals, and how should WD resolve this mismatch: The configured UI is browser-store based while a separate database API exists, so persistence and cross-device behavior do not match one authoritative path.","PM/WD to choose the authoritative behavior and persistence path, document the decision, and add regression coverage."
PRD-M03-005,Income Tax / GST portals,MODULE 3: LOGIN CREDENTIAL & ACCESS VAULT (Kunji) > 3.1 Login Types,"The application should offer Income Tax / GST portals as a supported option and preserve that type through create, view, edit, and delete workflows.",KeyChamberHub and AddPortal use CredentialStore; a separate credentialService and /api/credentials path targets Prisma. Supporting team evidence: PM_MODULE_INVENTORY reports live CRUD but no reminders; DA10-005 records inconsistent Add Portal behavior and requests WD confirmation. Evidence authority remains source/database unless a live observation is explicitly stated.,/dwaar/portals; /dwaar/portals/add; /api/credentials,src/app/(dashboard)/dwaar/portals/page.tsx; src/app/(dashboard)/dwaar/portals/add/page.tsx; src/lib/credentialStore.ts; src/lib/services/credentialService.ts; src/app/api/credentials/route.ts; audit-output/01-repository-and-architecture/MODULE_TO_FILE_MAP.csv; audit-input/02-existing-team-outputs/2026-07-19_MODULE_CRUD_TRACE.csv,"credential_records exists, but the configured add page writes browser CredentialStore instead of /api/credentials; see audit-output/02-database-and-dependencies/FRONTEND_DATABASE_FIELD_MAP.csv and MODULE_DEPENDENCY_MATRIX.csv",Implemented Differently,"The configured UI is browser-store based while a separate database API exists, so persistence and cross-device behavior do not match one authoritative path.",Confirmed,"Which implementation is authoritative for Income Tax / GST portals, and how should WD resolve this mismatch: The configured UI is browser-store based while a separate database API exists, so persistence and cross-device behavior do not match one authoritative path.","PM/WD to choose the authoritative behavior and persistence path, document the decision, and add regression coverage."
PRD-M03-006,Utility & subscription logins,MODULE 3: LOGIN CREDENTIAL & ACCESS VAULT (Kunji) > 3.1 Login Types,"The application should offer Utility & subscription logins as a supported option and preserve that type through create, view, edit, and delete workflows.",KeyChamberHub and AddPortal use CredentialStore; a separate credentialService and /api/credentials path targets Prisma. Supporting team evidence: PM_MODULE_INVENTORY reports live CRUD but no reminders; DA10-005 records inconsistent Add Portal behavior and requests WD confirmation. Evidence authority remains source/database unless a live observation is explicitly stated.,/dwaar/portals; /dwaar/portals/add; /api/credentials,src/app/(dashboard)/dwaar/portals/page.tsx; src/app/(dashboard)/dwaar/portals/add/page.tsx; src/lib/credentialStore.ts; src/lib/services/credentialService.ts; src/app/api/credentials/route.ts; audit-output/01-repository-and-architecture/MODULE_TO_FILE_MAP.csv; audit-input/02-existing-team-outputs/2026-07-19_MODULE_CRUD_TRACE.csv,"credential_records exists, but the configured add page writes browser CredentialStore instead of /api/credentials; see audit-output/02-database-and-dependencies/FRONTEND_DATABASE_FIELD_MAP.csv and MODULE_DEPENDENCY_MATRIX.csv",Implemented Differently,"The configured UI is browser-store based while a separate database API exists, so persistence and cross-device behavior do not match one authoritative path.",Confirmed,"Which implementation is authoritative for Utility & subscription logins, and how should WD resolve this mismatch: The configured UI is browser-store based while a separate database API exists, so persistence and cross-device behavior do not match one authoritative path.","PM/WD to choose the authoritative behavior and persistence path, document the decision, and add regression coverage."
PRD-M03-007,Platform name,MODULE 3: LOGIN CREDENTIAL & ACCESS VAULT (Kunji) > 3.2 Stored Information,"The application should capture or support platform name, validate it, persist it to the authoritative store, and display it after save.",KeyChamberHub and AddPortal use CredentialStore; a separate credentialService and /api/credentials path targets Prisma. Supporting team evidence: PM_MODULE_INVENTORY reports live CRUD but no reminders; DA10-005 records inconsistent Add Portal behavior and requests WD confirmation. Evidence authority remains source/database unless a live observation is explicitly stated.,/dwaar/portals; /dwaar/portals/add; /api/credentials,src/app/(dashboard)/dwaar/portals/page.tsx; src/app/(dashboard)/dwaar/portals/add/page.tsx; src/lib/credentialStore.ts; src/lib/services/credentialService.ts; src/app/api/credentials/route.ts; audit-output/01-repository-and-architecture/MODULE_TO_FILE_MAP.csv; audit-input/02-existing-team-outputs/2026-07-19_MODULE_CRUD_TRACE.csv,"credential_records exists, but the configured add page writes browser CredentialStore instead of /api/credentials; see audit-output/02-database-and-dependencies/FRONTEND_DATABASE_FIELD_MAP.csv and MODULE_DEPENDENCY_MATRIX.csv",Implemented Differently,"The configured UI is browser-store based while a separate database API exists, so persistence and cross-device behavior do not match one authoritative path.",Confirmed,"Which implementation is authoritative for Platform name, and how should WD resolve this mismatch: The configured UI is browser-store based while a separate database API exists, so persistence and cross-device behavior do not match one authoritative path.","PM/WD to choose the authoritative behavior and persistence path, document the decision, and add regression coverage."
PRD-M03-008,Website / App link,MODULE 3: LOGIN CREDENTIAL & ACCESS VAULT (Kunji) > 3.2 Stored Information,"The application should capture or support website / app link, validate it, persist it to the authoritative store, and display it after save.",KeyChamberHub and AddPortal use CredentialStore; a separate credentialService and /api/credentials path targets Prisma. Supporting team evidence: PM_MODULE_INVENTORY reports live CRUD but no reminders; DA10-005 records inconsistent Add Portal behavior and requests WD confirmation. Evidence authority remains source/database unless a live observation is explicitly stated.,/dwaar/portals; /dwaar/portals/add; /api/credentials,src/app/(dashboard)/dwaar/portals/page.tsx; src/app/(dashboard)/dwaar/portals/add/page.tsx; src/lib/credentialStore.ts; src/lib/services/credentialService.ts; src/app/api/credentials/route.ts; audit-output/01-repository-and-architecture/MODULE_TO_FILE_MAP.csv; audit-input/02-existing-team-outputs/2026-07-19_MODULE_CRUD_TRACE.csv,"credential_records exists, but the configured add page writes browser CredentialStore instead of /api/credentials; see audit-output/02-database-and-dependencies/FRONTEND_DATABASE_FIELD_MAP.csv and MODULE_DEPENDENCY_MATRIX.csv",Implemented Differently,"The configured UI is browser-store based while a separate database API exists, so persistence and cross-device behavior do not match one authoritative path.",Confirmed,"Which implementation is authoritative for Website / App link, and how should WD resolve this mismatch: The configured UI is browser-store based while a separate database API exists, so persistence and cross-device behavior do not match one authoritative path.","PM/WD to choose the authoritative behavior and persistence path, document the decision, and add regression coverage."
PRD-M03-009,Login ID,MODULE 3: LOGIN CREDENTIAL & ACCESS VAULT (Kunji) > 3.2 Stored Information,"The application should capture or support login id, validate it, persist it to the authoritative store, and display it after save.",KeyChamberHub and AddPortal use CredentialStore; a separate credentialService and /api/credentials path targets Prisma. Supporting team evidence: PM_MODULE_INVENTORY reports live CRUD but no reminders; DA10-005 records inconsistent Add Portal behavior and requests WD confirmation. Evidence authority remains source/database unless a live observation is explicitly stated.,/dwaar/portals; /dwaar/portals/add; /api/credentials,src/app/(dashboard)/dwaar/portals/page.tsx; src/app/(dashboard)/dwaar/portals/add/page.tsx; src/lib/credentialStore.ts; src/lib/services/credentialService.ts; src/app/api/credentials/route.ts; audit-output/01-repository-and-architecture/MODULE_TO_FILE_MAP.csv; audit-input/02-existing-team-outputs/2026-07-19_MODULE_CRUD_TRACE.csv,"credential_records exists, but the configured add page writes browser CredentialStore instead of /api/credentials; see audit-output/02-database-and-dependencies/FRONTEND_DATABASE_FIELD_MAP.csv and MODULE_DEPENDENCY_MATRIX.csv",Implemented Differently,"The configured UI is browser-store based while a separate database API exists, so persistence and cross-device behavior do not match one authoritative path.",Confirmed,"Which implementation is authoritative for Login ID, and how should WD resolve this mismatch: The configured UI is browser-store based while a separate database API exists, so persistence and cross-device behavior do not match one authoritative path.","PM/WD to choose the authoritative behavior and persistence path, document the decision, and add regression coverage."
PRD-M03-010,Registered mobile/email,MODULE 3: LOGIN CREDENTIAL & ACCESS VAULT (Kunji) > 3.2 Stored Information,"The application should capture or support registered mobile/email, validate it, persist it to the authoritative store, and display it after save.",KeyChamberHub and AddPortal use CredentialStore; a separate credentialService and /api/credentials path targets Prisma. Supporting team evidence: PM_MODULE_INVENTORY reports live CRUD but no reminders; DA10-005 records inconsistent Add Portal behavior and requests WD confirmation. Evidence authority remains source/database unless a live observation is explicitly stated.,/dwaar/portals; /dwaar/portals/add; /api/credentials,src/app/(dashboard)/dwaar/portals/page.tsx; src/app/(dashboard)/dwaar/portals/add/page.tsx; src/lib/credentialStore.ts; src/lib/services/credentialService.ts; src/app/api/credentials/route.ts; audit-output/01-repository-and-architecture/MODULE_TO_FILE_MAP.csv; audit-input/02-existing-team-outputs/2026-07-19_MODULE_CRUD_TRACE.csv,"credential_records exists, but the configured add page writes browser CredentialStore instead of /api/credentials; see audit-output/02-database-and-dependencies/FRONTEND_DATABASE_FIELD_MAP.csv and MODULE_DEPENDENCY_MATRIX.csv",Implemented Differently,"The configured UI is browser-store based while a separate database API exists, so persistence and cross-device behavior do not match one authoritative path.",Confirmed,"Which implementation is authoritative for Registered mobile/email, and how should WD resolve this mismatch: The configured UI is browser-store based while a separate database API exists, so persistence and cross-device behavior do not match one authoritative path.","PM/WD to choose the authoritative behavior and persistence path, document the decision, and add regression coverage."
PRD-M03-011,Registration date,MODULE 3: LOGIN CREDENTIAL & ACCESS VAULT (Kunji) > 3.2 Stored Information,The application should calculate or present registration date from authoritative saved records with a defined refresh and ownership rule.,KeyChamberHub and AddPortal use CredentialStore; a separate credentialService and /api/credentials path targets Prisma. Supporting team evidence: PM_MODULE_INVENTORY reports live CRUD but no reminders; DA10-005 records inconsistent Add Portal behavior and requests WD confirmation. Evidence authority remains source/database unless a live observation is explicitly stated.,/dwaar/portals; /dwaar/portals/add; /api/credentials,src/app/(dashboard)/dwaar/portals/page.tsx; src/app/(dashboard)/dwaar/portals/add/page.tsx; src/lib/credentialStore.ts; src/lib/services/credentialService.ts; src/app/api/credentials/route.ts; audit-output/01-repository-and-architecture/MODULE_TO_FILE_MAP.csv; audit-input/02-existing-team-outputs/2026-07-19_MODULE_CRUD_TRACE.csv,"credential_records exists, but the configured add page writes browser CredentialStore instead of /api/credentials; see audit-output/02-database-and-dependencies/FRONTEND_DATABASE_FIELD_MAP.csv and MODULE_DEPENDENCY_MATRIX.csv",Implemented Differently,"The configured UI is browser-store based while a separate database API exists, so persistence and cross-device behavior do not match one authoritative path.",Confirmed,"Which implementation is authoritative for Registration date, and how should WD resolve this mismatch: The configured UI is browser-store based while a separate database API exists, so persistence and cross-device behavior do not match one authoritative path.","PM/WD to choose the authoritative behavior and persistence path, document the decision, and add regression coverage."
PRD-M03-012,Linked family member,MODULE 3: LOGIN CREDENTIAL & ACCESS VAULT (Kunji) > 3.2 Stored Information,"The application should capture or support linked family member, validate it, persist it to the authoritative store, and display it after save.",KeyChamberHub and AddPortal use CredentialStore; a separate credentialService and /api/credentials path targets Prisma. Supporting team evidence: PM_MODULE_INVENTORY reports live CRUD but no reminders; DA10-005 records inconsistent Add Portal behavior and requests WD confirmation. Evidence authority remains source/database unless a live observation is explicitly stated.,/dwaar/portals; /dwaar/portals/add; /api/credentials,src/app/(dashboard)/dwaar/portals/page.tsx; src/app/(dashboard)/dwaar/portals/add/page.tsx; src/lib/credentialStore.ts; src/lib/services/credentialService.ts; src/app/api/credentials/route.ts; audit-output/01-repository-and-architecture/MODULE_TO_FILE_MAP.csv; audit-input/02-existing-team-outputs/2026-07-19_MODULE_CRUD_TRACE.csv,"credential_records exists, but the configured add page writes browser CredentialStore instead of /api/credentials; see audit-output/02-database-and-dependencies/FRONTEND_DATABASE_FIELD_MAP.csv and MODULE_DEPENDENCY_MATRIX.csv",Implemented Differently,"The configured UI is browser-store based while a separate database API exists, so persistence and cross-device behavior do not match one authoritative path.",Confirmed,"Which implementation is authoritative for Linked family member, and how should WD resolve this mismatch: The configured UI is browser-store based while a separate database API exists, so persistence and cross-device behavior do not match one authoritative path.","PM/WD to choose the authoritative behavior and persistence path, document the decision, and add regression coverage."
PRD-M03-013,🔐 Passwords encrypted / reference-only,MODULE 3: LOGIN CREDENTIAL & ACCESS VAULT (Kunji) > 3.2 Stored Information,"The application should capture or support 🔐 passwords encrypted / reference-only, validate it, persist it to the authoritative store, and display it after save.",KeyChamberHub and AddPortal use CredentialStore; a separate credentialService and /api/credentials path targets Prisma. Supporting team evidence: PM_MODULE_INVENTORY reports live CRUD but no reminders; DA10-005 records inconsistent Add Portal behavior and requests WD confirmation. Evidence authority remains source/database unless a live observation is explicitly stated.,/dwaar/portals; /dwaar/portals/add; /api/credentials,src/app/(dashboard)/dwaar/portals/page.tsx; src/app/(dashboard)/dwaar/portals/add/page.tsx; src/lib/credentialStore.ts; src/lib/services/credentialService.ts; src/app/api/credentials/route.ts; audit-output/01-repository-and-architecture/MODULE_TO_FILE_MAP.csv; audit-input/02-existing-team-outputs/2026-07-19_MODULE_CRUD_TRACE.csv,"credential_records exists, but the configured add page writes browser CredentialStore instead of /api/credentials; see audit-output/02-database-and-dependencies/FRONTEND_DATABASE_FIELD_MAP.csv and MODULE_DEPENDENCY_MATRIX.csv",Implemented Differently,"Client encryption/reference modes exist, while the separate API stores encryptedPassword data; the configured screen does not use one authoritative database path.",Confirmed,"Which implementation is authoritative for 🔐 Passwords encrypted / reference-only, and how should WD resolve this mismatch: Client encryption/reference modes exist, while the separate API stores encryptedPassword data; the configured screen does not use one authoritative database path.","PM/WD to choose the authoritative behavior and persistence path, document the decision, and add regression coverage."
PRD-M04-001,Salary,MODULE 4: INCOME MANAGEMENT SYSTEM (Kosh) > 4.1 Income Types,"The application should offer Salary as a supported option and preserve that type through create, view, edit, and delete workflows.","KoshHub, AddIncomePage, analytics/dependency pages, and IncomeStore implement the configured experience; incomeService and /api/income form a separate server path. Supporting team evidence: PM_MODULE_INVENTORY reports live CRUD but no reminders; WD CRUD trace identifies parallel route/store families. Evidence authority remains source/database unless a live observation is explicitly stated.",/kosh/sources; /kosh/sources/add; /kosh/analytics; /kosh/dependency; /kosh/disposable; /api/income,src/app/(dashboard)/kosh/sources/add/page.tsx; src/app/(dashboard)/kosh/analytics/page.tsx; src/app/(dashboard)/kosh/dependency/page.tsx; src/lib/stores/incomeStore.ts; src/lib/services/incomeService.ts; audit-output/01-repository-and-architecture/MODULE_TO_FILE_MAP.csv; audit-input/02-existing-team-outputs/2026-07-19_MODULE_CRUD_TRACE.csv,"income_streams exists, but configured /kosh/sources/add uses browser IncomeStore; see audit-output/02-database-and-dependencies/FRONTEND_DATABASE_FIELD_MAP.csv and MODULE_DEPENDENCY_MATRIX.csv",Implemented Differently,Parallel browser-store and database service implementations can produce different source records and analytics.,Confirmed,"Which implementation is authoritative for Salary, and how should WD resolve this mismatch: Parallel browser-store and database service implementations can produce different source records and analytics.","PM/WD to choose the authoritative behavior and persistence path, document the decision, and add regression coverage."
PRD-M04-002,Business,MODULE 4: INCOME MANAGEMENT SYSTEM (Kosh) > 4.1 Income Types,"The application should offer Business as a supported option and preserve that type through create, view, edit, and delete workflows.","KoshHub, AddIncomePage, analytics/dependency pages, and IncomeStore implement the configured experience; incomeService and /api/income form a separate server path. Supporting team evidence: PM_MODULE_INVENTORY reports live CRUD but no reminders; WD CRUD trace identifies parallel route/store families. Evidence authority remains source/database unless a live observation is explicitly stated.",/kosh/sources; /kosh/sources/add; /kosh/analytics; /kosh/dependency; /kosh/disposable; /api/income,src/app/(dashboard)/kosh/sources/add/page.tsx; src/app/(dashboard)/kosh/analytics/page.tsx; src/app/(dashboard)/kosh/dependency/page.tsx; src/lib/stores/incomeStore.ts; src/lib/services/incomeService.ts; audit-output/01-repository-and-architecture/MODULE_TO_FILE_MAP.csv; audit-input/02-existing-team-outputs/2026-07-19_MODULE_CRUD_TRACE.csv,"income_streams exists, but configured /kosh/sources/add uses browser IncomeStore; see audit-output/02-database-and-dependencies/FRONTEND_DATABASE_FIELD_MAP.csv and MODULE_DEPENDENCY_MATRIX.csv",Implemented Differently,Parallel browser-store and database service implementations can produce different source records and analytics.,Confirmed,"Which implementation is authoritative for Business, and how should WD resolve this mismatch: Parallel browser-store and database service implementations can produce different source records and analytics.","PM/WD to choose the authoritative behavior and persistence path, document the decision, and add regression coverage."
PRD-M04-003,Freelance,MODULE 4: INCOME MANAGEMENT SYSTEM (Kosh) > 4.1 Income Types,"The application should offer Freelance as a supported option and preserve that type through create, view, edit, and delete workflows.","KoshHub, AddIncomePage, analytics/dependency pages, and IncomeStore implement the configured experience; incomeService and /api/income form a separate server path. Supporting team evidence: PM_MODULE_INVENTORY reports live CRUD but no reminders; WD CRUD trace identifies parallel route/store families. Evidence authority remains source/database unless a live observation is explicitly stated.",/kosh/sources; /kosh/sources/add; /kosh/analytics; /kosh/dependency; /kosh/disposable; /api/income,src/app/(dashboard)/kosh/sources/add/page.tsx; src/app/(dashboard)/kosh/analytics/page.tsx; src/app/(dashboard)/kosh/dependency/page.tsx; src/lib/stores/incomeStore.ts; src/lib/services/incomeService.ts; audit-output/01-repository-and-architecture/MODULE_TO_FILE_MAP.csv; audit-input/02-existing-team-outputs/2026-07-19_MODULE_CRUD_TRACE.csv,"income_streams exists, but configured /kosh/sources/add uses browser IncomeStore; see audit-output/02-database-and-dependencies/FRONTEND_DATABASE_FIELD_MAP.csv and MODULE_DEPENDENCY_MATRIX.csv",Implemented Differently,Parallel browser-store and database service implementations can produce different source records and analytics.,Confirmed,"Which implementation is authoritative for Freelance, and how should WD resolve this mismatch: Parallel browser-store and database service implementations can produce different source records and analytics.","PM/WD to choose the authoritative behavior and persistence path, document the decision, and add regression coverage."
PRD-M04-004,Rental,MODULE 4: INCOME MANAGEMENT SYSTEM (Kosh) > 4.1 Income Types,"The application should offer Rental as a supported option and preserve that type through create, view, edit, and delete workflows.","KoshHub, AddIncomePage, analytics/dependency pages, and IncomeStore implement the configured experience; incomeService and /api/income form a separate server path. Supporting team evidence: PM_MODULE_INVENTORY reports live CRUD but no reminders; WD CRUD trace identifies parallel route/store families. Evidence authority remains source/database unless a live observation is explicitly stated.",/kosh/sources; /kosh/sources/add; /kosh/analytics; /kosh/dependency; /kosh/disposable; /api/income,src/app/(dashboard)/kosh/sources/add/page.tsx; src/app/(dashboard)/kosh/analytics/page.tsx; src/app/(dashboard)/kosh/dependency/page.tsx; src/lib/stores/incomeStore.ts; src/lib/services/incomeService.ts; audit-output/01-repository-and-architecture/MODULE_TO_FILE_MAP.csv; audit-input/02-existing-team-outputs/2026-07-19_MODULE_CRUD_TRACE.csv,"income_streams exists, but configured /kosh/sources/add uses browser IncomeStore; see audit-output/02-database-and-dependencies/FRONTEND_DATABASE_FIELD_MAP.csv and MODULE_DEPENDENCY_MATRIX.csv",Implemented Differently,Parallel browser-store and database service implementations can produce different source records and analytics.,Confirmed,"Which implementation is authoritative for Rental, and how should WD resolve this mismatch: Parallel browser-store and database service implementations can produce different source records and analytics.","PM/WD to choose the authoritative behavior and persistence path, document the decision, and add regression coverage."
PRD-M04-005,Interest / Dividend,MODULE 4: INCOME MANAGEMENT SYSTEM (Kosh) > 4.1 Income Types,"The application should offer Interest / Dividend as a supported option and preserve that type through create, view, edit, and delete workflows.","KoshHub, AddIncomePage, analytics/dependency pages, and IncomeStore implement the configured experience; incomeService and /api/income form a separate server path. Supporting team evidence: PM_MODULE_INVENTORY reports live CRUD but no reminders; WD CRUD trace identifies parallel route/store families. Evidence authority remains source/database unless a live observation is explicitly stated.",/kosh/sources; /kosh/sources/add; /kosh/analytics; /kosh/dependency; /kosh/disposable; /api/income,src/app/(dashboard)/kosh/sources/add/page.tsx; src/app/(dashboard)/kosh/analytics/page.tsx; src/app/(dashboard)/kosh/dependency/page.tsx; src/lib/stores/incomeStore.ts; src/lib/services/incomeService.ts; audit-output/01-repository-and-architecture/MODULE_TO_FILE_MAP.csv; audit-input/02-existing-team-outputs/2026-07-19_MODULE_CRUD_TRACE.csv,"income_streams exists, but configured /kosh/sources/add uses browser IncomeStore; see audit-output/02-database-and-dependencies/FRONTEND_DATABASE_FIELD_MAP.csv and MODULE_DEPENDENCY_MATRIX.csv",Implemented Differently,Parallel browser-store and database service implementations can produce different source records and analytics.,Confirmed,"Which implementation is authoritative for Interest / Dividend, and how should WD resolve this mismatch: Parallel browser-store and database service implementations can produce different source records and analytics.","PM/WD to choose the authoritative behavior and persistence path, document the decision, and add regression coverage."
PRD-M04-006,Capital Gains,MODULE 4: INCOME MANAGEMENT SYSTEM (Kosh) > 4.1 Income Types,"The application should offer Capital Gains as a supported option and preserve that type through create, view, edit, and delete workflows.","KoshHub, AddIncomePage, analytics/dependency pages, and IncomeStore implement the configured experience; incomeService and /api/income form a separate server path. Supporting team evidence: PM_MODULE_INVENTORY reports live CRUD but no reminders; WD CRUD trace identifies parallel route/store families. Evidence authority remains source/database unless a live observation is explicitly stated.",/kosh/sources; /kosh/sources/add; /kosh/analytics; /kosh/dependency; /kosh/disposable; /api/income,src/app/(dashboard)/kosh/sources/add/page.tsx; src/app/(dashboard)/kosh/analytics/page.tsx; src/app/(dashboard)/kosh/dependency/page.tsx; src/lib/stores/incomeStore.ts; src/lib/services/incomeService.ts; audit-output/01-repository-and-architecture/MODULE_TO_FILE_MAP.csv; audit-input/02-existing-team-outputs/2026-07-19_MODULE_CRUD_TRACE.csv,"income_streams exists, but configured /kosh/sources/add uses browser IncomeStore; see audit-output/02-database-and-dependencies/FRONTEND_DATABASE_FIELD_MAP.csv and MODULE_DEPENDENCY_MATRIX.csv",Implemented Differently,Parallel browser-store and database service implementations can produce different source records and analytics.,Confirmed,"Which implementation is authoritative for Capital Gains, and how should WD resolve this mismatch: Parallel browser-store and database service implementations can produce different source records and analytics.","PM/WD to choose the authoritative behavior and persistence path, document the decision, and add regression coverage."
PRD-M04-007,Pension,MODULE 4: INCOME MANAGEMENT SYSTEM (Kosh) > 4.1 Income Types,"The application should offer Pension as a supported option and preserve that type through create, view, edit, and delete workflows.","KoshHub, AddIncomePage, analytics/dependency pages, and IncomeStore implement the configured experience; incomeService and /api/income form a separate server path. Supporting team evidence: PM_MODULE_INVENTORY reports live CRUD but no reminders; WD CRUD trace identifies parallel route/store families. Evidence authority remains source/database unless a live observation is explicitly stated.",/kosh/sources; /kosh/sources/add; /kosh/analytics; /kosh/dependency; /kosh/disposable; /api/income,src/app/(dashboard)/kosh/sources/add/page.tsx; src/app/(dashboard)/kosh/analytics/page.tsx; src/app/(dashboard)/kosh/dependency/page.tsx; src/lib/stores/incomeStore.ts; src/lib/services/incomeService.ts; audit-output/01-repository-and-architecture/MODULE_TO_FILE_MAP.csv; audit-input/02-existing-team-outputs/2026-07-19_MODULE_CRUD_TRACE.csv,"income_streams exists, but configured /kosh/sources/add uses browser IncomeStore; see audit-output/02-database-and-dependencies/FRONTEND_DATABASE_FIELD_MAP.csv and MODULE_DEPENDENCY_MATRIX.csv",Implemented Differently,Parallel browser-store and database service implementations can produce different source records and analytics.,Confirmed,"Which implementation is authoritative for Pension, and how should WD resolve this mismatch: Parallel browser-store and database service implementations can produce different source records and analytics.","PM/WD to choose the authoritative behavior and persistence path, document the decision, and add regression coverage."
PRD-M04-008,Other,MODULE 4: INCOME MANAGEMENT SYSTEM (Kosh) > 4.1 Income Types,"The application should offer Other as a supported option and preserve that type through create, view, edit, and delete workflows.","KoshHub, AddIncomePage, analytics/dependency pages, and IncomeStore implement the configured experience; incomeService and /api/income form a separate server path. Supporting team evidence: PM_MODULE_INVENTORY reports live CRUD but no reminders; WD CRUD trace identifies parallel route/store families. Evidence authority remains source/database unless a live observation is explicitly stated.",/kosh/sources; /kosh/sources/add; /kosh/analytics; /kosh/dependency; /kosh/disposable; /api/income,src/app/(dashboard)/kosh/sources/add/page.tsx; src/app/(dashboard)/kosh/analytics/page.tsx; src/app/(dashboard)/kosh/dependency/page.tsx; src/lib/stores/incomeStore.ts; src/lib/services/incomeService.ts; audit-output/01-repository-and-architecture/MODULE_TO_FILE_MAP.csv; audit-input/02-existing-team-outputs/2026-07-19_MODULE_CRUD_TRACE.csv,"income_streams exists, but configured /kosh/sources/add uses browser IncomeStore; see audit-output/02-database-and-dependencies/FRONTEND_DATABASE_FIELD_MAP.csv and MODULE_DEPENDENCY_MATRIX.csv",Implemented Differently,Parallel browser-store and database service implementations can produce different source records and analytics.,Confirmed,"Which implementation is authoritative for Other, and how should WD resolve this mismatch: Parallel browser-store and database service implementations can produce different source records and analytics.","PM/WD to choose the authoritative behavior and persistence path, document the decision, and add regression coverage."
PRD-M04-009,Source,MODULE 4: INCOME MANAGEMENT SYSTEM (Kosh) > 4.2 Income Details,"The application should capture or support source, validate it, persist it to the authoritative store, and display it after save.","KoshHub, AddIncomePage, analytics/dependency pages, and IncomeStore implement the configured experience; incomeService and /api/income form a separate server path. Supporting team evidence: PM_MODULE_INVENTORY reports live CRUD but no reminders; WD CRUD trace identifies parallel route/store families. Evidence authority remains source/database unless a live observation is explicitly stated.",/kosh/sources; /kosh/sources/add; /kosh/analytics; /kosh/dependency; /kosh/disposable; /api/income,src/app/(dashboard)/kosh/sources/add/page.tsx; src/app/(dashboard)/kosh/analytics/page.tsx; src/app/(dashboard)/kosh/dependency/page.tsx; src/lib/stores/incomeStore.ts; src/lib/services/incomeService.ts; audit-output/01-repository-and-architecture/MODULE_TO_FILE_MAP.csv; audit-input/02-existing-team-outputs/2026-07-19_MODULE_CRUD_TRACE.csv,"income_streams exists, but configured /kosh/sources/add uses browser IncomeStore; see audit-output/02-database-and-dependencies/FRONTEND_DATABASE_FIELD_MAP.csv and MODULE_DEPENDENCY_MATRIX.csv",Implemented Differently,Parallel browser-store and database service implementations can produce different source records and analytics.,Confirmed,"Which implementation is authoritative for Source, and how should WD resolve this mismatch: Parallel browser-store and database service implementations can produce different source records and analytics.","PM/WD to choose the authoritative behavior and persistence path, document the decision, and add regression coverage."
PRD-M04-010,Frequency,MODULE 4: INCOME MANAGEMENT SYSTEM (Kosh) > 4.2 Income Details,"The application should capture or support frequency, validate it, persist it to the authoritative store, and display it after save.","KoshHub, AddIncomePage, analytics/dependency pages, and IncomeStore implement the configured experience; incomeService and /api/income form a separate server path. Supporting team evidence: PM_MODULE_INVENTORY reports live CRUD but no reminders; WD CRUD trace identifies parallel route/store families. Evidence authority remains source/database unless a live observation is explicitly stated.",/kosh/sources; /kosh/sources/add; /kosh/analytics; /kosh/dependency; /kosh/disposable; /api/income,src/app/(dashboard)/kosh/sources/add/page.tsx; src/app/(dashboard)/kosh/analytics/page.tsx; src/app/(dashboard)/kosh/dependency/page.tsx; src/lib/stores/incomeStore.ts; src/lib/services/incomeService.ts; audit-output/01-repository-and-architecture/MODULE_TO_FILE_MAP.csv; audit-input/02-existing-team-outputs/2026-07-19_MODULE_CRUD_TRACE.csv,"income_streams exists, but configured /kosh/sources/add uses browser IncomeStore; see audit-output/02-database-and-dependencies/FRONTEND_DATABASE_FIELD_MAP.csv and MODULE_DEPENDENCY_MATRIX.csv",Implemented Differently,Parallel browser-store and database service implementations can produce different source records and analytics.,Confirmed,"Which implementation is authoritative for Frequency, and how should WD resolve this mismatch: Parallel browser-store and database service implementations can produce different source records and analytics.","PM/WD to choose the authoritative behavior and persistence path, document the decision, and add regression coverage."
PRD-M04-011,Gross income,MODULE 4: INCOME MANAGEMENT SYSTEM (Kosh) > 4.2 Income Details,The application should calculate or present gross income from authoritative saved records with a defined refresh and ownership rule.,"KoshHub, AddIncomePage, analytics/dependency pages, and IncomeStore implement the configured experience; incomeService and /api/income form a separate server path. Supporting team evidence: PM_MODULE_INVENTORY reports live CRUD but no reminders; WD CRUD trace identifies parallel route/store families. Evidence authority remains source/database unless a live observation is explicitly stated.",/kosh/sources; /kosh/sources/add; /kosh/analytics; /kosh/dependency; /kosh/disposable; /api/income,src/app/(dashboard)/kosh/sources/add/page.tsx; src/app/(dashboard)/kosh/analytics/page.tsx; src/app/(dashboard)/kosh/dependency/page.tsx; src/lib/stores/incomeStore.ts; src/lib/services/incomeService.ts; audit-output/01-repository-and-architecture/MODULE_TO_FILE_MAP.csv; audit-input/02-existing-team-outputs/2026-07-19_MODULE_CRUD_TRACE.csv,"income_streams exists, but configured /kosh/sources/add uses browser IncomeStore; see audit-output/02-database-and-dependencies/FRONTEND_DATABASE_FIELD_MAP.csv and MODULE_DEPENDENCY_MATRIX.csv",Implemented Differently,Parallel browser-store and database service implementations can produce different source records and analytics.,Confirmed,"Which implementation is authoritative for Gross income, and how should WD resolve this mismatch: Parallel browser-store and database service implementations can produce different source records and analytics.","PM/WD to choose the authoritative behavior and persistence path, document the decision, and add regression coverage."
PRD-M04-012,Deductions - divide,MODULE 4: INCOME MANAGEMENT SYSTEM (Kosh) > 4.2 Income Details,"The application should capture or support deductions - divide, validate it, persist it to the authoritative store, and display it after save.","KoshHub, AddIncomePage, analytics/dependency pages, and IncomeStore implement the configured experience; incomeService and /api/income form a separate server path. Supporting team evidence: PM_MODULE_INVENTORY reports live CRUD but no reminders; WD CRUD trace identifies parallel route/store families. Evidence authority remains source/database unless a live observation is explicitly stated.",/kosh/sources; /kosh/sources/add; /kosh/analytics; /kosh/dependency; /kosh/disposable; /api/income,src/app/(dashboard)/kosh/sources/add/page.tsx; src/app/(dashboard)/kosh/analytics/page.tsx; src/app/(dashboard)/kosh/dependency/page.tsx; src/lib/stores/incomeStore.ts; src/lib/services/incomeService.ts; audit-output/01-repository-and-architecture/MODULE_TO_FILE_MAP.csv; audit-input/02-existing-team-outputs/2026-07-19_MODULE_CRUD_TRACE.csv,"income_streams exists, but configured /kosh/sources/add uses browser IncomeStore; see audit-output/02-database-and-dependencies/FRONTEND_DATABASE_FIELD_MAP.csv and MODULE_DEPENDENCY_MATRIX.csv",Implemented Differently,Parallel browser-store and database service implementations can produce different source records and analytics.,Confirmed,"Which implementation is authoritative for Deductions - divide, and how should WD resolve this mismatch: Parallel browser-store and database service implementations can produce different source records and analytics.","PM/WD to choose the authoritative behavior and persistence path, document the decision, and add regression coverage."
PRD-M04-013,Net income,MODULE 4: INCOME MANAGEMENT SYSTEM (Kosh) > 4.2 Income Details,The application should calculate or present net income from authoritative saved records with a defined refresh and ownership rule.,"KoshHub, AddIncomePage, analytics/dependency pages, and IncomeStore implement the configured experience; incomeService and /api/income form a separate server path. Supporting team evidence: PM_MODULE_INVENTORY reports live CRUD but no reminders; WD CRUD trace identifies parallel route/store families. Evidence authority remains source/database unless a live observation is explicitly stated.",/kosh/sources; /kosh/sources/add; /kosh/analytics; /kosh/dependency; /kosh/disposable; /api/income,src/app/(dashboard)/kosh/sources/add/page.tsx; src/app/(dashboard)/kosh/analytics/page.tsx; src/app/(dashboard)/kosh/dependency/page.tsx; src/lib/stores/incomeStore.ts; src/lib/services/incomeService.ts; audit-output/01-repository-and-architecture/MODULE_TO_FILE_MAP.csv; audit-input/02-existing-team-outputs/2026-07-19_MODULE_CRUD_TRACE.csv,"income_streams exists, but configured /kosh/sources/add uses browser IncomeStore; see audit-output/02-database-and-dependencies/FRONTEND_DATABASE_FIELD_MAP.csv and MODULE_DEPENDENCY_MATRIX.csv",Implemented Differently,Parallel browser-store and database service implementations can produce different source records and analytics.,Confirmed,"Which implementation is authoritative for Net income, and how should WD resolve this mismatch: Parallel browser-store and database service implementations can produce different source records and analytics.","PM/WD to choose the authoritative behavior and persistence path, document the decision, and add regression coverage."
PRD-M04-014,Credited account,MODULE 4: INCOME MANAGEMENT SYSTEM (Kosh) > 4.2 Income Details,"The application should capture or support credited account, validate it, persist it to the authoritative store, and display it after save.","KoshHub, AddIncomePage, analytics/dependency pages, and IncomeStore implement the configured experience; incomeService and /api/income form a separate server path. Supporting team evidence: PM_MODULE_INVENTORY reports live CRUD but no reminders; WD CRUD trace identifies parallel route/store families. Evidence authority remains source/database unless a live observation is explicitly stated.",/kosh/sources; /kosh/sources/add; /kosh/analytics; /kosh/dependency; /kosh/disposable; /api/income,src/app/(dashboard)/kosh/sources/add/page.tsx; src/app/(dashboard)/kosh/analytics/page.tsx; src/app/(dashboard)/kosh/dependency/page.tsx; src/lib/stores/incomeStore.ts; src/lib/services/incomeService.ts; audit-output/01-repository-and-architecture/MODULE_TO_FILE_MAP.csv; audit-input/02-existing-team-outputs/2026-07-19_MODULE_CRUD_TRACE.csv,"income_streams exists, but configured /kosh/sources/add uses browser IncomeStore; see audit-output/02-database-and-dependencies/FRONTEND_DATABASE_FIELD_MAP.csv and MODULE_DEPENDENCY_MATRIX.csv",Implemented Differently,Parallel browser-store and database service implementations can produce different source records and analytics.,Confirmed,"Which implementation is authoritative for Credited account, and how should WD resolve this mismatch: Parallel browser-store and database service implementations can produce different source records and analytics.","PM/WD to choose the authoritative behavior and persistence path, document the decision, and add regression coverage."
PRD-M04-015,Monthly / yearly income,MODULE 4: INCOME MANAGEMENT SYSTEM (Kosh) > 4.3 Income Analytics,The application should calculate or present monthly / yearly income from authoritative saved records with a defined refresh and ownership rule.,"KoshHub, AddIncomePage, analytics/dependency pages, and IncomeStore implement the configured experience; incomeService and /api/income form a separate server path. Supporting team evidence: PM_MODULE_INVENTORY reports live CRUD but no reminders; WD CRUD trace identifies parallel route/store families. Evidence authority remains source/database unless a live observation is explicitly stated.",/kosh/sources; /kosh/sources/add; /kosh/analytics; /kosh/dependency; /kosh/disposable; /api/income,src/app/(dashboard)/kosh/sources/add/page.tsx; src/app/(dashboard)/kosh/analytics/page.tsx; src/app/(dashboard)/kosh/dependency/page.tsx; src/lib/stores/incomeStore.ts; src/lib/services/incomeService.ts; audit-output/01-repository-and-architecture/MODULE_TO_FILE_MAP.csv; audit-input/02-existing-team-outputs/2026-07-19_MODULE_CRUD_TRACE.csv,"income_streams exists, but configured /kosh/sources/add uses browser IncomeStore; see audit-output/02-database-and-dependencies/FRONTEND_DATABASE_FIELD_MAP.csv and MODULE_DEPENDENCY_MATRIX.csv",Implemented Differently,Parallel browser-store and database service implementations can produce different source records and analytics.,Confirmed,"Which implementation is authoritative for Monthly / yearly income, and how should WD resolve this mismatch: Parallel browser-store and database service implementations can produce different source records and analytics.","PM/WD to choose the authoritative behavior and persistence path, document the decision, and add regression coverage."
PRD-M04-016,Family income split,MODULE 4: INCOME MANAGEMENT SYSTEM (Kosh) > 4.3 Income Analytics,The application should calculate or present family income split from authoritative saved records with a defined refresh and ownership rule.,"KoshHub, AddIncomePage, analytics/dependency pages, and IncomeStore implement the configured experience; incomeService and /api/income form a separate server path. Supporting team evidence: PM_MODULE_INVENTORY reports live CRUD but no reminders; WD CRUD trace identifies parallel route/store families. Evidence authority remains source/database unless a live observation is explicitly stated.",/kosh/sources; /kosh/sources/add; /kosh/analytics; /kosh/dependency; /kosh/disposable; /api/income,src/app/(dashboard)/kosh/sources/add/page.tsx; src/app/(dashboard)/kosh/analytics/page.tsx; src/app/(dashboard)/kosh/dependency/page.tsx; src/lib/stores/incomeStore.ts; src/lib/services/incomeService.ts; audit-output/01-repository-and-architecture/MODULE_TO_FILE_MAP.csv; audit-input/02-existing-team-outputs/2026-07-19_MODULE_CRUD_TRACE.csv,"income_streams exists, but configured /kosh/sources/add uses browser IncomeStore; see audit-output/02-database-and-dependencies/FRONTEND_DATABASE_FIELD_MAP.csv and MODULE_DEPENDENCY_MATRIX.csv",Implemented Differently,Parallel browser-store and database service implementations can produce different source records and analytics.,Confirmed,"Which implementation is authoritative for Family income split, and how should WD resolve this mismatch: Parallel browser-store and database service implementations can produce different source records and analytics.","PM/WD to choose the authoritative behavior and persistence path, document the decision, and add regression coverage."
PRD-M04-017,Income dependency ratio,MODULE 4: INCOME MANAGEMENT SYSTEM (Kosh) > 4.3 Income Analytics,The application should calculate or present income dependency ratio from authoritative saved records with a defined refresh and ownership rule.,"KoshHub, AddIncomePage, analytics/dependency pages, and IncomeStore implement the configured experience; incomeService and /api/income form a separate server path. Supporting team evidence: PM_MODULE_INVENTORY reports live CRUD but no reminders; WD CRUD trace identifies parallel route/store families. Evidence authority remains source/database unless a live observation is explicitly stated.",/kosh/sources; /kosh/sources/add; /kosh/analytics; /kosh/dependency; /kosh/disposable; /api/income,src/app/(dashboard)/kosh/sources/add/page.tsx; src/app/(dashboard)/kosh/analytics/page.tsx; src/app/(dashboard)/kosh/dependency/page.tsx; src/lib/stores/incomeStore.ts; src/lib/services/incomeService.ts; audit-output/01-repository-and-architecture/MODULE_TO_FILE_MAP.csv; audit-input/02-existing-team-outputs/2026-07-19_MODULE_CRUD_TRACE.csv,"income_streams exists, but configured /kosh/sources/add uses browser IncomeStore; see audit-output/02-database-and-dependencies/FRONTEND_DATABASE_FIELD_MAP.csv and MODULE_DEPENDENCY_MATRIX.csv",Implemented Differently,Parallel browser-store and database service implementations can produce different source records and analytics.,Confirmed,"Which implementation is authoritative for Income dependency ratio, and how should WD resolve this mismatch: Parallel browser-store and database service implementations can produce different source records and analytics.","PM/WD to choose the authoritative behavior and persistence path, document the decision, and add regression coverage."
PRD-M05-001,Household,MODULE 5: COMPLETE EXPENSE MANAGEMENT SYSTEM (Vyaya) > 5.1 Expense Categories,"The application should offer Household as a supported option and preserve that type through create, view, edit, and delete workflows.","Vyaya pages, ExpenseStore, expenseService, category service, budget service, and notificationService cover entry, categorization, budgeting, and overspend logic. Supporting team evidence: PM inventory groups Vyaya with expense/leakage CRUD; DA10-006 reports a blocked future recurring-expense-to-reminder flow. Evidence authority remains source/database unless a live observation is explicitly stated.",/vyaya/entry; /vyaya/entry/add; /vyaya/budget; /vyaya/categories; /vyaya/analytics; /api/expenses; /api/budget; /api/expense-categories,src/app/(dashboard)/vyaya/entry/add/page.tsx; src/app/(dashboard)/vyaya/budget/page.tsx; src/lib/stores/expenseStore.ts; src/lib/services/expenseService.ts; src/lib/services/budgetService.ts; src/lib/services/notificationService.ts; audit-output/01-repository-and-architecture/MODULE_TO_FILE_MAP.csv; audit-input/02-existing-team-outputs/2026-07-19_MODULE_CRUD_TRACE.csv,expense_entries; expense_categories; budget_plans; configured and legacy pages use parallel stores/routes; see audit-output/02-database-and-dependencies/FRONTEND_DATABASE_FIELD_MAP.csv and MODULE_DEPENDENCY_MATRIX.csv,Implemented Differently,Duplicate configured/legacy store and route families prevent one clearly authoritative expense path.,Confirmed,"Which implementation is authoritative for Household, and how should WD resolve this mismatch: Duplicate configured/legacy store and route families prevent one clearly authoritative expense path.","PM/WD to choose the authoritative behavior and persistence path, document the decision, and add regression coverage."
PRD-M05-002,Food,MODULE 5: COMPLETE EXPENSE MANAGEMENT SYSTEM (Vyaya) > 5.1 Expense Categories,"The application should offer Food as a supported option and preserve that type through create, view, edit, and delete workflows.","Vyaya pages, ExpenseStore, expenseService, category service, budget service, and notificationService cover entry, categorization, budgeting, and overspend logic. Supporting team evidence: PM inventory groups Vyaya with expense/leakage CRUD; DA10-006 reports a blocked future recurring-expense-to-reminder flow. Evidence authority remains source/database unless a live observation is explicitly stated.",/vyaya/entry; /vyaya/entry/add; /vyaya/budget; /vyaya/categories; /vyaya/analytics; /api/expenses; /api/budget; /api/expense-categories,src/app/(dashboard)/vyaya/entry/add/page.tsx; src/app/(dashboard)/vyaya/budget/page.tsx; src/lib/stores/expenseStore.ts; src/lib/services/expenseService.ts; src/lib/services/budgetService.ts; src/lib/services/notificationService.ts; audit-output/01-repository-and-architecture/MODULE_TO_FILE_MAP.csv; audit-input/02-existing-team-outputs/2026-07-19_MODULE_CRUD_TRACE.csv,expense_entries; expense_categories; budget_plans; configured and legacy pages use parallel stores/routes; see audit-output/02-database-and-dependencies/FRONTEND_DATABASE_FIELD_MAP.csv and MODULE_DEPENDENCY_MATRIX.csv,Implemented Differently,Duplicate configured/legacy store and route families prevent one clearly authoritative expense path.,Confirmed,"Which implementation is authoritative for Food, and how should WD resolve this mismatch: Duplicate configured/legacy store and route families prevent one clearly authoritative expense path.","PM/WD to choose the authoritative behavior and persistence path, document the decision, and add regression coverage."
PRD-M05-003,Rent / EMI,MODULE 5: COMPLETE EXPENSE MANAGEMENT SYSTEM (Vyaya) > 5.1 Expense Categories,"The application should offer Rent / EMI as a supported option and preserve that type through create, view, edit, and delete workflows.","Vyaya pages, ExpenseStore, expenseService, category service, budget service, and notificationService cover entry, categorization, budgeting, and overspend logic. Supporting team evidence: PM inventory groups Vyaya with expense/leakage CRUD; DA10-006 reports a blocked future recurring-expense-to-reminder flow. Evidence authority remains source/database unless a live observation is explicitly stated.",/vyaya/entry; /vyaya/entry/add; /vyaya/budget; /vyaya/categories; /vyaya/analytics; /api/expenses; /api/budget; /api/expense-categories,src/app/(dashboard)/vyaya/entry/add/page.tsx; src/app/(dashboard)/vyaya/budget/page.tsx; src/lib/stores/expenseStore.ts; src/lib/services/expenseService.ts; src/lib/services/budgetService.ts; src/lib/services/notificationService.ts; audit-output/01-repository-and-architecture/MODULE_TO_FILE_MAP.csv; audit-input/02-existing-team-outputs/2026-07-19_MODULE_CRUD_TRACE.csv,expense_entries; expense_categories; budget_plans; configured and legacy pages use parallel stores/routes; see audit-output/02-database-and-dependencies/FRONTEND_DATABASE_FIELD_MAP.csv and MODULE_DEPENDENCY_MATRIX.csv,Implemented Differently,Duplicate configured/legacy store and route families prevent one clearly authoritative expense path.,Confirmed,"Which implementation is authoritative for Rent / EMI, and how should WD resolve this mismatch: Duplicate configured/legacy store and route families prevent one clearly authoritative expense path.","PM/WD to choose the authoritative behavior and persistence path, document the decision, and add regression coverage."
PRD-M05-004,Utilities,MODULE 5: COMPLETE EXPENSE MANAGEMENT SYSTEM (Vyaya) > 5.1 Expense Categories,"The application should offer Utilities as a supported option and preserve that type through create, view, edit, and delete workflows.","Vyaya pages, ExpenseStore, expenseService, category service, budget service, and notificationService cover entry, categorization, budgeting, and overspend logic. Supporting team evidence: PM inventory groups Vyaya with expense/leakage CRUD; DA10-006 reports a blocked future recurring-expense-to-reminder flow. Evidence authority remains source/database unless a live observation is explicitly stated.",/vyaya/entry; /vyaya/entry/add; /vyaya/budget; /vyaya/categories; /vyaya/analytics; /api/expenses; /api/budget; /api/expense-categories,src/app/(dashboard)/vyaya/entry/add/page.tsx; src/app/(dashboard)/vyaya/budget/page.tsx; src/lib/stores/expenseStore.ts; src/lib/services/expenseService.ts; src/lib/services/budgetService.ts; src/lib/services/notificationService.ts; audit-output/01-repository-and-architecture/MODULE_TO_FILE_MAP.csv; audit-input/02-existing-team-outputs/2026-07-19_MODULE_CRUD_TRACE.csv,expense_entries; expense_categories; budget_plans; configured and legacy pages use parallel stores/routes; see audit-output/02-database-and-dependencies/FRONTEND_DATABASE_FIELD_MAP.csv and MODULE_DEPENDENCY_MATRIX.csv,Implemented Differently,Duplicate configured/legacy store and route families prevent one clearly authoritative expense path.,Confirmed,"Which implementation is authoritative for Utilities, and how should WD resolve this mismatch: Duplicate configured/legacy store and route families prevent one clearly authoritative expense path.","PM/WD to choose the authoritative behavior and persistence path, document the decision, and add regression coverage."
PRD-M05-005,Education,MODULE 5: COMPLETE EXPENSE MANAGEMENT SYSTEM (Vyaya) > 5.1 Expense Categories,"The application should offer Education as a supported option and preserve that type through create, view, edit, and delete workflows.","Vyaya pages, ExpenseStore, expenseService, category service, budget service, and notificationService cover entry, categorization, budgeting, and overspend logic. Supporting team evidence: PM inventory groups Vyaya with expense/leakage CRUD; DA10-006 reports a blocked future recurring-expense-to-reminder flow. Evidence authority remains source/database unless a live observation is explicitly stated.",/vyaya/entry; /vyaya/entry/add; /vyaya/budget; /vyaya/categories; /vyaya/analytics; /api/expenses; /api/budget; /api/expense-categories,src/app/(dashboard)/vyaya/entry/add/page.tsx; src/app/(dashboard)/vyaya/budget/page.tsx; src/lib/stores/expenseStore.ts; src/lib/services/expenseService.ts; src/lib/services/budgetService.ts; src/lib/services/notificationService.ts; audit-output/01-repository-and-architecture/MODULE_TO_FILE_MAP.csv; audit-input/02-existing-team-outputs/2026-07-19_MODULE_CRUD_TRACE.csv,expense_entries; expense_categories; budget_plans; configured and legacy pages use parallel stores/routes; see audit-output/02-database-and-dependencies/FRONTEND_DATABASE_FIELD_MAP.csv and MODULE_DEPENDENCY_MATRIX.csv,Implemented Differently,Duplicate configured/legacy store and route families prevent one clearly authoritative expense path.,Confirmed,"Which implementation is authoritative for Education, and how should WD resolve this mismatch: Duplicate configured/legacy store and route families prevent one clearly authoritative expense path.","PM/WD to choose the authoritative behavior and persistence path, document the decision, and add regression coverage."
PRD-M05-006,Medical,MODULE 5: COMPLETE EXPENSE MANAGEMENT SYSTEM (Vyaya) > 5.1 Expense Categories,"The application should offer Medical as a supported option and preserve that type through create, view, edit, and delete workflows.","Vyaya pages, ExpenseStore, expenseService, category service, budget service, and notificationService cover entry, categorization, budgeting, and overspend logic. Supporting team evidence: PM inventory groups Vyaya with expense/leakage CRUD; DA10-006 reports a blocked future recurring-expense-to-reminder flow. Evidence authority remains source/database unless a live observation is explicitly stated.",/vyaya/entry; /vyaya/entry/add; /vyaya/budget; /vyaya/categories; /vyaya/analytics; /api/expenses; /api/budget; /api/expense-categories,src/app/(dashboard)/vyaya/entry/add/page.tsx; src/app/(dashboard)/vyaya/budget/page.tsx; src/lib/stores/expenseStore.ts; src/lib/services/expenseService.ts; src/lib/services/budgetService.ts; src/lib/services/notificationService.ts; audit-output/01-repository-and-architecture/MODULE_TO_FILE_MAP.csv; audit-input/02-existing-team-outputs/2026-07-19_MODULE_CRUD_TRACE.csv,expense_entries; expense_categories; budget_plans; configured and legacy pages use parallel stores/routes; see audit-output/02-database-and-dependencies/FRONTEND_DATABASE_FIELD_MAP.csv and MODULE_DEPENDENCY_MATRIX.csv,Implemented Differently,Duplicate configured/legacy store and route families prevent one clearly authoritative expense path.,Confirmed,"Which implementation is authoritative for Medical, and how should WD resolve this mismatch: Duplicate configured/legacy store and route families prevent one clearly authoritative expense path.","PM/WD to choose the authoritative behavior and persistence path, document the decision, and add regression coverage."
PRD-M05-007,Travel,MODULE 5: COMPLETE EXPENSE MANAGEMENT SYSTEM (Vyaya) > 5.1 Expense Categories,"The application should offer Travel as a supported option and preserve that type through create, view, edit, and delete workflows.","Vyaya pages, ExpenseStore, expenseService, category service, budget service, and notificationService cover entry, categorization, budgeting, and overspend logic. Supporting team evidence: PM inventory groups Vyaya with expense/leakage CRUD; DA10-006 reports a blocked future recurring-expense-to-reminder flow. Evidence authority remains source/database unless a live observation is explicitly stated.",/vyaya/entry; /vyaya/entry/add; /vyaya/budget; /vyaya/categories; /vyaya/analytics; /api/expenses; /api/budget; /api/expense-categories,src/app/(dashboard)/vyaya/entry/add/page.tsx; src/app/(dashboard)/vyaya/budget/page.tsx; src/lib/stores/expenseStore.ts; src/lib/services/expenseService.ts; src/lib/services/budgetService.ts; src/lib/services/notificationService.ts; audit-output/01-repository-and-architecture/MODULE_TO_FILE_MAP.csv; audit-input/02-existing-team-outputs/2026-07-19_MODULE_CRUD_TRACE.csv,expense_entries; expense_categories; budget_plans; configured and legacy pages use parallel stores/routes; see audit-output/02-database-and-dependencies/FRONTEND_DATABASE_FIELD_MAP.csv and MODULE_DEPENDENCY_MATRIX.csv,Implemented Differently,Duplicate configured/legacy store and route families prevent one clearly authoritative expense path.,Confirmed,"Which implementation is authoritative for Travel, and how should WD resolve this mismatch: Duplicate configured/legacy store and route families prevent one clearly authoritative expense path.","PM/WD to choose the authoritative behavior and persistence path, document the decision, and add regression coverage."
PRD-M05-008,Insurance,MODULE 5: COMPLETE EXPENSE MANAGEMENT SYSTEM (Vyaya) > 5.1 Expense Categories,"The application should offer Insurance as a supported option and preserve that type through create, view, edit, and delete workflows.","Vyaya pages, ExpenseStore, expenseService, category service, budget service, and notificationService cover entry, categorization, budgeting, and overspend logic. Supporting team evidence: PM inventory groups Vyaya with expense/leakage CRUD; DA10-006 reports a blocked future recurring-expense-to-reminder flow. Evidence authority remains source/database unless a live observation is explicitly stated.",/vyaya/entry; /vyaya/entry/add; /vyaya/budget; /vyaya/categories; /vyaya/analytics; /api/expenses; /api/budget; /api/expense-categories,src/app/(dashboard)/vyaya/entry/add/page.tsx; src/app/(dashboard)/vyaya/budget/page.tsx; src/lib/stores/expenseStore.ts; src/lib/services/expenseService.ts; src/lib/services/budgetService.ts; src/lib/services/notificationService.ts; audit-output/01-repository-and-architecture/MODULE_TO_FILE_MAP.csv; audit-input/02-existing-team-outputs/2026-07-19_MODULE_CRUD_TRACE.csv,expense_entries; expense_categories; budget_plans; configured and legacy pages use parallel stores/routes; see audit-output/02-database-and-dependencies/FRONTEND_DATABASE_FIELD_MAP.csv and MODULE_DEPENDENCY_MATRIX.csv,Implemented Differently,Duplicate configured/legacy store and route families prevent one clearly authoritative expense path.,Confirmed,"Which implementation is authoritative for Insurance, and how should WD resolve this mismatch: Duplicate configured/legacy store and route families prevent one clearly authoritative expense path.","PM/WD to choose the authoritative behavior and persistence path, document the decision, and add regression coverage."
PRD-M05-009,Entertainment,MODULE 5: COMPLETE EXPENSE MANAGEMENT SYSTEM (Vyaya) > 5.1 Expense Categories,"The application should offer Entertainment as a supported option and preserve that type through create, view, edit, and delete workflows.","Vyaya pages, ExpenseStore, expenseService, category service, budget service, and notificationService cover entry, categorization, budgeting, and overspend logic. Supporting team evidence: PM inventory groups Vyaya with expense/leakage CRUD; DA10-006 reports a blocked future recurring-expense-to-reminder flow. Evidence authority remains source/database unless a live observation is explicitly stated.",/vyaya/entry; /vyaya/entry/add; /vyaya/budget; /vyaya/categories; /vyaya/analytics; /api/expenses; /api/budget; /api/expense-categories,src/app/(dashboard)/vyaya/entry/add/page.tsx; src/app/(dashboard)/vyaya/budget/page.tsx; src/lib/stores/expenseStore.ts; src/lib/services/expenseService.ts; src/lib/services/budgetService.ts; src/lib/services/notificationService.ts; audit-output/01-repository-and-architecture/MODULE_TO_FILE_MAP.csv; audit-input/02-existing-team-outputs/2026-07-19_MODULE_CRUD_TRACE.csv,expense_entries; expense_categories; budget_plans; configured and legacy pages use parallel stores/routes; see audit-output/02-database-and-dependencies/FRONTEND_DATABASE_FIELD_MAP.csv and MODULE_DEPENDENCY_MATRIX.csv,Implemented Differently,Duplicate configured/legacy store and route families prevent one clearly authoritative expense path.,Confirmed,"Which implementation is authoritative for Entertainment, and how should WD resolve this mismatch: Duplicate configured/legacy store and route families prevent one clearly authoritative expense path.","PM/WD to choose the authoritative behavior and persistence path, document the decision, and add regression coverage."
PRD-M05-010,Others,MODULE 5: COMPLETE EXPENSE MANAGEMENT SYSTEM (Vyaya) > 5.1 Expense Categories,"The application should offer Others as a supported option and preserve that type through create, view, edit, and delete workflows.","Vyaya pages, ExpenseStore, expenseService, category service, budget service, and notificationService cover entry, categorization, budgeting, and overspend logic. Supporting team evidence: PM inventory groups Vyaya with expense/leakage CRUD; DA10-006 reports a blocked future recurring-expense-to-reminder flow. Evidence authority remains source/database unless a live observation is explicitly stated.",/vyaya/entry; /vyaya/entry/add; /vyaya/budget; /vyaya/categories; /vyaya/analytics; /api/expenses; /api/budget; /api/expense-categories,src/app/(dashboard)/vyaya/entry/add/page.tsx; src/app/(dashboard)/vyaya/budget/page.tsx; src/lib/stores/expenseStore.ts; src/lib/services/expenseService.ts; src/lib/services/budgetService.ts; src/lib/services/notificationService.ts; audit-output/01-repository-and-architecture/MODULE_TO_FILE_MAP.csv; audit-input/02-existing-team-outputs/2026-07-19_MODULE_CRUD_TRACE.csv,expense_entries; expense_categories; budget_plans; configured and legacy pages use parallel stores/routes; see audit-output/02-database-and-dependencies/FRONTEND_DATABASE_FIELD_MAP.csv and MODULE_DEPENDENCY_MATRIX.csv,Implemented Differently,Duplicate configured/legacy store and route families prevent one clearly authoritative expense path.,Confirmed,"Which implementation is authoritative for Others, and how should WD resolve this mismatch: Duplicate configured/legacy store and route families prevent one clearly authoritative expense path.","PM/WD to choose the authoritative behavior and persistence path, document the decision, and add regression coverage."
PRD-M05-011,Date,MODULE 5: COMPLETE EXPENSE MANAGEMENT SYSTEM (Vyaya) > 5.2 Expense Entry,"The application should capture or support date, validate it, persist it to the authoritative store, and display it after save.","Vyaya pages, ExpenseStore, expenseService, category service, budget service, and notificationService cover entry, categorization, budgeting, and overspend logic. Supporting team evidence: PM inventory groups Vyaya with expense/leakage CRUD; DA10-006 reports a blocked future recurring-expense-to-reminder flow. Evidence authority remains source/database unless a live observation is explicitly stated.",/vyaya/entry; /vyaya/entry/add; /vyaya/budget; /vyaya/categories; /vyaya/analytics; /api/expenses; /api/budget; /api/expense-categories,src/app/(dashboard)/vyaya/entry/add/page.tsx; src/app/(dashboard)/vyaya/budget/page.tsx; src/lib/stores/expenseStore.ts; src/lib/services/expenseService.ts; src/lib/services/budgetService.ts; src/lib/services/notificationService.ts; audit-output/01-repository-and-architecture/MODULE_TO_FILE_MAP.csv; audit-input/02-existing-team-outputs/2026-07-19_MODULE_CRUD_TRACE.csv,expense_entries; expense_categories; budget_plans; configured and legacy pages use parallel stores/routes; see audit-output/02-database-and-dependencies/FRONTEND_DATABASE_FIELD_MAP.csv and MODULE_DEPENDENCY_MATRIX.csv,Implemented Differently,Duplicate configured/legacy store and route families prevent one clearly authoritative expense path.,Confirmed,"Which implementation is authoritative for Date, and how should WD resolve this mismatch: Duplicate configured/legacy store and route families prevent one clearly authoritative expense path.","PM/WD to choose the authoritative behavior and persistence path, document the decision, and add regression coverage."
PRD-M05-012,Amount,MODULE 5: COMPLETE EXPENSE MANAGEMENT SYSTEM (Vyaya) > 5.2 Expense Entry,"The application should capture or support amount, validate it, persist it to the authoritative store, and display it after save.","Vyaya pages, ExpenseStore, expenseService, category service, budget service, and notificationService cover entry, categorization, budgeting, and overspend logic. Supporting team evidence: PM inventory groups Vyaya with expense/leakage CRUD; DA10-006 reports a blocked future recurring-expense-to-reminder flow. Evidence authority remains source/database unless a live observation is explicitly stated.",/vyaya/entry; /vyaya/entry/add; /vyaya/budget; /vyaya/categories; /vyaya/analytics; /api/expenses; /api/budget; /api/expense-categories,src/app/(dashboard)/vyaya/entry/add/page.tsx; src/app/(dashboard)/vyaya/budget/page.tsx; src/lib/stores/expenseStore.ts; src/lib/services/expenseService.ts; src/lib/services/budgetService.ts; src/lib/services/notificationService.ts; audit-output/01-repository-and-architecture/MODULE_TO_FILE_MAP.csv; audit-input/02-existing-team-outputs/2026-07-19_MODULE_CRUD_TRACE.csv,expense_entries; expense_categories; budget_plans; configured and legacy pages use parallel stores/routes; see audit-output/02-database-and-dependencies/FRONTEND_DATABASE_FIELD_MAP.csv and MODULE_DEPENDENCY_MATRIX.csv,Implemented Differently,Duplicate configured/legacy store and route families prevent one clearly authoritative expense path.,Confirmed,"Which implementation is authoritative for Amount, and how should WD resolve this mismatch: Duplicate configured/legacy store and route families prevent one clearly authoritative expense path.","PM/WD to choose the authoritative behavior and persistence path, document the decision, and add regression coverage."
PRD-M05-013,Category,MODULE 5: COMPLETE EXPENSE MANAGEMENT SYSTEM (Vyaya) > 5.2 Expense Entry,"The application should capture or support category, validate it, persist it to the authoritative store, and display it after save.","Vyaya pages, ExpenseStore, expenseService, category service, budget service, and notificationService cover entry, categorization, budgeting, and overspend logic. Supporting team evidence: PM inventory groups Vyaya with expense/leakage CRUD; DA10-006 reports a blocked future recurring-expense-to-reminder flow. Evidence authority remains source/database unless a live observation is explicitly stated.",/vyaya/entry; /vyaya/entry/add; /vyaya/budget; /vyaya/categories; /vyaya/analytics; /api/expenses; /api/budget; /api/expense-categories,src/app/(dashboard)/vyaya/entry/add/page.tsx; src/app/(dashboard)/vyaya/budget/page.tsx; src/lib/stores/expenseStore.ts; src/lib/services/expenseService.ts; src/lib/services/budgetService.ts; src/lib/services/notificationService.ts; audit-output/01-repository-and-architecture/MODULE_TO_FILE_MAP.csv; audit-input/02-existing-team-outputs/2026-07-19_MODULE_CRUD_TRACE.csv,expense_entries; expense_categories; budget_plans; configured and legacy pages use parallel stores/routes; see audit-output/02-database-and-dependencies/FRONTEND_DATABASE_FIELD_MAP.csv and MODULE_DEPENDENCY_MATRIX.csv,Implemented Differently,Duplicate configured/legacy store and route families prevent one clearly authoritative expense path.,Confirmed,"Which implementation is authoritative for Category, and how should WD resolve this mismatch: Duplicate configured/legacy store and route families prevent one clearly authoritative expense path.","PM/WD to choose the authoritative behavior and persistence path, document the decision, and add regression coverage."
PRD-M05-014,Payment mode,MODULE 5: COMPLETE EXPENSE MANAGEMENT SYSTEM (Vyaya) > 5.2 Expense Entry,"The application should capture or support payment mode, validate it, persist it to the authoritative store, and display it after save.","Vyaya pages, ExpenseStore, expenseService, category service, budget service, and notificationService cover entry, categorization, budgeting, and overspend logic. Supporting team evidence: PM inventory groups Vyaya with expense/leakage CRUD; DA10-006 reports a blocked future recurring-expense-to-reminder flow. Evidence authority remains source/database unless a live observation is explicitly stated.",/vyaya/entry; /vyaya/entry/add; /vyaya/budget; /vyaya/categories; /vyaya/analytics; /api/expenses; /api/budget; /api/expense-categories,src/app/(dashboard)/vyaya/entry/add/page.tsx; src/app/(dashboard)/vyaya/budget/page.tsx; src/lib/stores/expenseStore.ts; src/lib/services/expenseService.ts; src/lib/services/budgetService.ts; src/lib/services/notificationService.ts; audit-output/01-repository-and-architecture/MODULE_TO_FILE_MAP.csv; audit-input/02-existing-team-outputs/2026-07-19_MODULE_CRUD_TRACE.csv,expense_entries; expense_categories; budget_plans; configured and legacy pages use parallel stores/routes; see audit-output/02-database-and-dependencies/FRONTEND_DATABASE_FIELD_MAP.csv and MODULE_DEPENDENCY_MATRIX.csv,Implemented Differently,Duplicate configured/legacy store and route families prevent one clearly authoritative expense path.,Confirmed,"Which implementation is authoritative for Payment mode, and how should WD resolve this mismatch: Duplicate configured/legacy store and route families prevent one clearly authoritative expense path.","PM/WD to choose the authoritative behavior and persistence path, document the decision, and add regression coverage."
PRD-M05-015,Paid from account,MODULE 5: COMPLETE EXPENSE MANAGEMENT SYSTEM (Vyaya) > 5.2 Expense Entry,"The application should capture or support paid from account, validate it, persist it to the authoritative store, and display it after save.","Vyaya pages, ExpenseStore, expenseService, category service, budget service, and notificationService cover entry, categorization, budgeting, and overspend logic. Supporting team evidence: PM inventory groups Vyaya with expense/leakage CRUD; DA10-006 reports a blocked future recurring-expense-to-reminder flow. Evidence authority remains source/database unless a live observation is explicitly stated.",/vyaya/entry; /vyaya/entry/add; /vyaya/budget; /vyaya/categories; /vyaya/analytics; /api/expenses; /api/budget; /api/expense-categories,src/app/(dashboard)/vyaya/entry/add/page.tsx; src/app/(dashboard)/vyaya/budget/page.tsx; src/lib/stores/expenseStore.ts; src/lib/services/expenseService.ts; src/lib/services/budgetService.ts; src/lib/services/notificationService.ts; audit-output/01-repository-and-architecture/MODULE_TO_FILE_MAP.csv; audit-input/02-existing-team-outputs/2026-07-19_MODULE_CRUD_TRACE.csv,expense_entries; expense_categories; budget_plans; configured and legacy pages use parallel stores/routes; see audit-output/02-database-and-dependencies/FRONTEND_DATABASE_FIELD_MAP.csv and MODULE_DEPENDENCY_MATRIX.csv,Implemented Differently,Duplicate configured/legacy store and route families prevent one clearly authoritative expense path.,Confirmed,"Which implementation is authoritative for Paid from account, and how should WD resolve this mismatch: Duplicate configured/legacy store and route families prevent one clearly authoritative expense path.","PM/WD to choose the authoritative behavior and persistence path, document the decision, and add regression coverage."
PRD-M05-016,Recurring flag,MODULE 5: COMPLETE EXPENSE MANAGEMENT SYSTEM (Vyaya) > 5.2 Expense Entry,"The application should capture or support recurring flag, validate it, persist it to the authoritative store, and display it after save.","Vyaya pages, ExpenseStore, expenseService, category service, budget service, and notificationService cover entry, categorization, budgeting, and overspend logic. Supporting team evidence: PM inventory groups Vyaya with expense/leakage CRUD; DA10-006 reports a blocked future recurring-expense-to-reminder flow. Evidence authority remains source/database unless a live observation is explicitly stated.",/vyaya/entry; /vyaya/entry/add; /vyaya/budget; /vyaya/categories; /vyaya/analytics; /api/expenses; /api/budget; /api/expense-categories,src/app/(dashboard)/vyaya/entry/add/page.tsx; src/app/(dashboard)/vyaya/budget/page.tsx; src/lib/stores/expenseStore.ts; src/lib/services/expenseService.ts; src/lib/services/budgetService.ts; src/lib/services/notificationService.ts; audit-output/01-repository-and-architecture/MODULE_TO_FILE_MAP.csv; audit-input/02-existing-team-outputs/2026-07-19_MODULE_CRUD_TRACE.csv,expense_entries; expense_categories; budget_plans; configured and legacy pages use parallel stores/routes; see audit-output/02-database-and-dependencies/FRONTEND_DATABASE_FIELD_MAP.csv and MODULE_DEPENDENCY_MATRIX.csv,Implemented Differently,Duplicate configured/legacy store and route families prevent one clearly authoritative expense path.,Confirmed,"Which implementation is authoritative for Recurring flag, and how should WD resolve this mismatch: Duplicate configured/legacy store and route families prevent one clearly authoritative expense path.","PM/WD to choose the authoritative behavior and persistence path, document the decision, and add regression coverage."
PRD-M05-017,Monthly budget,MODULE 5: COMPLETE EXPENSE MANAGEMENT SYSTEM (Vyaya) > 5.3 Budgeting,The application should calculate or present monthly budget from authoritative saved records with a defined refresh and ownership rule.,"Vyaya pages, ExpenseStore, expenseService, category service, budget service, and notificationService cover entry, categorization, budgeting, and overspend logic. Supporting team evidence: PM inventory groups Vyaya with expense/leakage CRUD; DA10-006 reports a blocked future recurring-expense-to-reminder flow. Evidence authority remains source/database unless a live observation is explicitly stated.",/vyaya/entry; /vyaya/entry/add; /vyaya/budget; /vyaya/categories; /vyaya/analytics; /api/expenses; /api/budget; /api/expense-categories,src/app/(dashboard)/vyaya/entry/add/page.tsx; src/app/(dashboard)/vyaya/budget/page.tsx; src/lib/stores/expenseStore.ts; src/lib/services/expenseService.ts; src/lib/services/budgetService.ts; src/lib/services/notificationService.ts; audit-output/01-repository-and-architecture/MODULE_TO_FILE_MAP.csv; audit-input/02-existing-team-outputs/2026-07-19_MODULE_CRUD_TRACE.csv,expense_entries; expense_categories; budget_plans; configured and legacy pages use parallel stores/routes; see audit-output/02-database-and-dependencies/FRONTEND_DATABASE_FIELD_MAP.csv and MODULE_DEPENDENCY_MATRIX.csv,Implemented Differently,Duplicate configured/legacy store and route families prevent one clearly authoritative expense path.,Confirmed,"Which implementation is authoritative for Monthly budget, and how should WD resolve this mismatch: Duplicate configured/legacy store and route families prevent one clearly authoritative expense path.","PM/WD to choose the authoritative behavior and persistence path, document the decision, and add regression coverage."
PRD-M05-018,Category budget,MODULE 5: COMPLETE EXPENSE MANAGEMENT SYSTEM (Vyaya) > 5.3 Budgeting,"The application should capture or support category budget, validate it, persist it to the authoritative store, and display it after save.","Vyaya pages, ExpenseStore, expenseService, category service, budget service, and notificationService cover entry, categorization, budgeting, and overspend logic. Supporting team evidence: PM inventory groups Vyaya with expense/leakage CRUD; DA10-006 reports a blocked future recurring-expense-to-reminder flow. Evidence authority remains source/database unless a live observation is explicitly stated.",/vyaya/entry; /vyaya/entry/add; /vyaya/budget; /vyaya/categories; /vyaya/analytics; /api/expenses; /api/budget; /api/expense-categories,src/app/(dashboard)/vyaya/entry/add/page.tsx; src/app/(dashboard)/vyaya/budget/page.tsx; src/lib/stores/expenseStore.ts; src/lib/services/expenseService.ts; src/lib/services/budgetService.ts; src/lib/services/notificationService.ts; audit-output/01-repository-and-architecture/MODULE_TO_FILE_MAP.csv; audit-input/02-existing-team-outputs/2026-07-19_MODULE_CRUD_TRACE.csv,expense_entries; expense_categories; budget_plans; configured and legacy pages use parallel stores/routes; see audit-output/02-database-and-dependencies/FRONTEND_DATABASE_FIELD_MAP.csv and MODULE_DEPENDENCY_MATRIX.csv,Implemented Differently,Duplicate configured/legacy store and route families prevent one clearly authoritative expense path.,Confirmed,"Which implementation is authoritative for Category budget, and how should WD resolve this mismatch: Duplicate configured/legacy store and route families prevent one clearly authoritative expense path.","PM/WD to choose the authoritative behavior and persistence path, document the decision, and add regression coverage."
PRD-M05-019,Alerts on overspend,MODULE 5: COMPLETE EXPENSE MANAGEMENT SYSTEM (Vyaya) > 5.3 Budgeting,"The application should create, display, update, and clear alerts on overspend consistently when the source record changes.","Vyaya pages, ExpenseStore, expenseService, category service, budget service, and notificationService cover entry, categorization, budgeting, and overspend logic. Supporting team evidence: PM inventory groups Vyaya with expense/leakage CRUD; DA10-006 reports a blocked future recurring-expense-to-reminder flow. Evidence authority remains source/database unless a live observation is explicitly stated.",/vyaya/entry; /vyaya/entry/add; /vyaya/budget; /vyaya/categories; /vyaya/analytics; /api/expenses; /api/budget; /api/expense-categories,src/app/(dashboard)/vyaya/entry/add/page.tsx; src/app/(dashboard)/vyaya/budget/page.tsx; src/lib/stores/expenseStore.ts; src/lib/services/expenseService.ts; src/lib/services/budgetService.ts; src/lib/services/notificationService.ts; audit-output/01-repository-and-architecture/MODULE_TO_FILE_MAP.csv; audit-input/02-existing-team-outputs/2026-07-19_MODULE_CRUD_TRACE.csv,expense_entries; expense_categories; budget_plans; configured and legacy pages use parallel stores/routes; see audit-output/02-database-and-dependencies/FRONTEND_DATABASE_FIELD_MAP.csv and MODULE_DEPENDENCY_MATRIX.csv,Partially Implemented,"notificationService contains overspend logic and NotificationStore recognizes overspend items, but the configured expense/reminder flow is split and DA reports a blocked future recurring reminder case.",Confirmed,"Which implementation is authoritative for Alerts on overspend, and how should WD resolve this mismatch: notificationService contains overspend logic and NotificationStore recognizes overspend items, but the configured expense/reminder flow is split and DA reports a blocked future recurring reminder case.",WD to close the cited gap for Alerts on overspend; PM/DA to verify the completed workflow end to end.
PRD-M06-001,Savings,MODULE 6: BANK ACCOUNT & CASH MANAGEMENT (Pravah) > 6.1 Account Types,"The application should offer Savings as a supported option and preserve that type through create, view, edit, and delete workflows.","BankHub, bankApi, bankService, cash-wallet API handling, flow pages, and idle-money pages implement the account/cash surface. Supporting team evidence: PM_MODULE_INVENTORY reports live CRUD; DA10-009C records account deletion becoming None in linked expense UI and requests lasting-state confirmation. Evidence authority remains source/database unless a live observation is explicitly stated.",/khate/accounts; /khate/accounts/add; /khate/accounts/cash; /khate/accounts/flow; /khate/accounts/idle; /api/bank,src/app/(dashboard)/khate/accounts/page.tsx; src/app/(dashboard)/khate/accounts/add/page.tsx; src/lib/bankApi.ts; src/lib/services/bankService.ts; src/app/api/bank/route.ts; audit-output/01-repository-and-architecture/MODULE_TO_FILE_MAP.csv; audit-input/02-existing-team-outputs/2026-07-19_MODULE_CRUD_TRACE.csv,bank_accounts; cash_wallets; balance_history; see audit-output/02-database-and-dependencies/FRONTEND_DATABASE_FIELD_MAP.csv and MODULE_DEPENDENCY_MATRIX.csv,Implemented,"Core behavior exists, but duplicate account/non-account route families and soft downstream account references need WD confirmation.",Confirmed,Can WD/PM confirm that Savings behaves in the live build exactly as the cited source path and identify its acceptance test?,Run and record a focused acceptance test for Savings; then mark Verified if behavior matches the PRD.
PRD-M06-002,Salary,MODULE 6: BANK ACCOUNT & CASH MANAGEMENT (Pravah) > 6.1 Account Types,"The application should offer Salary as a supported option and preserve that type through create, view, edit, and delete workflows.","BankHub, bankApi, bankService, cash-wallet API handling, flow pages, and idle-money pages implement the account/cash surface. Supporting team evidence: PM_MODULE_INVENTORY reports live CRUD; DA10-009C records account deletion becoming None in linked expense UI and requests lasting-state confirmation. Evidence authority remains source/database unless a live observation is explicitly stated.",/khate/accounts; /khate/accounts/add; /khate/accounts/cash; /khate/accounts/flow; /khate/accounts/idle; /api/bank,src/app/(dashboard)/khate/accounts/page.tsx; src/app/(dashboard)/khate/accounts/add/page.tsx; src/lib/bankApi.ts; src/lib/services/bankService.ts; src/app/api/bank/route.ts; audit-output/01-repository-and-architecture/MODULE_TO_FILE_MAP.csv; audit-input/02-existing-team-outputs/2026-07-19_MODULE_CRUD_TRACE.csv,bank_accounts; cash_wallets; balance_history; see audit-output/02-database-and-dependencies/FRONTEND_DATABASE_FIELD_MAP.csv and MODULE_DEPENDENCY_MATRIX.csv,Implemented,"Core behavior exists, but duplicate account/non-account route families and soft downstream account references need WD confirmation.",Confirmed,Can WD/PM confirm that Salary behaves in the live build exactly as the cited source path and identify its acceptance test?,Run and record a focused acceptance test for Salary; then mark Verified if behavior matches the PRD.
PRD-M06-003,Current,MODULE 6: BANK ACCOUNT & CASH MANAGEMENT (Pravah) > 6.1 Account Types,"The application should offer Current as a supported option and preserve that type through create, view, edit, and delete workflows.","BankHub, bankApi, bankService, cash-wallet API handling, flow pages, and idle-money pages implement the account/cash surface. Supporting team evidence: PM_MODULE_INVENTORY reports live CRUD; DA10-009C records account deletion becoming None in linked expense UI and requests lasting-state confirmation. Evidence authority remains source/database unless a live observation is explicitly stated.",/khate/accounts; /khate/accounts/add; /khate/accounts/cash; /khate/accounts/flow; /khate/accounts/idle; /api/bank,src/app/(dashboard)/khate/accounts/page.tsx; src/app/(dashboard)/khate/accounts/add/page.tsx; src/lib/bankApi.ts; src/lib/services/bankService.ts; src/app/api/bank/route.ts; audit-output/01-repository-and-architecture/MODULE_TO_FILE_MAP.csv; audit-input/02-existing-team-outputs/2026-07-19_MODULE_CRUD_TRACE.csv,bank_accounts; cash_wallets; balance_history; see audit-output/02-database-and-dependencies/FRONTEND_DATABASE_FIELD_MAP.csv and MODULE_DEPENDENCY_MATRIX.csv,Implemented,"Core behavior exists, but duplicate account/non-account route families and soft downstream account references need WD confirmation.",Confirmed,Can WD/PM confirm that Current behaves in the live build exactly as the cited source path and identify its acceptance test?,Run and record a focused acceptance test for Current; then mark Verified if behavior matches the PRD.
PRD-M06-004,Joint,MODULE 6: BANK ACCOUNT & CASH MANAGEMENT (Pravah) > 6.1 Account Types,"The application should offer Joint as a supported option and preserve that type through create, view, edit, and delete workflows.","BankHub, bankApi, bankService, cash-wallet API handling, flow pages, and idle-money pages implement the account/cash surface. Supporting team evidence: PM_MODULE_INVENTORY reports live CRUD; DA10-009C records account deletion becoming None in linked expense UI and requests lasting-state confirmation. Evidence authority remains source/database unless a live observation is explicitly stated.",/khate/accounts; /khate/accounts/add; /khate/accounts/cash; /khate/accounts/flow; /khate/accounts/idle; /api/bank,src/app/(dashboard)/khate/accounts/page.tsx; src/app/(dashboard)/khate/accounts/add/page.tsx; src/lib/bankApi.ts; src/lib/services/bankService.ts; src/app/api/bank/route.ts; audit-output/01-repository-and-architecture/MODULE_TO_FILE_MAP.csv; audit-input/02-existing-team-outputs/2026-07-19_MODULE_CRUD_TRACE.csv,bank_accounts; cash_wallets; balance_history; see audit-output/02-database-and-dependencies/FRONTEND_DATABASE_FIELD_MAP.csv and MODULE_DEPENDENCY_MATRIX.csv,Implemented,"Core behavior exists, but duplicate account/non-account route families and soft downstream account references need WD confirmation.",Confirmed,Can WD/PM confirm that Joint behaves in the live build exactly as the cited source path and identify its acceptance test?,Run and record a focused acceptance test for Joint; then mark Verified if behavior matches the PRD.
PRD-M06-005,Cash Wallet,MODULE 6: BANK ACCOUNT & CASH MANAGEMENT (Pravah) > 6.1 Account Types,"The application should offer Cash Wallet as a supported option and preserve that type through create, view, edit, and delete workflows.","BankHub, bankApi, bankService, cash-wallet API handling, flow pages, and idle-money pages implement the account/cash surface. Supporting team evidence: PM_MODULE_INVENTORY reports live CRUD; DA10-009C records account deletion becoming None in linked expense UI and requests lasting-state confirmation. Evidence authority remains source/database unless a live observation is explicitly stated.",/khate/accounts; /khate/accounts/add; /khate/accounts/cash; /khate/accounts/flow; /khate/accounts/idle; /api/bank,src/app/(dashboard)/khate/accounts/page.tsx; src/app/(dashboard)/khate/accounts/add/page.tsx; src/lib/bankApi.ts; src/lib/services/bankService.ts; src/app/api/bank/route.ts; audit-output/01-repository-and-architecture/MODULE_TO_FILE_MAP.csv; audit-input/02-existing-team-outputs/2026-07-19_MODULE_CRUD_TRACE.csv,bank_accounts; cash_wallets; balance_history; see audit-output/02-database-and-dependencies/FRONTEND_DATABASE_FIELD_MAP.csv and MODULE_DEPENDENCY_MATRIX.csv,Implemented,"Core behavior exists, but duplicate account/non-account route families and soft downstream account references need WD confirmation.",Confirmed,Can WD/PM confirm that Cash Wallet behaves in the live build exactly as the cited source path and identify its acceptance test?,Run and record a focused acceptance test for Cash Wallet; then mark Verified if behavior matches the PRD.
PRD-M06-006,Bank name,MODULE 6: BANK ACCOUNT & CASH MANAGEMENT (Pravah) > 6.2 Account Details,"The application should capture or support bank name, validate it, persist it to the authoritative store, and display it after save.","BankHub, bankApi, bankService, cash-wallet API handling, flow pages, and idle-money pages implement the account/cash surface. Supporting team evidence: PM_MODULE_INVENTORY reports live CRUD; DA10-009C records account deletion becoming None in linked expense UI and requests lasting-state confirmation. Evidence authority remains source/database unless a live observation is explicitly stated.",/khate/accounts; /khate/accounts/add; /khate/accounts/cash; /khate/accounts/flow; /khate/accounts/idle; /api/bank,src/app/(dashboard)/khate/accounts/page.tsx; src/app/(dashboard)/khate/accounts/add/page.tsx; src/lib/bankApi.ts; src/lib/services/bankService.ts; src/app/api/bank/route.ts; audit-output/01-repository-and-architecture/MODULE_TO_FILE_MAP.csv; audit-input/02-existing-team-outputs/2026-07-19_MODULE_CRUD_TRACE.csv,bank_accounts; cash_wallets; balance_history; see audit-output/02-database-and-dependencies/FRONTEND_DATABASE_FIELD_MAP.csv and MODULE_DEPENDENCY_MATRIX.csv,Implemented,"Core behavior exists, but duplicate account/non-account route families and soft downstream account references need WD confirmation.",Confirmed,Can WD/PM confirm that Bank name behaves in the live build exactly as the cited source path and identify its acceptance test?,Run and record a focused acceptance test for Bank name; then mark Verified if behavior matches the PRD.
PRD-M06-007,Account type,MODULE 6: BANK ACCOUNT & CASH MANAGEMENT (Pravah) > 6.2 Account Details,"The application should capture or support account type, validate it, persist it to the authoritative store, and display it after save.","BankHub, bankApi, bankService, cash-wallet API handling, flow pages, and idle-money pages implement the account/cash surface. Supporting team evidence: PM_MODULE_INVENTORY reports live CRUD; DA10-009C records account deletion becoming None in linked expense UI and requests lasting-state confirmation. Evidence authority remains source/database unless a live observation is explicitly stated.",/khate/accounts; /khate/accounts/add; /khate/accounts/cash; /khate/accounts/flow; /khate/accounts/idle; /api/bank,src/app/(dashboard)/khate/accounts/page.tsx; src/app/(dashboard)/khate/accounts/add/page.tsx; src/lib/bankApi.ts; src/lib/services/bankService.ts; src/app/api/bank/route.ts; audit-output/01-repository-and-architecture/MODULE_TO_FILE_MAP.csv; audit-input/02-existing-team-outputs/2026-07-19_MODULE_CRUD_TRACE.csv,bank_accounts; cash_wallets; balance_history; see audit-output/02-database-and-dependencies/FRONTEND_DATABASE_FIELD_MAP.csv and MODULE_DEPENDENCY_MATRIX.csv,Implemented,"Core behavior exists, but duplicate account/non-account route families and soft downstream account references need WD confirmation.",Confirmed,Can WD/PM confirm that Account type behaves in the live build exactly as the cited source path and identify its acceptance test?,Run and record a focused acceptance test for Account type; then mark Verified if behavior matches the PRD.
PRD-M06-008,Holder(s),MODULE 6: BANK ACCOUNT & CASH MANAGEMENT (Pravah) > 6.2 Account Details,"The application should capture or support holder(s), validate it, persist it to the authoritative store, and display it after save.","BankHub, bankApi, bankService, cash-wallet API handling, flow pages, and idle-money pages implement the account/cash surface. Supporting team evidence: PM_MODULE_INVENTORY reports live CRUD; DA10-009C records account deletion becoming None in linked expense UI and requests lasting-state confirmation. Evidence authority remains source/database unless a live observation is explicitly stated.",/khate/accounts; /khate/accounts/add; /khate/accounts/cash; /khate/accounts/flow; /khate/accounts/idle; /api/bank,src/app/(dashboard)/khate/accounts/page.tsx; src/app/(dashboard)/khate/accounts/add/page.tsx; src/lib/bankApi.ts; src/lib/services/bankService.ts; src/app/api/bank/route.ts; audit-output/01-repository-and-architecture/MODULE_TO_FILE_MAP.csv; audit-input/02-existing-team-outputs/2026-07-19_MODULE_CRUD_TRACE.csv,bank_accounts; cash_wallets; balance_history; see audit-output/02-database-and-dependencies/FRONTEND_DATABASE_FIELD_MAP.csv and MODULE_DEPENDENCY_MATRIX.csv,Implemented,"Core behavior exists, but duplicate account/non-account route families and soft downstream account references need WD confirmation.",Confirmed,Can WD/PM confirm that Holder(s) behaves in the live build exactly as the cited source path and identify its acceptance test?,Run and record a focused acceptance test for Holder(s); then mark Verified if behavior matches the PRD.
PRD-M06-009,Opening balance,MODULE 6: BANK ACCOUNT & CASH MANAGEMENT (Pravah) > 6.2 Account Details,"The application should capture or support opening balance, validate it, persist it to the authoritative store, and display it after save.","BankHub, bankApi, bankService, cash-wallet API handling, flow pages, and idle-money pages implement the account/cash surface. Supporting team evidence: PM_MODULE_INVENTORY reports live CRUD; DA10-009C records account deletion becoming None in linked expense UI and requests lasting-state confirmation. Evidence authority remains source/database unless a live observation is explicitly stated.",/khate/accounts; /khate/accounts/add; /khate/accounts/cash; /khate/accounts/flow; /khate/accounts/idle; /api/bank,src/app/(dashboard)/khate/accounts/page.tsx; src/app/(dashboard)/khate/accounts/add/page.tsx; src/lib/bankApi.ts; src/lib/services/bankService.ts; src/app/api/bank/route.ts; audit-output/01-repository-and-architecture/MODULE_TO_FILE_MAP.csv; audit-input/02-existing-team-outputs/2026-07-19_MODULE_CRUD_TRACE.csv,bank_accounts; cash_wallets; balance_history; see audit-output/02-database-and-dependencies/FRONTEND_DATABASE_FIELD_MAP.csv and MODULE_DEPENDENCY_MATRIX.csv,Implemented,"Core behavior exists, but duplicate account/non-account route families and soft downstream account references need WD confirmation.",Confirmed,Can WD/PM confirm that Opening balance behaves in the live build exactly as the cited source path and identify its acceptance test?,Run and record a focused acceptance test for Opening balance; then mark Verified if behavior matches the PRD.
PRD-M06-010,Current balance,MODULE 6: BANK ACCOUNT & CASH MANAGEMENT (Pravah) > 6.2 Account Details,"The application should capture or support current balance, validate it, persist it to the authoritative store, and display it after save.","BankHub, bankApi, bankService, cash-wallet API handling, flow pages, and idle-money pages implement the account/cash surface. Supporting team evidence: PM_MODULE_INVENTORY reports live CRUD; DA10-009C records account deletion becoming None in linked expense UI and requests lasting-state confirmation. Evidence authority remains source/database unless a live observation is explicitly stated.",/khate/accounts; /khate/accounts/add; /khate/accounts/cash; /khate/accounts/flow; /khate/accounts/idle; /api/bank,src/app/(dashboard)/khate/accounts/page.tsx; src/app/(dashboard)/khate/accounts/add/page.tsx; src/lib/bankApi.ts; src/lib/services/bankService.ts; src/app/api/bank/route.ts; audit-output/01-repository-and-architecture/MODULE_TO_FILE_MAP.csv; audit-input/02-existing-team-outputs/2026-07-19_MODULE_CRUD_TRACE.csv,bank_accounts; cash_wallets; balance_history; see audit-output/02-database-and-dependencies/FRONTEND_DATABASE_FIELD_MAP.csv and MODULE_DEPENDENCY_MATRIX.csv,Implemented,"Core behavior exists, but duplicate account/non-account route families and soft downstream account references need WD confirmation.",Confirmed,Can WD/PM confirm that Current balance behaves in the live build exactly as the cited source path and identify its acceptance test?,Run and record a focused acceptance test for Current balance; then mark Verified if behavior matches the PRD.
PRD-M06-011,Inflow vs outflow,MODULE 6: BANK ACCOUNT & CASH MANAGEMENT (Pravah) > 6.3 Cash Flow,The application should calculate or present inflow vs outflow from authoritative saved records with a defined refresh and ownership rule.,"BankHub, bankApi, bankService, cash-wallet API handling, flow pages, and idle-money pages implement the account/cash surface. Supporting team evidence: PM_MODULE_INVENTORY reports live CRUD; DA10-009C records account deletion becoming None in linked expense UI and requests lasting-state confirmation. Evidence authority remains source/database unless a live observation is explicitly stated.",/khate/accounts; /khate/accounts/add; /khate/accounts/cash; /khate/accounts/flow; /khate/accounts/idle; /api/bank,src/app/(dashboard)/khate/accounts/page.tsx; src/app/(dashboard)/khate/accounts/add/page.tsx; src/lib/bankApi.ts; src/lib/services/bankService.ts; src/app/api/bank/route.ts; audit-output/01-repository-and-architecture/MODULE_TO_FILE_MAP.csv; audit-input/02-existing-team-outputs/2026-07-19_MODULE_CRUD_TRACE.csv,bank_accounts; cash_wallets; balance_history; see audit-output/02-database-and-dependencies/FRONTEND_DATABASE_FIELD_MAP.csv and MODULE_DEPENDENCY_MATRIX.csv,Implemented,"Core behavior exists, but duplicate account/non-account route families and soft downstream account references need WD confirmation.",Confirmed,Can WD/PM confirm that Inflow vs outflow behaves in the live build exactly as the cited source path and identify its acceptance test?,Run and record a focused acceptance test for Inflow vs outflow; then mark Verified if behavior matches the PRD.
PRD-M06-012,Idle money detection,MODULE 6: BANK ACCOUNT & CASH MANAGEMENT (Pravah) > 6.3 Cash Flow,The application should calculate or present idle money detection from authoritative saved records with a defined refresh and ownership rule.,"BankHub, bankApi, bankService, cash-wallet API handling, flow pages, and idle-money pages implement the account/cash surface. Supporting team evidence: PM_MODULE_INVENTORY reports live CRUD; DA10-009C records account deletion becoming None in linked expense UI and requests lasting-state confirmation. Evidence authority remains source/database unless a live observation is explicitly stated.",/khate/accounts; /khate/accounts/add; /khate/accounts/cash; /khate/accounts/flow; /khate/accounts/idle; /api/bank,src/app/(dashboard)/khate/accounts/page.tsx; src/app/(dashboard)/khate/accounts/add/page.tsx; src/lib/bankApi.ts; src/lib/services/bankService.ts; src/app/api/bank/route.ts; audit-output/01-repository-and-architecture/MODULE_TO_FILE_MAP.csv; audit-input/02-existing-team-outputs/2026-07-19_MODULE_CRUD_TRACE.csv,bank_accounts; cash_wallets; balance_history; see audit-output/02-database-and-dependencies/FRONTEND_DATABASE_FIELD_MAP.csv and MODULE_DEPENDENCY_MATRIX.csv,Implemented,"Core behavior exists, but duplicate account/non-account route families and soft downstream account references need WD confirmation.",Confirmed,Can WD/PM confirm that Idle money detection behaves in the live build exactly as the cited source path and identify its acceptance test?,Run and record a focused acceptance test for Idle money detection; then mark Verified if behavior matches the PRD.
PRD-M07-001,Mutual Funds,MODULE 7: INVESTMENT MANAGEMENT SYSTEM (Nivesh Sabha) > 7.1 Investment Types,"The application should offer Mutual Funds as a supported option and preserve that type through create, view, edit, and delete workflows.",BeejPage is a Coming Soon/under-construction surface; no investment CRUD route is present. Database model reads occur only through nominee/succession aggregation routes. Supporting team evidence: Not covered as a completed module in PM_MODULE_INVENTORY; architecture inventory marks Beej as placeholder only. Evidence authority remains source/database unless a live observation is explicitly stated.,/beej (placeholder); no /api/investments route found,src/app/(dashboard)/beej/page.tsx; src/app/api/nominee/assets/route.ts; src/app/api/succession/assets/route.ts; audit-output/01-repository-and-architecture/MODULE_TO_FILE_MAP.csv; audit-input/02-existing-team-outputs/2026-07-19_MODULE_CRUD_TRACE.csv,investment_holdings model/table exists; no module CRUD usage found; see audit-output/02-database-and-dependencies/FRONTEND_DATABASE_FIELD_MAP.csv and MODULE_DEPENDENCY_MATRIX.csv,Not Implemented,Schema presence and read-only aggregation do not implement the PRD investment workflow.,Confirmed,"Is Mutual Funds still required for the current release boundary, and if so which WD owner and target milestone apply?","PM to confirm scope; if retained, WD should design and estimate Mutual Funds before implementation."
PRD-M07-002,Stocks,MODULE 7: INVESTMENT MANAGEMENT SYSTEM (Nivesh Sabha) > 7.1 Investment Types,"The application should offer Stocks as a supported option and preserve that type through create, view, edit, and delete workflows.",BeejPage is a Coming Soon/under-construction surface; no investment CRUD route is present. Database model reads occur only through nominee/succession aggregation routes. Supporting team evidence: Not covered as a completed module in PM_MODULE_INVENTORY; architecture inventory marks Beej as placeholder only. Evidence authority remains source/database unless a live observation is explicitly stated.,/beej (placeholder); no /api/investments route found,src/app/(dashboard)/beej/page.tsx; src/app/api/nominee/assets/route.ts; src/app/api/succession/assets/route.ts; audit-output/01-repository-and-architecture/MODULE_TO_FILE_MAP.csv; audit-input/02-existing-team-outputs/2026-07-19_MODULE_CRUD_TRACE.csv,investment_holdings model/table exists; no module CRUD usage found; see audit-output/02-database-and-dependencies/FRONTEND_DATABASE_FIELD_MAP.csv and MODULE_DEPENDENCY_MATRIX.csv,Not Implemented,Schema presence and read-only aggregation do not implement the PRD investment workflow.,Confirmed,"Is Stocks still required for the current release boundary, and if so which WD owner and target milestone apply?","PM to confirm scope; if retained, WD should design and estimate Stocks before implementation."
PRD-M07-003,FD / RD,MODULE 7: INVESTMENT MANAGEMENT SYSTEM (Nivesh Sabha) > 7.1 Investment Types,"The application should offer FD / RD as a supported option and preserve that type through create, view, edit, and delete workflows.",BeejPage is a Coming Soon/under-construction surface; no investment CRUD route is present. Database model reads occur only through nominee/succession aggregation routes. Supporting team evidence: Not covered as a completed module in PM_MODULE_INVENTORY; architecture inventory marks Beej as placeholder only. Evidence authority remains source/database unless a live observation is explicitly stated.,/beej (placeholder); no /api/investments route found,src/app/(dashboard)/beej/page.tsx; src/app/api/nominee/assets/route.ts; src/app/api/succession/assets/route.ts; audit-output/01-repository-and-architecture/MODULE_TO_FILE_MAP.csv; audit-input/02-existing-team-outputs/2026-07-19_MODULE_CRUD_TRACE.csv,investment_holdings model/table exists; no module CRUD usage found; see audit-output/02-database-and-dependencies/FRONTEND_DATABASE_FIELD_MAP.csv and MODULE_DEPENDENCY_MATRIX.csv,Not Implemented,Schema presence and read-only aggregation do not implement the PRD investment workflow.,Confirmed,"Is FD / RD still required for the current release boundary, and if so which WD owner and target milestone apply?","PM to confirm scope; if retained, WD should design and estimate FD / RD before implementation."
PRD-M07-004,PPF / EPF / NPS,MODULE 7: INVESTMENT MANAGEMENT SYSTEM (Nivesh Sabha) > 7.1 Investment Types,"The application should offer PPF / EPF / NPS as a supported option and preserve that type through create, view, edit, and delete workflows.",BeejPage is a Coming Soon/under-construction surface; no investment CRUD route is present. Database model reads occur only through nominee/succession aggregation routes. Supporting team evidence: Not covered as a completed module in PM_MODULE_INVENTORY; architecture inventory marks Beej as placeholder only. Evidence authority remains source/database unless a live observation is explicitly stated.,/beej (placeholder); no /api/investments route found,src/app/(dashboard)/beej/page.tsx; src/app/api/nominee/assets/route.ts; src/app/api/succession/assets/route.ts; audit-output/01-repository-and-architecture/MODULE_TO_FILE_MAP.csv; audit-input/02-existing-team-outputs/2026-07-19_MODULE_CRUD_TRACE.csv,investment_holdings model/table exists; no module CRUD usage found; see audit-output/02-database-and-dependencies/FRONTEND_DATABASE_FIELD_MAP.csv and MODULE_DEPENDENCY_MATRIX.csv,Not Implemented,Schema presence and read-only aggregation do not implement the PRD investment workflow.,Confirmed,"Is PPF / EPF / NPS still required for the current release boundary, and if so which WD owner and target milestone apply?","PM to confirm scope; if retained, WD should design and estimate PPF / EPF / NPS before implementation."
PRD-M07-005,Gold,MODULE 7: INVESTMENT MANAGEMENT SYSTEM (Nivesh Sabha) > 7.1 Investment Types,"The application should offer Gold as a supported option and preserve that type through create, view, edit, and delete workflows.",BeejPage is a Coming Soon/under-construction surface; no investment CRUD route is present. Database model reads occur only through nominee/succession aggregation routes. Supporting team evidence: Not covered as a completed module in PM_MODULE_INVENTORY; architecture inventory marks Beej as placeholder only. Evidence authority remains source/database unless a live observation is explicitly stated.,/beej (placeholder); no /api/investments route found,src/app/(dashboard)/beej/page.tsx; src/app/api/nominee/assets/route.ts; src/app/api/succession/assets/route.ts; audit-output/01-repository-and-architecture/MODULE_TO_FILE_MAP.csv; audit-input/02-existing-team-outputs/2026-07-19_MODULE_CRUD_TRACE.csv,investment_holdings model/table exists; no module CRUD usage found; see audit-output/02-database-and-dependencies/FRONTEND_DATABASE_FIELD_MAP.csv and MODULE_DEPENDENCY_MATRIX.csv,Not Implemented,Schema presence and read-only aggregation do not implement the PRD investment workflow.,Confirmed,"Is Gold still required for the current release boundary, and if so which WD owner and target milestone apply?","PM to confirm scope; if retained, WD should design and estimate Gold before implementation."
PRD-M07-006,Crypto (optional),MODULE 7: INVESTMENT MANAGEMENT SYSTEM (Nivesh Sabha) > 7.1 Investment Types,"The application should offer Crypto (optional) as a supported option and preserve that type through create, view, edit, and delete workflows.",BeejPage is a Coming Soon/under-construction surface; no investment CRUD route is present. Database model reads occur only through nominee/succession aggregation routes. Supporting team evidence: Not covered as a completed module in PM_MODULE_INVENTORY; architecture inventory marks Beej as placeholder only. Evidence authority remains source/database unless a live observation is explicitly stated.,/beej (placeholder); no /api/investments route found,src/app/(dashboard)/beej/page.tsx; src/app/api/nominee/assets/route.ts; src/app/api/succession/assets/route.ts; audit-output/01-repository-and-architecture/MODULE_TO_FILE_MAP.csv; audit-input/02-existing-team-outputs/2026-07-19_MODULE_CRUD_TRACE.csv,investment_holdings model/table exists; no module CRUD usage found; see audit-output/02-database-and-dependencies/FRONTEND_DATABASE_FIELD_MAP.csv and MODULE_DEPENDENCY_MATRIX.csv,Not Implemented,Schema presence and read-only aggregation do not implement the PRD investment workflow.,Confirmed,"Is Crypto (optional) still required for the current release boundary, and if so which WD owner and target milestone apply?","PM to confirm scope; if retained, WD should design and estimate Crypto (optional) before implementation."
PRD-M07-007,Invested amount,MODULE 7: INVESTMENT MANAGEMENT SYSTEM (Nivesh Sabha) > 7.2 Investment Data,"The application should capture or support invested amount, validate it, persist it to the authoritative store, and display it after save.",BeejPage is a Coming Soon/under-construction surface; no investment CRUD route is present. Database model reads occur only through nominee/succession aggregation routes. Supporting team evidence: Not covered as a completed module in PM_MODULE_INVENTORY; architecture inventory marks Beej as placeholder only. Evidence authority remains source/database unless a live observation is explicitly stated.,/beej (placeholder); no /api/investments route found,src/app/(dashboard)/beej/page.tsx; src/app/api/nominee/assets/route.ts; src/app/api/succession/assets/route.ts; audit-output/01-repository-and-architecture/MODULE_TO_FILE_MAP.csv; audit-input/02-existing-team-outputs/2026-07-19_MODULE_CRUD_TRACE.csv,investment_holdings model/table exists; no module CRUD usage found; see audit-output/02-database-and-dependencies/FRONTEND_DATABASE_FIELD_MAP.csv and MODULE_DEPENDENCY_MATRIX.csv,Not Implemented,Schema presence and read-only aggregation do not implement the PRD investment workflow.,Confirmed,"Is Invested amount still required for the current release boundary, and if so which WD owner and target milestone apply?","PM to confirm scope; if retained, WD should design and estimate Invested amount before implementation."
PRD-M07-008,Current value,MODULE 7: INVESTMENT MANAGEMENT SYSTEM (Nivesh Sabha) > 7.2 Investment Data,"The application should capture or support current value, validate it, persist it to the authoritative store, and display it after save.",BeejPage is a Coming Soon/under-construction surface; no investment CRUD route is present. Database model reads occur only through nominee/succession aggregation routes. Supporting team evidence: Not covered as a completed module in PM_MODULE_INVENTORY; architecture inventory marks Beej as placeholder only. Evidence authority remains source/database unless a live observation is explicitly stated.,/beej (placeholder); no /api/investments route found,src/app/(dashboard)/beej/page.tsx; src/app/api/nominee/assets/route.ts; src/app/api/succession/assets/route.ts; audit-output/01-repository-and-architecture/MODULE_TO_FILE_MAP.csv; audit-input/02-existing-team-outputs/2026-07-19_MODULE_CRUD_TRACE.csv,investment_holdings model/table exists; no module CRUD usage found; see audit-output/02-database-and-dependencies/FRONTEND_DATABASE_FIELD_MAP.csv and MODULE_DEPENDENCY_MATRIX.csv,Not Implemented,Schema presence and read-only aggregation do not implement the PRD investment workflow.,Confirmed,"Is Current value still required for the current release boundary, and if so which WD owner and target milestone apply?","PM to confirm scope; if retained, WD should design and estimate Current value before implementation."
PRD-M07-009,ROI,MODULE 7: INVESTMENT MANAGEMENT SYSTEM (Nivesh Sabha) > 7.2 Investment Data,The application should calculate or present roi from authoritative saved records with a defined refresh and ownership rule.,BeejPage is a Coming Soon/under-construction surface; no investment CRUD route is present. Database model reads occur only through nominee/succession aggregation routes. Supporting team evidence: Not covered as a completed module in PM_MODULE_INVENTORY; architecture inventory marks Beej as placeholder only. Evidence authority remains source/database unless a live observation is explicitly stated.,/beej (placeholder); no /api/investments route found,src/app/(dashboard)/beej/page.tsx; src/app/api/nominee/assets/route.ts; src/app/api/succession/assets/route.ts; audit-output/01-repository-and-architecture/MODULE_TO_FILE_MAP.csv; audit-input/02-existing-team-outputs/2026-07-19_MODULE_CRUD_TRACE.csv,investment_holdings model/table exists; no module CRUD usage found; see audit-output/02-database-and-dependencies/FRONTEND_DATABASE_FIELD_MAP.csv and MODULE_DEPENDENCY_MATRIX.csv,Not Implemented,Schema presence and read-only aggregation do not implement the PRD investment workflow.,Confirmed,"Is ROI still required for the current release boundary, and if so which WD owner and target milestone apply?","PM to confirm scope; if retained, WD should design and estimate ROI before implementation."
PRD-M07-010,Lock-in,MODULE 7: INVESTMENT MANAGEMENT SYSTEM (Nivesh Sabha) > 7.2 Investment Data,"The application should capture or support lock-in, validate it, persist it to the authoritative store, and display it after save.",BeejPage is a Coming Soon/under-construction surface; no investment CRUD route is present. Database model reads occur only through nominee/succession aggregation routes. Supporting team evidence: Not covered as a completed module in PM_MODULE_INVENTORY; architecture inventory marks Beej as placeholder only. Evidence authority remains source/database unless a live observation is explicitly stated.,/beej (placeholder); no /api/investments route found,src/app/(dashboard)/beej/page.tsx; src/app/api/nominee/assets/route.ts; src/app/api/succession/assets/route.ts; audit-output/01-repository-and-architecture/MODULE_TO_FILE_MAP.csv; audit-input/02-existing-team-outputs/2026-07-19_MODULE_CRUD_TRACE.csv,investment_holdings model/table exists; no module CRUD usage found; see audit-output/02-database-and-dependencies/FRONTEND_DATABASE_FIELD_MAP.csv and MODULE_DEPENDENCY_MATRIX.csv,Not Implemented,Schema presence and read-only aggregation do not implement the PRD investment workflow.,Confirmed,"Is Lock-in still required for the current release boundary, and if so which WD owner and target milestone apply?","PM to confirm scope; if retained, WD should design and estimate Lock-in before implementation."
PRD-M07-011,Maturity,MODULE 7: INVESTMENT MANAGEMENT SYSTEM (Nivesh Sabha) > 7.2 Investment Data,"The application should capture or support maturity, validate it, persist it to the authoritative store, and display it after save.",BeejPage is a Coming Soon/under-construction surface; no investment CRUD route is present. Database model reads occur only through nominee/succession aggregation routes. Supporting team evidence: Not covered as a completed module in PM_MODULE_INVENTORY; architecture inventory marks Beej as placeholder only. Evidence authority remains source/database unless a live observation is explicitly stated.,/beej (placeholder); no /api/investments route found,src/app/(dashboard)/beej/page.tsx; src/app/api/nominee/assets/route.ts; src/app/api/succession/assets/route.ts; audit-output/01-repository-and-architecture/MODULE_TO_FILE_MAP.csv; audit-input/02-existing-team-outputs/2026-07-19_MODULE_CRUD_TRACE.csv,investment_holdings model/table exists; no module CRUD usage found; see audit-output/02-database-and-dependencies/FRONTEND_DATABASE_FIELD_MAP.csv and MODULE_DEPENDENCY_MATRIX.csv,Not Implemented,Schema presence and read-only aggregation do not implement the PRD investment workflow.,Confirmed,"Is Maturity still required for the current release boundary, and if so which WD owner and target milestone apply?","PM to confirm scope; if retained, WD should design and estimate Maturity before implementation."
PRD-M07-012,Asset allocation,MODULE 7: INVESTMENT MANAGEMENT SYSTEM (Nivesh Sabha) > 7.3 Portfolio Analytics,The application should calculate or present asset allocation from authoritative saved records with a defined refresh and ownership rule.,BeejPage is a Coming Soon/under-construction surface; no investment CRUD route is present. Database model reads occur only through nominee/succession aggregation routes. Supporting team evidence: Not covered as a completed module in PM_MODULE_INVENTORY; architecture inventory marks Beej as placeholder only. Evidence authority remains source/database unless a live observation is explicitly stated.,/beej (placeholder); no /api/investments route found,src/app/(dashboard)/beej/page.tsx; src/app/api/nominee/assets/route.ts; src/app/api/succession/assets/route.ts; audit-output/01-repository-and-architecture/MODULE_TO_FILE_MAP.csv; audit-input/02-existing-team-outputs/2026-07-19_MODULE_CRUD_TRACE.csv,investment_holdings model/table exists; no module CRUD usage found; see audit-output/02-database-and-dependencies/FRONTEND_DATABASE_FIELD_MAP.csv and MODULE_DEPENDENCY_MATRIX.csv,Not Implemented,Schema presence and read-only aggregation do not implement the PRD investment workflow.,Confirmed,"Is Asset allocation still required for the current release boundary, and if so which WD owner and target milestone apply?","PM to confirm scope; if retained, WD should design and estimate Asset allocation before implementation."
PRD-M07-013,Risk level,MODULE 7: INVESTMENT MANAGEMENT SYSTEM (Nivesh Sabha) > 7.3 Portfolio Analytics,The application should calculate or present risk level from authoritative saved records with a defined refresh and ownership rule.,BeejPage is a Coming Soon/under-construction surface; no investment CRUD route is present. Database model reads occur only through nominee/succession aggregation routes. Supporting team evidence: Not covered as a completed module in PM_MODULE_INVENTORY; architecture inventory marks Beej as placeholder only. Evidence authority remains source/database unless a live observation is explicitly stated.,/beej (placeholder); no /api/investments route found,src/app/(dashboard)/beej/page.tsx; src/app/api/nominee/assets/route.ts; src/app/api/succession/assets/route.ts; audit-output/01-repository-and-architecture/MODULE_TO_FILE_MAP.csv; audit-input/02-existing-team-outputs/2026-07-19_MODULE_CRUD_TRACE.csv,investment_holdings model/table exists; no module CRUD usage found; see audit-output/02-database-and-dependencies/FRONTEND_DATABASE_FIELD_MAP.csv and MODULE_DEPENDENCY_MATRIX.csv,Not Implemented,Schema presence and read-only aggregation do not implement the PRD investment workflow.,Confirmed,"Is Risk level still required for the current release boundary, and if so which WD owner and target milestone apply?","PM to confirm scope; if retained, WD should design and estimate Risk level before implementation."
PRD-M07-014,Goal mapping,MODULE 7: INVESTMENT MANAGEMENT SYSTEM (Nivesh Sabha) > 7.3 Portfolio Analytics,The application should calculate or present goal mapping from authoritative saved records with a defined refresh and ownership rule.,BeejPage is a Coming Soon/under-construction surface; no investment CRUD route is present. Database model reads occur only through nominee/succession aggregation routes. Supporting team evidence: Not covered as a completed module in PM_MODULE_INVENTORY; architecture inventory marks Beej as placeholder only. Evidence authority remains source/database unless a live observation is explicitly stated.,/beej (placeholder); no /api/investments route found,src/app/(dashboard)/beej/page.tsx; src/app/api/nominee/assets/route.ts; src/app/api/succession/assets/route.ts; audit-output/01-repository-and-architecture/MODULE_TO_FILE_MAP.csv; audit-input/02-existing-team-outputs/2026-07-19_MODULE_CRUD_TRACE.csv,investment_holdings model/table exists; no module CRUD usage found; see audit-output/02-database-and-dependencies/FRONTEND_DATABASE_FIELD_MAP.csv and MODULE_DEPENDENCY_MATRIX.csv,Not Implemented,Schema presence and read-only aggregation do not implement the PRD investment workflow.,Confirmed,"Is Goal mapping still required for the current release boundary, and if so which WD owner and target milestone apply?","PM to confirm scope; if retained, WD should design and estimate Goal mapping before implementation."
PRD-M08-001,Life,MODULE 8: INSURANCE MANAGEMENT SYSTEM (Raksha) > 8.1 Insurance Types,"The application should offer Life as a supported option and preserve that type through create, view, edit, and delete workflows.","RakshaModule, policy list/add/detail/edit pages, insuranceService, notificationService, and document upload paths implement policy CRUD and renewal processing. Supporting team evidence: PM_MODULE_INVENTORY reports CRUD but no reminder creation; DA10-001 reports the Covered Person control failed to render in two attempts. Evidence authority remains source/database unless a live observation is explicitly stated.",/raksha; /raksha/policies; /raksha/policies/add; /api/insurance; /api/documents,src/app/(dashboard)/raksha/policies/add/page.tsx; src/lib/services/insuranceService.ts; src/lib/services/notificationService.ts; src/components/vault/FileUploader.tsx; audit-output/01-repository-and-architecture/MODULE_TO_FILE_MAP.csv; audit-input/02-existing-team-outputs/2026-07-19_MODULE_CRUD_TRACE.csv,insurance_policies; insurance_coverage; reminders; document_meta; see audit-output/02-database-and-dependencies/FRONTEND_DATABASE_FIELD_MAP.csv and MODULE_DEPENDENCY_MATRIX.csv,Implemented,Policy CRUD is present; coverage/reminder behavior has live-evidence conflicts and soft document/nominee references.,Confirmed,Can WD/PM confirm that Life behaves in the live build exactly as the cited source path and identify its acceptance test?,Run and record a focused acceptance test for Life; then mark Verified if behavior matches the PRD.
PRD-M08-002,Term,MODULE 8: INSURANCE MANAGEMENT SYSTEM (Raksha) > 8.1 Insurance Types,"The application should offer Term as a supported option and preserve that type through create, view, edit, and delete workflows.","RakshaModule, policy list/add/detail/edit pages, insuranceService, notificationService, and document upload paths implement policy CRUD and renewal processing. Supporting team evidence: PM_MODULE_INVENTORY reports CRUD but no reminder creation; DA10-001 reports the Covered Person control failed to render in two attempts. Evidence authority remains source/database unless a live observation is explicitly stated.",/raksha; /raksha/policies; /raksha/policies/add; /api/insurance; /api/documents,src/app/(dashboard)/raksha/policies/add/page.tsx; src/lib/services/insuranceService.ts; src/lib/services/notificationService.ts; src/components/vault/FileUploader.tsx; audit-output/01-repository-and-architecture/MODULE_TO_FILE_MAP.csv; audit-input/02-existing-team-outputs/2026-07-19_MODULE_CRUD_TRACE.csv,insurance_policies; insurance_coverage; reminders; document_meta; see audit-output/02-database-and-dependencies/FRONTEND_DATABASE_FIELD_MAP.csv and MODULE_DEPENDENCY_MATRIX.csv,Implemented,Policy CRUD is present; coverage/reminder behavior has live-evidence conflicts and soft document/nominee references.,Confirmed,Can WD/PM confirm that Term behaves in the live build exactly as the cited source path and identify its acceptance test?,Run and record a focused acceptance test for Term; then mark Verified if behavior matches the PRD.
PRD-M08-003,Health,MODULE 8: INSURANCE MANAGEMENT SYSTEM (Raksha) > 8.1 Insurance Types,"The application should offer Health as a supported option and preserve that type through create, view, edit, and delete workflows.","RakshaModule, policy list/add/detail/edit pages, insuranceService, notificationService, and document upload paths implement policy CRUD and renewal processing. Supporting team evidence: PM_MODULE_INVENTORY reports CRUD but no reminder creation; DA10-001 reports the Covered Person control failed to render in two attempts. Evidence authority remains source/database unless a live observation is explicitly stated.",/raksha; /raksha/policies; /raksha/policies/add; /api/insurance; /api/documents,src/app/(dashboard)/raksha/policies/add/page.tsx; src/lib/services/insuranceService.ts; src/lib/services/notificationService.ts; src/components/vault/FileUploader.tsx; audit-output/01-repository-and-architecture/MODULE_TO_FILE_MAP.csv; audit-input/02-existing-team-outputs/2026-07-19_MODULE_CRUD_TRACE.csv,insurance_policies; insurance_coverage; reminders; document_meta; see audit-output/02-database-and-dependencies/FRONTEND_DATABASE_FIELD_MAP.csv and MODULE_DEPENDENCY_MATRIX.csv,Implemented,Policy CRUD is present; coverage/reminder behavior has live-evidence conflicts and soft document/nominee references.,Confirmed,Can WD/PM confirm that Health behaves in the live build exactly as the cited source path and identify its acceptance test?,Run and record a focused acceptance test for Health; then mark Verified if behavior matches the PRD.
PRD-M08-004,Vehicle,MODULE 8: INSURANCE MANAGEMENT SYSTEM (Raksha) > 8.1 Insurance Types,"The application should offer Vehicle as a supported option and preserve that type through create, view, edit, and delete workflows.","RakshaModule, policy list/add/detail/edit pages, insuranceService, notificationService, and document upload paths implement policy CRUD and renewal processing. Supporting team evidence: PM_MODULE_INVENTORY reports CRUD but no reminder creation; DA10-001 reports the Covered Person control failed to render in two attempts. Evidence authority remains source/database unless a live observation is explicitly stated.",/raksha; /raksha/policies; /raksha/policies/add; /api/insurance; /api/documents,src/app/(dashboard)/raksha/policies/add/page.tsx; src/lib/services/insuranceService.ts; src/lib/services/notificationService.ts; src/components/vault/FileUploader.tsx; audit-output/01-repository-and-architecture/MODULE_TO_FILE_MAP.csv; audit-input/02-existing-team-outputs/2026-07-19_MODULE_CRUD_TRACE.csv,insurance_policies; insurance_coverage; reminders; document_meta; see audit-output/02-database-and-dependencies/FRONTEND_DATABASE_FIELD_MAP.csv and MODULE_DEPENDENCY_MATRIX.csv,Implemented,Policy CRUD is present; coverage/reminder behavior has live-evidence conflicts and soft document/nominee references.,Confirmed,Can WD/PM confirm that Vehicle behaves in the live build exactly as the cited source path and identify its acceptance test?,Run and record a focused acceptance test for Vehicle; then mark Verified if behavior matches the PRD.
PRD-M08-005,Property,MODULE 8: INSURANCE MANAGEMENT SYSTEM (Raksha) > 8.1 Insurance Types,"The application should offer Property as a supported option and preserve that type through create, view, edit, and delete workflows.","RakshaModule, policy list/add/detail/edit pages, insuranceService, notificationService, and document upload paths implement policy CRUD and renewal processing. Supporting team evidence: PM_MODULE_INVENTORY reports CRUD but no reminder creation; DA10-001 reports the Covered Person control failed to render in two attempts. Evidence authority remains source/database unless a live observation is explicitly stated.",/raksha; /raksha/policies; /raksha/policies/add; /api/insurance; /api/documents,src/app/(dashboard)/raksha/policies/add/page.tsx; src/lib/services/insuranceService.ts; src/lib/services/notificationService.ts; src/components/vault/FileUploader.tsx; audit-output/01-repository-and-architecture/MODULE_TO_FILE_MAP.csv; audit-input/02-existing-team-outputs/2026-07-19_MODULE_CRUD_TRACE.csv,insurance_policies; insurance_coverage; reminders; document_meta; see audit-output/02-database-and-dependencies/FRONTEND_DATABASE_FIELD_MAP.csv and MODULE_DEPENDENCY_MATRIX.csv,Implemented Differently,The insurance UI offers HOME rather than the PRD label Property; PM/WD must confirm whether these are intended to be equivalent.,Confirmed,"Which implementation is authoritative for Property, and how should WD resolve this mismatch: The insurance UI offers HOME rather than the PRD label Property; PM/WD must confirm whether these are intended to be equivalent.","PM/WD to choose the authoritative behavior and persistence path, document the decision, and add regression coverage."
PRD-M08-006,Travel,MODULE 8: INSURANCE MANAGEMENT SYSTEM (Raksha) > 8.1 Insurance Types,"The application should offer Travel as a supported option and preserve that type through create, view, edit, and delete workflows.","RakshaModule, policy list/add/detail/edit pages, insuranceService, notificationService, and document upload paths implement policy CRUD and renewal processing. Supporting team evidence: PM_MODULE_INVENTORY reports CRUD but no reminder creation; DA10-001 reports the Covered Person control failed to render in two attempts. Evidence authority remains source/database unless a live observation is explicitly stated.",/raksha; /raksha/policies; /raksha/policies/add; /api/insurance; /api/documents,src/app/(dashboard)/raksha/policies/add/page.tsx; src/lib/services/insuranceService.ts; src/lib/services/notificationService.ts; src/components/vault/FileUploader.tsx; audit-output/01-repository-and-architecture/MODULE_TO_FILE_MAP.csv; audit-input/02-existing-team-outputs/2026-07-19_MODULE_CRUD_TRACE.csv,insurance_policies; insurance_coverage; reminders; document_meta; see audit-output/02-database-and-dependencies/FRONTEND_DATABASE_FIELD_MAP.csv and MODULE_DEPENDENCY_MATRIX.csv,Implemented,Policy CRUD is present; coverage/reminder behavior has live-evidence conflicts and soft document/nominee references.,Confirmed,Can WD/PM confirm that Travel behaves in the live build exactly as the cited source path and identify its acceptance test?,Run and record a focused acceptance test for Travel; then mark Verified if behavior matches the PRD.
PRD-M08-007,Policy number,MODULE 8: INSURANCE MANAGEMENT SYSTEM (Raksha) > 8.2 Policy Details,"The application should capture or support policy number, validate it, persist it to the authoritative store, and display it after save.","RakshaModule, policy list/add/detail/edit pages, insuranceService, notificationService, and document upload paths implement policy CRUD and renewal processing. Supporting team evidence: PM_MODULE_INVENTORY reports CRUD but no reminder creation; DA10-001 reports the Covered Person control failed to render in two attempts. Evidence authority remains source/database unless a live observation is explicitly stated.",/raksha; /raksha/policies; /raksha/policies/add; /api/insurance; /api/documents,src/app/(dashboard)/raksha/policies/add/page.tsx; src/lib/services/insuranceService.ts; src/lib/services/notificationService.ts; src/components/vault/FileUploader.tsx; audit-output/01-repository-and-architecture/MODULE_TO_FILE_MAP.csv; audit-input/02-existing-team-outputs/2026-07-19_MODULE_CRUD_TRACE.csv,insurance_policies; insurance_coverage; reminders; document_meta; see audit-output/02-database-and-dependencies/FRONTEND_DATABASE_FIELD_MAP.csv and MODULE_DEPENDENCY_MATRIX.csv,Implemented,Policy CRUD is present; coverage/reminder behavior has live-evidence conflicts and soft document/nominee references.,Confirmed,Can WD/PM confirm that Policy number behaves in the live build exactly as the cited source path and identify its acceptance test?,Run and record a focused acceptance test for Policy number; then mark Verified if behavior matches the PRD.
PRD-M08-008,Insured persons,MODULE 8: INSURANCE MANAGEMENT SYSTEM (Raksha) > 8.2 Policy Details,"The application should capture or support insured persons, validate it, persist it to the authoritative store, and display it after save.","RakshaModule, policy list/add/detail/edit pages, insuranceService, notificationService, and document upload paths implement policy CRUD and renewal processing. Supporting team evidence: PM_MODULE_INVENTORY reports CRUD but no reminder creation; DA10-001 reports the Covered Person control failed to render in two attempts. Evidence authority remains source/database unless a live observation is explicitly stated.",/raksha; /raksha/policies; /raksha/policies/add; /api/insurance; /api/documents,src/app/(dashboard)/raksha/policies/add/page.tsx; src/lib/services/insuranceService.ts; src/lib/services/notificationService.ts; src/components/vault/FileUploader.tsx; audit-output/01-repository-and-architecture/MODULE_TO_FILE_MAP.csv; audit-input/02-existing-team-outputs/2026-07-19_MODULE_CRUD_TRACE.csv,insurance_policies; insurance_coverage; reminders; document_meta; see audit-output/02-database-and-dependencies/FRONTEND_DATABASE_FIELD_MAP.csv and MODULE_DEPENDENCY_MATRIX.csv,Partially Implemented,"insurance_coverage and family-member selection code exist, but DA10-001 reports the Covered Person control failed to render in two attempts.",Confirmed,"Which implementation is authoritative for Insured persons, and how should WD resolve this mismatch: insurance_coverage and family-member selection code exist, but DA10-001 reports the Covered Person control failed to render in two attempts.",WD to close the cited gap for Insured persons; PM/DA to verify the completed workflow end to end.
PRD-M08-009,Premium,MODULE 8: INSURANCE MANAGEMENT SYSTEM (Raksha) > 8.2 Policy Details,"The application should capture or support premium, validate it, persist it to the authoritative store, and display it after save.","RakshaModule, policy list/add/detail/edit pages, insuranceService, notificationService, and document upload paths implement policy CRUD and renewal processing. Supporting team evidence: PM_MODULE_INVENTORY reports CRUD but no reminder creation; DA10-001 reports the Covered Person control failed to render in two attempts. Evidence authority remains source/database unless a live observation is explicitly stated.",/raksha; /raksha/policies; /raksha/policies/add; /api/insurance; /api/documents,src/app/(dashboard)/raksha/policies/add/page.tsx; src/lib/services/insuranceService.ts; src/lib/services/notificationService.ts; src/components/vault/FileUploader.tsx; audit-output/01-repository-and-architecture/MODULE_TO_FILE_MAP.csv; audit-input/02-existing-team-outputs/2026-07-19_MODULE_CRUD_TRACE.csv,insurance_policies; insurance_coverage; reminders; document_meta; see audit-output/02-database-and-dependencies/FRONTEND_DATABASE_FIELD_MAP.csv and MODULE_DEPENDENCY_MATRIX.csv,Implemented,Policy CRUD is present; coverage/reminder behavior has live-evidence conflicts and soft document/nominee references.,Confirmed,Can WD/PM confirm that Premium behaves in the live build exactly as the cited source path and identify its acceptance test?,Run and record a focused acceptance test for Premium; then mark Verified if behavior matches the PRD.
PRD-M08-010,Due date,MODULE 8: INSURANCE MANAGEMENT SYSTEM (Raksha) > 8.2 Policy Details,"The application should capture or support due date, validate it, persist it to the authoritative store, and display it after save.","RakshaModule, policy list/add/detail/edit pages, insuranceService, notificationService, and document upload paths implement policy CRUD and renewal processing. Supporting team evidence: PM_MODULE_INVENTORY reports CRUD but no reminder creation; DA10-001 reports the Covered Person control failed to render in two attempts. Evidence authority remains source/database unless a live observation is explicitly stated.",/raksha; /raksha/policies; /raksha/policies/add; /api/insurance; /api/documents,src/app/(dashboard)/raksha/policies/add/page.tsx; src/lib/services/insuranceService.ts; src/lib/services/notificationService.ts; src/components/vault/FileUploader.tsx; audit-output/01-repository-and-architecture/MODULE_TO_FILE_MAP.csv; audit-input/02-existing-team-outputs/2026-07-19_MODULE_CRUD_TRACE.csv,insurance_policies; insurance_coverage; reminders; document_meta; see audit-output/02-database-and-dependencies/FRONTEND_DATABASE_FIELD_MAP.csv and MODULE_DEPENDENCY_MATRIX.csv,Implemented,Policy CRUD is present; coverage/reminder behavior has live-evidence conflicts and soft document/nominee references.,Confirmed,Can WD/PM confirm that Due date behaves in the live build exactly as the cited source path and identify its acceptance test?,Run and record a focused acceptance test for Due date; then mark Verified if behavior matches the PRD.
PRD-M08-011,Sum assured,MODULE 8: INSURANCE MANAGEMENT SYSTEM (Raksha) > 8.2 Policy Details,"The application should capture or support sum assured, validate it, persist it to the authoritative store, and display it after save.","RakshaModule, policy list/add/detail/edit pages, insuranceService, notificationService, and document upload paths implement policy CRUD and renewal processing. Supporting team evidence: PM_MODULE_INVENTORY reports CRUD but no reminder creation; DA10-001 reports the Covered Person control failed to render in two attempts. Evidence authority remains source/database unless a live observation is explicitly stated.",/raksha; /raksha/policies; /raksha/policies/add; /api/insurance; /api/documents,src/app/(dashboard)/raksha/policies/add/page.tsx; src/lib/services/insuranceService.ts; src/lib/services/notificationService.ts; src/components/vault/FileUploader.tsx; audit-output/01-repository-and-architecture/MODULE_TO_FILE_MAP.csv; audit-input/02-existing-team-outputs/2026-07-19_MODULE_CRUD_TRACE.csv,insurance_policies; insurance_coverage; reminders; document_meta; see audit-output/02-database-and-dependencies/FRONTEND_DATABASE_FIELD_MAP.csv and MODULE_DEPENDENCY_MATRIX.csv,Implemented,Policy CRUD is present; coverage/reminder behavior has live-evidence conflicts and soft document/nominee references.,Confirmed,Can WD/PM confirm that Sum assured behaves in the live build exactly as the cited source path and identify its acceptance test?,Run and record a focused acceptance test for Sum assured; then mark Verified if behavior matches the PRD.
PRD-M08-012,Nominee,MODULE 8: INSURANCE MANAGEMENT SYSTEM (Raksha) > 8.2 Policy Details,"The application should capture or support nominee, validate it, persist it to the authoritative store, and display it after save.","RakshaModule, policy list/add/detail/edit pages, insuranceService, notificationService, and document upload paths implement policy CRUD and renewal processing. Supporting team evidence: PM_MODULE_INVENTORY reports CRUD but no reminder creation; DA10-001 reports the Covered Person control failed to render in two attempts. Evidence authority remains source/database unless a live observation is explicitly stated.",/raksha; /raksha/policies; /raksha/policies/add; /api/insurance; /api/documents,src/app/(dashboard)/raksha/policies/add/page.tsx; src/lib/services/insuranceService.ts; src/lib/services/notificationService.ts; src/components/vault/FileUploader.tsx; audit-output/01-repository-and-architecture/MODULE_TO_FILE_MAP.csv; audit-input/02-existing-team-outputs/2026-07-19_MODULE_CRUD_TRACE.csv,insurance_policies; insurance_coverage; reminders; document_meta; see audit-output/02-database-and-dependencies/FRONTEND_DATABASE_FIELD_MAP.csv and MODULE_DEPENDENCY_MATRIX.csv,Implemented,Policy CRUD is present; coverage/reminder behavior has live-evidence conflicts and soft document/nominee references.,Confirmed,Can WD/PM confirm that Nominee behaves in the live build exactly as the cited source path and identify its acceptance test?,Run and record a focused acceptance test for Nominee; then mark Verified if behavior matches the PRD.
PRD-M08-013,Renewal reminders,MODULE 8: INSURANCE MANAGEMENT SYSTEM (Raksha) > 8.3 Alerts,"The application should create, display, update, and clear renewal reminders consistently when the source record changes.","RakshaModule, policy list/add/detail/edit pages, insuranceService, notificationService, and document upload paths implement policy CRUD and renewal processing. Supporting team evidence: PM_MODULE_INVENTORY reports CRUD but no reminder creation; DA10-001 reports the Covered Person control failed to render in two attempts. Evidence authority remains source/database unless a live observation is explicitly stated.",/raksha; /raksha/policies; /raksha/policies/add; /api/insurance; /api/documents,src/app/(dashboard)/raksha/policies/add/page.tsx; src/lib/services/insuranceService.ts; src/lib/services/notificationService.ts; src/components/vault/FileUploader.tsx; audit-output/01-repository-and-architecture/MODULE_TO_FILE_MAP.csv; audit-input/02-existing-team-outputs/2026-07-19_MODULE_CRUD_TRACE.csv,insurance_policies; insurance_coverage; reminders; document_meta; see audit-output/02-database-and-dependencies/FRONTEND_DATABASE_FIELD_MAP.csv and MODULE_DEPENDENCY_MATRIX.csv,Partially Implemented,"Server notification code checks insurance due dates, but PM live inventory reported no reminder creation and UI/database notification paths differ.",Confirmed,"Which implementation is authoritative for Renewal reminders, and how should WD resolve this mismatch: Server notification code checks insurance due dates, but PM live inventory reported no reminder creation and UI/database notification paths differ.",WD to close the cited gap for Renewal reminders; PM/DA to verify the completed workflow end to end.
PRD-M08-014,Underinsurance alerts,MODULE 8: INSURANCE MANAGEMENT SYSTEM (Raksha) > 8.3 Alerts,"The application should create, display, update, and clear underinsurance alerts consistently when the source record changes.","RakshaModule, policy list/add/detail/edit pages, insuranceService, notificationService, and document upload paths implement policy CRUD and renewal processing. Supporting team evidence: PM_MODULE_INVENTORY reports CRUD but no reminder creation; DA10-001 reports the Covered Person control failed to render in two attempts. Evidence authority remains source/database unless a live observation is explicitly stated.",/raksha; /raksha/policies; /raksha/policies/add; /api/insurance; /api/documents,src/app/(dashboard)/raksha/policies/add/page.tsx; src/lib/services/insuranceService.ts; src/lib/services/notificationService.ts; src/components/vault/FileUploader.tsx; audit-output/01-repository-and-architecture/MODULE_TO_FILE_MAP.csv; audit-input/02-existing-team-outputs/2026-07-19_MODULE_CRUD_TRACE.csv,insurance_policies; insurance_coverage; reminders; document_meta; see audit-output/02-database-and-dependencies/FRONTEND_DATABASE_FIELD_MAP.csv and MODULE_DEPENDENCY_MATRIX.csv,Partially Implemented,"Insurance adequacy calculation exists in calculationEngine, but no complete Raksha underinsurance-alert lifecycle was traced.",Strong Evidence,"Which implementation is authoritative for Underinsurance alerts, and how should WD resolve this mismatch: Insurance adequacy calculation exists in calculationEngine, but no complete Raksha underinsurance-alert lifecycle was traced.",WD to close the cited gap for Underinsurance alerts; PM/DA to verify the completed workflow end to end.
PRD-M09-001,Home,MODULE 9: LOAN & LIABILITY MANAGEMENT (Rin Sabha) > 9.1 Loan Types,"The application should offer Home as a supported option and preserve that type through create, view, edit, and delete workflows.","RinDashboard, loan list/add/detail/edit pages, loanService, notificationService, and document upload implement loan CRUD and EMI views. Supporting team evidence: PM_MODULE_INVENTORY reports live CRUD but no reminder creation; DA10-009B requests confirmation of collateral unlinking after property deletion. Evidence authority remains source/database unless a live observation is explicitly stated.",/rin; /rin/loans; /rin/loans/add; /api/loans,src/app/(dashboard)/rin/page.tsx; src/app/(dashboard)/rin/loans/add/page.tsx; src/lib/services/loanService.ts; src/lib/services/notificationService.ts; src/lib/engines/calculationEngine.ts; audit-output/01-repository-and-architecture/MODULE_TO_FILE_MAP.csv; audit-input/02-existing-team-outputs/2026-07-19_MODULE_CRUD_TRACE.csv,loan_accounts; document_meta; linkedPropertyId and paidFromAccountId are soft references; see audit-output/02-database-and-dependencies/FRONTEND_DATABASE_FIELD_MAP.csv and MODULE_DEPENDENCY_MATRIX.csv,Implemented,Core loan fields exist; optimization advice and soft cross-module links require verification.,Confirmed,Can WD/PM confirm that Home behaves in the live build exactly as the cited source path and identify its acceptance test?,Run and record a focused acceptance test for Home; then mark Verified if behavior matches the PRD.
PRD-M09-002,Personal,MODULE 9: LOAN & LIABILITY MANAGEMENT (Rin Sabha) > 9.1 Loan Types,"The application should offer Personal as a supported option and preserve that type through create, view, edit, and delete workflows.","RinDashboard, loan list/add/detail/edit pages, loanService, notificationService, and document upload implement loan CRUD and EMI views. Supporting team evidence: PM_MODULE_INVENTORY reports live CRUD but no reminder creation; DA10-009B requests confirmation of collateral unlinking after property deletion. Evidence authority remains source/database unless a live observation is explicitly stated.",/rin; /rin/loans; /rin/loans/add; /api/loans,src/app/(dashboard)/rin/page.tsx; src/app/(dashboard)/rin/loans/add/page.tsx; src/lib/services/loanService.ts; src/lib/services/notificationService.ts; src/lib/engines/calculationEngine.ts; audit-output/01-repository-and-architecture/MODULE_TO_FILE_MAP.csv; audit-input/02-existing-team-outputs/2026-07-19_MODULE_CRUD_TRACE.csv,loan_accounts; document_meta; linkedPropertyId and paidFromAccountId are soft references; see audit-output/02-database-and-dependencies/FRONTEND_DATABASE_FIELD_MAP.csv and MODULE_DEPENDENCY_MATRIX.csv,Implemented,Core loan fields exist; optimization advice and soft cross-module links require verification.,Confirmed,Can WD/PM confirm that Personal behaves in the live build exactly as the cited source path and identify its acceptance test?,Run and record a focused acceptance test for Personal; then mark Verified if behavior matches the PRD.
PRD-M09-003,Car,MODULE 9: LOAN & LIABILITY MANAGEMENT (Rin Sabha) > 9.1 Loan Types,"The application should offer Car as a supported option and preserve that type through create, view, edit, and delete workflows.","RinDashboard, loan list/add/detail/edit pages, loanService, notificationService, and document upload implement loan CRUD and EMI views. Supporting team evidence: PM_MODULE_INVENTORY reports live CRUD but no reminder creation; DA10-009B requests confirmation of collateral unlinking after property deletion. Evidence authority remains source/database unless a live observation is explicitly stated.",/rin; /rin/loans; /rin/loans/add; /api/loans,src/app/(dashboard)/rin/page.tsx; src/app/(dashboard)/rin/loans/add/page.tsx; src/lib/services/loanService.ts; src/lib/services/notificationService.ts; src/lib/engines/calculationEngine.ts; audit-output/01-repository-and-architecture/MODULE_TO_FILE_MAP.csv; audit-input/02-existing-team-outputs/2026-07-19_MODULE_CRUD_TRACE.csv,loan_accounts; document_meta; linkedPropertyId and paidFromAccountId are soft references; see audit-output/02-database-and-dependencies/FRONTEND_DATABASE_FIELD_MAP.csv and MODULE_DEPENDENCY_MATRIX.csv,Implemented,Core loan fields exist; optimization advice and soft cross-module links require verification.,Confirmed,Can WD/PM confirm that Car behaves in the live build exactly as the cited source path and identify its acceptance test?,Run and record a focused acceptance test for Car; then mark Verified if behavior matches the PRD.
PRD-M09-004,Education,MODULE 9: LOAN & LIABILITY MANAGEMENT (Rin Sabha) > 9.1 Loan Types,"The application should offer Education as a supported option and preserve that type through create, view, edit, and delete workflows.","RinDashboard, loan list/add/detail/edit pages, loanService, notificationService, and document upload implement loan CRUD and EMI views. Supporting team evidence: PM_MODULE_INVENTORY reports live CRUD but no reminder creation; DA10-009B requests confirmation of collateral unlinking after property deletion. Evidence authority remains source/database unless a live observation is explicitly stated.",/rin; /rin/loans; /rin/loans/add; /api/loans,src/app/(dashboard)/rin/page.tsx; src/app/(dashboard)/rin/loans/add/page.tsx; src/lib/services/loanService.ts; src/lib/services/notificationService.ts; src/lib/engines/calculationEngine.ts; audit-output/01-repository-and-architecture/MODULE_TO_FILE_MAP.csv; audit-input/02-existing-team-outputs/2026-07-19_MODULE_CRUD_TRACE.csv,loan_accounts; document_meta; linkedPropertyId and paidFromAccountId are soft references; see audit-output/02-database-and-dependencies/FRONTEND_DATABASE_FIELD_MAP.csv and MODULE_DEPENDENCY_MATRIX.csv,Implemented,Core loan fields exist; optimization advice and soft cross-module links require verification.,Confirmed,Can WD/PM confirm that Education behaves in the live build exactly as the cited source path and identify its acceptance test?,Run and record a focused acceptance test for Education; then mark Verified if behavior matches the PRD.
PRD-M09-005,Business,MODULE 9: LOAN & LIABILITY MANAGEMENT (Rin Sabha) > 9.1 Loan Types,"The application should offer Business as a supported option and preserve that type through create, view, edit, and delete workflows.","RinDashboard, loan list/add/detail/edit pages, loanService, notificationService, and document upload implement loan CRUD and EMI views. Supporting team evidence: PM_MODULE_INVENTORY reports live CRUD but no reminder creation; DA10-009B requests confirmation of collateral unlinking after property deletion. Evidence authority remains source/database unless a live observation is explicitly stated.",/rin; /rin/loans; /rin/loans/add; /api/loans,src/app/(dashboard)/rin/page.tsx; src/app/(dashboard)/rin/loans/add/page.tsx; src/lib/services/loanService.ts; src/lib/services/notificationService.ts; src/lib/engines/calculationEngine.ts; audit-output/01-repository-and-architecture/MODULE_TO_FILE_MAP.csv; audit-input/02-existing-team-outputs/2026-07-19_MODULE_CRUD_TRACE.csv,loan_accounts; document_meta; linkedPropertyId and paidFromAccountId are soft references; see audit-output/02-database-and-dependencies/FRONTEND_DATABASE_FIELD_MAP.csv and MODULE_DEPENDENCY_MATRIX.csv,Implemented,Core loan fields exist; optimization advice and soft cross-module links require verification.,Confirmed,Can WD/PM confirm that Business behaves in the live build exactly as the cited source path and identify its acceptance test?,Run and record a focused acceptance test for Business; then mark Verified if behavior matches the PRD.
PRD-M09-006,Credit Card,MODULE 9: LOAN & LIABILITY MANAGEMENT (Rin Sabha) > 9.1 Loan Types,"The application should offer Credit Card as a supported option and preserve that type through create, view, edit, and delete workflows.","RinDashboard, loan list/add/detail/edit pages, loanService, notificationService, and document upload implement loan CRUD and EMI views. Supporting team evidence: PM_MODULE_INVENTORY reports live CRUD but no reminder creation; DA10-009B requests confirmation of collateral unlinking after property deletion. Evidence authority remains source/database unless a live observation is explicitly stated.",/rin; /rin/loans; /rin/loans/add; /api/loans,src/app/(dashboard)/rin/page.tsx; src/app/(dashboard)/rin/loans/add/page.tsx; src/lib/services/loanService.ts; src/lib/services/notificationService.ts; src/lib/engines/calculationEngine.ts; audit-output/01-repository-and-architecture/MODULE_TO_FILE_MAP.csv; audit-input/02-existing-team-outputs/2026-07-19_MODULE_CRUD_TRACE.csv,loan_accounts; document_meta; linkedPropertyId and paidFromAccountId are soft references; see audit-output/02-database-and-dependencies/FRONTEND_DATABASE_FIELD_MAP.csv and MODULE_DEPENDENCY_MATRIX.csv,Implemented,Core loan fields exist; optimization advice and soft cross-module links require verification.,Confirmed,Can WD/PM confirm that Credit Card behaves in the live build exactly as the cited source path and identify its acceptance test?,Run and record a focused acceptance test for Credit Card; then mark Verified if behavior matches the PRD.
PRD-M09-007,Bank,MODULE 9: LOAN & LIABILITY MANAGEMENT (Rin Sabha) > 9.2 Loan Details,"The application should capture or support bank, validate it, persist it to the authoritative store, and display it after save.","RinDashboard, loan list/add/detail/edit pages, loanService, notificationService, and document upload implement loan CRUD and EMI views. Supporting team evidence: PM_MODULE_INVENTORY reports live CRUD but no reminder creation; DA10-009B requests confirmation of collateral unlinking after property deletion. Evidence authority remains source/database unless a live observation is explicitly stated.",/rin; /rin/loans; /rin/loans/add; /api/loans,src/app/(dashboard)/rin/page.tsx; src/app/(dashboard)/rin/loans/add/page.tsx; src/lib/services/loanService.ts; src/lib/services/notificationService.ts; src/lib/engines/calculationEngine.ts; audit-output/01-repository-and-architecture/MODULE_TO_FILE_MAP.csv; audit-input/02-existing-team-outputs/2026-07-19_MODULE_CRUD_TRACE.csv,loan_accounts; document_meta; linkedPropertyId and paidFromAccountId are soft references; see audit-output/02-database-and-dependencies/FRONTEND_DATABASE_FIELD_MAP.csv and MODULE_DEPENDENCY_MATRIX.csv,Implemented,Core loan fields exist; optimization advice and soft cross-module links require verification.,Confirmed,Can WD/PM confirm that Bank behaves in the live build exactly as the cited source path and identify its acceptance test?,Run and record a focused acceptance test for Bank; then mark Verified if behavior matches the PRD.
PRD-M09-008,Loan amount,MODULE 9: LOAN & LIABILITY MANAGEMENT (Rin Sabha) > 9.2 Loan Details,"The application should capture or support loan amount, validate it, persist it to the authoritative store, and display it after save.","RinDashboard, loan list/add/detail/edit pages, loanService, notificationService, and document upload implement loan CRUD and EMI views. Supporting team evidence: PM_MODULE_INVENTORY reports live CRUD but no reminder creation; DA10-009B requests confirmation of collateral unlinking after property deletion. Evidence authority remains source/database unless a live observation is explicitly stated.",/rin; /rin/loans; /rin/loans/add; /api/loans,src/app/(dashboard)/rin/page.tsx; src/app/(dashboard)/rin/loans/add/page.tsx; src/lib/services/loanService.ts; src/lib/services/notificationService.ts; src/lib/engines/calculationEngine.ts; audit-output/01-repository-and-architecture/MODULE_TO_FILE_MAP.csv; audit-input/02-existing-team-outputs/2026-07-19_MODULE_CRUD_TRACE.csv,loan_accounts; document_meta; linkedPropertyId and paidFromAccountId are soft references; see audit-output/02-database-and-dependencies/FRONTEND_DATABASE_FIELD_MAP.csv and MODULE_DEPENDENCY_MATRIX.csv,Implemented,Core loan fields exist; optimization advice and soft cross-module links require verification.,Confirmed,Can WD/PM confirm that Loan amount behaves in the live build exactly as the cited source path and identify its acceptance test?,Run and record a focused acceptance test for Loan amount; then mark Verified if behavior matches the PRD.
PRD-M09-009,ROI,MODULE 9: LOAN & LIABILITY MANAGEMENT (Rin Sabha) > 9.2 Loan Details,The application should calculate or present roi from authoritative saved records with a defined refresh and ownership rule.,"RinDashboard, loan list/add/detail/edit pages, loanService, notificationService, and document upload implement loan CRUD and EMI views. Supporting team evidence: PM_MODULE_INVENTORY reports live CRUD but no reminder creation; DA10-009B requests confirmation of collateral unlinking after property deletion. Evidence authority remains source/database unless a live observation is explicitly stated.",/rin; /rin/loans; /rin/loans/add; /api/loans,src/app/(dashboard)/rin/page.tsx; src/app/(dashboard)/rin/loans/add/page.tsx; src/lib/services/loanService.ts; src/lib/services/notificationService.ts; src/lib/engines/calculationEngine.ts; audit-output/01-repository-and-architecture/MODULE_TO_FILE_MAP.csv; audit-input/02-existing-team-outputs/2026-07-19_MODULE_CRUD_TRACE.csv,loan_accounts; document_meta; linkedPropertyId and paidFromAccountId are soft references; see audit-output/02-database-and-dependencies/FRONTEND_DATABASE_FIELD_MAP.csv and MODULE_DEPENDENCY_MATRIX.csv,Implemented,Core loan fields exist; optimization advice and soft cross-module links require verification.,Confirmed,Can WD/PM confirm that ROI behaves in the live build exactly as the cited source path and identify its acceptance test?,Run and record a focused acceptance test for ROI; then mark Verified if behavior matches the PRD.
PRD-M09-010,Tenure,MODULE 9: LOAN & LIABILITY MANAGEMENT (Rin Sabha) > 9.2 Loan Details,"The application should capture or support tenure, validate it, persist it to the authoritative store, and display it after save.","RinDashboard, loan list/add/detail/edit pages, loanService, notificationService, and document upload implement loan CRUD and EMI views. Supporting team evidence: PM_MODULE_INVENTORY reports live CRUD but no reminder creation; DA10-009B requests confirmation of collateral unlinking after property deletion. Evidence authority remains source/database unless a live observation is explicitly stated.",/rin; /rin/loans; /rin/loans/add; /api/loans,src/app/(dashboard)/rin/page.tsx; src/app/(dashboard)/rin/loans/add/page.tsx; src/lib/services/loanService.ts; src/lib/services/notificationService.ts; src/lib/engines/calculationEngine.ts; audit-output/01-repository-and-architecture/MODULE_TO_FILE_MAP.csv; audit-input/02-existing-team-outputs/2026-07-19_MODULE_CRUD_TRACE.csv,loan_accounts; document_meta; linkedPropertyId and paidFromAccountId are soft references; see audit-output/02-database-and-dependencies/FRONTEND_DATABASE_FIELD_MAP.csv and MODULE_DEPENDENCY_MATRIX.csv,Implemented,Core loan fields exist; optimization advice and soft cross-module links require verification.,Confirmed,Can WD/PM confirm that Tenure behaves in the live build exactly as the cited source path and identify its acceptance test?,Run and record a focused acceptance test for Tenure; then mark Verified if behavior matches the PRD.
PRD-M09-011,EMI,MODULE 9: LOAN & LIABILITY MANAGEMENT (Rin Sabha) > 9.2 Loan Details,"The application should capture or support emi, validate it, persist it to the authoritative store, and display it after save.","RinDashboard, loan list/add/detail/edit pages, loanService, notificationService, and document upload implement loan CRUD and EMI views. Supporting team evidence: PM_MODULE_INVENTORY reports live CRUD but no reminder creation; DA10-009B requests confirmation of collateral unlinking after property deletion. Evidence authority remains source/database unless a live observation is explicitly stated.",/rin; /rin/loans; /rin/loans/add; /api/loans,src/app/(dashboard)/rin/page.tsx; src/app/(dashboard)/rin/loans/add/page.tsx; src/lib/services/loanService.ts; src/lib/services/notificationService.ts; src/lib/engines/calculationEngine.ts; audit-output/01-repository-and-architecture/MODULE_TO_FILE_MAP.csv; audit-input/02-existing-team-outputs/2026-07-19_MODULE_CRUD_TRACE.csv,loan_accounts; document_meta; linkedPropertyId and paidFromAccountId are soft references; see audit-output/02-database-and-dependencies/FRONTEND_DATABASE_FIELD_MAP.csv and MODULE_DEPENDENCY_MATRIX.csv,Implemented,Core loan fields exist; optimization advice and soft cross-module links require verification.,Confirmed,Can WD/PM confirm that EMI behaves in the live build exactly as the cited source path and identify its acceptance test?,Run and record a focused acceptance test for EMI; then mark Verified if behavior matches the PRD.
PRD-M09-012,Outstanding,MODULE 9: LOAN & LIABILITY MANAGEMENT (Rin Sabha) > 9.2 Loan Details,"The application should capture or support outstanding, validate it, persist it to the authoritative store, and display it after save.","RinDashboard, loan list/add/detail/edit pages, loanService, notificationService, and document upload implement loan CRUD and EMI views. Supporting team evidence: PM_MODULE_INVENTORY reports live CRUD but no reminder creation; DA10-009B requests confirmation of collateral unlinking after property deletion. Evidence authority remains source/database unless a live observation is explicitly stated.",/rin; /rin/loans; /rin/loans/add; /api/loans,src/app/(dashboard)/rin/page.tsx; src/app/(dashboard)/rin/loans/add/page.tsx; src/lib/services/loanService.ts; src/lib/services/notificationService.ts; src/lib/engines/calculationEngine.ts; audit-output/01-repository-and-architecture/MODULE_TO_FILE_MAP.csv; audit-input/02-existing-team-outputs/2026-07-19_MODULE_CRUD_TRACE.csv,loan_accounts; document_meta; linkedPropertyId and paidFromAccountId are soft references; see audit-output/02-database-and-dependencies/FRONTEND_DATABASE_FIELD_MAP.csv and MODULE_DEPENDENCY_MATRIX.csv,Implemented,Core loan fields exist; optimization advice and soft cross-module links require verification.,Confirmed,Can WD/PM confirm that Outstanding behaves in the live build exactly as the cited source path and identify its acceptance test?,Run and record a focused acceptance test for Outstanding; then mark Verified if behavior matches the PRD.
PRD-M09-013,EMI burden %,MODULE 9: LOAN & LIABILITY MANAGEMENT (Rin Sabha) > 9.3 Loan Intelligence,The application should calculate or present emi burden % from authoritative saved records with a defined refresh and ownership rule.,"RinDashboard, loan list/add/detail/edit pages, loanService, notificationService, and document upload implement loan CRUD and EMI views. Supporting team evidence: PM_MODULE_INVENTORY reports live CRUD but no reminder creation; DA10-009B requests confirmation of collateral unlinking after property deletion. Evidence authority remains source/database unless a live observation is explicitly stated.",/rin; /rin/loans; /rin/loans/add; /api/loans,src/app/(dashboard)/rin/page.tsx; src/app/(dashboard)/rin/loans/add/page.tsx; src/lib/services/loanService.ts; src/lib/services/notificationService.ts; src/lib/engines/calculationEngine.ts; audit-output/01-repository-and-architecture/MODULE_TO_FILE_MAP.csv; audit-input/02-existing-team-outputs/2026-07-19_MODULE_CRUD_TRACE.csv,loan_accounts; document_meta; linkedPropertyId and paidFromAccountId are soft references; see audit-output/02-database-and-dependencies/FRONTEND_DATABASE_FIELD_MAP.csv and MODULE_DEPENDENCY_MATRIX.csv,Implemented,Debt-burden calculation and loan fields are present; confirm the displayed percentage uses the intended authoritative income and EMI sources.,Confirmed,Can WD/PM confirm that EMI burden % behaves in the live build exactly as the cited source path and identify its acceptance test?,Run and record a focused acceptance test for EMI burden %; then mark Verified if behavior matches the PRD.
PRD-M09-014,Prepayment advice,MODULE 9: LOAN & LIABILITY MANAGEMENT (Rin Sabha) > 9.3 Loan Intelligence,The application should calculate or present prepayment advice from authoritative saved records with a defined refresh and ownership rule.,"RinDashboard, loan list/add/detail/edit pages, loanService, notificationService, and document upload implement loan CRUD and EMI views. Supporting team evidence: PM_MODULE_INVENTORY reports live CRUD but no reminder creation; DA10-009B requests confirmation of collateral unlinking after property deletion. Evidence authority remains source/database unless a live observation is explicitly stated.",/rin; /rin/loans; /rin/loans/add; /api/loans,src/app/(dashboard)/rin/page.tsx; src/app/(dashboard)/rin/loans/add/page.tsx; src/lib/services/loanService.ts; src/lib/services/notificationService.ts; src/lib/engines/calculationEngine.ts; audit-output/01-repository-and-architecture/MODULE_TO_FILE_MAP.csv; audit-input/02-existing-team-outputs/2026-07-19_MODULE_CRUD_TRACE.csv,loan_accounts; document_meta; linkedPropertyId and paidFromAccountId are soft references; see audit-output/02-database-and-dependencies/FRONTEND_DATABASE_FIELD_MAP.csv and MODULE_DEPENDENCY_MATRIX.csv,Partially Implemented,"Loan insight surfaces exist, but no evidence-backed prepayment recommendation algorithm with assumptions was found.",Strong Evidence,"Which implementation is authoritative for Prepayment advice, and how should WD resolve this mismatch: Loan insight surfaces exist, but no evidence-backed prepayment recommendation algorithm with assumptions was found.",WD to close the cited gap for Prepayment advice; PM/DA to verify the completed workflow end to end.
PRD-M10-001,Residential,MODULE 10: REAL ESTATE & PROPERTY MANAGEMENT (Bhumi Mandal) > 10.1 Property Types,"The application should offer Residential as a supported option and preserve that type through create, view, edit, and delete workflows.","BhoomiPage plus add/edit routes and bhoomiService implement property CRUD and yield calculations, while module config marks BHOOMI isImplemented=false. Supporting team evidence: PM_MODULE_INVENTORY reports live CRUD; WD module map confirms the config/implementation mismatch. Evidence authority remains source/database unless a live observation is explicitly stated.",/bhoomi; /bhoomi/add; /bhoomi/[id]/edit; /api/bhoomi/properties,src/app/(dashboard)/bhoomi/page.tsx; src/app/(dashboard)/bhoomi/add/page.tsx; src/lib/services/bhoomiService.ts; src/config/modules.config.ts; audit-output/01-repository-and-architecture/MODULE_TO_FILE_MAP.csv; audit-input/02-existing-team-outputs/2026-07-19_MODULE_CRUD_TRACE.csv,property_assets; linkedLoanId is a soft reference; see audit-output/02-database-and-dependencies/FRONTEND_DATABASE_FIELD_MAP.csv and MODULE_DEPENDENCY_MATRIX.csv,Implemented Differently,Functional CRUD exists despite a disabled module flag; some PRD financial/tax fields are absent from the form.,Confirmed,"Which implementation is authoritative for Residential, and how should WD resolve this mismatch: Functional CRUD exists despite a disabled module flag; some PRD financial/tax fields are absent from the form.","PM/WD to choose the authoritative behavior and persistence path, document the decision, and add regression coverage."
PRD-M10-002,Commercial,MODULE 10: REAL ESTATE & PROPERTY MANAGEMENT (Bhumi Mandal) > 10.1 Property Types,"The application should offer Commercial as a supported option and preserve that type through create, view, edit, and delete workflows.","BhoomiPage plus add/edit routes and bhoomiService implement property CRUD and yield calculations, while module config marks BHOOMI isImplemented=false. Supporting team evidence: PM_MODULE_INVENTORY reports live CRUD; WD module map confirms the config/implementation mismatch. Evidence authority remains source/database unless a live observation is explicitly stated.",/bhoomi; /bhoomi/add; /bhoomi/[id]/edit; /api/bhoomi/properties,src/app/(dashboard)/bhoomi/page.tsx; src/app/(dashboard)/bhoomi/add/page.tsx; src/lib/services/bhoomiService.ts; src/config/modules.config.ts; audit-output/01-repository-and-architecture/MODULE_TO_FILE_MAP.csv; audit-input/02-existing-team-outputs/2026-07-19_MODULE_CRUD_TRACE.csv,property_assets; linkedLoanId is a soft reference; see audit-output/02-database-and-dependencies/FRONTEND_DATABASE_FIELD_MAP.csv and MODULE_DEPENDENCY_MATRIX.csv,Implemented Differently,Functional CRUD exists despite a disabled module flag; some PRD financial/tax fields are absent from the form.,Confirmed,"Which implementation is authoritative for Commercial, and how should WD resolve this mismatch: Functional CRUD exists despite a disabled module flag; some PRD financial/tax fields are absent from the form.","PM/WD to choose the authoritative behavior and persistence path, document the decision, and add regression coverage."
PRD-M10-003,Land,MODULE 10: REAL ESTATE & PROPERTY MANAGEMENT (Bhumi Mandal) > 10.1 Property Types,"The application should offer Land as a supported option and preserve that type through create, view, edit, and delete workflows.","BhoomiPage plus add/edit routes and bhoomiService implement property CRUD and yield calculations, while module config marks BHOOMI isImplemented=false. Supporting team evidence: PM_MODULE_INVENTORY reports live CRUD; WD module map confirms the config/implementation mismatch. Evidence authority remains source/database unless a live observation is explicitly stated.",/bhoomi; /bhoomi/add; /bhoomi/[id]/edit; /api/bhoomi/properties,src/app/(dashboard)/bhoomi/page.tsx; src/app/(dashboard)/bhoomi/add/page.tsx; src/lib/services/bhoomiService.ts; src/config/modules.config.ts; audit-output/01-repository-and-architecture/MODULE_TO_FILE_MAP.csv; audit-input/02-existing-team-outputs/2026-07-19_MODULE_CRUD_TRACE.csv,property_assets; linkedLoanId is a soft reference; see audit-output/02-database-and-dependencies/FRONTEND_DATABASE_FIELD_MAP.csv and MODULE_DEPENDENCY_MATRIX.csv,Implemented Differently,Functional CRUD exists despite a disabled module flag; some PRD financial/tax fields are absent from the form.,Confirmed,"Which implementation is authoritative for Land, and how should WD resolve this mismatch: Functional CRUD exists despite a disabled module flag; some PRD financial/tax fields are absent from the form.","PM/WD to choose the authoritative behavior and persistence path, document the decision, and add regression coverage."
PRD-M10-004,Rental,MODULE 10: REAL ESTATE & PROPERTY MANAGEMENT (Bhumi Mandal) > 10.1 Property Types,"The application should offer Rental as a supported option and preserve that type through create, view, edit, and delete workflows.","BhoomiPage plus add/edit routes and bhoomiService implement property CRUD and yield calculations, while module config marks BHOOMI isImplemented=false. Supporting team evidence: PM_MODULE_INVENTORY reports live CRUD; WD module map confirms the config/implementation mismatch. Evidence authority remains source/database unless a live observation is explicitly stated.",/bhoomi; /bhoomi/add; /bhoomi/[id]/edit; /api/bhoomi/properties,src/app/(dashboard)/bhoomi/page.tsx; src/app/(dashboard)/bhoomi/add/page.tsx; src/lib/services/bhoomiService.ts; src/config/modules.config.ts; audit-output/01-repository-and-architecture/MODULE_TO_FILE_MAP.csv; audit-input/02-existing-team-outputs/2026-07-19_MODULE_CRUD_TRACE.csv,property_assets; linkedLoanId is a soft reference; see audit-output/02-database-and-dependencies/FRONTEND_DATABASE_FIELD_MAP.csv and MODULE_DEPENDENCY_MATRIX.csv,Not Implemented,"Bhoomi supports Residential, Commercial, Agricultural, and Land types; Rental is represented as income data, not a selectable property type.",Confirmed,"Is Rental still required for the current release boundary, and if so which WD owner and target milestone apply?","PM to confirm scope; if retained, WD should design and estimate Rental before implementation."
PRD-M10-005,Purchase date,MODULE 10: REAL ESTATE & PROPERTY MANAGEMENT (Bhumi Mandal) > 10.2 Property Data,"The application should capture or support purchase date, validate it, persist it to the authoritative store, and display it after save.","BhoomiPage plus add/edit routes and bhoomiService implement property CRUD and yield calculations, while module config marks BHOOMI isImplemented=false. Supporting team evidence: PM_MODULE_INVENTORY reports live CRUD; WD module map confirms the config/implementation mismatch. Evidence authority remains source/database unless a live observation is explicitly stated.",/bhoomi; /bhoomi/add; /bhoomi/[id]/edit; /api/bhoomi/properties,src/app/(dashboard)/bhoomi/page.tsx; src/app/(dashboard)/bhoomi/add/page.tsx; src/lib/services/bhoomiService.ts; src/config/modules.config.ts; audit-output/01-repository-and-architecture/MODULE_TO_FILE_MAP.csv; audit-input/02-existing-team-outputs/2026-07-19_MODULE_CRUD_TRACE.csv,property_assets; linkedLoanId is a soft reference; see audit-output/02-database-and-dependencies/FRONTEND_DATABASE_FIELD_MAP.csv and MODULE_DEPENDENCY_MATRIX.csv,Implemented Differently,Functional CRUD exists despite a disabled module flag; some PRD financial/tax fields are absent from the form.,Confirmed,"Which implementation is authoritative for Purchase date, and how should WD resolve this mismatch: Functional CRUD exists despite a disabled module flag; some PRD financial/tax fields are absent from the form.","PM/WD to choose the authoritative behavior and persistence path, document the decision, and add regression coverage."
PRD-M10-006,Purchase amount,MODULE 10: REAL ESTATE & PROPERTY MANAGEMENT (Bhumi Mandal) > 10.2 Property Data,"The application should capture or support purchase amount, validate it, persist it to the authoritative store, and display it after save.","BhoomiPage plus add/edit routes and bhoomiService implement property CRUD and yield calculations, while module config marks BHOOMI isImplemented=false. Supporting team evidence: PM_MODULE_INVENTORY reports live CRUD; WD module map confirms the config/implementation mismatch. Evidence authority remains source/database unless a live observation is explicitly stated.",/bhoomi; /bhoomi/add; /bhoomi/[id]/edit; /api/bhoomi/properties,src/app/(dashboard)/bhoomi/page.tsx; src/app/(dashboard)/bhoomi/add/page.tsx; src/lib/services/bhoomiService.ts; src/config/modules.config.ts; audit-output/01-repository-and-architecture/MODULE_TO_FILE_MAP.csv; audit-input/02-existing-team-outputs/2026-07-19_MODULE_CRUD_TRACE.csv,property_assets; linkedLoanId is a soft reference; see audit-output/02-database-and-dependencies/FRONTEND_DATABASE_FIELD_MAP.csv and MODULE_DEPENDENCY_MATRIX.csv,Implemented Differently,Functional CRUD exists despite a disabled module flag; some PRD financial/tax fields are absent from the form.,Confirmed,"Which implementation is authoritative for Purchase amount, and how should WD resolve this mismatch: Functional CRUD exists despite a disabled module flag; some PRD financial/tax fields are absent from the form.","PM/WD to choose the authoritative behavior and persistence path, document the decision, and add regression coverage."
PRD-M10-007,Own contribution,MODULE 10: REAL ESTATE & PROPERTY MANAGEMENT (Bhumi Mandal) > 10.2 Property Data,"The application should capture or support own contribution, validate it, persist it to the authoritative store, and display it after save.","BhoomiPage plus add/edit routes and bhoomiService implement property CRUD and yield calculations, while module config marks BHOOMI isImplemented=false. Supporting team evidence: PM_MODULE_INVENTORY reports live CRUD; WD module map confirms the config/implementation mismatch. Evidence authority remains source/database unless a live observation is explicitly stated.",/bhoomi; /bhoomi/add; /bhoomi/[id]/edit; /api/bhoomi/properties,src/app/(dashboard)/bhoomi/page.tsx; src/app/(dashboard)/bhoomi/add/page.tsx; src/lib/services/bhoomiService.ts; src/config/modules.config.ts; audit-output/01-repository-and-architecture/MODULE_TO_FILE_MAP.csv; audit-input/02-existing-team-outputs/2026-07-19_MODULE_CRUD_TRACE.csv,property_assets; linkedLoanId is a soft reference; see audit-output/02-database-and-dependencies/FRONTEND_DATABASE_FIELD_MAP.csv and MODULE_DEPENDENCY_MATRIX.csv,Not Implemented,"property_assets.ownContribution exists, but the Bhoomi add payload/form does not capture it.",Confirmed,"Is Own contribution still required for the current release boundary, and if so which WD owner and target milestone apply?","PM to confirm scope; if retained, WD should design and estimate Own contribution before implementation."
PRD-M10-008,Loan linked,MODULE 10: REAL ESTATE & PROPERTY MANAGEMENT (Bhumi Mandal) > 10.2 Property Data,"The application should capture or support loan linked, validate it, persist it to the authoritative store, and display it after save.","BhoomiPage plus add/edit routes and bhoomiService implement property CRUD and yield calculations, while module config marks BHOOMI isImplemented=false. Supporting team evidence: PM_MODULE_INVENTORY reports live CRUD; WD module map confirms the config/implementation mismatch. Evidence authority remains source/database unless a live observation is explicitly stated.",/bhoomi; /bhoomi/add; /bhoomi/[id]/edit; /api/bhoomi/properties,src/app/(dashboard)/bhoomi/page.tsx; src/app/(dashboard)/bhoomi/add/page.tsx; src/lib/services/bhoomiService.ts; src/config/modules.config.ts; audit-output/01-repository-and-architecture/MODULE_TO_FILE_MAP.csv; audit-input/02-existing-team-outputs/2026-07-19_MODULE_CRUD_TRACE.csv,property_assets; linkedLoanId is a soft reference; see audit-output/02-database-and-dependencies/FRONTEND_DATABASE_FIELD_MAP.csv and MODULE_DEPENDENCY_MATRIX.csv,Implemented Differently,Functional CRUD exists despite a disabled module flag; some PRD financial/tax fields are absent from the form.,Confirmed,"Which implementation is authoritative for Loan linked, and how should WD resolve this mismatch: Functional CRUD exists despite a disabled module flag; some PRD financial/tax fields are absent from the form.","PM/WD to choose the authoritative behavior and persistence path, document the decision, and add regression coverage."
PRD-M10-009,Rental income,MODULE 10: REAL ESTATE & PROPERTY MANAGEMENT (Bhumi Mandal) > 10.2 Property Data,The application should calculate or present rental income from authoritative saved records with a defined refresh and ownership rule.,"BhoomiPage plus add/edit routes and bhoomiService implement property CRUD and yield calculations, while module config marks BHOOMI isImplemented=false. Supporting team evidence: PM_MODULE_INVENTORY reports live CRUD; WD module map confirms the config/implementation mismatch. Evidence authority remains source/database unless a live observation is explicitly stated.",/bhoomi; /bhoomi/add; /bhoomi/[id]/edit; /api/bhoomi/properties,src/app/(dashboard)/bhoomi/page.tsx; src/app/(dashboard)/bhoomi/add/page.tsx; src/lib/services/bhoomiService.ts; src/config/modules.config.ts; audit-output/01-repository-and-architecture/MODULE_TO_FILE_MAP.csv; audit-input/02-existing-team-outputs/2026-07-19_MODULE_CRUD_TRACE.csv,property_assets; linkedLoanId is a soft reference; see audit-output/02-database-and-dependencies/FRONTEND_DATABASE_FIELD_MAP.csv and MODULE_DEPENDENCY_MATRIX.csv,Implemented Differently,Functional CRUD exists despite a disabled module flag; some PRD financial/tax fields are absent from the form.,Confirmed,"Which implementation is authoritative for Rental income, and how should WD resolve this mismatch: Functional CRUD exists despite a disabled module flag; some PRD financial/tax fields are absent from the form.","PM/WD to choose the authoritative behavior and persistence path, document the decision, and add regression coverage."
PRD-M10-010,Property tax,MODULE 10: REAL ESTATE & PROPERTY MANAGEMENT (Bhumi Mandal) > 10.3 ROI & Tax,The application should calculate or present property tax from authoritative saved records with a defined refresh and ownership rule.,"BhoomiPage plus add/edit routes and bhoomiService implement property CRUD and yield calculations, while module config marks BHOOMI isImplemented=false. Supporting team evidence: PM_MODULE_INVENTORY reports live CRUD; WD module map confirms the config/implementation mismatch. Evidence authority remains source/database unless a live observation is explicitly stated.",/bhoomi; /bhoomi/add; /bhoomi/[id]/edit; /api/bhoomi/properties,src/app/(dashboard)/bhoomi/page.tsx; src/app/(dashboard)/bhoomi/add/page.tsx; src/lib/services/bhoomiService.ts; src/config/modules.config.ts; audit-output/01-repository-and-architecture/MODULE_TO_FILE_MAP.csv; audit-input/02-existing-team-outputs/2026-07-19_MODULE_CRUD_TRACE.csv,property_assets; linkedLoanId is a soft reference; see audit-output/02-database-and-dependencies/FRONTEND_DATABASE_FIELD_MAP.csv and MODULE_DEPENDENCY_MATRIX.csv,Not Implemented,"property_assets.propertyTax exists, but no property-tax input or calculation was found in the Bhoomi add/edit evidence.",Confirmed,"Is Property tax still required for the current release boundary, and if so which WD owner and target milestone apply?","PM to confirm scope; if retained, WD should design and estimate Property tax before implementation."
PRD-M10-011,Capital gains,MODULE 10: REAL ESTATE & PROPERTY MANAGEMENT (Bhumi Mandal) > 10.3 ROI & Tax,The application should calculate or present capital gains from authoritative saved records with a defined refresh and ownership rule.,"BhoomiPage plus add/edit routes and bhoomiService implement property CRUD and yield calculations, while module config marks BHOOMI isImplemented=false. Supporting team evidence: PM_MODULE_INVENTORY reports live CRUD; WD module map confirms the config/implementation mismatch. Evidence authority remains source/database unless a live observation is explicitly stated.",/bhoomi; /bhoomi/add; /bhoomi/[id]/edit; /api/bhoomi/properties,src/app/(dashboard)/bhoomi/page.tsx; src/app/(dashboard)/bhoomi/add/page.tsx; src/lib/services/bhoomiService.ts; src/config/modules.config.ts; audit-output/01-repository-and-architecture/MODULE_TO_FILE_MAP.csv; audit-input/02-existing-team-outputs/2026-07-19_MODULE_CRUD_TRACE.csv,property_assets; linkedLoanId is a soft reference; see audit-output/02-database-and-dependencies/FRONTEND_DATABASE_FIELD_MAP.csv and MODULE_DEPENDENCY_MATRIX.csv,Not Implemented,"No Bhoomi capital-gains field, route calculation, or visible workflow was found.",Confirmed,"Is Capital gains still required for the current release boundary, and if so which WD owner and target milestone apply?","PM to confirm scope; if retained, WD should design and estimate Capital gains before implementation."
PRD-M10-012,Annual ROI,MODULE 10: REAL ESTATE & PROPERTY MANAGEMENT (Bhumi Mandal) > 10.3 ROI & Tax,The application should calculate or present annual roi from authoritative saved records with a defined refresh and ownership rule.,"BhoomiPage plus add/edit routes and bhoomiService implement property CRUD and yield calculations, while module config marks BHOOMI isImplemented=false. Supporting team evidence: PM_MODULE_INVENTORY reports live CRUD; WD module map confirms the config/implementation mismatch. Evidence authority remains source/database unless a live observation is explicitly stated.",/bhoomi; /bhoomi/add; /bhoomi/[id]/edit; /api/bhoomi/properties,src/app/(dashboard)/bhoomi/page.tsx; src/app/(dashboard)/bhoomi/add/page.tsx; src/lib/services/bhoomiService.ts; src/config/modules.config.ts; audit-output/01-repository-and-architecture/MODULE_TO_FILE_MAP.csv; audit-input/02-existing-team-outputs/2026-07-19_MODULE_CRUD_TRACE.csv,property_assets; linkedLoanId is a soft reference; see audit-output/02-database-and-dependencies/FRONTEND_DATABASE_FIELD_MAP.csv and MODULE_DEPENDENCY_MATRIX.csv,Implemented Differently,"Bhoomi calculates yield from rental income, annual costs, and market value, while the module remains config-disabled and the exact PRD ROI formula is not documented.",Confirmed,"Which implementation is authoritative for Annual ROI, and how should WD resolve this mismatch: Bhoomi calculates yield from rental income, annual costs, and market value, while the module remains config-disabled and the exact PRD ROI formula is not documented.","PM/WD to choose the authoritative behavior and persistence path, document the decision, and add regression coverage."
PRD-M11-001,Income tax summary,MODULE 11: TAXATION & COMPLIANCE TRACKER > MODULE 11: TAXATION & COMPLIANCE TRACKER,The application should calculate or present income tax summary from authoritative saved records with a defined refresh and ownership rule.,"KarPage, ITR/GST/DIN pages, summary/insight APIs, and tax record routes provide a broader compliance tracker than the concise PRD. Supporting team evidence: PM_MODULE_INVENTORY reports live CRUD; PM screen/field inventories cover Kar screens. Evidence authority remains source/database unless a live observation is explicitly stated.",/kar; /kar/itr; /kar/gst; /kar/din; /api/kar/summary; /api/kar/insights; /api/tax/records,src/app/(dashboard)/kar/page.tsx; src/app/(dashboard)/kar/itr/page.tsx; src/app/api/kar/summary/route.ts; src/app/api/kar/insights/route.ts; src/app/api/tax/records/route.ts; audit-output/01-repository-and-architecture/MODULE_TO_FILE_MAP.csv; audit-input/02-existing-team-outputs/2026-07-19_MODULE_CRUD_TRACE.csv,tax_records; gst_records; din_records; see audit-output/02-database-and-dependencies/FRONTEND_DATABASE_FIELD_MAP.csv and MODULE_DEPENDENCY_MATRIX.csv,Implemented,Kar summary and tax-record APIs exist; verify the live summary fields and refresh behavior.,Confirmed,Can WD/PM confirm that Income tax summary behaves in the live build exactly as the cited source path and identify its acceptance test?,Run and record a focused acceptance test for Income tax summary; then mark Verified if behavior matches the PRD.
PRD-M11-002,Deductions used / unused,MODULE 11: TAXATION & COMPLIANCE TRACKER > MODULE 11: TAXATION & COMPLIANCE TRACKER,The application should calculate or present deductions used / unused from authoritative saved records with a defined refresh and ownership rule.,"KarPage, ITR/GST/DIN pages, summary/insight APIs, and tax record routes provide a broader compliance tracker than the concise PRD. Supporting team evidence: PM_MODULE_INVENTORY reports live CRUD; PM screen/field inventories cover Kar screens. Evidence authority remains source/database unless a live observation is explicitly stated.",/kar; /kar/itr; /kar/gst; /kar/din; /api/kar/summary; /api/kar/insights; /api/tax/records,src/app/(dashboard)/kar/page.tsx; src/app/(dashboard)/kar/itr/page.tsx; src/app/api/kar/summary/route.ts; src/app/api/kar/insights/route.ts; src/app/api/tax/records/route.ts; audit-output/01-repository-and-architecture/MODULE_TO_FILE_MAP.csv; audit-input/02-existing-team-outputs/2026-07-19_MODULE_CRUD_TRACE.csv,tax_records; gst_records; din_records; see audit-output/02-database-and-dependencies/FRONTEND_DATABASE_FIELD_MAP.csv and MODULE_DEPENDENCY_MATRIX.csv,Partially Implemented,"Kar insight/checklist behavior exists, but no complete section-wise used/unused deduction data model was found.",Strong Evidence,"Which implementation is authoritative for Deductions used / unused, and how should WD resolve this mismatch: Kar insight/checklist behavior exists, but no complete section-wise used/unused deduction data model was found.",WD to close the cited gap for Deductions used / unused; PM/DA to verify the completed workflow end to end.
PRD-M11-003,Section-wise benefits,MODULE 11: TAXATION & COMPLIANCE TRACKER > MODULE 11: TAXATION & COMPLIANCE TRACKER,The application should calculate or present section-wise benefits from authoritative saved records with a defined refresh and ownership rule.,"KarPage, ITR/GST/DIN pages, summary/insight APIs, and tax record routes provide a broader compliance tracker than the concise PRD. Supporting team evidence: PM_MODULE_INVENTORY reports live CRUD; PM screen/field inventories cover Kar screens. Evidence authority remains source/database unless a live observation is explicitly stated.",/kar; /kar/itr; /kar/gst; /kar/din; /api/kar/summary; /api/kar/insights; /api/tax/records,src/app/(dashboard)/kar/page.tsx; src/app/(dashboard)/kar/itr/page.tsx; src/app/api/kar/summary/route.ts; src/app/api/kar/insights/route.ts; src/app/api/tax/records/route.ts; audit-output/01-repository-and-architecture/MODULE_TO_FILE_MAP.csv; audit-input/02-existing-team-outputs/2026-07-19_MODULE_CRUD_TRACE.csv,tax_records; gst_records; din_records; see audit-output/02-database-and-dependencies/FRONTEND_DATABASE_FIELD_MAP.csv and MODULE_DEPENDENCY_MATRIX.csv,Partially Implemented,"Kar insight/checklist behavior exists, but no complete section-wise used/unused deduction data model was found.",Strong Evidence,"Which implementation is authoritative for Section-wise benefits, and how should WD resolve this mismatch: Kar insight/checklist behavior exists, but no complete section-wise used/unused deduction data model was found.",WD to close the cited gap for Section-wise benefits; PM/DA to verify the completed workflow end to end.
PRD-M11-004,Property tax benefits,MODULE 11: TAXATION & COMPLIANCE TRACKER > MODULE 11: TAXATION & COMPLIANCE TRACKER,The application should calculate or present property tax benefits from authoritative saved records with a defined refresh and ownership rule.,"KarPage, ITR/GST/DIN pages, summary/insight APIs, and tax record routes provide a broader compliance tracker than the concise PRD. Supporting team evidence: PM_MODULE_INVENTORY reports live CRUD; PM screen/field inventories cover Kar screens. Evidence authority remains source/database unless a live observation is explicitly stated.",/kar; /kar/itr; /kar/gst; /kar/din; /api/kar/summary; /api/kar/insights; /api/tax/records,src/app/(dashboard)/kar/page.tsx; src/app/(dashboard)/kar/itr/page.tsx; src/app/api/kar/summary/route.ts; src/app/api/kar/insights/route.ts; src/app/api/tax/records/route.ts; audit-output/01-repository-and-architecture/MODULE_TO_FILE_MAP.csv; audit-input/02-existing-team-outputs/2026-07-19_MODULE_CRUD_TRACE.csv,tax_records; gst_records; din_records; see audit-output/02-database-and-dependencies/FRONTEND_DATABASE_FIELD_MAP.csv and MODULE_DEPENDENCY_MATRIX.csv,Not Implemented,No direct persisted benefit calculation or dedicated UI for this PRD item was found.,Strong Evidence,"Is Property tax benefits still required for the current release boundary, and if so which WD owner and target milestone apply?","PM to confirm scope; if retained, WD should design and estimate Property tax benefits before implementation."
PRD-M11-005,Insurance tax benefits,MODULE 11: TAXATION & COMPLIANCE TRACKER > MODULE 11: TAXATION & COMPLIANCE TRACKER,The application should calculate or present insurance tax benefits from authoritative saved records with a defined refresh and ownership rule.,"KarPage, ITR/GST/DIN pages, summary/insight APIs, and tax record routes provide a broader compliance tracker than the concise PRD. Supporting team evidence: PM_MODULE_INVENTORY reports live CRUD; PM screen/field inventories cover Kar screens. Evidence authority remains source/database unless a live observation is explicitly stated.",/kar; /kar/itr; /kar/gst; /kar/din; /api/kar/summary; /api/kar/insights; /api/tax/records,src/app/(dashboard)/kar/page.tsx; src/app/(dashboard)/kar/itr/page.tsx; src/app/api/kar/summary/route.ts; src/app/api/kar/insights/route.ts; src/app/api/tax/records/route.ts; audit-output/01-repository-and-architecture/MODULE_TO_FILE_MAP.csv; audit-input/02-existing-team-outputs/2026-07-19_MODULE_CRUD_TRACE.csv,tax_records; gst_records; din_records; see audit-output/02-database-and-dependencies/FRONTEND_DATABASE_FIELD_MAP.csv and MODULE_DEPENDENCY_MATRIX.csv,Not Implemented,No direct persisted benefit calculation or dedicated UI for this PRD item was found.,Strong Evidence,"Is Insurance tax benefits still required for the current release boundary, and if so which WD owner and target milestone apply?","PM to confirm scope; if retained, WD should design and estimate Insurance tax benefits before implementation."
PRD-M12-001,Nominee mapping,"MODULE 12: NOMINEE, WILL & SUCCESSION (Mitra) > MODULE 12: NOMINEE, WILL & SUCCESSION (Mitra)","Users should map a valid family nominee to a specific asset, retain the share/relationship, and handle asset or nominee deletion without stale references.","Mitra nominee/will services and a separate Succession route family both implement nominee, will, executor, and emergency workflows. Supporting team evidence: PM inventory reports both Mitra and Uttaradhikar Sabha live; DA10-009A requests nominee unlinking confirmation. Evidence authority remains source/database unless a live observation is explicitly stated.",/mitra; /mitra/assets; /mitra/will; /succession/nominees; /succession/will; /succession/emergency; /api/nominee; /api/will; /api/succession/*,src/app/(dashboard)/mitra/assets/page.tsx; src/app/(dashboard)/mitra/will/page.tsx; src/app/(dashboard)/succession/nominees/page.tsx; src/app/(dashboard)/succession/emergency/page.tsx; src/lib/services/nomineeService.ts; src/lib/services/willService.ts; audit-output/01-repository-and-architecture/MODULE_TO_FILE_MAP.csv; audit-input/02-existing-team-outputs/2026-07-19_MODULE_CRUD_TRACE.csv,nominee_mapping and will_status overlap with succession_nominees and succession_wills; no synchronization constraint; see audit-output/02-database-and-dependencies/FRONTEND_DATABASE_FIELD_MAP.csv and MODULE_DEPENDENCY_MATRIX.csv,Implemented Differently,"Parallel Mitra and Succession tables/routes can hold conflicting nominee, will, and executor state.",Confirmed,"Which implementation is authoritative for Nominee mapping, and how should WD resolve this mismatch: Parallel Mitra and Succession tables/routes can hold conflicting nominee, will, and executor state.","PM/WD to choose the authoritative behavior and persistence path, document the decision, and add regression coverage."
PRD-M12-002,Asset-wise nomination,"MODULE 12: NOMINEE, WILL & SUCCESSION (Mitra) > MODULE 12: NOMINEE, WILL & SUCCESSION (Mitra)","Users should map a valid family nominee to a specific asset, retain the share/relationship, and handle asset or nominee deletion without stale references.","Mitra nominee/will services and a separate Succession route family both implement nominee, will, executor, and emergency workflows. Supporting team evidence: PM inventory reports both Mitra and Uttaradhikar Sabha live; DA10-009A requests nominee unlinking confirmation. Evidence authority remains source/database unless a live observation is explicitly stated.",/mitra; /mitra/assets; /mitra/will; /succession/nominees; /succession/will; /succession/emergency; /api/nominee; /api/will; /api/succession/*,src/app/(dashboard)/mitra/assets/page.tsx; src/app/(dashboard)/mitra/will/page.tsx; src/app/(dashboard)/succession/nominees/page.tsx; src/app/(dashboard)/succession/emergency/page.tsx; src/lib/services/nomineeService.ts; src/lib/services/willService.ts; audit-output/01-repository-and-architecture/MODULE_TO_FILE_MAP.csv; audit-input/02-existing-team-outputs/2026-07-19_MODULE_CRUD_TRACE.csv,nominee_mapping and will_status overlap with succession_nominees and succession_wills; no synchronization constraint; see audit-output/02-database-and-dependencies/FRONTEND_DATABASE_FIELD_MAP.csv and MODULE_DEPENDENCY_MATRIX.csv,Implemented Differently,"Parallel Mitra and Succession tables/routes can hold conflicting nominee, will, and executor state.",Confirmed,"Which implementation is authoritative for Asset-wise nomination, and how should WD resolve this mismatch: Parallel Mitra and Succession tables/routes can hold conflicting nominee, will, and executor state.","PM/WD to choose the authoritative behavior and persistence path, document the decision, and add regression coverage."
PRD-M12-003,Will status,"MODULE 12: NOMINEE, WILL & SUCCESSION (Mitra) > MODULE 12: NOMINEE, WILL & SUCCESSION (Mitra)","The application should capture or support will status, validate it, persist it to the authoritative store, and display it after save.","Mitra nominee/will services and a separate Succession route family both implement nominee, will, executor, and emergency workflows. Supporting team evidence: PM inventory reports both Mitra and Uttaradhikar Sabha live; DA10-009A requests nominee unlinking confirmation. Evidence authority remains source/database unless a live observation is explicitly stated.",/mitra; /mitra/assets; /mitra/will; /succession/nominees; /succession/will; /succession/emergency; /api/nominee; /api/will; /api/succession/*,src/app/(dashboard)/mitra/assets/page.tsx; src/app/(dashboard)/mitra/will/page.tsx; src/app/(dashboard)/succession/nominees/page.tsx; src/app/(dashboard)/succession/emergency/page.tsx; src/lib/services/nomineeService.ts; src/lib/services/willService.ts; audit-output/01-repository-and-architecture/MODULE_TO_FILE_MAP.csv; audit-input/02-existing-team-outputs/2026-07-19_MODULE_CRUD_TRACE.csv,nominee_mapping and will_status overlap with succession_nominees and succession_wills; no synchronization constraint; see audit-output/02-database-and-dependencies/FRONTEND_DATABASE_FIELD_MAP.csv and MODULE_DEPENDENCY_MATRIX.csv,Implemented Differently,"Parallel Mitra and Succession tables/routes can hold conflicting nominee, will, and executor state.",Confirmed,"Which implementation is authoritative for Will status, and how should WD resolve this mismatch: Parallel Mitra and Succession tables/routes can hold conflicting nominee, will, and executor state.","PM/WD to choose the authoritative behavior and persistence path, document the decision, and add regression coverage."
PRD-M12-004,Executor details,"MODULE 12: NOMINEE, WILL & SUCCESSION (Mitra) > MODULE 12: NOMINEE, WILL & SUCCESSION (Mitra)","The application should capture or support executor details, validate it, persist it to the authoritative store, and display it after save.","Mitra nominee/will services and a separate Succession route family both implement nominee, will, executor, and emergency workflows. Supporting team evidence: PM inventory reports both Mitra and Uttaradhikar Sabha live; DA10-009A requests nominee unlinking confirmation. Evidence authority remains source/database unless a live observation is explicitly stated.",/mitra; /mitra/assets; /mitra/will; /succession/nominees; /succession/will; /succession/emergency; /api/nominee; /api/will; /api/succession/*,src/app/(dashboard)/mitra/assets/page.tsx; src/app/(dashboard)/mitra/will/page.tsx; src/app/(dashboard)/succession/nominees/page.tsx; src/app/(dashboard)/succession/emergency/page.tsx; src/lib/services/nomineeService.ts; src/lib/services/willService.ts; audit-output/01-repository-and-architecture/MODULE_TO_FILE_MAP.csv; audit-input/02-existing-team-outputs/2026-07-19_MODULE_CRUD_TRACE.csv,nominee_mapping and will_status overlap with succession_nominees and succession_wills; no synchronization constraint; see audit-output/02-database-and-dependencies/FRONTEND_DATABASE_FIELD_MAP.csv and MODULE_DEPENDENCY_MATRIX.csv,Implemented Differently,"Parallel Mitra and Succession tables/routes can hold conflicting nominee, will, and executor state.",Confirmed,"Which implementation is authoritative for Executor details, and how should WD resolve this mismatch: Parallel Mitra and Succession tables/routes can hold conflicting nominee, will, and executor state.","PM/WD to choose the authoritative behavior and persistence path, document the decision, and add regression coverage."
PRD-M12-005,Emergency instructions,"MODULE 12: NOMINEE, WILL & SUCCESSION (Mitra) > MODULE 12: NOMINEE, WILL & SUCCESSION (Mitra)","The application should capture or support emergency instructions, validate it, persist it to the authoritative store, and display it after save.","Mitra nominee/will services and a separate Succession route family both implement nominee, will, executor, and emergency workflows. Supporting team evidence: PM inventory reports both Mitra and Uttaradhikar Sabha live; DA10-009A requests nominee unlinking confirmation. Evidence authority remains source/database unless a live observation is explicitly stated.",/mitra; /mitra/assets; /mitra/will; /succession/nominees; /succession/will; /succession/emergency; /api/nominee; /api/will; /api/succession/*,src/app/(dashboard)/mitra/assets/page.tsx; src/app/(dashboard)/mitra/will/page.tsx; src/app/(dashboard)/succession/nominees/page.tsx; src/app/(dashboard)/succession/emergency/page.tsx; src/lib/services/nomineeService.ts; src/lib/services/willService.ts; audit-output/01-repository-and-architecture/MODULE_TO_FILE_MAP.csv; audit-input/02-existing-team-outputs/2026-07-19_MODULE_CRUD_TRACE.csv,nominee_mapping and will_status overlap with succession_nominees and succession_wills; no synchronization constraint; see audit-output/02-database-and-dependencies/FRONTEND_DATABASE_FIELD_MAP.csv and MODULE_DEPENDENCY_MATRIX.csv,Implemented Differently,"Parallel Mitra and Succession tables/routes can hold conflicting nominee, will, and executor state.",Confirmed,"Which implementation is authoritative for Emergency instructions, and how should WD resolve this mismatch: Parallel Mitra and Succession tables/routes can hold conflicting nominee, will, and executor state.","PM/WD to choose the authoritative behavior and persistence path, document the decision, and add regression coverage."
PRD-M13-001,OTT,MODULE 13: SUBSCRIPTIONS & AUTO-DEBITS > MODULE 13: SUBSCRIPTIONS & AUTO-DEBITS,"The application should offer OTT as a supported option and preserve that type through create, view, edit, and delete workflows.","LeakageModulePage reads /api/subscriptions; three subscription UI routes exist, and the configured add form writes ExpenseStore instead of the API. Supporting team evidence: PM_MODULE_INVENTORY reports live CRUD but no reminders; DA10-004A/B and DA10-010C record mixed save/reminder/cancellation behavior. Evidence authority remains source/database unless a live observation is explicitly stated.",/leakage; /leakage/subscriptions; /subscriptions; /vyaya/subscriptions; /api/subscriptions,src/app/(dashboard)/leakage/page.tsx; src/app/(dashboard)/leakage/subscriptions/page.tsx; src/lib/services/subscriptionService.ts; src/lib/services/subscriptionAnalyticsService.ts; src/lib/stores/expenseStore.ts; audit-output/01-repository-and-architecture/MODULE_TO_FILE_MAP.csv; audit-input/02-existing-team-outputs/2026-07-19_MODULE_CRUD_TRACE.csv,subscriptions; subscription_analytics; configured add form uses browser ExpenseStore; see audit-output/02-database-and-dependencies/FRONTEND_DATABASE_FIELD_MAP.csv and MODULE_DEPENDENCY_MATRIX.csv,Implemented Differently,Overlapping UI paths and browser/API persistence produce an unclear authoritative subscription lifecycle.,Confirmed,"Which implementation is authoritative for OTT, and how should WD resolve this mismatch: Overlapping UI paths and browser/API persistence produce an unclear authoritative subscription lifecycle.","PM/WD to choose the authoritative behavior and persistence path, document the decision, and add regression coverage."
PRD-M13-002,Mobile,MODULE 13: SUBSCRIPTIONS & AUTO-DEBITS > MODULE 13: SUBSCRIPTIONS & AUTO-DEBITS,"The application should offer Mobile as a supported option and preserve that type through create, view, edit, and delete workflows.","LeakageModulePage reads /api/subscriptions; three subscription UI routes exist, and the configured add form writes ExpenseStore instead of the API. Supporting team evidence: PM_MODULE_INVENTORY reports live CRUD but no reminders; DA10-004A/B and DA10-010C record mixed save/reminder/cancellation behavior. Evidence authority remains source/database unless a live observation is explicitly stated.",/leakage; /leakage/subscriptions; /subscriptions; /vyaya/subscriptions; /api/subscriptions,src/app/(dashboard)/leakage/page.tsx; src/app/(dashboard)/leakage/subscriptions/page.tsx; src/lib/services/subscriptionService.ts; src/lib/services/subscriptionAnalyticsService.ts; src/lib/stores/expenseStore.ts; audit-output/01-repository-and-architecture/MODULE_TO_FILE_MAP.csv; audit-input/02-existing-team-outputs/2026-07-19_MODULE_CRUD_TRACE.csv,subscriptions; subscription_analytics; configured add form uses browser ExpenseStore; see audit-output/02-database-and-dependencies/FRONTEND_DATABASE_FIELD_MAP.csv and MODULE_DEPENDENCY_MATRIX.csv,Implemented Differently,Overlapping UI paths and browser/API persistence produce an unclear authoritative subscription lifecycle.,Confirmed,"Which implementation is authoritative for Mobile, and how should WD resolve this mismatch: Overlapping UI paths and browser/API persistence produce an unclear authoritative subscription lifecycle.","PM/WD to choose the authoritative behavior and persistence path, document the decision, and add regression coverage."
PRD-M13-003,Internet,MODULE 13: SUBSCRIPTIONS & AUTO-DEBITS > MODULE 13: SUBSCRIPTIONS & AUTO-DEBITS,"The application should offer Internet as a supported option and preserve that type through create, view, edit, and delete workflows.","LeakageModulePage reads /api/subscriptions; three subscription UI routes exist, and the configured add form writes ExpenseStore instead of the API. Supporting team evidence: PM_MODULE_INVENTORY reports live CRUD but no reminders; DA10-004A/B and DA10-010C record mixed save/reminder/cancellation behavior. Evidence authority remains source/database unless a live observation is explicitly stated.",/leakage; /leakage/subscriptions; /subscriptions; /vyaya/subscriptions; /api/subscriptions,src/app/(dashboard)/leakage/page.tsx; src/app/(dashboard)/leakage/subscriptions/page.tsx; src/lib/services/subscriptionService.ts; src/lib/services/subscriptionAnalyticsService.ts; src/lib/stores/expenseStore.ts; audit-output/01-repository-and-architecture/MODULE_TO_FILE_MAP.csv; audit-input/02-existing-team-outputs/2026-07-19_MODULE_CRUD_TRACE.csv,subscriptions; subscription_analytics; configured add form uses browser ExpenseStore; see audit-output/02-database-and-dependencies/FRONTEND_DATABASE_FIELD_MAP.csv and MODULE_DEPENDENCY_MATRIX.csv,Implemented Differently,Overlapping UI paths and browser/API persistence produce an unclear authoritative subscription lifecycle.,Confirmed,"Which implementation is authoritative for Internet, and how should WD resolve this mismatch: Overlapping UI paths and browser/API persistence produce an unclear authoritative subscription lifecycle.","PM/WD to choose the authoritative behavior and persistence path, document the decision, and add regression coverage."
PRD-M13-004,Software,MODULE 13: SUBSCRIPTIONS & AUTO-DEBITS > MODULE 13: SUBSCRIPTIONS & AUTO-DEBITS,"The application should offer Software as a supported option and preserve that type through create, view, edit, and delete workflows.","LeakageModulePage reads /api/subscriptions; three subscription UI routes exist, and the configured add form writes ExpenseStore instead of the API. Supporting team evidence: PM_MODULE_INVENTORY reports live CRUD but no reminders; DA10-004A/B and DA10-010C record mixed save/reminder/cancellation behavior. Evidence authority remains source/database unless a live observation is explicitly stated.",/leakage; /leakage/subscriptions; /subscriptions; /vyaya/subscriptions; /api/subscriptions,src/app/(dashboard)/leakage/page.tsx; src/app/(dashboard)/leakage/subscriptions/page.tsx; src/lib/services/subscriptionService.ts; src/lib/services/subscriptionAnalyticsService.ts; src/lib/stores/expenseStore.ts; audit-output/01-repository-and-architecture/MODULE_TO_FILE_MAP.csv; audit-input/02-existing-team-outputs/2026-07-19_MODULE_CRUD_TRACE.csv,subscriptions; subscription_analytics; configured add form uses browser ExpenseStore; see audit-output/02-database-and-dependencies/FRONTEND_DATABASE_FIELD_MAP.csv and MODULE_DEPENDENCY_MATRIX.csv,Implemented Differently,Overlapping UI paths and browser/API persistence produce an unclear authoritative subscription lifecycle.,Confirmed,"Which implementation is authoritative for Software, and how should WD resolve this mismatch: Overlapping UI paths and browser/API persistence produce an unclear authoritative subscription lifecycle.","PM/WD to choose the authoritative behavior and persistence path, document the decision, and add regression coverage."
PRD-M13-005,Gym,MODULE 13: SUBSCRIPTIONS & AUTO-DEBITS > MODULE 13: SUBSCRIPTIONS & AUTO-DEBITS,"The application should offer Gym as a supported option and preserve that type through create, view, edit, and delete workflows.","LeakageModulePage reads /api/subscriptions; three subscription UI routes exist, and the configured add form writes ExpenseStore instead of the API. Supporting team evidence: PM_MODULE_INVENTORY reports live CRUD but no reminders; DA10-004A/B and DA10-010C record mixed save/reminder/cancellation behavior. Evidence authority remains source/database unless a live observation is explicitly stated.",/leakage; /leakage/subscriptions; /subscriptions; /vyaya/subscriptions; /api/subscriptions,src/app/(dashboard)/leakage/page.tsx; src/app/(dashboard)/leakage/subscriptions/page.tsx; src/lib/services/subscriptionService.ts; src/lib/services/subscriptionAnalyticsService.ts; src/lib/stores/expenseStore.ts; audit-output/01-repository-and-architecture/MODULE_TO_FILE_MAP.csv; audit-input/02-existing-team-outputs/2026-07-19_MODULE_CRUD_TRACE.csv,subscriptions; subscription_analytics; configured add form uses browser ExpenseStore; see audit-output/02-database-and-dependencies/FRONTEND_DATABASE_FIELD_MAP.csv and MODULE_DEPENDENCY_MATRIX.csv,Implemented Differently,Overlapping UI paths and browser/API persistence produce an unclear authoritative subscription lifecycle.,Confirmed,"Which implementation is authoritative for Gym, and how should WD resolve this mismatch: Overlapping UI paths and browser/API persistence produce an unclear authoritative subscription lifecycle.","PM/WD to choose the authoritative behavior and persistence path, document the decision, and add regression coverage."
PRD-M13-006,Amount,MODULE 13: SUBSCRIPTIONS & AUTO-DEBITS > MODULE 13: SUBSCRIPTIONS & AUTO-DEBITS,"The application should capture or support amount, validate it, persist it to the authoritative store, and display it after save.","LeakageModulePage reads /api/subscriptions; three subscription UI routes exist, and the configured add form writes ExpenseStore instead of the API. Supporting team evidence: PM_MODULE_INVENTORY reports live CRUD but no reminders; DA10-004A/B and DA10-010C record mixed save/reminder/cancellation behavior. Evidence authority remains source/database unless a live observation is explicitly stated.",/leakage; /leakage/subscriptions; /subscriptions; /vyaya/subscriptions; /api/subscriptions,src/app/(dashboard)/leakage/page.tsx; src/app/(dashboard)/leakage/subscriptions/page.tsx; src/lib/services/subscriptionService.ts; src/lib/services/subscriptionAnalyticsService.ts; src/lib/stores/expenseStore.ts; audit-output/01-repository-and-architecture/MODULE_TO_FILE_MAP.csv; audit-input/02-existing-team-outputs/2026-07-19_MODULE_CRUD_TRACE.csv,subscriptions; subscription_analytics; configured add form uses browser ExpenseStore; see audit-output/02-database-and-dependencies/FRONTEND_DATABASE_FIELD_MAP.csv and MODULE_DEPENDENCY_MATRIX.csv,Implemented Differently,Overlapping UI paths and browser/API persistence produce an unclear authoritative subscription lifecycle.,Confirmed,"Which implementation is authoritative for Amount, and how should WD resolve this mismatch: Overlapping UI paths and browser/API persistence produce an unclear authoritative subscription lifecycle.","PM/WD to choose the authoritative behavior and persistence path, document the decision, and add regression coverage."
PRD-M13-007,Renewal date,MODULE 13: SUBSCRIPTIONS & AUTO-DEBITS > MODULE 13: SUBSCRIPTIONS & AUTO-DEBITS,"The application should create, display, update, and clear renewal date consistently when the source record changes.","LeakageModulePage reads /api/subscriptions; three subscription UI routes exist, and the configured add form writes ExpenseStore instead of the API. Supporting team evidence: PM_MODULE_INVENTORY reports live CRUD but no reminders; DA10-004A/B and DA10-010C record mixed save/reminder/cancellation behavior. Evidence authority remains source/database unless a live observation is explicitly stated.",/leakage; /leakage/subscriptions; /subscriptions; /vyaya/subscriptions; /api/subscriptions,src/app/(dashboard)/leakage/page.tsx; src/app/(dashboard)/leakage/subscriptions/page.tsx; src/lib/services/subscriptionService.ts; src/lib/services/subscriptionAnalyticsService.ts; src/lib/stores/expenseStore.ts; audit-output/01-repository-and-architecture/MODULE_TO_FILE_MAP.csv; audit-input/02-existing-team-outputs/2026-07-19_MODULE_CRUD_TRACE.csv,subscriptions; subscription_analytics; configured add form uses browser ExpenseStore; see audit-output/02-database-and-dependencies/FRONTEND_DATABASE_FIELD_MAP.csv and MODULE_DEPENDENCY_MATRIX.csv,Implemented Differently,Overlapping UI paths and browser/API persistence produce an unclear authoritative subscription lifecycle.,Confirmed,"Which implementation is authoritative for Renewal date, and how should WD resolve this mismatch: Overlapping UI paths and browser/API persistence produce an unclear authoritative subscription lifecycle.","PM/WD to choose the authoritative behavior and persistence path, document the decision, and add regression coverage."
PRD-M13-008,Cancel reminders,MODULE 13: SUBSCRIPTIONS & AUTO-DEBITS > MODULE 13: SUBSCRIPTIONS & AUTO-DEBITS,"The application should create, display, update, and clear cancel reminders consistently when the source record changes.","LeakageModulePage reads /api/subscriptions; three subscription UI routes exist, and the configured add form writes ExpenseStore instead of the API. Supporting team evidence: PM_MODULE_INVENTORY reports live CRUD but no reminders; DA10-004A/B and DA10-010C record mixed save/reminder/cancellation behavior. Evidence authority remains source/database unless a live observation is explicitly stated.",/leakage; /leakage/subscriptions; /subscriptions; /vyaya/subscriptions; /api/subscriptions,src/app/(dashboard)/leakage/page.tsx; src/app/(dashboard)/leakage/subscriptions/page.tsx; src/lib/services/subscriptionService.ts; src/lib/services/subscriptionAnalyticsService.ts; src/lib/stores/expenseStore.ts; audit-output/01-repository-and-architecture/MODULE_TO_FILE_MAP.csv; audit-input/02-existing-team-outputs/2026-07-19_MODULE_CRUD_TRACE.csv,subscriptions; subscription_analytics; configured add form uses browser ExpenseStore; see audit-output/02-database-and-dependencies/FRONTEND_DATABASE_FIELD_MAP.csv and MODULE_DEPENDENCY_MATRIX.csv,Partially Implemented,"subscriptions.cancelReminder and server reminder logic exist, but configured add UI uses ExpenseStore and DA reports mixed save/reminder/cancellation behavior.",Confirmed,"Which implementation is authoritative for Cancel reminders, and how should WD resolve this mismatch: subscriptions.cancelReminder and server reminder logic exist, but configured add UI uses ExpenseStore and DA reports mixed save/reminder/cancellation behavior.",WD to close the cited gap for Cancel reminders; PM/DA to verify the completed workflow end to end.
PRD-M14-001,Education,MODULE 14: GOALS & LIFE PLANNING > MODULE 14: GOALS & LIFE PLANNING,"The application should offer Education as a supported option and preserve that type through create, view, edit, and delete workflows.","LakshyaPage is a placeholder. A goals table and notificationService reads exist, but no goals CRUD route or connected UI is present. Supporting team evidence: Not listed as completed in PM_MODULE_INVENTORY; architecture inventory marks Lakshya placeholder-only. Evidence authority remains source/database unless a live observation is explicitly stated.",/lakshya (placeholder); no /api/goals route found,src/app/(dashboard)/lakshya/page.tsx; src/lib/services/notificationService.ts; prisma/schema.prisma; audit-output/01-repository-and-architecture/MODULE_TO_FILE_MAP.csv; audit-input/02-existing-team-outputs/2026-07-19_MODULE_CRUD_TRACE.csv,goals table/model exists; no module CRUD usage found; see audit-output/02-database-and-dependencies/FRONTEND_DATABASE_FIELD_MAP.csv and MODULE_DEPENDENCY_MATRIX.csv,Not Implemented,"A data model and reminder reader do not implement goal creation, progress, or strategy screens.",Confirmed,"Is Education still required for the current release boundary, and if so which WD owner and target milestone apply?","PM to confirm scope; if retained, WD should design and estimate Education before implementation."
PRD-M14-002,Marriage,MODULE 14: GOALS & LIFE PLANNING > MODULE 14: GOALS & LIFE PLANNING,"The application should offer Marriage as a supported option and preserve that type through create, view, edit, and delete workflows.","LakshyaPage is a placeholder. A goals table and notificationService reads exist, but no goals CRUD route or connected UI is present. Supporting team evidence: Not listed as completed in PM_MODULE_INVENTORY; architecture inventory marks Lakshya placeholder-only. Evidence authority remains source/database unless a live observation is explicitly stated.",/lakshya (placeholder); no /api/goals route found,src/app/(dashboard)/lakshya/page.tsx; src/lib/services/notificationService.ts; prisma/schema.prisma; audit-output/01-repository-and-architecture/MODULE_TO_FILE_MAP.csv; audit-input/02-existing-team-outputs/2026-07-19_MODULE_CRUD_TRACE.csv,goals table/model exists; no module CRUD usage found; see audit-output/02-database-and-dependencies/FRONTEND_DATABASE_FIELD_MAP.csv and MODULE_DEPENDENCY_MATRIX.csv,Not Implemented,"A data model and reminder reader do not implement goal creation, progress, or strategy screens.",Confirmed,"Is Marriage still required for the current release boundary, and if so which WD owner and target milestone apply?","PM to confirm scope; if retained, WD should design and estimate Marriage before implementation."
PRD-M14-003,Home,MODULE 14: GOALS & LIFE PLANNING > MODULE 14: GOALS & LIFE PLANNING,"The application should offer Home as a supported option and preserve that type through create, view, edit, and delete workflows.","LakshyaPage is a placeholder. A goals table and notificationService reads exist, but no goals CRUD route or connected UI is present. Supporting team evidence: Not listed as completed in PM_MODULE_INVENTORY; architecture inventory marks Lakshya placeholder-only. Evidence authority remains source/database unless a live observation is explicitly stated.",/lakshya (placeholder); no /api/goals route found,src/app/(dashboard)/lakshya/page.tsx; src/lib/services/notificationService.ts; prisma/schema.prisma; audit-output/01-repository-and-architecture/MODULE_TO_FILE_MAP.csv; audit-input/02-existing-team-outputs/2026-07-19_MODULE_CRUD_TRACE.csv,goals table/model exists; no module CRUD usage found; see audit-output/02-database-and-dependencies/FRONTEND_DATABASE_FIELD_MAP.csv and MODULE_DEPENDENCY_MATRIX.csv,Not Implemented,"A data model and reminder reader do not implement goal creation, progress, or strategy screens.",Confirmed,"Is Home still required for the current release boundary, and if so which WD owner and target milestone apply?","PM to confirm scope; if retained, WD should design and estimate Home before implementation."
PRD-M14-004,Retirement,MODULE 14: GOALS & LIFE PLANNING > MODULE 14: GOALS & LIFE PLANNING,"The application should offer Retirement as a supported option and preserve that type through create, view, edit, and delete workflows.","LakshyaPage is a placeholder. A goals table and notificationService reads exist, but no goals CRUD route or connected UI is present. Supporting team evidence: Not listed as completed in PM_MODULE_INVENTORY; architecture inventory marks Lakshya placeholder-only. Evidence authority remains source/database unless a live observation is explicitly stated.",/lakshya (placeholder); no /api/goals route found,src/app/(dashboard)/lakshya/page.tsx; src/lib/services/notificationService.ts; prisma/schema.prisma; audit-output/01-repository-and-architecture/MODULE_TO_FILE_MAP.csv; audit-input/02-existing-team-outputs/2026-07-19_MODULE_CRUD_TRACE.csv,goals table/model exists; no module CRUD usage found; see audit-output/02-database-and-dependencies/FRONTEND_DATABASE_FIELD_MAP.csv and MODULE_DEPENDENCY_MATRIX.csv,Not Implemented,"A data model and reminder reader do not implement goal creation, progress, or strategy screens.",Confirmed,"Is Retirement still required for the current release boundary, and if so which WD owner and target milestone apply?","PM to confirm scope; if retained, WD should design and estimate Retirement before implementation."
PRD-M14-005,Travel,MODULE 14: GOALS & LIFE PLANNING > MODULE 14: GOALS & LIFE PLANNING,"The application should offer Travel as a supported option and preserve that type through create, view, edit, and delete workflows.","LakshyaPage is a placeholder. A goals table and notificationService reads exist, but no goals CRUD route or connected UI is present. Supporting team evidence: Not listed as completed in PM_MODULE_INVENTORY; architecture inventory marks Lakshya placeholder-only. Evidence authority remains source/database unless a live observation is explicitly stated.",/lakshya (placeholder); no /api/goals route found,src/app/(dashboard)/lakshya/page.tsx; src/lib/services/notificationService.ts; prisma/schema.prisma; audit-output/01-repository-and-architecture/MODULE_TO_FILE_MAP.csv; audit-input/02-existing-team-outputs/2026-07-19_MODULE_CRUD_TRACE.csv,goals table/model exists; no module CRUD usage found; see audit-output/02-database-and-dependencies/FRONTEND_DATABASE_FIELD_MAP.csv and MODULE_DEPENDENCY_MATRIX.csv,Not Implemented,"A data model and reminder reader do not implement goal creation, progress, or strategy screens.",Confirmed,"Is Travel still required for the current release boundary, and if so which WD owner and target milestone apply?","PM to confirm scope; if retained, WD should design and estimate Travel before implementation."
PRD-M14-006,Target amount,MODULE 14: GOALS & LIFE PLANNING > MODULE 14: GOALS & LIFE PLANNING,"The application should capture or support target amount, validate it, persist it to the authoritative store, and display it after save.","LakshyaPage is a placeholder. A goals table and notificationService reads exist, but no goals CRUD route or connected UI is present. Supporting team evidence: Not listed as completed in PM_MODULE_INVENTORY; architecture inventory marks Lakshya placeholder-only. Evidence authority remains source/database unless a live observation is explicitly stated.",/lakshya (placeholder); no /api/goals route found,src/app/(dashboard)/lakshya/page.tsx; src/lib/services/notificationService.ts; prisma/schema.prisma; audit-output/01-repository-and-architecture/MODULE_TO_FILE_MAP.csv; audit-input/02-existing-team-outputs/2026-07-19_MODULE_CRUD_TRACE.csv,goals table/model exists; no module CRUD usage found; see audit-output/02-database-and-dependencies/FRONTEND_DATABASE_FIELD_MAP.csv and MODULE_DEPENDENCY_MATRIX.csv,Not Implemented,"A data model and reminder reader do not implement goal creation, progress, or strategy screens.",Confirmed,"Is Target amount still required for the current release boundary, and if so which WD owner and target milestone apply?","PM to confirm scope; if retained, WD should design and estimate Target amount before implementation."
PRD-M14-007,Timeline,MODULE 14: GOALS & LIFE PLANNING > MODULE 14: GOALS & LIFE PLANNING,"The application should capture or support timeline, validate it, persist it to the authoritative store, and display it after save.","LakshyaPage is a placeholder. A goals table and notificationService reads exist, but no goals CRUD route or connected UI is present. Supporting team evidence: Not listed as completed in PM_MODULE_INVENTORY; architecture inventory marks Lakshya placeholder-only. Evidence authority remains source/database unless a live observation is explicitly stated.",/lakshya (placeholder); no /api/goals route found,src/app/(dashboard)/lakshya/page.tsx; src/lib/services/notificationService.ts; prisma/schema.prisma; audit-output/01-repository-and-architecture/MODULE_TO_FILE_MAP.csv; audit-input/02-existing-team-outputs/2026-07-19_MODULE_CRUD_TRACE.csv,goals table/model exists; no module CRUD usage found; see audit-output/02-database-and-dependencies/FRONTEND_DATABASE_FIELD_MAP.csv and MODULE_DEPENDENCY_MATRIX.csv,Not Implemented,"A data model and reminder reader do not implement goal creation, progress, or strategy screens.",Confirmed,"Is Timeline still required for the current release boundary, and if so which WD owner and target milestone apply?","PM to confirm scope; if retained, WD should design and estimate Timeline before implementation."
PRD-M14-008,Progress tracking,MODULE 14: GOALS & LIFE PLANNING > MODULE 14: GOALS & LIFE PLANNING,The application should calculate or present progress tracking from authoritative saved records with a defined refresh and ownership rule.,"LakshyaPage is a placeholder. A goals table and notificationService reads exist, but no goals CRUD route or connected UI is present. Supporting team evidence: Not listed as completed in PM_MODULE_INVENTORY; architecture inventory marks Lakshya placeholder-only. Evidence authority remains source/database unless a live observation is explicitly stated.",/lakshya (placeholder); no /api/goals route found,src/app/(dashboard)/lakshya/page.tsx; src/lib/services/notificationService.ts; prisma/schema.prisma; audit-output/01-repository-and-architecture/MODULE_TO_FILE_MAP.csv; audit-input/02-existing-team-outputs/2026-07-19_MODULE_CRUD_TRACE.csv,goals table/model exists; no module CRUD usage found; see audit-output/02-database-and-dependencies/FRONTEND_DATABASE_FIELD_MAP.csv and MODULE_DEPENDENCY_MATRIX.csv,Not Implemented,"A data model and reminder reader do not implement goal creation, progress, or strategy screens.",Confirmed,"Is Progress tracking still required for the current release boundary, and if so which WD owner and target milestone apply?","PM to confirm scope; if retained, WD should design and estimate Progress tracking before implementation."
PRD-M15-001,Vehicles,MODULE 15: ASSET INVENTORY (NON-FINANCIAL) > MODULE 15: ASSET INVENTORY (NON-FINANCIAL),"The application should offer Vehicles as a supported option and preserve that type through create, view, edit, and delete workflows.",SampattiPage provides functional browser-persisted asset entry through useSampattiStore; no Sampatti API connects it to AssetInventory. Supporting team evidence: Not listed as completed in PM_MODULE_INVENTORY; WD module map confirms local-only persistence and disabled module config. Evidence authority remains source/database unless a live observation is explicitly stated.,/sampatti; no Sampatti API route found,src/app/(dashboard)/sampatti/page.tsx; src/lib/stores/sampattiStore.ts; src/app/api/succession/assets/route.ts; audit-output/01-repository-and-architecture/MODULE_TO_FILE_MAP.csv; audit-input/02-existing-team-outputs/2026-07-19_MODULE_CRUD_TRACE.csv,"asset_inventory exists, but Sampatti UI is local-only; see audit-output/02-database-and-dependencies/FRONTEND_DATABASE_FIELD_MAP.csv and MODULE_DEPENDENCY_MATRIX.csv",Partially Implemented,"The local Sampatti UI can name assets, but its category model is Liquid/Invested/Fixed rather than the PRD asset types.",Confirmed,"Which implementation is authoritative for Vehicles, and how should WD resolve this mismatch: The local Sampatti UI can name assets, but its category model is Liquid/Invested/Fixed rather than the PRD asset types.",WD to close the cited gap for Vehicles; PM/DA to verify the completed workflow end to end.
PRD-M15-002,Jewellery,MODULE 15: ASSET INVENTORY (NON-FINANCIAL) > MODULE 15: ASSET INVENTORY (NON-FINANCIAL),"The application should offer Jewellery as a supported option and preserve that type through create, view, edit, and delete workflows.",SampattiPage provides functional browser-persisted asset entry through useSampattiStore; no Sampatti API connects it to AssetInventory. Supporting team evidence: Not listed as completed in PM_MODULE_INVENTORY; WD module map confirms local-only persistence and disabled module config. Evidence authority remains source/database unless a live observation is explicitly stated.,/sampatti; no Sampatti API route found,src/app/(dashboard)/sampatti/page.tsx; src/lib/stores/sampattiStore.ts; src/app/api/succession/assets/route.ts; audit-output/01-repository-and-architecture/MODULE_TO_FILE_MAP.csv; audit-input/02-existing-team-outputs/2026-07-19_MODULE_CRUD_TRACE.csv,"asset_inventory exists, but Sampatti UI is local-only; see audit-output/02-database-and-dependencies/FRONTEND_DATABASE_FIELD_MAP.csv and MODULE_DEPENDENCY_MATRIX.csv",Partially Implemented,"The local Sampatti UI can name assets, but its category model is Liquid/Invested/Fixed rather than the PRD asset types.",Confirmed,"Which implementation is authoritative for Jewellery, and how should WD resolve this mismatch: The local Sampatti UI can name assets, but its category model is Liquid/Invested/Fixed rather than the PRD asset types.",WD to close the cited gap for Jewellery; PM/DA to verify the completed workflow end to end.
PRD-M15-003,Electronics,MODULE 15: ASSET INVENTORY (NON-FINANCIAL) > MODULE 15: ASSET INVENTORY (NON-FINANCIAL),"The application should offer Electronics as a supported option and preserve that type through create, view, edit, and delete workflows.",SampattiPage provides functional browser-persisted asset entry through useSampattiStore; no Sampatti API connects it to AssetInventory. Supporting team evidence: Not listed as completed in PM_MODULE_INVENTORY; WD module map confirms local-only persistence and disabled module config. Evidence authority remains source/database unless a live observation is explicitly stated.,/sampatti; no Sampatti API route found,src/app/(dashboard)/sampatti/page.tsx; src/lib/stores/sampattiStore.ts; src/app/api/succession/assets/route.ts; audit-output/01-repository-and-architecture/MODULE_TO_FILE_MAP.csv; audit-input/02-existing-team-outputs/2026-07-19_MODULE_CRUD_TRACE.csv,"asset_inventory exists, but Sampatti UI is local-only; see audit-output/02-database-and-dependencies/FRONTEND_DATABASE_FIELD_MAP.csv and MODULE_DEPENDENCY_MATRIX.csv",Partially Implemented,"The local Sampatti UI can name assets, but its category model is Liquid/Invested/Fixed rather than the PRD asset types.",Confirmed,"Which implementation is authoritative for Electronics, and how should WD resolve this mismatch: The local Sampatti UI can name assets, but its category model is Liquid/Invested/Fixed rather than the PRD asset types.",WD to close the cited gap for Electronics; PM/DA to verify the completed workflow end to end.
PRD-M15-004,Art,MODULE 15: ASSET INVENTORY (NON-FINANCIAL) > MODULE 15: ASSET INVENTORY (NON-FINANCIAL),"The application should offer Art as a supported option and preserve that type through create, view, edit, and delete workflows.",SampattiPage provides functional browser-persisted asset entry through useSampattiStore; no Sampatti API connects it to AssetInventory. Supporting team evidence: Not listed as completed in PM_MODULE_INVENTORY; WD module map confirms local-only persistence and disabled module config. Evidence authority remains source/database unless a live observation is explicitly stated.,/sampatti; no Sampatti API route found,src/app/(dashboard)/sampatti/page.tsx; src/lib/stores/sampattiStore.ts; src/app/api/succession/assets/route.ts; audit-output/01-repository-and-architecture/MODULE_TO_FILE_MAP.csv; audit-input/02-existing-team-outputs/2026-07-19_MODULE_CRUD_TRACE.csv,"asset_inventory exists, but Sampatti UI is local-only; see audit-output/02-database-and-dependencies/FRONTEND_DATABASE_FIELD_MAP.csv and MODULE_DEPENDENCY_MATRIX.csv",Partially Implemented,"The local Sampatti UI can name assets, but its category model is Liquid/Invested/Fixed rather than the PRD asset types.",Confirmed,"Which implementation is authoritative for Art, and how should WD resolve this mismatch: The local Sampatti UI can name assets, but its category model is Liquid/Invested/Fixed rather than the PRD asset types.",WD to close the cited gap for Art; PM/DA to verify the completed workflow end to end.
PRD-M15-005,Purchase value,MODULE 15: ASSET INVENTORY (NON-FINANCIAL) > MODULE 15: ASSET INVENTORY (NON-FINANCIAL),"The application should capture or support purchase value, validate it, persist it to the authoritative store, and display it after save.",SampattiPage provides functional browser-persisted asset entry through useSampattiStore; no Sampatti API connects it to AssetInventory. Supporting team evidence: Not listed as completed in PM_MODULE_INVENTORY; WD module map confirms local-only persistence and disabled module config. Evidence authority remains source/database unless a live observation is explicitly stated.,/sampatti; no Sampatti API route found,src/app/(dashboard)/sampatti/page.tsx; src/lib/stores/sampattiStore.ts; src/app/api/succession/assets/route.ts; audit-output/01-repository-and-architecture/MODULE_TO_FILE_MAP.csv; audit-input/02-existing-team-outputs/2026-07-19_MODULE_CRUD_TRACE.csv,"asset_inventory exists, but Sampatti UI is local-only; see audit-output/02-database-and-dependencies/FRONTEND_DATABASE_FIELD_MAP.csv and MODULE_DEPENDENCY_MATRIX.csv",Implemented Differently,The visible asset inventory is local browser state and uses broad categories rather than the PRD type model.,Confirmed,"Which implementation is authoritative for Purchase value, and how should WD resolve this mismatch: The visible asset inventory is local browser state and uses broad categories rather than the PRD type model.","PM/WD to choose the authoritative behavior and persistence path, document the decision, and add regression coverage."
PRD-M15-006,Current value,MODULE 15: ASSET INVENTORY (NON-FINANCIAL) > MODULE 15: ASSET INVENTORY (NON-FINANCIAL),"The application should capture or support current value, validate it, persist it to the authoritative store, and display it after save.",SampattiPage provides functional browser-persisted asset entry through useSampattiStore; no Sampatti API connects it to AssetInventory. Supporting team evidence: Not listed as completed in PM_MODULE_INVENTORY; WD module map confirms local-only persistence and disabled module config. Evidence authority remains source/database unless a live observation is explicitly stated.,/sampatti; no Sampatti API route found,src/app/(dashboard)/sampatti/page.tsx; src/lib/stores/sampattiStore.ts; src/app/api/succession/assets/route.ts; audit-output/01-repository-and-architecture/MODULE_TO_FILE_MAP.csv; audit-input/02-existing-team-outputs/2026-07-19_MODULE_CRUD_TRACE.csv,"asset_inventory exists, but Sampatti UI is local-only; see audit-output/02-database-and-dependencies/FRONTEND_DATABASE_FIELD_MAP.csv and MODULE_DEPENDENCY_MATRIX.csv",Implemented Differently,The visible asset inventory is local browser state and uses broad categories rather than the PRD type model.,Confirmed,"Which implementation is authoritative for Current value, and how should WD resolve this mismatch: The visible asset inventory is local browser state and uses broad categories rather than the PRD type model.","PM/WD to choose the authoritative behavior and persistence path, document the decision, and add regression coverage."
PRD-M15-007,Insurance link,MODULE 15: ASSET INVENTORY (NON-FINANCIAL) > MODULE 15: ASSET INVENTORY (NON-FINANCIAL),"The application should capture or support insurance link, validate it, persist it to the authoritative store, and display it after save.",SampattiPage provides functional browser-persisted asset entry through useSampattiStore; no Sampatti API connects it to AssetInventory. Supporting team evidence: Not listed as completed in PM_MODULE_INVENTORY; WD module map confirms local-only persistence and disabled module config. Evidence authority remains source/database unless a live observation is explicitly stated.,/sampatti; no Sampatti API route found,src/app/(dashboard)/sampatti/page.tsx; src/lib/stores/sampattiStore.ts; src/app/api/succession/assets/route.ts; audit-output/01-repository-and-architecture/MODULE_TO_FILE_MAP.csv; audit-input/02-existing-team-outputs/2026-07-19_MODULE_CRUD_TRACE.csv,"asset_inventory exists, but Sampatti UI is local-only; see audit-output/02-database-and-dependencies/FRONTEND_DATABASE_FIELD_MAP.csv and MODULE_DEPENDENCY_MATRIX.csv",Not Implemented,asset_inventory.linkedPolicyId exists without a Sampatti UI/API mapping or exported foreign key.,Confirmed,"Is Insurance link still required for the current release boundary, and if so which WD owner and target milestone apply?","PM to confirm scope; if retained, WD should design and estimate Insurance link before implementation."
PRD-M16-001,ID proofs,MODULE 16: DOCUMENT VAULT > MODULE 16: DOCUMENT VAULT,"The vault should accept, classify, retrieve, and delete id proofs under the documented privacy and ownership rules.",Granthagaar and Nidhi Vault pages plus FileUploader support local IndexedDB/OPFS and optional cloud paths through parallel vault implementations. Supporting team evidence: PM_MODULE_INVENTORY lists Niddhi Vault live; DA10-008 and DA10-010B report deletion/unlinking behavior across modules. Evidence authority remains source/database unless a live observation is explicitly stated.,/granthagaar; /vault; /api/documents; /api/google-drive/upload,src/app/(dashboard)/granthagaar/page.tsx; src/app/(dashboard)/vault/page.tsx; src/components/vault/FileUploader.tsx; src/lib/vault.ts; src/lib/services/documentService.ts; src/app/api/documents/route.ts; audit-output/01-repository-and-architecture/MODULE_TO_FILE_MAP.csv; audit-input/02-existing-team-outputs/2026-07-19_MODULE_CRUD_TRACE.csv,document_meta plus module-specific soft document IDs; local files may not have database rows; see audit-output/02-database-and-dependencies/FRONTEND_DATABASE_FIELD_MAP.csv and MODULE_DEPENDENCY_MATRIX.csv,Implemented Differently,Two vault implementations and local/cloud/database paths do not share one enforced document lifecycle.,Confirmed,"Which implementation is authoritative for ID proofs, and how should WD resolve this mismatch: Two vault implementations and local/cloud/database paths do not share one enforced document lifecycle.","PM/WD to choose the authoritative behavior and persistence path, document the decision, and add regression coverage."
PRD-M16-002,Property papers,MODULE 16: DOCUMENT VAULT > MODULE 16: DOCUMENT VAULT,"The vault should accept, classify, retrieve, and delete property papers under the documented privacy and ownership rules.",Granthagaar and Nidhi Vault pages plus FileUploader support local IndexedDB/OPFS and optional cloud paths through parallel vault implementations. Supporting team evidence: PM_MODULE_INVENTORY lists Niddhi Vault live; DA10-008 and DA10-010B report deletion/unlinking behavior across modules. Evidence authority remains source/database unless a live observation is explicitly stated.,/granthagaar; /vault; /api/documents; /api/google-drive/upload,src/app/(dashboard)/granthagaar/page.tsx; src/app/(dashboard)/vault/page.tsx; src/components/vault/FileUploader.tsx; src/lib/vault.ts; src/lib/services/documentService.ts; src/app/api/documents/route.ts; audit-output/01-repository-and-architecture/MODULE_TO_FILE_MAP.csv; audit-input/02-existing-team-outputs/2026-07-19_MODULE_CRUD_TRACE.csv,document_meta plus module-specific soft document IDs; local files may not have database rows; see audit-output/02-database-and-dependencies/FRONTEND_DATABASE_FIELD_MAP.csv and MODULE_DEPENDENCY_MATRIX.csv,Implemented Differently,Two vault implementations and local/cloud/database paths do not share one enforced document lifecycle.,Confirmed,"Which implementation is authoritative for Property papers, and how should WD resolve this mismatch: Two vault implementations and local/cloud/database paths do not share one enforced document lifecycle.","PM/WD to choose the authoritative behavior and persistence path, document the decision, and add regression coverage."
PRD-M16-003,Insurance policies,MODULE 16: DOCUMENT VAULT > MODULE 16: DOCUMENT VAULT,"The vault should accept, classify, retrieve, and delete insurance policies under the documented privacy and ownership rules.",Granthagaar and Nidhi Vault pages plus FileUploader support local IndexedDB/OPFS and optional cloud paths through parallel vault implementations. Supporting team evidence: PM_MODULE_INVENTORY lists Niddhi Vault live; DA10-008 and DA10-010B report deletion/unlinking behavior across modules. Evidence authority remains source/database unless a live observation is explicitly stated.,/granthagaar; /vault; /api/documents; /api/google-drive/upload,src/app/(dashboard)/granthagaar/page.tsx; src/app/(dashboard)/vault/page.tsx; src/components/vault/FileUploader.tsx; src/lib/vault.ts; src/lib/services/documentService.ts; src/app/api/documents/route.ts; audit-output/01-repository-and-architecture/MODULE_TO_FILE_MAP.csv; audit-input/02-existing-team-outputs/2026-07-19_MODULE_CRUD_TRACE.csv,document_meta plus module-specific soft document IDs; local files may not have database rows; see audit-output/02-database-and-dependencies/FRONTEND_DATABASE_FIELD_MAP.csv and MODULE_DEPENDENCY_MATRIX.csv,Implemented Differently,Two vault implementations and local/cloud/database paths do not share one enforced document lifecycle.,Confirmed,"Which implementation is authoritative for Insurance policies, and how should WD resolve this mismatch: Two vault implementations and local/cloud/database paths do not share one enforced document lifecycle.","PM/WD to choose the authoritative behavior and persistence path, document the decision, and add regression coverage."
PRD-M16-004,Loan agreements,MODULE 16: DOCUMENT VAULT > MODULE 16: DOCUMENT VAULT,"The vault should accept, classify, retrieve, and delete loan agreements under the documented privacy and ownership rules.",Granthagaar and Nidhi Vault pages plus FileUploader support local IndexedDB/OPFS and optional cloud paths through parallel vault implementations. Supporting team evidence: PM_MODULE_INVENTORY lists Niddhi Vault live; DA10-008 and DA10-010B report deletion/unlinking behavior across modules. Evidence authority remains source/database unless a live observation is explicitly stated.,/granthagaar; /vault; /api/documents; /api/google-drive/upload,src/app/(dashboard)/granthagaar/page.tsx; src/app/(dashboard)/vault/page.tsx; src/components/vault/FileUploader.tsx; src/lib/vault.ts; src/lib/services/documentService.ts; src/app/api/documents/route.ts; audit-output/01-repository-and-architecture/MODULE_TO_FILE_MAP.csv; audit-input/02-existing-team-outputs/2026-07-19_MODULE_CRUD_TRACE.csv,document_meta plus module-specific soft document IDs; local files may not have database rows; see audit-output/02-database-and-dependencies/FRONTEND_DATABASE_FIELD_MAP.csv and MODULE_DEPENDENCY_MATRIX.csv,Implemented Differently,Two vault implementations and local/cloud/database paths do not share one enforced document lifecycle.,Confirmed,"Which implementation is authoritative for Loan agreements, and how should WD resolve this mismatch: Two vault implementations and local/cloud/database paths do not share one enforced document lifecycle.","PM/WD to choose the authoritative behavior and persistence path, document the decision, and add regression coverage."
PRD-M16-005,Education certificates,MODULE 16: DOCUMENT VAULT > MODULE 16: DOCUMENT VAULT,"The vault should accept, classify, retrieve, and delete education certificates under the documented privacy and ownership rules.",Granthagaar and Nidhi Vault pages plus FileUploader support local IndexedDB/OPFS and optional cloud paths through parallel vault implementations. Supporting team evidence: PM_MODULE_INVENTORY lists Niddhi Vault live; DA10-008 and DA10-010B report deletion/unlinking behavior across modules. Evidence authority remains source/database unless a live observation is explicitly stated.,/granthagaar; /vault; /api/documents; /api/google-drive/upload,src/app/(dashboard)/granthagaar/page.tsx; src/app/(dashboard)/vault/page.tsx; src/components/vault/FileUploader.tsx; src/lib/vault.ts; src/lib/services/documentService.ts; src/app/api/documents/route.ts; audit-output/01-repository-and-architecture/MODULE_TO_FILE_MAP.csv; audit-input/02-existing-team-outputs/2026-07-19_MODULE_CRUD_TRACE.csv,document_meta plus module-specific soft document IDs; local files may not have database rows; see audit-output/02-database-and-dependencies/FRONTEND_DATABASE_FIELD_MAP.csv and MODULE_DEPENDENCY_MATRIX.csv,Implemented Differently,Two vault implementations and local/cloud/database paths do not share one enforced document lifecycle.,Confirmed,"Which implementation is authoritative for Education certificates, and how should WD resolve this mismatch: Two vault implementations and local/cloud/database paths do not share one enforced document lifecycle.","PM/WD to choose the authoritative behavior and persistence path, document the decision, and add regression coverage."
PRD-M17-001,Individual Dashboard,MODULE 17: DASHBOARDS & REPORTS > MODULE 17: DASHBOARDS & REPORTS,The application should calculate or present individual dashboard from authoritative saved records with a defined refresh and ownership rule.,"Rajya and Suchak provide overlapping client-store dashboards; calculationEngine provides core metrics, but no complete reporting/export suite is present. Supporting team evidence: PM outputs note modules appear on dashboards; architecture inventory identifies duplicate Rajya/Suchak store families. Evidence authority remains source/database unless a live observation is explicitly stated.",/rajya; /suchak; module analytics pages,src/app/(dashboard)/rajya/page.tsx; src/app/(dashboard)/suchak/page.tsx; src/lib/engines/calculationEngine.ts; src/lib/hooks/useCalculations.ts; audit-output/01-repository-and-architecture/MODULE_TO_FILE_MAP.csv; audit-input/02-existing-team-outputs/2026-07-19_MODULE_CRUD_TRACE.csv,rajya_scores and periodic analytics tables exist but have no direct Prisma usage in supplied src; see audit-output/02-database-and-dependencies/FRONTEND_DATABASE_FIELD_MAP.csv and MODULE_DEPENDENCY_MATRIX.csv,Implemented Differently,Rajya and Suchak both provide individual dashboard surfaces through different browser-store families.,Confirmed,"Which implementation is authoritative for Individual Dashboard, and how should WD resolve this mismatch: Rajya and Suchak both provide individual dashboard surfaces through different browser-store families.","PM/WD to choose the authoritative behavior and persistence path, document the decision, and add regression coverage."
PRD-M17-002,Net worth,MODULE 17: DASHBOARDS & REPORTS > MODULE 17: DASHBOARDS & REPORTS,The application should calculate or present net worth from authoritative saved records with a defined refresh and ownership rule.,"Rajya and Suchak provide overlapping client-store dashboards; calculationEngine provides core metrics, but no complete reporting/export suite is present. Supporting team evidence: PM outputs note modules appear on dashboards; architecture inventory identifies duplicate Rajya/Suchak store families. Evidence authority remains source/database unless a live observation is explicitly stated.",/rajya; /suchak; module analytics pages,src/app/(dashboard)/rajya/page.tsx; src/app/(dashboard)/suchak/page.tsx; src/lib/engines/calculationEngine.ts; src/lib/hooks/useCalculations.ts; audit-output/01-repository-and-architecture/MODULE_TO_FILE_MAP.csv; audit-input/02-existing-team-outputs/2026-07-19_MODULE_CRUD_TRACE.csv,rajya_scores and periodic analytics tables exist but have no direct Prisma usage in supplied src; see audit-output/02-database-and-dependencies/FRONTEND_DATABASE_FIELD_MAP.csv and MODULE_DEPENDENCY_MATRIX.csv,Partially Implemented,"Calculation/service code exists, but dashboard values are assembled from mixed browser/API sources rather than one authoritative persisted snapshot.",Strong Evidence,"Which implementation is authoritative for Net worth, and how should WD resolve this mismatch: Calculation/service code exists, but dashboard values are assembled from mixed browser/API sources rather than one authoritative persisted snapshot.",WD to close the cited gap for Net worth; PM/DA to verify the completed workflow end to end.
PRD-M17-003,Monthly cash flow,MODULE 17: DASHBOARDS & REPORTS > MODULE 17: DASHBOARDS & REPORTS,The application should calculate or present monthly cash flow from authoritative saved records with a defined refresh and ownership rule.,"Rajya and Suchak provide overlapping client-store dashboards; calculationEngine provides core metrics, but no complete reporting/export suite is present. Supporting team evidence: PM outputs note modules appear on dashboards; architecture inventory identifies duplicate Rajya/Suchak store families. Evidence authority remains source/database unless a live observation is explicitly stated.",/rajya; /suchak; module analytics pages,src/app/(dashboard)/rajya/page.tsx; src/app/(dashboard)/suchak/page.tsx; src/lib/engines/calculationEngine.ts; src/lib/hooks/useCalculations.ts; audit-output/01-repository-and-architecture/MODULE_TO_FILE_MAP.csv; audit-input/02-existing-team-outputs/2026-07-19_MODULE_CRUD_TRACE.csv,rajya_scores and periodic analytics tables exist but have no direct Prisma usage in supplied src; see audit-output/02-database-and-dependencies/FRONTEND_DATABASE_FIELD_MAP.csv and MODULE_DEPENDENCY_MATRIX.csv,Partially Implemented,"Calculation/service code exists, but dashboard values are assembled from mixed browser/API sources rather than one authoritative persisted snapshot.",Strong Evidence,"Which implementation is authoritative for Monthly cash flow, and how should WD resolve this mismatch: Calculation/service code exists, but dashboard values are assembled from mixed browser/API sources rather than one authoritative persisted snapshot.",WD to close the cited gap for Monthly cash flow; PM/DA to verify the completed workflow end to end.
PRD-M17-004,Expense heat map,MODULE 17: DASHBOARDS & REPORTS > MODULE 17: DASHBOARDS & REPORTS,The application should calculate or present expense heat map from authoritative saved records with a defined refresh and ownership rule.,"Rajya and Suchak provide overlapping client-store dashboards; calculationEngine provides core metrics, but no complete reporting/export suite is present. Supporting team evidence: PM outputs note modules appear on dashboards; architecture inventory identifies duplicate Rajya/Suchak store families. Evidence authority remains source/database unless a live observation is explicitly stated.",/rajya; /suchak; module analytics pages,src/app/(dashboard)/rajya/page.tsx; src/app/(dashboard)/suchak/page.tsx; src/lib/engines/calculationEngine.ts; src/lib/hooks/useCalculations.ts; audit-output/01-repository-and-architecture/MODULE_TO_FILE_MAP.csv; audit-input/02-existing-team-outputs/2026-07-19_MODULE_CRUD_TRACE.csv,rajya_scores and periodic analytics tables exist but have no direct Prisma usage in supplied src; see audit-output/02-database-and-dependencies/FRONTEND_DATABASE_FIELD_MAP.csv and MODULE_DEPENDENCY_MATRIX.csv,Implemented Differently,"Expense analytics visualizations exist, but not as one clearly identified PRD heat-map component and the broader master prompt also says no charts.",Strong Evidence,"Which implementation is authoritative for Expense heat map, and how should WD resolve this mismatch: Expense analytics visualizations exist, but not as one clearly identified PRD heat-map component and the broader master prompt also says no charts.","PM/WD to choose the authoritative behavior and persistence path, document the decision, and add regression coverage."
PRD-M17-005,Family Dashboard,MODULE 17: DASHBOARDS & REPORTS > MODULE 17: DASHBOARDS & REPORTS,The application should calculate or present family dashboard from authoritative saved records with a defined refresh and ownership rule.,"Rajya and Suchak provide overlapping client-store dashboards; calculationEngine provides core metrics, but no complete reporting/export suite is present. Supporting team evidence: PM outputs note modules appear on dashboards; architecture inventory identifies duplicate Rajya/Suchak store families. Evidence authority remains source/database unless a live observation is explicitly stated.",/rajya; /suchak; module analytics pages,src/app/(dashboard)/rajya/page.tsx; src/app/(dashboard)/suchak/page.tsx; src/lib/engines/calculationEngine.ts; src/lib/hooks/useCalculations.ts; audit-output/01-repository-and-architecture/MODULE_TO_FILE_MAP.csv; audit-input/02-existing-team-outputs/2026-07-19_MODULE_CRUD_TRACE.csv,rajya_scores and periodic analytics tables exist but have no direct Prisma usage in supplied src; see audit-output/02-database-and-dependencies/FRONTEND_DATABASE_FIELD_MAP.csv and MODULE_DEPENDENCY_MATRIX.csv,Not Implemented,No dedicated family dashboard or authoritative combined/wealth-growth implementation was found.,Strong Evidence,"Is Family Dashboard still required for the current release boundary, and if so which WD owner and target milestone apply?","PM to confirm scope; if retained, WD should design and estimate Family Dashboard before implementation."
PRD-M17-006,Combined net worth,MODULE 17: DASHBOARDS & REPORTS > MODULE 17: DASHBOARDS & REPORTS,The application should calculate or present combined net worth from authoritative saved records with a defined refresh and ownership rule.,"Rajya and Suchak provide overlapping client-store dashboards; calculationEngine provides core metrics, but no complete reporting/export suite is present. Supporting team evidence: PM outputs note modules appear on dashboards; architecture inventory identifies duplicate Rajya/Suchak store families. Evidence authority remains source/database unless a live observation is explicitly stated.",/rajya; /suchak; module analytics pages,src/app/(dashboard)/rajya/page.tsx; src/app/(dashboard)/suchak/page.tsx; src/lib/engines/calculationEngine.ts; src/lib/hooks/useCalculations.ts; audit-output/01-repository-and-architecture/MODULE_TO_FILE_MAP.csv; audit-input/02-existing-team-outputs/2026-07-19_MODULE_CRUD_TRACE.csv,rajya_scores and periodic analytics tables exist but have no direct Prisma usage in supplied src; see audit-output/02-database-and-dependencies/FRONTEND_DATABASE_FIELD_MAP.csv and MODULE_DEPENDENCY_MATRIX.csv,Not Implemented,No dedicated family dashboard or authoritative combined/wealth-growth implementation was found.,Strong Evidence,"Is Combined net worth still required for the current release boundary, and if so which WD owner and target milestone apply?","PM to confirm scope; if retained, WD should design and estimate Combined net worth before implementation."
PRD-M17-007,Risk exposure,MODULE 17: DASHBOARDS & REPORTS > MODULE 17: DASHBOARDS & REPORTS,The application should calculate or present risk exposure from authoritative saved records with a defined refresh and ownership rule.,"Rajya and Suchak provide overlapping client-store dashboards; calculationEngine provides core metrics, but no complete reporting/export suite is present. Supporting team evidence: PM outputs note modules appear on dashboards; architecture inventory identifies duplicate Rajya/Suchak store families. Evidence authority remains source/database unless a live observation is explicitly stated.",/rajya; /suchak; module analytics pages,src/app/(dashboard)/rajya/page.tsx; src/app/(dashboard)/suchak/page.tsx; src/lib/engines/calculationEngine.ts; src/lib/hooks/useCalculations.ts; audit-output/01-repository-and-architecture/MODULE_TO_FILE_MAP.csv; audit-input/02-existing-team-outputs/2026-07-19_MODULE_CRUD_TRACE.csv,rajya_scores and periodic analytics tables exist but have no direct Prisma usage in supplied src; see audit-output/02-database-and-dependencies/FRONTEND_DATABASE_FIELD_MAP.csv and MODULE_DEPENDENCY_MATRIX.csv,Partially Implemented,"Module cards and calculationEngine expose selected risk indicators, but no complete family risk-exposure view is evidenced.",Strong Evidence,"Which implementation is authoritative for Risk exposure, and how should WD resolve this mismatch: Module cards and calculationEngine expose selected risk indicators, but no complete family risk-exposure view is evidenced.",WD to close the cited gap for Risk exposure; PM/DA to verify the completed workflow end to end.
PRD-M17-008,Wealth growth,MODULE 17: DASHBOARDS & REPORTS > MODULE 17: DASHBOARDS & REPORTS,The application should calculate or present wealth growth from authoritative saved records with a defined refresh and ownership rule.,"Rajya and Suchak provide overlapping client-store dashboards; calculationEngine provides core metrics, but no complete reporting/export suite is present. Supporting team evidence: PM outputs note modules appear on dashboards; architecture inventory identifies duplicate Rajya/Suchak store families. Evidence authority remains source/database unless a live observation is explicitly stated.",/rajya; /suchak; module analytics pages,src/app/(dashboard)/rajya/page.tsx; src/app/(dashboard)/suchak/page.tsx; src/lib/engines/calculationEngine.ts; src/lib/hooks/useCalculations.ts; audit-output/01-repository-and-architecture/MODULE_TO_FILE_MAP.csv; audit-input/02-existing-team-outputs/2026-07-19_MODULE_CRUD_TRACE.csv,rajya_scores and periodic analytics tables exist but have no direct Prisma usage in supplied src; see audit-output/02-database-and-dependencies/FRONTEND_DATABASE_FIELD_MAP.csv and MODULE_DEPENDENCY_MATRIX.csv,Not Implemented,No dedicated family dashboard or authoritative combined/wealth-growth implementation was found.,Strong Evidence,"Is Wealth growth still required for the current release boundary, and if so which WD owner and target milestone apply?","PM to confirm scope; if retained, WD should design and estimate Wealth growth before implementation."
PRD-M17-009,Reports,MODULE 17: DASHBOARDS & REPORTS > MODULE 17: DASHBOARDS & REPORTS,The application should calculate or present reports from authoritative saved records with a defined refresh and ownership rule.,"Rajya and Suchak provide overlapping client-store dashboards; calculationEngine provides core metrics, but no complete reporting/export suite is present. Supporting team evidence: PM outputs note modules appear on dashboards; architecture inventory identifies duplicate Rajya/Suchak store families. Evidence authority remains source/database unless a live observation is explicitly stated.",/rajya; /suchak; module analytics pages,src/app/(dashboard)/rajya/page.tsx; src/app/(dashboard)/suchak/page.tsx; src/lib/engines/calculationEngine.ts; src/lib/hooks/useCalculations.ts; audit-output/01-repository-and-architecture/MODULE_TO_FILE_MAP.csv; audit-input/02-existing-team-outputs/2026-07-19_MODULE_CRUD_TRACE.csv,rajya_scores and periodic analytics tables exist but have no direct Prisma usage in supplied src; see audit-output/02-database-and-dependencies/FRONTEND_DATABASE_FIELD_MAP.csv and MODULE_DEPENDENCY_MATRIX.csv,Not Implemented,No user-facing monthly/annual report generation workflow was found.,Strong Evidence,"Is Reports still required for the current release boundary, and if so which WD owner and target milestone apply?","PM to confirm scope; if retained, WD should design and estimate Reports before implementation."
PRD-M17-010,Monthly,MODULE 17: DASHBOARDS & REPORTS > MODULE 17: DASHBOARDS & REPORTS,The application should calculate or present monthly from authoritative saved records with a defined refresh and ownership rule.,"Rajya and Suchak provide overlapping client-store dashboards; calculationEngine provides core metrics, but no complete reporting/export suite is present. Supporting team evidence: PM outputs note modules appear on dashboards; architecture inventory identifies duplicate Rajya/Suchak store families. Evidence authority remains source/database unless a live observation is explicitly stated.",/rajya; /suchak; module analytics pages,src/app/(dashboard)/rajya/page.tsx; src/app/(dashboard)/suchak/page.tsx; src/lib/engines/calculationEngine.ts; src/lib/hooks/useCalculations.ts; audit-output/01-repository-and-architecture/MODULE_TO_FILE_MAP.csv; audit-input/02-existing-team-outputs/2026-07-19_MODULE_CRUD_TRACE.csv,rajya_scores and periodic analytics tables exist but have no direct Prisma usage in supplied src; see audit-output/02-database-and-dependencies/FRONTEND_DATABASE_FIELD_MAP.csv and MODULE_DEPENDENCY_MATRIX.csv,Not Implemented,No user-facing monthly/annual report generation workflow was found.,Strong Evidence,"Is Monthly still required for the current release boundary, and if so which WD owner and target milestone apply?","PM to confirm scope; if retained, WD should design and estimate Monthly before implementation."
PRD-M17-011,Annual,MODULE 17: DASHBOARDS & REPORTS > MODULE 17: DASHBOARDS & REPORTS,The application should calculate or present annual from authoritative saved records with a defined refresh and ownership rule.,"Rajya and Suchak provide overlapping client-store dashboards; calculationEngine provides core metrics, but no complete reporting/export suite is present. Supporting team evidence: PM outputs note modules appear on dashboards; architecture inventory identifies duplicate Rajya/Suchak store families. Evidence authority remains source/database unless a live observation is explicitly stated.",/rajya; /suchak; module analytics pages,src/app/(dashboard)/rajya/page.tsx; src/app/(dashboard)/suchak/page.tsx; src/lib/engines/calculationEngine.ts; src/lib/hooks/useCalculations.ts; audit-output/01-repository-and-architecture/MODULE_TO_FILE_MAP.csv; audit-input/02-existing-team-outputs/2026-07-19_MODULE_CRUD_TRACE.csv,rajya_scores and periodic analytics tables exist but have no direct Prisma usage in supplied src; see audit-output/02-database-and-dependencies/FRONTEND_DATABASE_FIELD_MAP.csv and MODULE_DEPENDENCY_MATRIX.csv,Not Implemented,No user-facing monthly/annual report generation workflow was found.,Strong Evidence,"Is Annual still required for the current release boundary, and if so which WD owner and target milestone apply?","PM to confirm scope; if retained, WD should design and estimate Annual before implementation."
PRD-M17-012,CA-ready exports,MODULE 17: DASHBOARDS & REPORTS > MODULE 17: DASHBOARDS & REPORTS,The application should calculate or present ca-ready exports from authoritative saved records with a defined refresh and ownership rule.,"Rajya and Suchak provide overlapping client-store dashboards; calculationEngine provides core metrics, but no complete reporting/export suite is present. Supporting team evidence: PM outputs note modules appear on dashboards; architecture inventory identifies duplicate Rajya/Suchak store families. Evidence authority remains source/database unless a live observation is explicitly stated.",/rajya; /suchak; module analytics pages,src/app/(dashboard)/rajya/page.tsx; src/app/(dashboard)/suchak/page.tsx; src/lib/engines/calculationEngine.ts; src/lib/hooks/useCalculations.ts; audit-output/01-repository-and-architecture/MODULE_TO_FILE_MAP.csv; audit-input/02-existing-team-outputs/2026-07-19_MODULE_CRUD_TRACE.csv,rajya_scores and periodic analytics tables exist but have no direct Prisma usage in supplied src; see audit-output/02-database-and-dependencies/FRONTEND_DATABASE_FIELD_MAP.csv and MODULE_DEPENDENCY_MATRIX.csv,Not Implemented,No CA-ready export route or output generator was found.,Confirmed,"Is CA-ready exports still required for the current release boundary, and if so which WD owner and target milestone apply?","PM to confirm scope; if retained, WD should design and estimate CA-ready exports before implementation."
PRD-M18-001,EMI dates,"MODULE 18: ALERTS, REMINDERS & CALENDAR > MODULE 18: ALERTS, REMINDERS & CALENDAR","The application should create, display, update, and clear emi dates consistently when the source record changes.","notificationService implements insurance, EMI, tax, and subscription timing; Doot/Notifications pages read browser NotificationStore while server APIs use Prisma. Supporting team evidence: PM modules often report no reminder creation despite server code; DA connection rows record mixed reminder behavior. Evidence authority remains source/database unless a live observation is explicitly stated.",/doot; /notifications; /api/notifications; /api/identity/reminders,src/app/(dashboard)/doot/page.tsx; src/app/(dashboard)/notifications/page.tsx; src/lib/services/notificationService.ts; src/lib/services/reminderService.ts; src/lib/engines/reminderEngine.ts; audit-output/01-repository-and-architecture/MODULE_TO_FILE_MAP.csv; audit-input/02-existing-team-outputs/2026-07-19_MODULE_CRUD_TRACE.csv,notifications; reminders; notification_templates; browser NotificationStore is separate; see audit-output/02-database-and-dependencies/FRONTEND_DATABASE_FIELD_MAP.csv and MODULE_DEPENDENCY_MATRIX.csv,Implemented Differently,"notificationService implements this trigger, but visible pages use a separate browser NotificationStore and PM/DA live evidence is mixed.",Confirmed,"Which implementation is authoritative for EMI dates, and how should WD resolve this mismatch: notificationService implements this trigger, but visible pages use a separate browser NotificationStore and PM/DA live evidence is mixed.","PM/WD to choose the authoritative behavior and persistence path, document the decision, and add regression coverage."
PRD-M18-002,Insurance renewals,"MODULE 18: ALERTS, REMINDERS & CALENDAR > MODULE 18: ALERTS, REMINDERS & CALENDAR","The application should create, display, update, and clear insurance renewals consistently when the source record changes.","notificationService implements insurance, EMI, tax, and subscription timing; Doot/Notifications pages read browser NotificationStore while server APIs use Prisma. Supporting team evidence: PM modules often report no reminder creation despite server code; DA connection rows record mixed reminder behavior. Evidence authority remains source/database unless a live observation is explicitly stated.",/doot; /notifications; /api/notifications; /api/identity/reminders,src/app/(dashboard)/doot/page.tsx; src/app/(dashboard)/notifications/page.tsx; src/lib/services/notificationService.ts; src/lib/services/reminderService.ts; src/lib/engines/reminderEngine.ts; audit-output/01-repository-and-architecture/MODULE_TO_FILE_MAP.csv; audit-input/02-existing-team-outputs/2026-07-19_MODULE_CRUD_TRACE.csv,notifications; reminders; notification_templates; browser NotificationStore is separate; see audit-output/02-database-and-dependencies/FRONTEND_DATABASE_FIELD_MAP.csv and MODULE_DEPENDENCY_MATRIX.csv,Implemented Differently,"notificationService implements this trigger, but visible pages use a separate browser NotificationStore and PM/DA live evidence is mixed.",Confirmed,"Which implementation is authoritative for Insurance renewals, and how should WD resolve this mismatch: notificationService implements this trigger, but visible pages use a separate browser NotificationStore and PM/DA live evidence is mixed.","PM/WD to choose the authoritative behavior and persistence path, document the decision, and add regression coverage."
PRD-M18-003,Tax filing,"MODULE 18: ALERTS, REMINDERS & CALENDAR > MODULE 18: ALERTS, REMINDERS & CALENDAR","The application should create, display, update, and clear tax filing consistently when the source record changes.","notificationService implements insurance, EMI, tax, and subscription timing; Doot/Notifications pages read browser NotificationStore while server APIs use Prisma. Supporting team evidence: PM modules often report no reminder creation despite server code; DA connection rows record mixed reminder behavior. Evidence authority remains source/database unless a live observation is explicitly stated.",/doot; /notifications; /api/notifications; /api/identity/reminders,src/app/(dashboard)/doot/page.tsx; src/app/(dashboard)/notifications/page.tsx; src/lib/services/notificationService.ts; src/lib/services/reminderService.ts; src/lib/engines/reminderEngine.ts; audit-output/01-repository-and-architecture/MODULE_TO_FILE_MAP.csv; audit-input/02-existing-team-outputs/2026-07-19_MODULE_CRUD_TRACE.csv,notifications; reminders; notification_templates; browser NotificationStore is separate; see audit-output/02-database-and-dependencies/FRONTEND_DATABASE_FIELD_MAP.csv and MODULE_DEPENDENCY_MATRIX.csv,Implemented Differently,"notificationService implements this trigger, but visible pages use a separate browser NotificationStore and PM/DA live evidence is mixed.",Confirmed,"Which implementation is authoritative for Tax filing, and how should WD resolve this mismatch: notificationService implements this trigger, but visible pages use a separate browser NotificationStore and PM/DA live evidence is mixed.","PM/WD to choose the authoritative behavior and persistence path, document the decision, and add regression coverage."
PRD-M18-004,Subscription renewals,"MODULE 18: ALERTS, REMINDERS & CALENDAR > MODULE 18: ALERTS, REMINDERS & CALENDAR","The application should create, display, update, and clear subscription renewals consistently when the source record changes.","notificationService implements insurance, EMI, tax, and subscription timing; Doot/Notifications pages read browser NotificationStore while server APIs use Prisma. Supporting team evidence: PM modules often report no reminder creation despite server code; DA connection rows record mixed reminder behavior. Evidence authority remains source/database unless a live observation is explicitly stated.",/doot; /notifications; /api/notifications; /api/identity/reminders,src/app/(dashboard)/doot/page.tsx; src/app/(dashboard)/notifications/page.tsx; src/lib/services/notificationService.ts; src/lib/services/reminderService.ts; src/lib/engines/reminderEngine.ts; audit-output/01-repository-and-architecture/MODULE_TO_FILE_MAP.csv; audit-input/02-existing-team-outputs/2026-07-19_MODULE_CRUD_TRACE.csv,notifications; reminders; notification_templates; browser NotificationStore is separate; see audit-output/02-database-and-dependencies/FRONTEND_DATABASE_FIELD_MAP.csv and MODULE_DEPENDENCY_MATRIX.csv,Implemented Differently,"notificationService implements this trigger, but visible pages use a separate browser NotificationStore and PM/DA live evidence is mixed.",Confirmed,"Which implementation is authoritative for Subscription renewals, and how should WD resolve this mismatch: notificationService implements this trigger, but visible pages use a separate browser NotificationStore and PM/DA live evidence is mixed.","PM/WD to choose the authoritative behavior and persistence path, document the decision, and add regression coverage."
PRD-M19-001,Spending behavior,MODULE 19: INTELLIGENCE & INSIGHTS > MODULE 19: INTELLIGENCE & INSIGHTS,The application should calculate or present spending behavior from authoritative saved records with a defined refresh and ownership rule.,"MantriPage is Coming Soon, while calculationEngine and module-specific analytics compute selected savings, debt, insurance, expense, and emergency metrics. Supporting team evidence: Not listed as completed in PM_MODULE_INVENTORY; architecture inventory marks Mantri Coming Soon. Evidence authority remains source/database unless a live observation is explicitly stated.",/mantri (placeholder); /kosh/analytics; /vyaya/analytics; module dashboards,src/app/(dashboard)/mantri/page.tsx; src/lib/engines/calculationEngine.ts; src/app/(dashboard)/kosh/analytics/page.tsx; src/app/(dashboard)/vyaya/analytics/page.tsx; audit-output/01-repository-and-architecture/MODULE_TO_FILE_MAP.csv; audit-input/02-existing-team-outputs/2026-07-19_MODULE_CRUD_TRACE.csv,rajya_scores/analytics tables exist without direct source usage; calculations are primarily client-side; see audit-output/02-database-and-dependencies/FRONTEND_DATABASE_FIELD_MAP.csv and MODULE_DEPENDENCY_MATRIX.csv,Partially Implemented,"Supporting calculations/analytics exist in module pages or calculationEngine, but Mantri itself is Coming Soon and no unified insight lifecycle is present.",Strong Evidence,"Which implementation is authoritative for Spending behavior, and how should WD resolve this mismatch: Supporting calculations/analytics exist in module pages or calculationEngine, but Mantri itself is Coming Soon and no unified insight lifecycle is present.",WD to close the cited gap for Spending behavior; PM/DA to verify the completed workflow end to end.
PRD-M19-002,Saving score,MODULE 19: INTELLIGENCE & INSIGHTS > MODULE 19: INTELLIGENCE & INSIGHTS,The application should calculate or present saving score from authoritative saved records with a defined refresh and ownership rule.,"MantriPage is Coming Soon, while calculationEngine and module-specific analytics compute selected savings, debt, insurance, expense, and emergency metrics. Supporting team evidence: Not listed as completed in PM_MODULE_INVENTORY; architecture inventory marks Mantri Coming Soon. Evidence authority remains source/database unless a live observation is explicitly stated.",/mantri (placeholder); /kosh/analytics; /vyaya/analytics; module dashboards,src/app/(dashboard)/mantri/page.tsx; src/lib/engines/calculationEngine.ts; src/app/(dashboard)/kosh/analytics/page.tsx; src/app/(dashboard)/vyaya/analytics/page.tsx; audit-output/01-repository-and-architecture/MODULE_TO_FILE_MAP.csv; audit-input/02-existing-team-outputs/2026-07-19_MODULE_CRUD_TRACE.csv,rajya_scores/analytics tables exist without direct source usage; calculations are primarily client-side; see audit-output/02-database-and-dependencies/FRONTEND_DATABASE_FIELD_MAP.csv and MODULE_DEPENDENCY_MATRIX.csv,Partially Implemented,"Supporting calculations/analytics exist in module pages or calculationEngine, but Mantri itself is Coming Soon and no unified insight lifecycle is present.",Strong Evidence,"Which implementation is authoritative for Saving score, and how should WD resolve this mismatch: Supporting calculations/analytics exist in module pages or calculationEngine, but Mantri itself is Coming Soon and no unified insight lifecycle is present.",WD to close the cited gap for Saving score; PM/DA to verify the completed workflow end to end.
PRD-M19-003,Risk gaps,MODULE 19: INTELLIGENCE & INSIGHTS > MODULE 19: INTELLIGENCE & INSIGHTS,The application should calculate or present risk gaps from authoritative saved records with a defined refresh and ownership rule.,"MantriPage is Coming Soon, while calculationEngine and module-specific analytics compute selected savings, debt, insurance, expense, and emergency metrics. Supporting team evidence: Not listed as completed in PM_MODULE_INVENTORY; architecture inventory marks Mantri Coming Soon. Evidence authority remains source/database unless a live observation is explicitly stated.",/mantri (placeholder); /kosh/analytics; /vyaya/analytics; module dashboards,src/app/(dashboard)/mantri/page.tsx; src/lib/engines/calculationEngine.ts; src/app/(dashboard)/kosh/analytics/page.tsx; src/app/(dashboard)/vyaya/analytics/page.tsx; audit-output/01-repository-and-architecture/MODULE_TO_FILE_MAP.csv; audit-input/02-existing-team-outputs/2026-07-19_MODULE_CRUD_TRACE.csv,rajya_scores/analytics tables exist without direct source usage; calculations are primarily client-side; see audit-output/02-database-and-dependencies/FRONTEND_DATABASE_FIELD_MAP.csv and MODULE_DEPENDENCY_MATRIX.csv,Partially Implemented,"Supporting calculations/analytics exist in module pages or calculationEngine, but Mantri itself is Coming Soon and no unified insight lifecycle is present.",Strong Evidence,"Which implementation is authoritative for Risk gaps, and how should WD resolve this mismatch: Supporting calculations/analytics exist in module pages or calculationEngine, but Mantri itself is Coming Soon and no unified insight lifecycle is present.",WD to close the cited gap for Risk gaps; PM/DA to verify the completed workflow end to end.
PRD-M19-004,Emergency fund readiness,MODULE 19: INTELLIGENCE & INSIGHTS > MODULE 19: INTELLIGENCE & INSIGHTS,The application should calculate or present emergency fund readiness from authoritative saved records with a defined refresh and ownership rule.,"MantriPage is Coming Soon, while calculationEngine and module-specific analytics compute selected savings, debt, insurance, expense, and emergency metrics. Supporting team evidence: Not listed as completed in PM_MODULE_INVENTORY; architecture inventory marks Mantri Coming Soon. Evidence authority remains source/database unless a live observation is explicitly stated.",/mantri (placeholder); /kosh/analytics; /vyaya/analytics; module dashboards,src/app/(dashboard)/mantri/page.tsx; src/lib/engines/calculationEngine.ts; src/app/(dashboard)/kosh/analytics/page.tsx; src/app/(dashboard)/vyaya/analytics/page.tsx; audit-output/01-repository-and-architecture/MODULE_TO_FILE_MAP.csv; audit-input/02-existing-team-outputs/2026-07-19_MODULE_CRUD_TRACE.csv,rajya_scores/analytics tables exist without direct source usage; calculations are primarily client-side; see audit-output/02-database-and-dependencies/FRONTEND_DATABASE_FIELD_MAP.csv and MODULE_DEPENDENCY_MATRIX.csv,Partially Implemented,"Supporting calculations/analytics exist in module pages or calculationEngine, but Mantri itself is Coming Soon and no unified insight lifecycle is present.",Strong Evidence,"Which implementation is authoritative for Emergency fund readiness, and how should WD resolve this mismatch: Supporting calculations/analytics exist in module pages or calculationEngine, but Mantri itself is Coming Soon and no unified insight lifecycle is present.",WD to close the cited gap for Emergency fund readiness; PM/DA to verify the completed workflow end to end.
PRD-M20-001,Role-based access,MODULE 20: SECURITY & ACCESS CONTROL > MODULE 20: SECURITY & ACCESS CONTROL,"The system should enforce role-based access consistently across applicable routes, data, and user roles.","SurakshaPage is Coming Soon; auth middleware, masking fields, crypto helpers, family access labels, and audit/admin models provide partial lower-level controls. Supporting team evidence: Not listed as completed in PM_MODULE_INVENTORY; architecture inventory marks Suraksha Coming Soon. Evidence authority remains source/database unless a live observation is explicitly stated.",/suraksha (placeholder); protected routes through middleware; /succession/emergency,src/app/(dashboard)/suraksha/page.tsx; src/lib/middleware/auth.middleware.ts; src/middleware.ts; src/lib/crypto.ts; src/app/api/succession/emergency/route.ts; prisma/schema.prisma; audit-output/01-repository-and-architecture/MODULE_TO_FILE_MAP.csv; audit-input/02-existing-team-outputs/2026-07-19_MODULE_CRUD_TRACE.csv,"masked columns, credential/token fields, admin_audit_logs/data_access_logs models; no direct audit-log Prisma usage found; see audit-output/02-database-and-dependencies/FRONTEND_DATABASE_FIELD_MAP.csv and MODULE_DEPENDENCY_MATRIX.csv",Partially Implemented,"AuthLevel middleware and family access labels exist, but the Suraksha module and full end-user role/permission model are not implemented.",Strong Evidence,"Which implementation is authoritative for Role-based access, and how should WD resolve this mismatch: AuthLevel middleware and family access labels exist, but the Suraksha module and full end-user role/permission model are not implemented.",WD to close the cited gap for Role-based access; PM/DA to verify the completed workflow end to end.
PRD-M20-002,Emergency access,MODULE 20: SECURITY & ACCESS CONTROL > MODULE 20: SECURITY & ACCESS CONTROL,"The system should enforce emergency access consistently across applicable routes, data, and user roles.","SurakshaPage is Coming Soon; auth middleware, masking fields, crypto helpers, family access labels, and audit/admin models provide partial lower-level controls. Supporting team evidence: Not listed as completed in PM_MODULE_INVENTORY; architecture inventory marks Suraksha Coming Soon. Evidence authority remains source/database unless a live observation is explicitly stated.",/suraksha (placeholder); protected routes through middleware; /succession/emergency,src/app/(dashboard)/suraksha/page.tsx; src/lib/middleware/auth.middleware.ts; src/middleware.ts; src/lib/crypto.ts; src/app/api/succession/emergency/route.ts; prisma/schema.prisma; audit-output/01-repository-and-architecture/MODULE_TO_FILE_MAP.csv; audit-input/02-existing-team-outputs/2026-07-19_MODULE_CRUD_TRACE.csv,"masked columns, credential/token fields, admin_audit_logs/data_access_logs models; no direct audit-log Prisma usage found; see audit-output/02-database-and-dependencies/FRONTEND_DATABASE_FIELD_MAP.csv and MODULE_DEPENDENCY_MATRIX.csv",Partially Implemented,"Succession emergency setup and OTP routes exist, but asset-scope enforcement after activation is not evidenced.",Strong Evidence,"Which implementation is authoritative for Emergency access, and how should WD resolve this mismatch: Succession emergency setup and OTP routes exist, but asset-scope enforcement after activation is not evidenced.",WD to close the cited gap for Emergency access; PM/DA to verify the completed workflow end to end.
PRD-M20-003,Masked data,MODULE 20: SECURITY & ACCESS CONTROL > MODULE 20: SECURITY & ACCESS CONTROL,"The system should enforce masked data consistently across applicable routes, data, and user roles.","SurakshaPage is Coming Soon; auth middleware, masking fields, crypto helpers, family access labels, and audit/admin models provide partial lower-level controls. Supporting team evidence: Not listed as completed in PM_MODULE_INVENTORY; architecture inventory marks Suraksha Coming Soon. Evidence authority remains source/database unless a live observation is explicitly stated.",/suraksha (placeholder); protected routes through middleware; /succession/emergency,src/app/(dashboard)/suraksha/page.tsx; src/lib/middleware/auth.middleware.ts; src/middleware.ts; src/lib/crypto.ts; src/app/api/succession/emergency/route.ts; prisma/schema.prisma; audit-output/01-repository-and-architecture/MODULE_TO_FILE_MAP.csv; audit-input/02-existing-team-outputs/2026-07-19_MODULE_CRUD_TRACE.csv,"masked columns, credential/token fields, admin_audit_logs/data_access_logs models; no direct audit-log Prisma usage found; see audit-output/02-database-and-dependencies/FRONTEND_DATABASE_FIELD_MAP.csv and MODULE_DEPENDENCY_MATRIX.csv",Implemented,Masked identity/account fields and display helpers exist; confirm all sensitive screens consistently use them.,Confirmed,Can WD/PM confirm that Masked data behaves in the live build exactly as the cited source path and identify its acceptance test?,Run and record a focused acceptance test for Masked data; then mark Verified if behavior matches the PRD.
PRD-M20-004,Encryption,MODULE 20: SECURITY & ACCESS CONTROL > MODULE 20: SECURITY & ACCESS CONTROL,"The system should enforce encryption consistently across applicable routes, data, and user roles.","SurakshaPage is Coming Soon; auth middleware, masking fields, crypto helpers, family access labels, and audit/admin models provide partial lower-level controls. Supporting team evidence: Not listed as completed in PM_MODULE_INVENTORY; architecture inventory marks Suraksha Coming Soon. Evidence authority remains source/database unless a live observation is explicitly stated.",/suraksha (placeholder); protected routes through middleware; /succession/emergency,src/app/(dashboard)/suraksha/page.tsx; src/lib/middleware/auth.middleware.ts; src/middleware.ts; src/lib/crypto.ts; src/app/api/succession/emergency/route.ts; prisma/schema.prisma; audit-output/01-repository-and-architecture/MODULE_TO_FILE_MAP.csv; audit-input/02-existing-team-outputs/2026-07-19_MODULE_CRUD_TRACE.csv,"masked columns, credential/token fields, admin_audit_logs/data_access_logs models; no direct audit-log Prisma usage found; see audit-output/02-database-and-dependencies/FRONTEND_DATABASE_FIELD_MAP.csv and MODULE_DEPENDENCY_MATRIX.csv",Partially Implemented,"Crypto helpers and encrypted credential/bank paths exist, but Google tokens are written as ordinary user-table strings and global coverage is unproven.",Strong Evidence,"Which implementation is authoritative for Encryption, and how should WD resolve this mismatch: Crypto helpers and encrypted credential/bank paths exist, but Google tokens are written as ordinary user-table strings and global coverage is unproven.",WD to close the cited gap for Encryption; PM/DA to verify the completed workflow end to end.
PRD-M20-005,Audit logs,MODULE 20: SECURITY & ACCESS CONTROL > MODULE 20: SECURITY & ACCESS CONTROL,"The system should enforce audit logs consistently across applicable routes, data, and user roles.","SurakshaPage is Coming Soon; auth middleware, masking fields, crypto helpers, family access labels, and audit/admin models provide partial lower-level controls. Supporting team evidence: Not listed as completed in PM_MODULE_INVENTORY; architecture inventory marks Suraksha Coming Soon. Evidence authority remains source/database unless a live observation is explicitly stated.",/suraksha (placeholder); protected routes through middleware; /succession/emergency,src/app/(dashboard)/suraksha/page.tsx; src/lib/middleware/auth.middleware.ts; src/middleware.ts; src/lib/crypto.ts; src/app/api/succession/emergency/route.ts; prisma/schema.prisma; audit-output/01-repository-and-architecture/MODULE_TO_FILE_MAP.csv; audit-input/02-existing-team-outputs/2026-07-19_MODULE_CRUD_TRACE.csv,"masked columns, credential/token fields, admin_audit_logs/data_access_logs models; no direct audit-log Prisma usage found; see audit-output/02-database-and-dependencies/FRONTEND_DATABASE_FIELD_MAP.csv and MODULE_DEPENDENCY_MATRIX.csv",Not Implemented,"Audit-log models/tables exist, but no direct prisma.adminAuditLog/dataAccessLog usage was found in supplied src.",Confirmed,"Is Audit logs still required for the current release boundary, and if so which WD owner and target milestone apply?","PM to confirm scope; if retained, WD should design and estimate Audit logs before implementation."
PRD-M21-001,“Can I afford this?”,MODULE 21: AI FINANCIAL ASSISTANT > MODULE 21: AI FINANCIAL ASSISTANT,"The assistant should answer the household finance question ""“Can I afford this?”"" using the user's authorized financial context.",RajMantriPage renders Coming Soon and no AI assistant API/service is present. Supporting team evidence: Not listed as completed in PM_MODULE_INVENTORY; architecture inventory marks Raj Mantri Coming Soon. Evidence authority remains source/database unless a live observation is explicitly stated.,/raj-mantri (placeholder); no assistant API found,src/app/(dashboard)/raj-mantri/page.tsx; audit-output/01-repository-and-architecture/MODULE_TO_FILE_MAP.csv; audit-input/02-existing-team-outputs/2026-07-19_MODULE_CRUD_TRACE.csv,No assistant-specific table or persistence path evidenced; see audit-output/02-database-and-dependencies/FRONTEND_DATABASE_FIELD_MAP.csv and MODULE_DEPENDENCY_MATRIX.csv,Not Implemented,No functional AI question-answering workflow is present.,Confirmed,"Is “Can I afford this?” still required for the current release boundary, and if so which WD owner and target milestone apply?","PM to confirm scope; if retained, WD should design and estimate “Can I afford this?” before implementation."
PRD-M21-002,“What if income stops?”,MODULE 21: AI FINANCIAL ASSISTANT > MODULE 21: AI FINANCIAL ASSISTANT,"The assistant should answer the household finance question ""“What if income stops?”"" using the user's authorized financial context.",RajMantriPage renders Coming Soon and no AI assistant API/service is present. Supporting team evidence: Not listed as completed in PM_MODULE_INVENTORY; architecture inventory marks Raj Mantri Coming Soon. Evidence authority remains source/database unless a live observation is explicitly stated.,/raj-mantri (placeholder); no assistant API found,src/app/(dashboard)/raj-mantri/page.tsx; audit-output/01-repository-and-architecture/MODULE_TO_FILE_MAP.csv; audit-input/02-existing-team-outputs/2026-07-19_MODULE_CRUD_TRACE.csv,No assistant-specific table or persistence path evidenced; see audit-output/02-database-and-dependencies/FRONTEND_DATABASE_FIELD_MAP.csv and MODULE_DEPENDENCY_MATRIX.csv,Not Implemented,No functional AI question-answering workflow is present.,Confirmed,"Is “What if income stops?” still required for the current release boundary, and if so which WD owner and target milestone apply?","PM to confirm scope; if retained, WD should design and estimate “What if income stops?” before implementation."
PRD-M21-003,“Which loan to close first?”,MODULE 21: AI FINANCIAL ASSISTANT > MODULE 21: AI FINANCIAL ASSISTANT,"The assistant should answer the household finance question ""“Which loan to close first?”"" using the user's authorized financial context.",RajMantriPage renders Coming Soon and no AI assistant API/service is present. Supporting team evidence: Not listed as completed in PM_MODULE_INVENTORY; architecture inventory marks Raj Mantri Coming Soon. Evidence authority remains source/database unless a live observation is explicitly stated.,/raj-mantri (placeholder); no assistant API found,src/app/(dashboard)/raj-mantri/page.tsx; audit-output/01-repository-and-architecture/MODULE_TO_FILE_MAP.csv; audit-input/02-existing-team-outputs/2026-07-19_MODULE_CRUD_TRACE.csv,No assistant-specific table or persistence path evidenced; see audit-output/02-database-and-dependencies/FRONTEND_DATABASE_FIELD_MAP.csv and MODULE_DEPENDENCY_MATRIX.csv,Not Implemented,No functional AI question-answering workflow is present.,Confirmed,"Is “Which loan to close first?” still required for the current release boundary, and if so which WD owner and target milestone apply?","PM to confirm scope; if retained, WD should design and estimate “Which loan to close first?” before implementation."
CODE-001,"Google OAuth sign-in, account linking, unlinking, and token refresh",Outside concise PRD; authentication infrastructure,"Users can authenticate with Google, link/unlink a Google account, restore sessions, and refresh access tokens safely.",Google auth routes and googleAuth helper implement the flow; the separate master prompt does not establish this as an approved end-user requirement. Reviewed against audit-input/00-project-context/2026-07-19_MODULE_LIST_OR_MASTER_PROMPT.docx; scope authority remains Needs PM Verification.,/start; /api/auth/google; /api/auth/link-google; /api/auth/google-callback; /api/auth/unlink-google,src/app/(auth)/start/page.tsx; src/app/api/auth/google/route.ts; src/app/api/auth/link-google/route.ts; src/app/api/auth/google-callback/route.ts; src/lib/googleAuth.ts,users.googleAccessToken/googleRefreshToken/googleTokenExpiry; Supabase Auth session,Present in Code but Not in PRD,Unsigned state and plain token storage are documented architecture/data risks.,Confirmed,"Should Google OAuth sign-in, account linking, unlinking, and token refresh be added to the approved PRD scope, retained as infrastructure, or removed/hidden?",PM/WD to make an explicit scope decision and update either the PRD or the implementation inventory.
CODE-002,Profile photo upload to Supabase Storage,Outside concise PRD; Foundation extension,"Users can upload, replace, and display a profile photo under explicit storage/access rules.",Foundation directly uploads to the profile-photos bucket and updates Supabase auth metadata. Reviewed against audit-input/00-project-context/2026-07-19_MODULE_LIST_OR_MASTER_PROMPT.docx; scope authority remains Needs PM Verification.,/foundation,src/app/(dashboard)/foundation/page.tsx; src/components/shared/UserAvatar.tsx,Supabase Storage profile-photos bucket; URL/auth metadata rather than an application-table FK,Present in Code but Not in PRD,The concise PRD does not specify profile photos; supplied bucket metadata marks the bucket public.,Confirmed,"Should Profile photo upload to Supabase Storage be added to the approved PRD scope, retained as infrastructure, or removed/hidden?",PM/WD to make an explicit scope decision and update either the PRD or the implementation inventory.
CODE-003,GST record management,Outside concise PRD; detailed Kar extension,"Applicable users can create, view, edit, and delete GST compliance records.","Kar GST pages and API routes provide CRUD beyond the concise PRD tax-summary bullets; the master prompt separately describes GST scope, so authority needs PM confirmation. Reviewed against audit-input/00-project-context/2026-07-19_MODULE_LIST_OR_MASTER_PROMPT.docx; scope authority remains Needs PM Verification.",/kar/gst; /kar/gst/new; /kar/gst/[id]/edit; /api/gst/records,src/app/(dashboard)/kar/gst/page.tsx; src/app/(dashboard)/kar/gst/new/page.tsx; src/app/api/gst/records/route.ts,gst_records,Present in Code but Not in PRD,Present in code/database but not in the concise PRD; broader master prompt scope is potentially conflicting.,Confirmed,"Should GST record management be added to the approved PRD scope, retained as infrastructure, or removed/hidden?",PM/WD to make an explicit scope decision and update either the PRD or the implementation inventory.
CODE-004,DIN and DSC compliance record management,Outside concise PRD; detailed Kar extension,"Applicable users can track DIN, DSC expiry, MCA filing status, and supporting documents.",Kar DIN pages and routes provide CRUD; the master prompt separately describes DIN/DSC governance. Reviewed against audit-input/00-project-context/2026-07-19_MODULE_LIST_OR_MASTER_PROMPT.docx; scope authority remains Needs PM Verification.,/kar/din; /kar/din/new; /kar/din/[id]/edit; /api/din/records,src/app/(dashboard)/kar/din/page.tsx; src/app/(dashboard)/kar/din/new/page.tsx; src/app/api/din/records/route.ts,din_records,Present in Code but Not in PRD,Present in code/database but not in the concise PRD; PM must resolve which PRD version controls scope.,Confirmed,"Should DIN and DSC compliance record management be added to the approved PRD scope, retained as infrastructure, or removed/hidden?",PM/WD to make an explicit scope decision and update either the PRD or the implementation inventory.
CODE-005,Succession emergency protocol with OTP and activation delay,Outside concise PRD detail; overlaps Modules 12 and 20,"Users can nominate emergency contacts, verify an OTP, choose waiting period and asset scopes, and save the protocol.",Succession emergency page and API implement setup plus auth OTP routes. Reviewed against audit-input/00-project-context/2026-07-19_MODULE_LIST_OR_MASTER_PROMPT.docx; scope authority remains Needs PM Verification.,/succession/emergency; /api/succession/emergency; /api/auth/send-otp; /api/auth/verify-otp,src/app/(dashboard)/succession/emergency/page.tsx; src/app/api/succession/emergency/route.ts; src/app/api/auth/send-otp/route.ts; src/app/api/auth/verify-otp/route.ts,succession_emergency; email_verification_codes,Present in Code but Not in PRD,"The concise PRD mentions emergency instructions/access but not this protocol, OTP reuse, or activation-delay behavior.",Confirmed,"Should Succession emergency protocol with OTP and activation delay be added to the approved PRD scope, retained as infrastructure, or removed/hidden?",PM/WD to make an explicit scope decision and update either the PRD or the implementation inventory.
CODE-006,Public contact/support message submission,Outside concise PRD,Visitors/users can submit a contact message with validation and rate limiting.,Contact API creates contact_messages records and applies a recent-message count check. Reviewed against audit-input/00-project-context/2026-07-19_MODULE_LIST_OR_MASTER_PROMPT.docx; scope authority remains Needs PM Verification.,/contact; /api/contact,src/app/(landing)/contact/page.tsx; src/app/api/contact/route.ts,contact_messages,Present in Code but Not in PRD,No contact/support requirement appears in the concise PRD.,Confirmed,"Should Public contact/support message submission be added to the approved PRD scope, retained as infrastructure, or removed/hidden?",PM/WD to make an explicit scope decision and update either the PRD or the implementation inventory.
