Consolidated Bug ID,Source Bug ID,Source,Module,Route / Screen,Title,Description,Steps / Reproduction,Expected,Actual,Reported Severity,Consolidated Severity,Verification Status,Duplicate Status,Duplicate Cluster,Canonical Bug ID,Related Bugs,User Journey Impact,Downstream Impact,Technical Evidence,Technical Confidence,PRD Traceability,Recommended Next Action,Evidence Reference
CBR-PM-001,Bug 1,PM_VERIFIED_BUGS.csv,Authentication,/start; /reset-password; /api/auth/*,Google login restricted to test users (app unverified in Google Cloud),"Config-level, not code. Fix = complete Google OAuth verification / publish consent screen (or keep an explicit testers allow-list). Workaround IN USE: email/password signup works, so the app is still enterable -> P1, not P0. NB: a reviewer reading login=P0 strictly may escalate. Do NOT edit Google auth settings (ground rule 4); route via Jira.","Standing restriction hit every session: non-test Google accounts get Error 403 access_denied (report screenshot). Entire test effort has run on the registered test account (dummyuser@example.com, email/password) + Skip Verification BECAUSE of this gate. | Re-confirmed as the active operating constraint across 08-07 -> 11-07 sessions; Journey A step 1 records it still blocks NEW Google accounts (2026-07-12). Environmental/config (Google Cloud OAuth consent screen unverified / testers allow-list), not app code.",Expected behavior is the inverse of the reported defect: Google login restricted to test users (app unverified in Google Cloud),"Standing restriction hit every session: non-test Google accounts get Error 403 access_denied (report screenshot). Entire test effort has run on the registered test account (dummyuser@example.com, email/password) + Skip Verification BECAUSE of this gate. | Re-confirmed as the active operating constraint across 08-07 -> 11-07 sessions; Journey A step 1 records it still blocks NEW Google accounts (2026-07-12). Environmental/config (Google Cloud OAuth consent screen unverified / testers allow-list), not app code.",High,P1,Confirmed,No duplicate identified in source,None assigned,PM-001,None stated,C - Insurance and nominee step 2 (Pass),Auth/config layer (affects any Google-signin entry point),PM live observations plus architecture/module maps; root cause Needs WD Verification.,Confirmed,PRD-M01; security/auth is implicit and partly outside concise PRD,"Assign a WD owner, reproduce against the intended non-production environment, fix before release, and attach journey-level regression evidence.",audit-input/03-bug-and-evidence/PM_VERIFIED_BUGS.csv; Bug 1
CBR-PM-002,Bug 2,PM_VERIFIED_BUGS.csv,Authentication,/start; /reset-password; /api/auth/*,Password reset link errors; auto-logs-in without resetting,"REPORTED SYMPTOMS NOT REPRODUCED on current production: no 'invalid token' error (token is accepted), and no auto-login/redirect-to-/rajya (the minted session is never consumed at the marketing landing). SECURITY FRAMING CORRECTED: my earlier 'possible auth-bypass / P0' concern does NOT hold — a clean run shows the recovery link does not establish a session on the landing page (no Supabase client there to consume the fragment). Residual security note is minor: a valid bearer JWT is briefly exposed in the URL fragment (history/referrer) — hygiene, not account takeover. THE REAL, REPRODUCIBLE DEFECT is that email password reset is broken end-to-end because the link lands on the marketing root instead of /reset-password — tracked and confirmed as NB-018 (upgraded to P1). Kept at P1 as a cluster member with NB-018 (one fix). Do NOT edit Supabase/auth config (ground rule 4); route via Jira.","Run 1 (12-07): send-reset OK (POST /api/auth/send-reset 200). Opened recovery link — token ACCEPTED (Supabase minted a valid session), redirect landed on www.svarajya.com root. Inconclusive on end-state: navigated away too quickly and consumed the single-use token. | Run 2 (12-07, fresh link, clean): followed the link WITHOUT navigating away. (a) Token ACCEPTED — valid session JWT minted for the account (NOT the report's 'Invalid token' error). (b) redirect_to (svarajya.vercel.app/reset-password) IGNORED -> landed on the www.svarajya.com MARKETING landing page (Home/Features/Story/Login), not /reset-password and not /rajya. (c) Tokens sit in the URL fragment but are NEVER consumed: network shows NO token-exchange call, localStorage has no auth keys, UI is logged-out -> NO auto-login. (d) Password never resettable (no reset screen reached).",Expected behavior is the inverse of the reported defect: Password reset link errors; auto-logs-in without resetting,"Run 1 (12-07): send-reset OK (POST /api/auth/send-reset 200). Opened recovery link — token ACCEPTED (Supabase minted a valid session), redirect landed on www.svarajya.com root. Inconclusive on end-state: navigated away too quickly and consumed the single-use token. | Run 2 (12-07, fresh link, clean): followed the link WITHOUT navigating away. (a) Token ACCEPTED — valid session JWT minted for the account (NOT the report's 'Invalid token' error). (b) redirect_to (svarajya.vercel.app/reset-password) IGNORED -> landed on the www.svarajya.com MARKETING landing page (Home/Features/Story/Login), not /reset-password and not /rajya. (c) Tokens sit in the URL fragment but are NEVER consumed: network shows NO token-exchange call, localStorage has no auth keys, UI is logged-out -> NO auto-login. (d) Password never resettable (no reset screen reached).",High,P1,Behaviour changed,Duplicate/related cluster member,AUTH-RESET,NB-018,Same cluster as NB-018 (the live reset-broken defect),B - Income and expenses step 2 (Partial); D - Loan and cash flow step 2 (Partial); E - Documents step 3 (Fail); F - Subscription and reminders step 2 (Fail),Auth / account recovery; Supabase Site-URL config (NB-018); production domain www.svarajya.com (marketing site),PM live observations plus architecture/module maps; root cause Needs WD Verification.,Strong Evidence,PRD-M01; security/auth is implicit and partly outside concise PRD,"Update the canonical defect to the current behavior, preserve the old observation as history, fix the active failure, and rerun regression tests.",audit-input/03-bug-and-evidence/PM_VERIFIED_BUGS.csv; Bug 2
CBR-PM-003,Bug 3,PM_VERIFIED_BUGS.csv,Onboarding,/onboarding/*,Hide button spacing off,Onboarding step-0 Hide button reachable only via profile-EDIT wizard replay (NB-003) ending at broken OTP (NB-001) — access path itself defective. Retest after wizard/OTP fixes.,Not supplied; reproduce from the original PM report.,Expected behavior is the inverse of the reported defect: Hide button spacing off,Blocked — cannot test,Low,P3,Blocked — cannot test,No duplicate identified in source,None assigned,PM-003,None stated,No direct DA journey reference,Module-local impact; downstream effect Needs WD Verification,PM live observations plus architecture/module maps; root cause Needs WD Verification.,Unconfirmed,PRD-M01; security/auth is implicit and partly outside concise PRD,"Unblock the prerequisite, reproduce twice in an isolated test environment, then triage severity and ownership.",audit-input/03-bug-and-evidence/PM_VERIFIED_BUGS.csv; Bug 3
CBR-PM-004,Bug 4,PM_VERIFIED_BUGS.csv,Onboarding,/onboarding/*,Future DOB shows wrong error message,Future-DOB message requires wizard DOB step; same defective access path (NB-003/NB-001). Retest after fixes.,Not supplied; reproduce from the original PM report.,Expected behavior is the inverse of the reported defect: Future DOB shows wrong error message,Blocked — cannot test,Medium,P2,Blocked — cannot test,No duplicate identified in source,None assigned,PM-004,None stated,No direct DA journey reference,Module-local impact; downstream effect Needs WD Verification,PM live observations plus architecture/module maps; root cause Needs WD Verification.,Unconfirmed,PRD-M01; security/auth is implicit and partly outside concise PRD,"Unblock the prerequisite, reproduce twice in an isolated test environment, then triage severity and ownership.",audit-input/03-bug-and-evidence/PM_VERIFIED_BUGS.csv; Bug 4
CBR-PM-005,Bug 5,PM_VERIFIED_BUGS.csv,Onboarding,/onboarding/*,Mobile OTP was static '1234' (dev mode),"Report described dev-mode static OTP; current build fails earlier at the send step. Verification journey still broken, differently.","Send OTP now fails with Firebase auth/billing-not-enabled (tester-reproduced 08-07, NB-001); static-1234 path unreachable. | Standing state across 08-07 to 11-07 sessions; no dev-mode code observable.",Expected behavior is the inverse of the reported defect: Mobile OTP was static '1234' (dev mode),"Send OTP now fails with Firebase auth/billing-not-enabled (tester-reproduced 08-07, NB-001); static-1234 path unreachable. | Standing state across 08-07 to 11-07 sessions; no dev-mode code observable.",Medium,P1,Behaviour changed,Duplicate/related cluster member,MOBILE-OTP,NB-001,None stated,No direct DA journey reference,Superseded by NB-001.,PM live observations plus architecture/module maps; root cause Needs WD Verification.,Strong Evidence,PRD-M01; security/auth is implicit and partly outside concise PRD,"Update the canonical defect to the current behavior, preserve the old observation as history, fix the active failure, and rerun regression tests.",audit-input/03-bug-and-evidence/PM_VERIFIED_BUGS.csv; Bug 5
CBR-PM-006,Bug 6,PM_VERIFIED_BUGS.csv,Sthapana — Family,/foundation/family,Duplicate save buttons in add-member form,Two dated observations across two days.,"Add-member form open: BOTH Link to Profile and Save & Continue (1/5 members) rendered together (10-07). | Same dual-button state observed and logged 09-07 (prior session, documented).",Expected behavior is the inverse of the reported defect: Duplicate save buttons in add-member form,"Add-member form open: BOTH Link to Profile and Save & Continue (1/5 members) rendered together (10-07). | Same dual-button state observed and logged 09-07 (prior session, documented).",Low,P3,Confirmed,Canonical,DUPLICATE-RESPONSIVE-DOM,PM-006,None stated,No direct DA journey reference,Root cause per DUP-4: duplicate desktop+mobile DOM layouts.,PM live observations plus architecture/module maps; root cause Needs WD Verification.,Confirmed,PRD-M01,"Confirm ownership, reproduce with dummy data, implement the smallest evidence-backed fix, and add focused regression coverage.",audit-input/03-bug-and-evidence/PM_VERIFIED_BUGS.csv; Bug 6
CBR-PM-007,Bug 7,PM_VERIFIED_BUGS.csv,Sthapana — Family,/foundation/family,Duplicate buttons after adding member,Duplicate buttons after adding member,"Tree view with 1 member: BOTH Forge New Link (Max 5) and Save & Continue (1/5 members) rendered together (10-07). | Same state observed and logged 09-07 (prior session, documented).",Expected behavior is the inverse of the reported defect: Duplicate buttons after adding member,"Tree view with 1 member: BOTH Forge New Link (Max 5) and Save & Continue (1/5 members) rendered together (10-07). | Same state observed and logged 09-07 (prior session, documented).",Low,P3,Confirmed,Duplicate/related cluster member,DUPLICATE-RESPONSIVE-DOM,PM-006,None stated,No direct DA journey reference,DUP-4.,PM live observations plus architecture/module maps; root cause Needs WD Verification.,Confirmed,PRD-M01,"Confirm ownership, reproduce with dummy data, implement the smallest evidence-backed fix, and add focused regression coverage.",audit-input/03-bug-and-evidence/PM_VERIFIED_BUGS.csv; Bug 7
CBR-PM-008,Bug 8,PM_VERIFIED_BUGS.csv,Sthapana — Family,/foundation/family,Email accepts only @gmail.com,INTEGRITY NOTE: previous Behaviour-changed verdict reversed with new evidence; validation is submit-time only (itself a UX note: no inline feedback until submit).,REVERSAL: tester attempted family member with dummyuser@example.com -> Link to Profile blocked with Only @gmail.com email addresses are allowed (11-07). | Earlier change/blur events produced no message — validation fires at SUBMIT (the exact caveat recorded on 10-07). Original verdict corrected.,Expected behavior is the inverse of the reported defect: Email accepts only @gmail.com,REVERSAL: tester attempted family member with dummyuser@example.com -> Link to Profile blocked with Only @gmail.com email addresses are allowed (11-07). | Earlier change/blur events produced no message — validation fires at SUBMIT (the exact caveat recorded on 10-07). Original verdict corrected.,Medium,P2,Confirmed,No duplicate identified in source,None assigned,PM-008,None stated,No direct DA journey reference,Module-local impact; downstream effect Needs WD Verification,PM live observations plus architecture/module maps; root cause Needs WD Verification.,Confirmed,PRD-M01,"Confirm ownership, reproduce with dummy data, implement the smallest evidence-backed fix, and add focused regression coverage.",audit-input/03-bug-and-evidence/PM_VERIFIED_BUGS.csv; Bug 8
CBR-PM-009,Bug 9,PM_VERIFIED_BUGS.csv,Sthapana — Family,/foundation/family,Duplicate/already-registered emails accepted,"Duplicate-email scenario currently unconstructible: gmail-only gate (Bug 8) blocks the registered login email, and NB-002 loses stored member emails so no in-system duplicate exists to collide with. Retest after Bug 8/NB-002 fixes.",Not supplied; reproduce from the original PM report.,Expected behavior is the inverse of the reported defect: Duplicate/already-registered emails accepted,Blocked — cannot test,Medium,P2,Blocked — cannot test,No duplicate identified in source,None assigned,PM-009,None stated,No direct DA journey reference,Module-local impact; downstream effect Needs WD Verification,PM live observations plus architecture/module maps; root cause Needs WD Verification.,Unconfirmed,PRD-M01,"Unblock the prerequisite, reproduce twice in an isolated test environment, then triage severity and ownership.",audit-input/03-bug-and-evidence/PM_VERIFIED_BUGS.csv; Bug 9
CBR-PM-010,Bug 10,PM_VERIFIED_BUGS.csv,Sthapana — Education,/foundation/education,'Add Another' and 'Save & Continue' shown together,Two dated observations.,"Both Add Another Qualification and Save & Continue to Dashboard rendered together (11-07, 1 qualification present). | Same dual-button state observed and logged 09-07 after qualification save.",Expected behavior is the inverse of the reported defect: 'Add Another' and 'Save & Continue' shown together,"Both Add Another Qualification and Save & Continue to Dashboard rendered together (11-07, 1 qualification present). | Same dual-button state observed and logged 09-07 after qualification save.",Low,P3,Confirmed,Duplicate/related cluster member,DUPLICATE-RESPONSIVE-DOM,PM-006,None stated,No direct DA journey reference,DUP-4 (duplicate DOM layouts).,PM live observations plus architecture/module maps; root cause Needs WD Verification.,Confirmed,PRD-M01,"Confirm ownership, reproduce with dummy data, implement the smallest evidence-backed fix, and add focused regression coverage.",audit-input/03-bug-and-evidence/PM_VERIFIED_BUGS.csv; Bug 10
CBR-PM-011,Bug 11,PM_VERIFIED_BUGS.csv,Sthapana — Education,/foundation/education,Google Drive link redirects to Pehchaan,Post-OAuth redirect target not observed during the single one-time Drive grant; reproducing requires unlink/relink of Google account. Retest on a fresh account or after unlink.,Not supplied; reproduce from the original PM report.,Expected behavior is the inverse of the reported defect: Google Drive link redirects to Pehchaan,Blocked — cannot test,Medium,P2,Blocked — cannot test,No duplicate identified in source,None assigned,PM-011,None stated,No direct DA journey reference,Module-local impact; downstream effect Needs WD Verification,PM live observations plus architecture/module maps; root cause Needs WD Verification.,Unconfirmed,PRD-M01,"Unblock the prerequisite, reproduce twice in an isolated test environment, then triage severity and ownership.",audit-input/03-bug-and-evidence/PM_VERIFIED_BUGS.csv; Bug 11
CBR-PM-012,Bug 12,PM_VERIFIED_BUGS.csv,Sthapana — Education,/foundation/education,Education-loan toggle not saving to DB,Silent-field-loss family. Data-level proof: toggle ON -> null.,Toggle switched ON during Add by tester; saved record stores linkedLoanId: null (API) and loan indicator absent after save. | Consistent with report Bug 12 description and 06-06 evidence.,Expected behavior is the inverse of the reported defect: Education-loan toggle not saving to DB,Toggle switched ON during Add by tester; saved record stores linkedLoanId: null (API) and loan indicator absent after save. | Consistent with report Bug 12 description and 06-06 evidence.,Medium,P2,Confirmed,No duplicate identified in source,None assigned,PM-012,None stated,No direct DA journey reference,Module-local impact; downstream effect Needs WD Verification,src/app/api/education/route.ts writes EDUCATION_LOAN_ACTIVE into linkedLoanId; no loan FK exists.,Confirmed,PRD-M01,"Confirm ownership, reproduce with dummy data, implement the smallest evidence-backed fix, and add focused regression coverage.",audit-input/03-bug-and-evidence/PM_VERIFIED_BUGS.csv; Bug 12
CBR-PM-013,Bug 13,PM_VERIFIED_BUGS.csv,Sthapana — Education,/foundation/education,Doc doesn't move to new member's Drive folder on ownership change,"Folder-move behavior requires real Drive storage; NB-013 shows no files reach Drive on this account (no consent, no folder, fabricated URLs). Untestable until storage layer exists.",Not supplied; reproduce from the original PM report.,Expected behavior is the inverse of the reported defect: Doc doesn't move to new member's Drive folder on ownership change,Blocked — cannot test,Medium,P2,Blocked — cannot test,No duplicate identified in source,None assigned,PM-013,None stated,No direct DA journey reference,Module-local impact; downstream effect Needs WD Verification,PM live observations plus architecture/module maps; root cause Needs WD Verification.,Unconfirmed,PRD-M01,"Unblock the prerequisite, reproduce twice in an isolated test environment, then triage severity and ownership.",audit-input/03-bug-and-evidence/PM_VERIFIED_BUGS.csv; Bug 13
CBR-PM-014,Bug 14,PM_VERIFIED_BUGS.csv,Sthapana — Education,/foundation/education,Education-loan toggle missing on edit page,Add/Edit field parity defect; compounds Bug 12 (even a persisted flag would be uneditable).,Tester opened edit form on existing qualification: NO Education Loan toggle present (Add form has it). | Matches report exactly; deterministic UI structure.,Expected behavior is the inverse of the reported defect: Education-loan toggle missing on edit page,Tester opened edit form on existing qualification: NO Education Loan toggle present (Add form has it). | Matches report exactly; deterministic UI structure.,Medium,P2,Confirmed,No duplicate identified in source,None assigned,PM-014,None stated,No direct DA journey reference,Module-local impact; downstream effect Needs WD Verification,Education edit path must be compared with src/app/(dashboard)/foundation/education/[id]/edit/page.tsx.,Confirmed,PRD-M01,"Confirm ownership, reproduce with dummy data, implement the smallest evidence-backed fix, and add focused regression coverage.",audit-input/03-bug-and-evidence/PM_VERIFIED_BUGS.csv; Bug 14
CBR-PM-015,Bug 15,PM_VERIFIED_BUGS.csv,Sthapana,/foundation,Foundation dashboard card UI inconsistent,"ROOT CAUSE (fix-ready): the header info-card has NO width constraint (no flex-1 / w-full; margin-right 0), so as a plain flex item it is CONTENT-SIZED — each module's card width floats with its description text length (790 vs 808 inside identical 872px rows). One-line fix: add flex-1 to the shared header-card component. This also explains Bug 31 AND why the 10-07 automation found 'no difference' (it measured the fixed-width 872px title ROW, not the card). Report says 'on the dashboard'; the element actually sits at the top of /foundation and matches the report screenshot exactly (back arrow + info icon + Profile/Family/Education chips). Human visual pass now optional — a deterministic DOM delta exists; screenshot captured for a reporter's-eye check anyway.","DOM measurement run 1 (fresh load in test tab, 1470px viewport / clientWidth 1464): Foundation header info-card = 790px wide (x 328->1118), p-4. Reference: Bhoomi header card, IDENTICAL full class string AND identical row composition (36px back button + 12px gap inside the same 872px header row) = 808px (x 328->1136). 18px width inconsistency between the two modules sharing the card recipe. | Run 2 (independent loads: Bhoomi measured in the already-open tester tab AND re-measured on a fresh load in the test tab; Foundation re-probed after a navigation round-trip): deterministic — 790 vs 808 again. Parent chains identical on both pages (header row 872px @ x280; content column 920px @ x256; margin-right 0 on both cards).",Expected behavior is the inverse of the reported defect: Foundation dashboard card UI inconsistent,"DOM measurement run 1 (fresh load in test tab, 1470px viewport / clientWidth 1464): Foundation header info-card = 790px wide (x 328->1118), p-4. Reference: Bhoomi header card, IDENTICAL full class string AND identical row composition (36px back button + 12px gap inside the same 872px header row) = 808px (x 328->1136). 18px width inconsistency between the two modules sharing the card recipe. | Run 2 (independent loads: Bhoomi measured in the already-open tester tab AND re-measured on a fresh load in the test tab; Foundation re-probed after a navigation round-trip): deterministic — 790 vs 808 again. Parent chains identical on both pages (header row 872px @ x280; content column 920px @ x256; margin-right 0 on both cards).",Low,P3,Confirmed,Canonical,MODULE-HEADER-CONSISTENCY,PM-015,Same root cause as Bug 31 (module header-card family) — one Jira ticket,No direct DA journey reference,"Header treatment diverges wider than widths: Raksha renders a plain H1 title row with NO info card at all — module header consistency spans two different patterns, not just card size.",PM live observations plus architecture/module maps; root cause Needs WD Verification.,Confirmed,PRD-M01,"Confirm ownership, reproduce with dummy data, implement the smallest evidence-backed fix, and add focused regression coverage.",audit-input/03-bug-and-evidence/PM_VERIFIED_BUGS.csv; Bug 15
CBR-PM-016,Bug 16,PM_VERIFIED_BUGS.csv,Kunji,/dwaar/portals,Reveal Password button does nothing,"Created portal (HDFC test, encrypted mode, master-password vault set up) does not appear in the portal list (NB-016) — no portal can be opened, so Reveal Password is unreachable. Retest after NB-016 fix.",Not supplied; reproduce from the original PM report.,Expected behavior is the inverse of the reported defect: Reveal Password button does nothing,Blocked — cannot test,Medium,P2,Blocked — cannot test,No duplicate identified in source,None assigned,PM-016,None stated,No direct DA journey reference,Module-local impact; downstream effect Needs WD Verification,PM live observations plus architecture/module maps; root cause Needs WD Verification.,Unconfirmed,PRD-M03,"Unblock the prerequisite, reproduce twice in an isolated test environment, then triage severity and ownership.",audit-input/03-bug-and-evidence/PM_VERIFIED_BUGS.csv; Bug 16
CBR-PM-017,Bug 17,PM_VERIFIED_BUGS.csv,Kunji,/dwaar/portals,Registration date accepts future dates,"Kunji route = /dwaar/portals; add form is 2-step (step1 category/platform/URL, step2 credentials + registration date). Reg date is optional per PRD 3.2.","Route /dwaar/portals/add, step 2: Registration Date set to 12/12/2030 (far future) by tester -> ACCEPTED, no validation message. | Consistent with report; single tester observation (P3 cosmetic-adjacent, low reproduction risk).",Expected behavior is the inverse of the reported defect: Registration date accepts future dates,"Route /dwaar/portals/add, step 2: Registration Date set to 12/12/2030 (far future) by tester -> ACCEPTED, no validation message. | Consistent with report; single tester observation (P3 cosmetic-adjacent, low reproduction risk).",Low,P3,Confirmed,Duplicate/related cluster member,DATE-VALIDATION,PM-019,None stated,No direct DA journey reference,DUP-5 date-validation class (this one is a PAST-only field accepting future — same family).,PM live observations plus architecture/module maps; root cause Needs WD Verification.,Confirmed,PRD-M03,"Confirm ownership, reproduce with dummy data, implement the smallest evidence-backed fix, and add focused regression coverage.",audit-input/03-bug-and-evidence/PM_VERIFIED_BUGS.csv; Bug 17
CBR-PM-018,Bug 18,PM_VERIFIED_BUGS.csv,Raksha,/raksha/policies,"Amount fields: stuck leading 0, no rupee symbol","SEVERITY NUANCE FINAL: leading-zero display variant is cosmetic at rest (API stored 1000000/12000 correctly, zeros stripped). Caret-at-start variant (tester-corroborated 10-07/11-07) produces value x10 which parses as legitimate and WOULD store wrong — the real data risk. Rupee in label only.",Typed 8000 into Premium Amount → field showed 80000 (default 0 merged at caret-start) — a plausible-looking 10x corruption of a financial amount. | Caret at end → 08000 (exact reported symptom). Select-all + Delete snaps field back to 0 — cannot be emptied.,"Expected behavior is the inverse of the reported defect: Amount fields: stuck leading 0, no rupee symbol",Typed 8000 into Premium Amount → field showed 80000 (default 0 merged at caret-start) — a plausible-looking 10x corruption of a financial amount. | Caret at end → 08000 (exact reported symptom). Select-all + Delete snaps field back to 0 — cannot be emptied.,Medium,P2,Confirmed,No duplicate identified in source,None assigned,PM-018,None stated,C - Insurance and nominee step 2 (Pass),"Rin amount fields implemented CORRECTLY (empty value + placeholder 0, rupee in labels) — defect is Raksha-specific; same widget class, inconsistent implementations.",PM live observations plus architecture/module maps; root cause Needs WD Verification.,Confirmed,PRD-M08,"Confirm ownership, reproduce with dummy data, implement the smallest evidence-backed fix, and add focused regression coverage.",audit-input/03-bug-and-evidence/PM_VERIFIED_BUGS.csv; Bug 18
CBR-PM-019,Bug 19,PM_VERIFIED_BUGS.csv,Raksha,/raksha/policies,Next due date accepts past dates,"Attempt 1 keyboard, attempt 2 change-handler. Human corroboration 10-07: submit attempt was blocked ONLY by native required validation on Insurer Name — the past date raised nothing. Native validation exists on the form; dates are exempt.",Set Next Due Date = 01/01/2024 (2.5 yrs past) → accepted; NO validation message anywhere in form; 'SEAL SHIELD' save button remained enabled. | Fresh form: 2025-06-15 set via React change handler -> accepted; no validation message; tester visual corroboration on screen.,Expected behavior is the inverse of the reported defect: Next due date accepts past dates,Set Next Due Date = 01/01/2024 (2.5 yrs past) → accepted; NO validation message anywhere in form; 'SEAL SHIELD' save button remained enabled. | Fresh form: 2025-06-15 set via React change handler -> accepted; no validation message; tester visual corroboration on screen.,Medium,P2,Confirmed,Canonical,DATE-VALIDATION,PM-019,None stated,No direct DA journey reference,Same missing-date-validation class as Bugs 23/27/29/30/36 (see DUP-5 pattern).,PM live observations plus architecture/module maps; root cause Needs WD Verification.,Confirmed,PRD-M08,"Confirm ownership, reproduce with dummy data, implement the smallest evidence-backed fix, and add focused regression coverage.",audit-input/03-bug-and-evidence/PM_VERIFIED_BUGS.csv; Bug 19
CBR-PM-020,Bug 20,PM_VERIFIED_BUGS.csv,Raksha,/raksha/policies,Doc upload missing in Add form (present in Edit),"Full form human-scrolled 10-07: Policy Foundation, Financial Cover, Beneficiaries & Coverage (covered members, primary nominee, agent/contact) — no upload block anywhere. Nominee helper text confirms filter on Nominee Eligible flag (see NB-004).","Inspected /raksha/policies/add: no file input; zero upload/attach/document mentions (sections: Policy Foundation, Financial Cover, Beneficiaries & Coverage only). | Fresh-load re-inspection: hasFileInput=false, zero upload/attach/document mentions.",Expected behavior is the inverse of the reported defect: Doc upload missing in Add form (present in Edit),"Inspected /raksha/policies/add: no file input; zero upload/attach/document mentions (sections: Policy Foundation, Financial Cover, Beneficiaries & Coverage only). | Fresh-load re-inspection: hasFileInput=false, zero upload/attach/document mentions.",Low,P3,Confirmed,No duplicate identified in source,None assigned,PM-020,None stated,No direct DA journey reference,Module-local impact; downstream effect Needs WD Verification,PM live observations plus architecture/module maps; root cause Needs WD Verification.,Confirmed,PRD-M08,"Confirm ownership, reproduce with dummy data, implement the smallest evidence-backed fix, and add focused regression coverage.",audit-input/03-bug-and-evidence/PM_VERIFIED_BUGS.csv; Bug 20
CBR-PM-021,Bug 21,PM_VERIFIED_BUGS.csv,Raksha,/raksha/policies,Uploaded doc -> Drive 'file not found',"DUP-1 family complete: 21+25 confirmed, 34 expected identical.","Tester uploaded doc to policy TEST-POL-1234; View -> same phantom Drive URL failure as Bug 25. | Root cause established (internal ID in Drive URL, DUP-1); occurred even AFTER Drive account was linked — Raksha view-URL bug independent of Drive state.",Expected behavior is the inverse of the reported defect: Uploaded doc -> Drive 'file not found',"Tester uploaded doc to policy TEST-POL-1234; View -> same phantom Drive URL failure as Bug 25. | Root cause established (internal ID in Drive URL, DUP-1); occurred even AFTER Drive account was linked — Raksha view-URL bug independent of Drive state.",Medium,P2,Confirmed,Duplicate/related cluster member,DOCUMENT-DRIVE-ID,NB-013,None stated,No direct DA journey reference,Module-local impact; downstream effect Needs WD Verification,"Document handling spans FileUploader, local Vault, and Google Drive helpers; module document IDs are soft references.",Confirmed,PRD-M08,"Confirm ownership, reproduce with dummy data, implement the smallest evidence-backed fix, and add focused regression coverage.",audit-input/03-bug-and-evidence/PM_VERIFIED_BUGS.csv; Bug 21
CBR-PM-022,Bug 22,PM_VERIFIED_BUGS.csv,Pravah,/khate/accounts (source route); reported /pravah,Multiple accounts can be marked primary,Core (no validation on multiple primaries) confirmed; badge absence adds possible flag-loss — verify at data layer when API route known.,"Tester created two accounts, checked Make this my primary on BOTH — no warning or validation appeared (reported defect confirmed). | Post-save list shows NO primary badge on either account — primary status either undisplayed or not persisted (silent-loss suspicion; account API route not discoverable to verify).",Expected behavior is the inverse of the reported defect: Multiple accounts can be marked primary,"Tester created two accounts, checked Make this my primary on BOTH — no warning or validation appeared (reported defect confirmed). | Post-save list shows NO primary badge on either account — primary status either undisplayed or not persisted (silent-loss suspicion; account API route not discoverable to verify).",Medium,P2,Confirmed,No duplicate identified in source,None assigned,PM-022,None stated,No direct DA journey reference,Module-local impact; downstream effect Needs WD Verification,PM live observations plus architecture/module maps; root cause Needs WD Verification.,Confirmed,PRD-M06,"Confirm ownership, reproduce with dummy data, implement the smallest evidence-backed fix, and add focused regression coverage.",audit-input/03-bug-and-evidence/PM_VERIFIED_BUGS.csv; Bug 22
CBR-PM-023,Bug 23,PM_VERIFIED_BUGS.csv,Rin,/rin/loans,Loan start date accepts future dates,Method: programmatic value + change events (keyboard entry blocked by pre-filled field); optional human calendar-picker pass for completeness.,Start Date set to 2027-09-05 through React input/change handlers -> accepted; NO validation message; Create Loan Account stayed enabled. | 2028-01-15 -> identical result.,Expected behavior is the inverse of the reported defect: Loan start date accepts future dates,Start Date set to 2027-09-05 through React input/change handlers -> accepted; NO validation message; Create Loan Account stayed enabled. | 2028-01-15 -> identical result.,Medium,P2,Confirmed,Duplicate/related cluster member,DATE-VALIDATION,PM-019,None stated,No direct DA journey reference,Same missing-date-validation class as 19/27/29/30/36 (DUP-5).,PM live observations plus architecture/module maps; root cause Needs WD Verification.,Confirmed,PRD-M09,"Confirm ownership, reproduce with dummy data, implement the smallest evidence-backed fix, and add focused regression coverage.",audit-input/03-bug-and-evidence/PM_VERIFIED_BUGS.csv; Bug 23
CBR-PM-024,Bug 24,PM_VERIFIED_BUGS.csv,Rin,/rin/loans,Doc upload missing in Add form,Edit-page presence (other half of report) re-checkable once a loan exists.,Fresh Add Loan form: hasFileInput=false; zero upload/attach/document mentions. | Reload re-inspection: identical.,Expected behavior is the inverse of the reported defect: Doc upload missing in Add form,Fresh Add Loan form: hasFileInput=false; zero upload/attach/document mentions. | Reload re-inspection: identical.,Low,P3,Confirmed,No duplicate identified in source,None assigned,PM-024,None stated,No direct DA journey reference,Module-local impact; downstream effect Needs WD Verification,PM live observations plus architecture/module maps; root cause Needs WD Verification.,Confirmed,PRD-M09,"Confirm ownership, reproduce with dummy data, implement the smallest evidence-backed fix, and add focused regression coverage.",audit-input/03-bug-and-evidence/PM_VERIFIED_BUGS.csv; Bug 24
CBR-PM-025,Bug 25,PM_VERIFIED_BUGS.csv,Rin,/rin/loans,Loan doc -> Drive 'file not found',Tester was never asked for Drive consent on this account — file may never reach Drive at all (placeholder ID + fabricated URL). Verify: check Google Drive for Svarajya_Nidhi folder contents.,"Uploaded dummy PDF to loan; View opens drive.google.com/file/d/1783760246043-w8a1ivyxz/view -> Sorry, file does not exist. | Deterministic: the URL embeds the apps INTERNAL documentId (timestamp-random format, API-verified identical) — not a Drive file ID. Same broken URL on every view.",Expected behavior is the inverse of the reported defect: Loan doc -> Drive 'file not found',"Uploaded dummy PDF to loan; View opens drive.google.com/file/d/1783760246043-w8a1ivyxz/view -> Sorry, file does not exist. | Deterministic: the URL embeds the apps INTERNAL documentId (timestamp-random format, API-verified identical) — not a Drive file ID. Same broken URL on every view.",Medium,P2,Confirmed,Duplicate/related cluster member,DOCUMENT-DRIVE-ID,NB-013,None stated,E - Documents step 3 (Fail),ROOT CAUSE for DUP-1 family (Bugs 21/25/34): internal ID used as Drive fileId in view-URL construction.,"Document handling spans FileUploader, local Vault, and Google Drive helpers; module document IDs are soft references.",Confirmed,PRD-M09,"Confirm ownership, reproduce with dummy data, implement the smallest evidence-backed fix, and add focused regression coverage.",audit-input/03-bug-and-evidence/PM_VERIFIED_BUGS.csv; Bug 25
CBR-PM-026,Bug 26,PM_VERIFIED_BUGS.csv,Rin,/rin/loans,End date shown in View but absent in Add/Edit,"Add-form absence 2x (10-07); schema + view-page display (11-07, loan b00496c8). Also: repayment-progress math correct (20.0%); Add Document section present on view page (Bug 24 counterpart consistent).","Add form has NO End Date field. Full field list: loan type, lender, principal, outstanding, EMI, interest %, tenure, start date. | COMPLETED 11-07: schema holds endDate:null (API); loan view page displays END DATE N/A while no Add/Edit form offers the field. All three halves verified.",Expected behavior is the inverse of the reported defect: End date shown in View but absent in Add/Edit,"Add form has NO End Date field. Full field list: loan type, lender, principal, outstanding, EMI, interest %, tenure, start date. | COMPLETED 11-07: schema holds endDate:null (API); loan view page displays END DATE N/A while no Add/Edit form offers the field. All three halves verified.",Low,P3,Confirmed,No duplicate identified in source,None assigned,PM-026,None stated,No direct DA journey reference,Module-local impact; downstream effect Needs WD Verification,PM live observations plus architecture/module maps; root cause Needs WD Verification.,Confirmed,PRD-M09,"Confirm ownership, reproduce with dummy data, implement the smallest evidence-backed fix, and add focused regression coverage.",audit-input/03-bug-and-evidence/PM_VERIFIED_BUGS.csv; Bug 26
CBR-PM-027,Bug 27,PM_VERIFIED_BUGS.csv,Vyaya,/vyaya/entry,Expense date accepts future dates,Vyaya module has Categories/Budget/Subscriptions/Analytics tabs — Subscriptions-inside-Vyaya UI-confirmed; Budget tab exists (PRD 5.3 present).,"Expense date set to 2026-08-20 (6 weeks future) at /vyaya/add via React change handler -> accepted; no validation; Save Expense enabled. | 2026-12-31 -> identical: accepted, 0 messages, save enabled.",Expected behavior is the inverse of the reported defect: Expense date accepts future dates,"Expense date set to 2026-08-20 (6 weeks future) at /vyaya/add via React change handler -> accepted; no validation; Save Expense enabled. | 2026-12-31 -> identical: accepted, 0 messages, save enabled.",Medium,P2,Confirmed,Duplicate/related cluster member,DATE-VALIDATION,PM-019,None stated,No direct DA journey reference,DUP-5 date-validation class. Route note: add-expense lives at /vyaya/add.,PM live observations plus architecture/module maps; root cause Needs WD Verification.,Confirmed,PRD-M05,"Confirm ownership, reproduce with dummy data, implement the smallest evidence-backed fix, and add focused regression coverage.",audit-input/03-bug-and-evidence/PM_VERIFIED_BUGS.csv; Bug 27
CBR-PM-028,Bug 28,PM_VERIFIED_BUGS.csv,Vyaya,/vyaya/entry,Recurring frequency not saved (NULL),"Both expense records have 10 keys, no recurringFrequency. Silent-field-loss family. NB-012 compounds: no expense edit to correct it.","Tester set Recurring ON with Monthly frequency; stored record (API d31b62e1) has isRecurring:true but NO frequency field present at all — frequency lost. | Second expense (1200, subscriptions, Monthly chosen): frequency field ABSENT again — 2 independent records, 0 frequencies persisted.",Expected behavior is the inverse of the reported defect: Recurring frequency not saved (NULL),"Tester set Recurring ON with Monthly frequency; stored record (API d31b62e1) has isRecurring:true but NO frequency field present at all — frequency lost. | Second expense (1200, subscriptions, Monthly chosen): frequency field ABSENT again — 2 independent records, 0 frequencies persisted.",Medium,P2,Confirmed,Duplicate/related cluster member,SILENT-FIELD-LOSS,NB-002,None stated,B - Income and expenses step 2 (Partial); D - Loan and cash flow step 2 (Partial),Module-local impact; downstream effect Needs WD Verification,expense_entries.frequency exists; parallel ExpenseStore/API routes create persistence divergence risk.,Confirmed,PRD-M05,"Confirm ownership, reproduce with dummy data, implement the smallest evidence-backed fix, and add focused regression coverage.",audit-input/03-bug-and-evidence/PM_VERIFIED_BUGS.csv; Bug 28
CBR-PM-029,Bug 29,PM_VERIFIED_BUGS.csv,Vyaya (Subscriptions),/vyaya/subscriptions; /leakage/subscriptions,Last-used/renewal date validations missing,"All subscription operations blocked by NB-014 (/api/subscriptions 500, Prisma P2022). Retest after schema fix. UI shows empty state, not error — saved subscription invisible.",Not supplied; reproduce from the original PM report.,Expected behavior is the inverse of the reported defect: Last-used/renewal date validations missing,Blocked — cannot test,Medium,P2,Blocked — cannot test,Duplicate/related cluster member,DATE-VALIDATION,PM-019,None stated,F - Subscription and reminders step 2 (Fail),Module-local impact; downstream effect Needs WD Verification,PM live observations plus architecture/module maps; root cause Needs WD Verification.,Unconfirmed,PRD-M05,"Unblock the prerequisite, reproduce twice in an isolated test environment, then triage severity and ownership.",audit-input/03-bug-and-evidence/PM_VERIFIED_BUGS.csv; Bug 29
CBR-PM-030,Bug 30,PM_VERIFIED_BUGS.csv,Mitra,/mitra; /succession,Will last-review date accepts future dates,Will toggle itself resists synthetic clicks (human flip required) — same widget family as chapter gates.,"Last Review/Update Date on /mitra/will set to 2026-09-01 (future) -> accepted, zero validation messages (toggle flipped by tester; field revealed). | 2027-01-15 -> identical acceptance, no messages.",Expected behavior is the inverse of the reported defect: Will last-review date accepts future dates,"Last Review/Update Date on /mitra/will set to 2026-09-01 (future) -> accepted, zero validation messages (toggle flipped by tester; field revealed). | 2027-01-15 -> identical acceptance, no messages.",Medium,P2,Confirmed,Duplicate/related cluster member,DATE-VALIDATION,PM-019,None stated,No direct DA journey reference,DUP-5 date-validation class. Executor name/contact fields duplicated on /succession/will (overlap evidence).,PM live observations plus architecture/module maps; root cause Needs WD Verification.,Confirmed,PRD-M12,"Confirm ownership, reproduce with dummy data, implement the smallest evidence-backed fix, and add focused regression coverage.",audit-input/03-bug-and-evidence/PM_VERIFIED_BUGS.csv; Bug 30
CBR-PM-031,Bug 31,PM_VERIFIED_BUGS.csv,Bhoomi,/bhoomi,Header card size inconsistent,"HONEST NOTE: automated width check did NOT reproduce a Bhoomi-vs-Raksha difference. Report may refer to a different viewport, the tab-strip area, or inner padding. Recommend a human side-by-side visual pass + screenshot at the reporters viewport before final verdict — do not mark Confirmed on automation alone. || UPDATE 12-07 (via Bug 15): mechanism found — the header info-card is CONTENT-SIZED (no flex-1), so relative card widths float with description text. Today Bhoomi=808px vs Foundation=790px inside identical 872px rows — Bhoomi is currently the WIDER card, so the report's 'shorter' claim is content/time-dependent; verdict stays Partially reproduced. The 10-07 automation compared the fixed 872px title ROW, not the card — that is why it found no difference. Same one-line fix + same Jira ticket as Bug 15 (width constraint on the shared header-card component).","Measured at ~1470px viewport: Bhoomi header card = 872px wide (bounds 280-1152). Raksha header card = IDENTICAL 872px, same bounds. No width difference found between these two. | Kar comparison inconclusive (differently-structured wrapper prevented like-for-like automated measurement).",Expected behavior is the inverse of the reported defect: Header card size inconsistent,"Measured at ~1470px viewport: Bhoomi header card = 872px wide (bounds 280-1152). Raksha header card = IDENTICAL 872px, same bounds. No width difference found between these two. | Kar comparison inconclusive (differently-structured wrapper prevented like-for-like automated measurement).",Low,P3,Partially reproduced,Duplicate/related cluster member,MODULE-HEADER-CONSISTENCY,PM-015,None stated,No direct DA journey reference,Cosmetic; DUP with Bugs 15/31 (module-card UI consistency family).,PM live observations plus architecture/module maps; root cause Needs WD Verification.,Strong Evidence,PRD-M10,"Confirm ownership, reproduce with dummy data, implement the smallest evidence-backed fix, and add focused regression coverage.",audit-input/03-bug-and-evidence/PM_VERIFIED_BUGS.csv; Bug 31
CBR-PM-032,Bug 32,PM_VERIFIED_BUGS.csv,Kar — ITR,/kar/itr,"Year fields free-text, no picker","Behaviour improved since 06-06 (letter mask added) but core stands: no picker, no YYYY-YY format enforcement, nonsense years pass.",Free-text year fields confirmed (no picker). Character mask NOW blocks letters (banana rejected) — improvement since report — but 99- survives as a value with no format message. | Nonsense year 3000-99 accepted with zero format messages; no picker element anywhere in form.,"Expected behavior is the inverse of the reported defect: Year fields free-text, no picker",Free-text year fields confirmed (no picker). Character mask NOW blocks letters (banana rejected) — improvement since report — but 99- survives as a value with no format message. | Nonsense year 3000-99 accepted with zero format messages; no picker element anywhere in form.,Low,P3,Partially reproduced,No duplicate identified in source,None assigned,PM-032,None stated,No direct DA journey reference,Module-local impact; downstream effect Needs WD Verification,PM live observations plus architecture/module maps; root cause Needs WD Verification.,Strong Evidence,PRD-M11,"Confirm ownership, reproduce with dummy data, implement the smallest evidence-backed fix, and add focused regression coverage.",audit-input/03-bug-and-evidence/PM_VERIFIED_BUGS.csv; Bug 32
CBR-PM-033,Bug 33,PM_VERIFIED_BUGS.csv,Kar — ITR,/kar/itr,Future filing date silently disables Save,"Kar DOES validate the date (unlike Raksha/Rin) but communicates nothing. Also noted: Kar has an in-app, completion-tracked Tax Awareness Primer (Step 1 of 3, Mark-as-watched) — the PRD tutorial spec exists in the codebase but only Kar uses it.","Baseline: all fields valid + past filing date -> Save ENABLED, 0 messages. Changed ONLY filing date to 2026-07-15 -> Save DISABLED, 0 visible validation messages. | Toggled back to valid (Save re-enabled) then to 2026-08-01 -> Save disabled again, 0 messages. Causality proven both directions.",Expected behavior is the inverse of the reported defect: Future filing date silently disables Save,"Baseline: all fields valid + past filing date -> Save ENABLED, 0 messages. Changed ONLY filing date to 2026-07-15 -> Save DISABLED, 0 visible validation messages. | Toggled back to valid (Save re-enabled) then to 2026-08-01 -> Save disabled again, 0 messages. Causality proven both directions.",Medium,P2,Confirmed,Canonical,SILENT-VALIDATION,PM-033,None stated,No direct DA journey reference,Same silent-disable pattern as Bug 37 (DIN form) per report — DUP-3.,PM live observations plus architecture/module maps; root cause Needs WD Verification.,Confirmed,PRD-M11,"Confirm ownership, reproduce with dummy data, implement the smallest evidence-backed fix, and add focused regression coverage.",audit-input/03-bug-and-evidence/PM_VERIFIED_BUGS.csv; Bug 33
CBR-PM-034,Bug 34,PM_VERIFIED_BUGS.csv,Kar — ITR,/kar/itr,ITR doc -> Drive 'file not found',"Kar implements local-save + explicit opt-in Drive sync + real file IDs — the PRD local-first model, working. Recommend porting Kar document handling to Raksha/Rin. Pre-linking ITR state untested (report may reflect unlinked account).","Tester saved ITR record, uploaded doc WITH sync-to-Drive checkbox ticked (Drive linked): View OPENS the document successfully. | Deterministic in current state; contrast: Raksha doc still phantoms after linking (Bug 21).",Expected behavior is the inverse of the reported defect: ITR doc -> Drive 'file not found',"Tester saved ITR record, uploaded doc WITH sync-to-Drive checkbox ticked (Drive linked): View OPENS the document successfully. | Deterministic in current state; contrast: Raksha doc still phantoms after linking (Bug 21).",Medium,P3,Not reproducible,Duplicate/related cluster member,DOCUMENT-DRIVE-ID,NB-013,None stated,No direct DA journey reference,"DUP-1 diverges: Kar works, Raksha/Rin broken.",PM live observations plus architecture/module maps; root cause Needs WD Verification.,Unconfirmed,PRD-M11,Do not close solely on this result; confirm build/environment parity and rerun the canonical reproduction.,audit-input/03-bug-and-evidence/PM_VERIFIED_BUGS.csv; Bug 34
CBR-PM-035,Bug 35,PM_VERIFIED_BUGS.csv,Kar — GST,/kar/gst,One field error triggers all-field validation storm,GST is the ONLY form in the app that shows a date-validation MESSAGE (last filing date cannot be in the future) — but validates all fields on any single change.,"Set ONLY last-filing-date to future (2026-08-01) on pristine form -> NINE errors erupted simultaneously (all required-field messages + the date error). Full list captured verbatim. | Fresh form, 2026-09-15 -> identical 9-error storm.",Expected behavior is the inverse of the reported defect: One field error triggers all-field validation storm,"Set ONLY last-filing-date to future (2026-08-01) on pristine form -> NINE errors erupted simultaneously (all required-field messages + the date error). Full list captured verbatim. | Fresh form, 2026-09-15 -> identical 9-error storm.",Medium,P3,Confirmed,No duplicate identified in source,None assigned,PM-035,None stated,No direct DA journey reference,Module-local impact; downstream effect Needs WD Verification,PM live observations plus architecture/module maps; root cause Needs WD Verification.,Confirmed,PRD-M11,"Confirm ownership, reproduce with dummy data, implement the smallest evidence-backed fix, and add focused regression coverage.",audit-input/03-bug-and-evidence/PM_VERIFIED_BUGS.csv; Bug 35
CBR-PM-036,Bug 36,PM_VERIFIED_BUGS.csv,Kar — GST,/kar/gst,GST next due date accepts past dates,Same form validates one date field with a message and sanity-checks the neighbour not at all.,"Next due date -> 2026-05-01 (past): accepted; its required-error simply cleared (storm 9->8); NO past-date message — while the future-date error sits beside it on the same form. | Fresh form, 2026-03-10 -> identical acceptance, no past message.",Expected behavior is the inverse of the reported defect: GST next due date accepts past dates,"Next due date -> 2026-05-01 (past): accepted; its required-error simply cleared (storm 9->8); NO past-date message — while the future-date error sits beside it on the same form. | Fresh form, 2026-03-10 -> identical acceptance, no past message.",Medium,P2,Confirmed,Duplicate/related cluster member,DATE-VALIDATION,PM-019,None stated,No direct DA journey reference,DUP-5 class. Sharp contrast: adjacent date field on same form HAS a message.,PM live observations plus architecture/module maps; root cause Needs WD Verification.,Confirmed,PRD-M11,"Confirm ownership, reproduce with dummy data, implement the smallest evidence-backed fix, and add focused regression coverage.",audit-input/03-bug-and-evidence/PM_VERIFIED_BUGS.csv; Bug 36
CBR-PM-037,Bug 37,PM_VERIFIED_BUGS.csv,Kar — DIN,/kar/din,"Invalid data silently disables Save, no messages",Reported silent-disable is GONE because validation was removed entirely — invalid DIN/dates now pass client-side checks with Save enabled (Save not clicked; server-side unverified). Regression in the opposite direction since 06-06.,"Baseline valid -> Save enabled. DIN set to 9 digits (123456789) -> Save STILL enabled, value accepted, 0 messages. | Director Since -> future (2027-01-01): Save enabled, 0 msgs. Expiry -> past (2024-01-01): Save enabled, 0 msgs.","Expected behavior is the inverse of the reported defect: Invalid data silently disables Save, no messages","Baseline valid -> Save enabled. DIN set to 9 digits (123456789) -> Save STILL enabled, value accepted, 0 messages. | Director Since -> future (2027-01-01): Save enabled, 0 msgs. Expiry -> past (2024-01-01): Save enabled, 0 msgs.",Medium,P2,Behaviour changed,Duplicate/related cluster member,SILENT-VALIDATION,PM-033,None stated,No direct DA journey reference,Diverged from Bug 33: ITR form still silently disables; DIN form no longer validates at all.,PM live observations plus architecture/module maps; root cause Needs WD Verification.,Strong Evidence,PRD-M11,"Update the canonical defect to the current behavior, preserve the old observation as history, fix the active failure, and rerun regression tests.",audit-input/03-bug-and-evidence/PM_VERIFIED_BUGS.csv; Bug 37
CBR-PM-038,Bug 38,PM_VERIFIED_BUGS.csv,Uttaradhikar,/succession,Executor contact accepts >10 digits,Route: /succession/will. Same executor name/contact fields ALSO exist on /mitra/will — Mitra/Uttaradhikar overlap now field-level confirmed (feeds GAP duplication finding).,"Executor contact accepted a 32-character digit string in full; zero validation messages. | 20-character number: identical acceptance, no messages.",Expected behavior is the inverse of the reported defect: Executor contact accepts >10 digits,"Executor contact accepted a 32-character digit string in full; zero validation messages. | 20-character number: identical acceptance, no messages.",Medium,P2,Confirmed,No duplicate identified in source,None assigned,PM-038,None stated,No direct DA journey reference,"Placeholder says phone OR email — dual-purpose field, but neither format is enforced.",PM live observations plus architecture/module maps; root cause Needs WD Verification.,Confirmed,PRD-M11,"Confirm ownership, reproduce with dummy data, implement the smallest evidence-backed fix, and add focused regression coverage.",audit-input/03-bug-and-evidence/PM_VERIFIED_BUGS.csv; Bug 38
CBR-PM-039,Bug 39,PM_VERIFIED_BUGS.csv,Uttaradhikar,/succession,Emergency phones accept letters,Route: /succession/emergency. Page mentions 6-digit OTP via EMAIL for emergency access — email OTP flow exists while mobile OTP (NB-001) is broken; note for auth epic.,"Primary contact phone accepted letters (ersdtfgyhuijo, 13 chars); no validation message (only unrelated OTP note on page). | Secondary contact phone accepted letters + special characters (werdtfygh!@#); zero validation messages.",Expected behavior is the inverse of the reported defect: Emergency phones accept letters,"Primary contact phone accepted letters (ersdtfgyhuijo, 13 chars); no validation message (only unrelated OTP note on page). | Secondary contact phone accepted letters + special characters (werdtfygh!@#); zero validation messages.",Medium,P2,Confirmed,No duplicate identified in source,None assigned,PM-039,None stated,No direct DA journey reference,Module-local impact; downstream effect Needs WD Verification,PM live observations plus architecture/module maps; root cause Needs WD Verification.,Confirmed,PRD-M11,"Confirm ownership, reproduce with dummy data, implement the smallest evidence-backed fix, and add focused regression coverage.",audit-input/03-bug-and-evidence/PM_VERIFIED_BUGS.csv; Bug 39
CBR-NB-001,NB-001,EXISTING_BUG_REPORT.csv,Onboarding,/onboarding/contact-info,Send OTP fails: Firebase auth/billing-not-enabled,OTP send errors out; mobile verification impossible. Skip Verification works so onboarding is not fully blocked.,Enter any mobile -> click 'Send OTP to mobile',OTP sent via SMS,Red error: Firebase: Error (auth/billing-not-enabled),P1,P1,Draft — reproduce 2x,Canonical,MOBILE-OTP,NB-001,Bug 5 (behaviour changed),A - New user onboarding step 3 (Partial),OTP send errors out; mobile verification impossible. Skip Verification works so onboarding is not fully blocked.,src/app/(onboarding)/onboarding/contact-info/page.tsx uses Firebase phone auth; live billing/config state cannot be verified offline.,Probable,PRD-M01; security/auth is implicit and partly outside concise PRD,"Assign a WD owner, reproduce against the intended non-production environment, fix before release, and attach journey-level regression evidence.",audit-input/03-bug-and-evidence/EXISTING_BUG_REPORT.csv; NB-001
CBR-NB-002,NB-002,EXISTING_BUG_REPORT.csv,Sthapana — Family,/foundation/family,Family member mobile & email lost after save,Mobile and email entered on add-member form are absent from the stored record returned by /api/family. Same pattern as Bug 28.,Add member with mobile + email -> save -> GET /api/family or reopen member,Both fields persisted and returned,Fields absent from stored record,P2,P2,Reproduced 2x,Canonical,SILENT-FIELD-LOSS,NB-002,Bug 28 (pattern),A - New user onboarding step 4 (Partial); A - New user onboarding step 7 (Partial); C - Insurance and nominee step 1 (Partial),Module-local impact; inspect dependency matrix for downstream consumers.,Live/source report correlated with repository architecture and database maps; exact root cause Needs WD Verification.,Confirmed,PRD-M01,"Confirm ownership, reproduce with dummy data, implement the smallest evidence-backed fix, and add focused regression coverage.",audit-input/03-bug-and-evidence/EXISTING_BUG_REPORT.csv; NB-002
CBR-NB-003,NB-003,EXISTING_BUG_REPORT.csv,Sthapana — Profile,/foundation -> EDIT,"Profile editing replays full onboarding, gated behind broken OTP",No dedicated edit form. EDIT re-enters the 5-step onboarding wizard ending at the OTP step that errors (NB-001).,Open /foundation -> click EDIT on profile card,Dedicated edit form for profile fields,Redirect to /onboarding/name; full wizard replay required,P1,P1,Draft — reproduce 2x,No duplicate identified in source,None assigned,NB-003,None stated,No direct DA journey reference,No dedicated edit form. EDIT re-enters the 5-step onboarding wizard ending at the OTP step that errors (NB-001).,Foundation edit routing re-enters onboarding; the OTP dependency is visible in the onboarding route chain.,Probable,PRD-M01; security/auth is implicit and partly outside concise PRD,"Assign a WD owner, reproduce against the intended non-production environment, fix before release, and attach journey-level regression evidence.",audit-input/03-bug-and-evidence/EXISTING_BUG_REPORT.csv; NB-003
CBR-NB-004,NB-004,EXISTING_BUG_REPORT.csv,Sthapana — Family,Add-member form / backend,nomineeEligible not in UI; backend silently defaults TRUE,"Field exists in schema, absent from form; every member becomes nominee-eligible without user choice. Insurance nominee dropdown filters on this flag.",Add member (no nominee choice offered) -> GET /api/family,Explicit nominee-eligible Y/N choice (per PRD),nomineeEligible: true set silently,P2,P2,"Reproduced 2x (UI flow end-to-end: silent default -> nominee dropdown -> stored nomineeId, 11-07)",No duplicate identified in source,None assigned,NB-004,None stated,A - New user onboarding step 4 (Partial); C - Insurance and nominee step 1 (Partial); C - Insurance and nominee step 4 (Pass),Module-local impact; inspect dependency matrix for downstream consumers.,Live/source report correlated with repository architecture and database maps; exact root cause Needs WD Verification.,Confirmed,PRD-M01,"Confirm ownership, reproduce with dummy data, implement the smallest evidence-backed fix, and add focused regression coverage.",audit-input/03-bug-and-evidence/EXISTING_BUG_REPORT.csv; NB-004
CBR-NB-005,NB-005,EXISTING_BUG_REPORT.csv,Sthapana — Family,/foundation/family,No visible path to view/edit members after save,Post-save summary shows dependency stats but no member list; no edit/remove control found.,Save a member -> observe completion screen,Member list with edit/remove,Stats-only summary; member hidden,P3,P3,Draft — reproduce 2x,No duplicate identified in source,None assigned,NB-005,None stated,No direct DA journey reference,Module-local impact; inspect dependency matrix for downstream consumers.,Live/source report correlated with repository architecture and database maps; exact root cause Needs WD Verification.,Probable,PRD-M01,"Confirm ownership, reproduce with dummy data, implement the smallest evidence-backed fix, and add focused regression coverage.",audit-input/03-bug-and-evidence/EXISTING_BUG_REPORT.csv; NB-005
CBR-NB-006,NB-006,EXISTING_BUG_REPORT.csv,Navigation,/foundation/*,Wizard force-routing causes unexpected redirects,/foundation/profile redirects to current wizard step; multiple spontaneous navigations observed during passive inspection.,Navigate to /foundation/profile directly,Profile page opens,"Redirects to current step (e.g., education)",P3,P3,Draft — reproduce 2x,No duplicate identified in source,None assigned,NB-006,None stated,No direct DA journey reference,Module-local impact; inspect dependency matrix for downstream consumers.,Live/source report correlated with repository architecture and database maps; exact root cause Needs WD Verification.,Probable,Needs PM mapping,"Confirm ownership, reproduce with dummy data, implement the smallest evidence-backed fix, and add focused regression coverage.",audit-input/03-bug-and-evidence/EXISTING_BUG_REPORT.csv; NB-006
CBR-NB-007,NB-007,EXISTING_BUG_REPORT.csv,Dashboard,/rajya,Icon-only buttons lack accessible names (17 of 20),Most dashboard buttons expose no accessible name; unusable via screen readers.,Inspect accessibility tree of /rajya,All buttons named,17/20 buttons unnamed,P3,P3,Draft — reproduce 2x,No duplicate identified in source,None assigned,NB-007,None stated,No direct DA journey reference,Module-local impact; inspect dependency matrix for downstream consumers.,Live/source report correlated with repository architecture and database maps; exact root cause Needs WD Verification.,Probable,PRD-M17,"Confirm ownership, reproduce with dummy data, implement the smallest evidence-backed fix, and add focused regression coverage.",audit-input/03-bug-and-evidence/EXISTING_BUG_REPORT.csv; NB-007
CBR-NB-008,NB-008,EXISTING_BUG_REPORT.csv,Dashboard / Alerts,/rajya sidebar + module pages,Stale alert: 'No family members registered' persists after member exists,Recent Alerts still shows 'Your Family Tree is currently empty' while the DB holds a member (1/5 in sync) and the same member appears as a Covered Member chip on the insurance form — one screenshot contradicts itself.,Add a family member -> observe Recent Alerts on any page,Alert clears once condition is resolved,Alert persists indefinitely,P3,P3,"Reproduced 2x (stale alert persists 2d in full notifications feed while member exists and is policy-covered, 11-07)",No duplicate identified in source,None assigned,NB-008,None stated,No direct DA journey reference,Module-local impact; inspect dependency matrix for downstream consumers.,Live/source report correlated with repository architecture and database maps; exact root cause Needs WD Verification.,Confirmed,PRD-M01,"Confirm ownership, reproduce with dummy data, implement the smallest evidence-backed fix, and add focused regression coverage.",audit-input/03-bug-and-evidence/EXISTING_BUG_REPORT.csv; NB-008
CBR-NB-009,NB-009,EXISTING_BUG_REPORT.csv,Onboarding / Profile,/onboarding/contact-info -> /api/profile,Entered mobile number silently discarded when using Skip Verification,"User typed a mobile on the contact-info step; OTP send fails (NB-001) so Skip Verification is the only path; after onboarding, /api/profile shows mobile/primaryMobile/secondaryMobile all null. The persistent Profile-incomplete alert is a downstream symptom.",Enter mobile -> Send OTP fails -> Skip Verification -> GET /api/profile,Mobile stored (unverified flag acceptable),All mobile fields null; no warning shown,P2,P2,Draft — reproduce 2x,Duplicate/related cluster member,SILENT-FIELD-LOSS,NB-002,NB-001; pattern with NB-002 and Bug 28 (silent field loss),A - New user onboarding step 3 (Partial); A - New user onboarding step 7 (Partial),Module-local impact; inspect dependency matrix for downstream consumers.,Contact-info skip path and /api/profile write payload require regression coverage for primaryMobile persistence.,Probable,PRD-M01; security/auth is implicit and partly outside concise PRD,"Confirm ownership, reproduce with dummy data, implement the smallest evidence-backed fix, and add focused regression coverage.",audit-input/03-bug-and-evidence/EXISTING_BUG_REPORT.csv; NB-009
CBR-NB-010,NB-010,EXISTING_BUG_REPORT.csv,Raksha + Uttaradhikar,/succession/nominees,Nominee saved on policy not reflected in Succession Nominee Matrix,"Policy TEST-POL-1234 has nomineeId stored (API-verified, Test Spouse One) yet the Nominee Mapping Matrix shows the same policy as Insurance missing nominee, Mapped 0/Unmapped 1, no mappings. Two disconnected nominee systems; succession registry contradicts insurance data.",Save policy with nominee in Raksha -> open /succession/nominees,Policy shows nominee mapped (or auto-synced mapping),Flagged missing nominee; unmapped,P2,P2,Reproduced 1x — verify once more after next policy,Canonical,NOMINEE-WILL-DIVERGENCE,NB-010,GAP-013 duplication; NB-004 family,C - Insurance and nominee step 5 (Fail),Module-local impact; inspect dependency matrix for downstream consumers.,insurance_policies.nomineeId and succession_nominees/nominee_mapping are parallel soft/split paths without synchronization constraints.,Strong Evidence,PRD-M08,"Confirm ownership, reproduce with dummy data, implement the smallest evidence-backed fix, and add focused regression coverage.",audit-input/03-bug-and-evidence/EXISTING_BUG_REPORT.csv; NB-010
CBR-NB-011,NB-011,EXISTING_BUG_REPORT.csv,Kosh (Income),/kosh/add multi-step flow,Premature success screen; Skip-for-now after it silently discards all entered income data,Mid-flow screen shows TREASURY UPDATED / Income source saved with green check BEFORE any record exists (API empty at that point; record created only at final Save Details 9 min later; lastReviewedAt precedes createdAt). Skip for now after the success screen loses gross/deductions/net silently.,Enter income type+amounts -> reach saved screen -> click Skip for now -> GET /api/income,Either commit at that point or do not claim saved; Skip must warn about unsaved data,"Success claimed, nothing persisted until later step; skip discards data",P2,P2,Reproduced 1x — flow re-run for 2x when convenient,Duplicate/related cluster member,SILENT-FIELD-LOSS,NB-002,"Silent-loss family (NB-002/009, Bug 28); false-confirmation flavour",B - Income and expenses step 1 (Pass),Module-local impact; inspect dependency matrix for downstream consumers.,Configured /kosh/sources/add writes browser IncomeStore while /api/income is a separate database path.,Strong Evidence,PRD-M04,"Confirm ownership, reproduce with dummy data, implement the smallest evidence-backed fix, and add focused regression coverage.",audit-input/03-bug-and-evidence/EXISTING_BUG_REPORT.csv; NB-011
CBR-NB-012,NB-012,EXISTING_BUG_REPORT.csv,Vyaya (Expenses),/vyaya expense list,Expenses cannot be edited — no edit affordance anywhere,Journey step Edit expense (task-doc Journey B5) cannot be executed; tester found no edit control on expense entries. Also blocks user correction of Bug 28 frequency loss.,Add expense -> attempt to edit it from list/detail,Edit affordance exists,None found,P2,P2,Reproduced 1x — second look for hidden edit path advised,Related pattern/source reference,None assigned,NB-012,Bug 28 (compounds),B - Income and expenses step 5 (Fail),Module-local impact; inspect dependency matrix for downstream consumers.,Live/source report correlated with repository architecture and database maps; exact root cause Needs WD Verification.,Strong Evidence,PRD-M05,"Confirm ownership, reproduce with dummy data, implement the smallest evidence-backed fix, and add focused regression coverage.",audit-input/03-bug-and-evidence/EXISTING_BUG_REPORT.csv; NB-012
CBR-NB-013,NB-013,EXISTING_BUG_REPORT.csv,Documents (all modules),Loan doc upload -> Drive URL,"Uploads claim Google Drive storage; no consent asked, no folder/file created, Drive URL fabricated from internal ID","UPDATED 11-07: Behaviour depends on Drive-link state. PRE-CONSENT: loan doc upload claimed success, no Drive artifacts, fabricated URL (original finding). Education upload showed cloud upload failed, local copy saved (honest warning — inconsistent messaging vs loan silent success). POST-CONSENT (tester granted OAuth): education uploads DO reach Drive (Svarajya_Nidhi visible) but first certificate still would not open; Raksha policy doc STILL phantom (Bug 21) — view-URL defect independent of storage state in Raksha/Rin.",Upload doc to loan -> check Drive for Svarajya_Nidhi -> click View,Explicit Drive consent; real upload; working view link (or honest local-storage labelling),Success claimed; no Drive artifacts; fabricated URL; view fails,P1,P1,Reproduced 1x — re-run with Raksha policy doc for 2x,Canonical,DOCUMENT-DRIVE-ID,NB-013,Root cause of Bugs 21/25/34 (DUP-1); escalates GAP-004,No direct DA journey reference,"UPDATED 11-07: Behaviour depends on Drive-link state. PRE-CONSENT: loan doc upload claimed success, no Drive artifacts, fabricated URL (original finding). Education upload showed cloud upload failed, local copy saved (honest warning — inconsistent messaging vs loan silent success). POST-CONSENT (tester granted OAuth): education uploads DO reach Drive (Svarajya_Nidhi visible) but first certificate still would not open; Raksha policy doc STILL phantom (Bug 21) — view-URL defect independent of storage state in Raksha/Rin.","FileUploader, local Vault, google-drive routes, and document_meta use multiple identifiers/storage paths without one FK-backed lifecycle.",Strong Evidence,PRD-M16,"Assign a WD owner, reproduce against the intended non-production environment, fix before release, and attach journey-level regression evidence.",audit-input/03-bug-and-evidence/EXISTING_BUG_REPORT.csv; NB-013
CBR-NB-014,NB-014,EXISTING_BUG_REPORT.csv,Vyaya (Subscriptions),/api/subscriptions,Subscriptions API returns 500 DATABASE_ERROR (Prisma P2022 - missing column),GET /api/subscriptions AND by-id both 500 (Prisma P2022 missing column). CASCADE: save reports SUCCESS (false confirmation); list renders EMPTY STATE (Add your first subscription) rather than an error — saved data invisible and failure fully silent to the user; edit impossible (loads via same 500).,Open Vyaya Subscriptions / GET /api/subscriptions,200 with subscription list,500 DATABASE_ERROR P2022,P1,P1,"Reproduced 2x (list + by-id, deterministic 500). Save-side false-success corroborated by tester.",Canonical,SUBSCRIPTION-LIFECYCLE,NB-014,"Blocks Bug 29 save-side, Journey F; relates to Bug 28 (expense/subscription domain)",F - Subscription and reminders step 1 (Fail); F - Subscription and reminders step 3 (Fail); F - Subscription and reminders step 5b (Fail),GET /api/subscriptions AND by-id both 500 (Prisma P2022 missing column). CASCADE: save reports SUCCESS (false confirmation); list renders EMPTY STATE (Add your first subscription) rather than an error — saved data invisible and failure fully silent to the user; edit impossible (loads via same 500).,"Source has subscriptions columns and Prisma model, while supplied live evidence reports Prisma P2022; live schema parity is therefore unconfirmed.",Confirmed,PRD-M05,"Assign a WD owner, reproduce against the intended non-production environment, fix before release, and attach journey-level regression evidence.",audit-input/03-bug-and-evidence/EXISTING_BUG_REPORT.csv; NB-014
CBR-NB-015,NB-015,EXISTING_BUG_REPORT.csv,Sthapana — Family,Add-member form,Family member mobile accepts fewer than 10 digits,"Mobile field accepts short numbers without validation (tester, 11-07). Same phone-validation gap family as Bugs 38/39.",Add member with e.g. 12345 as mobile,10-digit validation,Accepted,P3,P3,Reproduced 1x,Related pattern/source reference,None assigned,NB-015,Bugs 38/39 family,No direct DA journey reference,Module-local impact; inspect dependency matrix for downstream consumers.,Live/source report correlated with repository architecture and database maps; exact root cause Needs WD Verification.,Strong Evidence,PRD-M01,"Confirm ownership, reproduce with dummy data, implement the smallest evidence-backed fix, and add focused regression coverage.",audit-input/03-bug-and-evidence/EXISTING_BUG_REPORT.csv; NB-015
CBR-NB-016,NB-016,EXISTING_BUG_REPORT.csv,Kunji (Dwaar),/dwaar/portals,Created portal never appears in portal list (save lost or list broken),"Tester completed 2-step portal creation (HDFC test, Store Encrypted, master-password vault initialised) — list still shows Add First Portal empty state, Credential Health 0%. Same save-then-invisible pattern as NB-014 (subscriptions) but without an observable 500 (API route unknown).",Create portal -> return to /dwaar/portals,Portal listed,Empty state; portal invisible; blocks Bug 16,P2,P2,Reproduced 1x (both observers),Related pattern/source reference,None assigned,NB-016,Pattern kin: NB-014; blocks Bug 16,No direct DA journey reference,Module-local impact; inspect dependency matrix for downstream consumers.,Configured Dwaar add page writes CredentialStore; /api/credentials is a separate database path.,Strong Evidence,PRD-M03,"Confirm ownership, reproduce with dummy data, implement the smallest evidence-backed fix, and add focused regression coverage.",audit-input/03-bug-and-evidence/EXISTING_BUG_REPORT.csv; NB-016
CBR-NB-017,NB-017,EXISTING_BUG_REPORT.csv,Pravah (Bank),/pravah,/pravah returns 404 — route regression vs 10-07 verified-working list,"/pravah returns the app 404 page ('Page Not Found'). This route was on the verified working-routes list from the 10-07 sessions, so it is a regression. Bank module (Pravah = PRD M6) is unreachable via its known route.","While logged in, navigate to https://svarajya.vercel.app/pravah",Pravah (Bank) module loads,App 404 page ('Page Not Found. We couldn't find the page you're looking for.'),P1,P1,"Reproduced 2x (404 both loads, 12-07). CONTROL PASSED: /kosh and /foundation both redirect to /start?redirectTo=... (normal auth gate, HTTP-level not a 404) while logged out-state was equal — so the 404 is specific to /pravah, not a session/redirect artifact. Bank data entry & cash-flow journey blocked at the route. Recommend confirming the current correct route in code (possible rename) and restoring or redirecting /pravah.",Related pattern/source reference,None assigned,NB-017,Routing family (NB-006 adjacent),No direct DA journey reference,"/pravah returns the app 404 page ('Page Not Found'). This route was on the verified working-routes list from the 10-07 sessions, so it is a regression. Bank module (Pravah = PRD M6) is unreachable via its known route.",No /pravah route exists in the source snapshot; configured bank route is /khate/accounts.,Confirmed,PRD-M06,"Unblock the prerequisite, reproduce twice in an isolated test environment, then triage severity and ownership.",User Journey & Bug Verification - New Bug List.csv row 18; https://svarajya.vercel.app/pravah
CBR-NB-018,NB-018,EXISTING_BUG_REPORT.csv,Auth / Password reset (Supabase config),Supabase /auth/v1/verify -> redirect_to,Password-reset redirect_to is ignored; user is sent to production Site URL root instead of /reset-password (Set-New-Password screen never reached),"The emailed recovery link carries redirect_to=https://svarajya.vercel.app/reset-password, but Supabase redirects to the project Site URL root https://www.svarajya.com/#access_token=[redacted]&type=recovery instead. The /reset-password page is never loaded, so a user following the email link has no screen on which to set a new password. Root cause is a Supabase Auth config mismatch: svarajya.vercel.app/reset-password is not in the Redirect-URLs allow-list, so Supabase falls back to the Site URL. Also surfaces a two-deployment setup (staging svarajya.vercel.app vs production www.svarajya.com) that the reset flow crosses.",Trigger a password reset for any account and open the emailed link; observe the landing URL,Land on the /reset-password page (on the same domain) with a working Set-New-Password form,"Land on the www.svarajya.com MARKETING landing page (Home/Features/Story/Login) with session tokens in the URL fragment; /reset-password never loads; the fragment is never consumed (no token exchange, no session) so the user is left logged-out with no way to set a new password.",P1,P1,"Status: CONFIRMED, reproduced 2x (12-07). This is the effective root defect behind the Bug 2 report — email-based password reset is non-functional end-to-end (no reset screen reachable, no workaround) = P1. Clean run detail: Supabase Site URL = https://www.svarajya.com (a marketing site) and svarajya.vercel.app/reset-password is not in the Redirect-URLs allow-list, so Supabase falls back to Site URL root. Also confirms a two-deployment setup (staging svarajya.vercel.app vs production www.svarajya.com marketing) that the reset flow crosses. Minor security-hygiene note: a valid bearer JWT is briefly exposed in the URL fragment. Fix = add the correct reset URL to the Supabase Redirect-URLs allow-list AND align Site URL + the app's reset-link generation to one canonical domain that actually renders /reset-password. Do NOT change Supabase settings directly (ground rule 4) — route via Jira.",Canonical,AUTH-RESET,NB-018,Bug 2 (same cluster — together the email-reset journey is P1-critical),No direct DA journey reference,"The emailed recovery link carries redirect_to=https://svarajya.vercel.app/reset-password, but Supabase redirects to the project Site URL root https://www.svarajya.com/#access_token=[redacted]&type=recovery instead. The /reset-password page is never loaded, so a user following the email link has no screen on which to set a new password. Root cause is a Supabase Auth config mismatch: svarajya.vercel.app/reset-password is not in the Redirect-URLs allow-list, so Supabase falls back to the Site URL. Also surfaces a two-deployment setup (staging svarajya.vercel.app vs production www.svarajya.com) that the reset flow crosses.","The reset page exists in source, but redirect allow-list/Site URL behavior is external configuration and cannot be verified offline.",Confirmed,PRD-M01; security/auth is implicit and partly outside concise PRD,"Assign a WD owner, reproduce against the intended non-production environment, fix before release, and attach journey-level regression evidence.",User Journey & Bug Verification - New Bug List.csv row 19; https://svarajya.vercel.app/reset-password ; https://www.svarajya.com/#access_token=[redacted]&type=recovery ; https://www.svarajya.com
CBR-DA10-007,DA10-007,DA_SUSPECTED_MISSING_CONNECTIONS.csv,Sthapana - Family -> Sthapana - Qualification,Cross-module journey,Deletion and unlinking lifecycle: Family member with an associated qualification deleted,A qualification may remain visible without a clear family-member owner.,User Journey Test - Sthapana - Delete or deactivate Records (CSV row 6),Deleting the family member should remove the linked qualification or place it in a clearly defined unassigned state.,"The family member was deleted, but the associated qualification remained available.",P2,P2,No,Related source bug,None assigned,DA10-007,Not applicable,User Journey Test - Sthapana - Delete or deactivate Records (CSV row 6),A qualification may remain visible without a clear family-member owner.,DA live observation correlated with FOREIGN_KEY_AND_RELATIONSHIP_MAP.csv and MODULE_DEPENDENCY_MATRIX.csv; backend cause is not inferred.,Confirmed,PRD-M01; PRD-M01,"WD to answer: When a family member is deleted, should linked qualifications be deleted, retained as unassigned, or reassigned, and how should that state be shown? Then document the authoritative lifecycle and add a regression test.",Evidence folder: https://drive.google.com/drive/folders/1E8MdrtREzzU7c_XYLfj8cehN50Liq3Ik; https://drive.google.com/drive/folders/1E8MdrtREzzU7c_XYLfj8cehN50Liq3Ik; Svarajya App Data and Module Audit - Saloni User Journey Test(1).csv
CBR-DA10-006,DA10-006,DA_SUSPECTED_MISSING_CONNECTIONS.csv,Vyaya - Expenses -> Reminders,Cross-module journey,"Reminder-related connections: Future-dated recurring expense of Rs. 9,999 for July 27, 2027 entered",Users cannot schedule a future recurring expense and may not receive the expected upcoming reminder.,Not applicable,The application should accept a valid future-dated recurring expense and create the corresponding upcoming reminder.,"The application blocked the future date with an error, so the expense-to-reminder connection could not occur. The dependency test recorded this result twice.",P1,P1,No,Related source bug,None assigned,DA10-006,Not applicable,Not applicable,Users cannot schedule a future recurring expense and may not receive the expected upcoming reminder.,DA live observation correlated with FOREIGN_KEY_AND_RELATIONSHIP_MAP.csv and MODULE_DEPENDENCY_MATRIX.csv; backend cause is not inferred.,Confirmed,PRD-M05; PRD-M18,"WD to answer: What date range should Vyaya accept for recurring expenses, and should every accepted future billing date create a reminder for that date? Then document the authoritative lifecycle and add a regression test.",Cross-Module evidence: https://drive.google.com/file/d/1qktNvbUx8Ni2RPUDMopt6Wa-X16bYAOD/view?usp=sharing; https://drive.google.com/file/d/1qktNvbUx8Ni2RPUDMopt6Wa-X16bYAOD/view?usp=sharing; Svarajya App Data and Module Audit - Vinayak -Cross-Module Dependency Observations(1).csv
CBR-DA10-001,DA10-001,DA_SUSPECTED_MISSING_CONNECTIONS.csv,Sthapana - Family -> Raksha - Insurance,Cross-module journey,Family-related connections: Family member added or family name or date of birth updated,"Users may be unable to select a covered family member consistently when creating a policy, even though later updates can appear correctly in other tests.",User Journey Test - Sthapana - Edit the Record (CSV row 5) | Raksha - Edit the Record (CSV row 20),"The family member should be selectable in the Covered Person control, and later family updates should appear in the linked Insurance view.","Dependency row 7 recorded that the Covered Person dropdown did not render in two attempts. Other dependency rows recorded successful Insurance updates for a changed name, changed date of birth, and an emoji-containing name.",P1,P1,Partly,Related source bug,None assigned,DA10-001,Not applicable,User Journey Test - Sthapana - Edit the Record (CSV row 5) | Raksha - Edit the Record (CSV row 20),"Users may be unable to select a covered family member consistently when creating a policy, even though later updates can appear correctly in other tests.",DA live observation correlated with FOREIGN_KEY_AND_RELATIONSHIP_MAP.csv and MODULE_DEPENDENCY_MATRIX.csv; backend cause is not inferred.,Strong Evidence,PRD-M01; PRD-M08,"WD to answer: Under what conditions should the Covered Person control render, and should family additions, name changes, and date-of-birth changes update every linked policy view? Then document the authoritative lifecycle and add a regression test.",Cross-Module evidence: https://drive.google.com/file/d/1dd_ee2-i84w-YqnnXmN7W8RGMMcPN4gZ/view?usp=drive_link | Evidence folder: https://drive.google.com/drive/folders/1E8MdrtREzzU7c_XYLfj8cehN50Liq3Ik | Evidence folder: https://drive.google.com/drive/folders/1A8JOsapnj954EKJApEH6eKGFyeuWD-0A; https://drive.google.com/file/d/1dd_ee2-i84w-YqnnXmN7W8RGMMcPN4gZ/view?usp=drive_link | https://drive.google.com/drive/folders/1E8MdrtREzzU7c_XYLfj8cehN50Liq3Ik | https://drive.google.com/drive/folders/1A8JOsapnj954EKJApEH6eKGFyeuWD-0A; Svarajya App Data and Module Audit - Vinayak -Cross-Module Dependency Observations(1).csv | Svarajya App Data and Module Audit - Saloni User Journey Test(1).csv
CBR-DA10-004A,DA10-004A,DA_SUSPECTED_MISSING_CONNECTIONS.csv,Leakage - Subscriptions -> Vyaya - Expenses,Cross-module journey,Subscription-related connections: Subscription added or billing frequency set to yearly,"A user may be unable to add a subscription, so the corresponding recurring expense may not appear in Vyaya.","User Journey Test - Leakage - Open, create, re-login, edit and delete lifecycle (CSV rows 42-46)",A saved subscription should appear in Vyaya as a recurring expense using the selected billing frequency.,"Dependency row 12 recorded that the Subscriptions module loaded but had no Save or Submit control, so the record could not be added. Dependency row 37 and the User Journey subscription tests later recorded yearly recurring-expense behaviour working when records could be managed.",P2,P2,Partly,Duplicate/related cluster member,SUBSCRIPTION-LIFECYCLE,NB-014,Not applicable,"User Journey Test - Leakage - Open, create, re-login, edit and delete lifecycle (CSV rows 42-46)","A user may be unable to add a subscription, so the corresponding recurring expense may not appear in Vyaya.",DA live observation correlated with FOREIGN_KEY_AND_RELATIONSHIP_MAP.csv and MODULE_DEPENDENCY_MATRIX.csv; backend cause is not inferred.,Strong Evidence,PRD-M13; PRD-M05,"WD to answer: Under what conditions should the Subscriptions Save or Submit control be available, and which billing-frequency rule should populate the Vyaya recurring-expense entry? Then document the authoritative lifecycle and add a regression test.",Cross-Module evidence: https://drive.google.com/file/d/1Xyg7eXPv4jD5ijrlLD1o4gxFaWMZK9lB/view?usp=drive_link | Evidence folder: https://drive.google.com/drive/folders/18HshI1Hreb71VkTNDbpTZ8-oaeDtus4i; https://drive.google.com/file/d/1Xyg7eXPv4jD5ijrlLD1o4gxFaWMZK9lB/view?usp=drive_link | https://drive.google.com/drive/folders/18HshI1Hreb71VkTNDbpTZ8-oaeDtus4i; Svarajya App Data and Module Audit - Vinayak -Cross-Module Dependency Observations(1).csv | Svarajya App Data and Module Audit - Saloni User Journey Test(1).csv
CBR-DA10-004B,DA10-004B,DA_SUSPECTED_MISSING_CONNECTIONS.csv,Leakage - Subscriptions -> Reminders,Cross-module journey,"Subscription-related connections: Subscription billing date, cost, status, or record lifecycle changed",Users may miss a payment reminder or retain an outdated reminder when subscription creation is unavailable in their session.,"User Journey Test - Leakage - Open, create, re-login, edit and delete lifecycle (CSV rows 42-46)","A saved billing date should create a payment reminder, edits should update it, and cancellation or deletion should remove future reminders.","The missing Save or Submit control in dependency row 12 blocked subscription creation in one test. Other dependency tests recorded reminder creation, amount updates, and reminder removal after deletion or cancellation.",P1,P1,Partly,Duplicate/related cluster member,SUBSCRIPTION-LIFECYCLE,NB-014,Not applicable,"User Journey Test - Leakage - Open, create, re-login, edit and delete lifecycle (CSV rows 42-46)",Users may miss a payment reminder or retain an outdated reminder when subscription creation is unavailable in their session.,DA live observation correlated with FOREIGN_KEY_AND_RELATIONSHIP_MAP.csv and MODULE_DEPENDENCY_MATRIX.csv; backend cause is not inferred.,Strong Evidence,PRD-M13; PRD-M18,"WD to answer: When should subscription controls be available, and what reminder creation, update, cancellation, and deletion rules apply after a subscription is successfully saved? Then document the authoritative lifecycle and add a regression test.",Cross-Module evidence: https://drive.google.com/file/d/1Xyg7eXPv4jD5ijrlLD1o4gxFaWMZK9lB/view?usp=drive_link | Evidence folder: https://drive.google.com/drive/folders/18HshI1Hreb71VkTNDbpTZ8-oaeDtus4i; https://drive.google.com/file/d/1Xyg7eXPv4jD5ijrlLD1o4gxFaWMZK9lB/view?usp=drive_link | https://drive.google.com/drive/folders/18HshI1Hreb71VkTNDbpTZ8-oaeDtus4i; Svarajya App Data and Module Audit - Vinayak -Cross-Module Dependency Observations(1).csv | Svarajya App Data and Module Audit - Saloni User Journey Test(1).csv
CBR-DA10-008,DA10-008,DA_SUSPECTED_MISSING_CONNECTIONS.csv,Pehchaan Vault - Identity Documents -> Niddhi Vault - Documents,Cross-module journey,Document-related connections: Saved identity document selected for deletion,Users may not know where to delete an identity document and may leave an unwanted document in place.,User Journey Test - Pehchaan Vault - Delete or deactivate Records (CSV row 11),"The permitted deletion location should be clear, and deleting the document should update all linked identity and document-vault views.",No delete option was available inside Pehchaan. The confirmed Bug Verification record states that deletion was available only through the X icon in Niddhi Vault's general file list.,P2,P2,Partly,Related source bug,None assigned,DA10-008,BUG-007 (Bug Verification CSV - row 8),User Journey Test - Pehchaan Vault - Delete or deactivate Records (CSV row 11),Users may not know where to delete an identity document and may leave an unwanted document in place.,DA live observation correlated with FOREIGN_KEY_AND_RELATIONSHIP_MAP.csv and MODULE_DEPENDENCY_MATRIX.csv; backend cause is not inferred.,Strong Evidence,PRD-M02; PRD-M16,"WD to answer: Which module owns identity-document deletion, and after deletion from the permitted module, which Pehchaan and Niddhi views must update? Then document the authoritative lifecycle and add a regression test.","Evidence folder: https://drive.google.com/drive/folders/15klJ7BbcIUacWh_77-48iSJ90lxEub5D | Evidence folder: https://drive.google.com/drive/folders/1D2pJlHZ6Ok2qHfqS40m_h4LDzz00S0t_?usp=sharing; https://drive.google.com/drive/folders/15klJ7BbcIUacWh_77-48iSJ90lxEub5D | https://drive.google.com/drive/folders/1D2pJlHZ6Ok2qHfqS40m_h4LDzz00S0t_?usp=sharing; Svarajya App Data and Module Audit - Saloni User Journey Test(1).csv | Svarajya App Data and Module Audit - Dipannita, Aayushi, Anirudhra- Bug Verification(1).csv"
CBR-DA10-009A,DA10-009A,DA_SUSPECTED_MISSING_CONNECTIONS.csv,Sthapana - Family -> Mitra - Nominee,Cross-module journey,Deletion and unlinking lifecycle: Family member used in the nominee list deleted,A stale nominee reference could remain or reappear even though the current UI no longer shows the deleted name.,Not applicable,The deleted family member should be removed from the available nominee list and should not remain as a stale visible reference.,The name disappeared from the nominee list UI. The source requested technical confirmation of the lasting deletion or unlinking behaviour.,P2,P2,Needs WD Confirmation,Related source bug,None assigned,DA10-009A,Not applicable,Not applicable,A stale nominee reference could remain or reappear even though the current UI no longer shows the deleted name.,DA live observation correlated with FOREIGN_KEY_AND_RELATIONSHIP_MAP.csv and MODULE_DEPENDENCY_MATRIX.csv; backend cause is not inferred.,Unconfirmed,PRD-M01; PRD-M12,"WD to answer: What is the intended unlinking rule when a family member used as a nominee is deleted, and should the removed name remain absent after refresh and re-login? Then document the authoritative lifecycle and add a regression test.",Evidence missing - follow-up required; Evidence missing - follow-up required; Svarajya App Data and Module Audit - Vinayak -Cross-Module Dependency Observations(1).csv
CBR-DA10-009B,DA10-009B,DA_SUSPECTED_MISSING_CONNECTIONS.csv,Bhoomi - Property -> Rin - Loans,Cross-module journey,Deletion and unlinking lifecycle: Property linked as loan collateral deleted,A deleted property could remain linked or reappear in a loan record after the visible UI has updated.,User Journey Test - Bhoomi - Delete or deactivate Records (CSV row 56),The property link should be removed safely while the loan record remains available.,The Loan Details view changed the collateral value to None without deleting the loan. The source requested confirmation of the lasting unlinking behaviour.,P2,P2,Needs WD Confirmation,Related source bug,None assigned,DA10-009B,Not applicable,User Journey Test - Bhoomi - Delete or deactivate Records (CSV row 56),A deleted property could remain linked or reappear in a loan record after the visible UI has updated.,DA live observation correlated with FOREIGN_KEY_AND_RELATIONSHIP_MAP.csv and MODULE_DEPENDENCY_MATRIX.csv; backend cause is not inferred.,Unconfirmed,PRD-M10; PRD-M09,"WD to answer: When a collateral property is deleted, should the loan retain a None value permanently, and should that state remain after refresh and re-login? Then document the authoritative lifecycle and add a regression test.",Evidence folder: https://drive.google.com/drive/folders/1Q3CraAUq1MRGFRH-uX6wQPWZO-2PWSZC; https://drive.google.com/drive/folders/1Q3CraAUq1MRGFRH-uX6wQPWZO-2PWSZC; Svarajya App Data and Module Audit - Vinayak -Cross-Module Dependency Observations(1).csv | Svarajya App Data and Module Audit - Saloni User Journey Test(1).csv
CBR-DA10-009C,DA10-009C,DA_SUSPECTED_MISSING_CONNECTIONS.csv,Pravah - Bank Accounts -> Vyaya - Expenses,Cross-module journey,Deletion and unlinking lifecycle: Bank account used as an expense payment account deleted,An expense could retain or later display a stale payment-account reference after the bank account is deleted.,User Journey Test - Pravah - Delete or deactivate Records (CSV row 31),The deleted bank account should be removed from the expense record and the payment account should change to a safe empty value.,The expense UI removed the bank name and changed Paid From Account to None. The source requested confirmation of the lasting unlinking behaviour.,P2,P2,Needs WD Confirmation,Related source bug,None assigned,DA10-009C,Not applicable,User Journey Test - Pravah - Delete or deactivate Records (CSV row 31),An expense could retain or later display a stale payment-account reference after the bank account is deleted.,DA live observation correlated with FOREIGN_KEY_AND_RELATIONSHIP_MAP.csv and MODULE_DEPENDENCY_MATRIX.csv; backend cause is not inferred.,Unconfirmed,PRD-M06; PRD-M05,"WD to answer: When a bank account used by an expense is deleted, should Paid From Account remain None after refresh and re-login, and are any user actions required? Then document the authoritative lifecycle and add a regression test.",Evidence folder: https://drive.google.com/drive/folders/1aBgDi9Lx5q5_Bj1QeM1AKwkh6OSmJtb3; https://drive.google.com/drive/folders/1aBgDi9Lx5q5_Bj1QeM1AKwkh6OSmJtb3; Svarajya App Data and Module Audit - Vinayak -Cross-Module Dependency Observations(1).csv | Svarajya App Data and Module Audit - Saloni User Journey Test(1).csv
CBR-DA10-010A,DA10-010A,DA_SUSPECTED_MISSING_CONNECTIONS.csv,Raksha - Insurance -> Reminders,Cross-module journey,Deletion and unlinking lifecycle: Insurance policy deleted,A stale renewal reminder could reappear for a policy that the user has already deleted.,User Journey Test - Raksha - Delete or deactivate Records (CSV row 21),Renewal reminders associated with the deleted policy should be removed and should not return after refresh or re-login.,The linked reminders disappeared immediately from the Reminders list. The dependency source requested confirmation of the lasting cleanup behaviour.,P2,P2,Needs WD Confirmation,Related source bug,None assigned,DA10-010A,Not applicable,User Journey Test - Raksha - Delete or deactivate Records (CSV row 21),A stale renewal reminder could reappear for a policy that the user has already deleted.,DA live observation correlated with FOREIGN_KEY_AND_RELATIONSHIP_MAP.csv and MODULE_DEPENDENCY_MATRIX.csv; backend cause is not inferred.,Unconfirmed,PRD-M08; PRD-M18,"WD to answer: After policy deletion, which renewal reminders should be removed, and should the cleared state remain after refresh and re-login? Then document the authoritative lifecycle and add a regression test.",Evidence folder: https://drive.google.com/drive/folders/1A8JOsapnj954EKJApEH6eKGFyeuWD-0A; https://drive.google.com/drive/folders/1A8JOsapnj954EKJApEH6eKGFyeuWD-0A; Svarajya App Data and Module Audit - Vinayak -Cross-Module Dependency Observations(1).csv | Svarajya App Data and Module Audit - Saloni User Journey Test(1).csv
CBR-DA10-010B,DA10-010B,DA_SUSPECTED_MISSING_CONNECTIONS.csv,Raksha - Insurance -> Niddhi Vault - Documents,Cross-module journey,Deletion and unlinking lifecycle: Insurance policy with a linked PDF deleted,A user may later be unable to find a policy document that appeared available immediately after the policy was deleted.,User Journey Test - Raksha - Delete or deactivate Records (CSV row 21) | Niddhi Vault - Re-Login (CSV row 69),The policy PDF should remain available in Niddhi Vault and should display an Unlinked status after policy deletion.,The document remained visible in the Document Vault and its status changed to Unlinked. The dependency source requested confirmation of lasting document availability.,P2,P2,Needs WD Confirmation,Related source bug,None assigned,DA10-010B,Not applicable,User Journey Test - Raksha - Delete or deactivate Records (CSV row 21) | Niddhi Vault - Re-Login (CSV row 69),A user may later be unable to find a policy document that appeared available immediately after the policy was deleted.,DA live observation correlated with FOREIGN_KEY_AND_RELATIONSHIP_MAP.csv and MODULE_DEPENDENCY_MATRIX.csv; backend cause is not inferred.,Unconfirmed,PRD-M08; PRD-M16,"WD to answer: After policy deletion, who owns the retained PDF, how long should it remain available, and should its Unlinked status persist after refresh and re-login? Then document the authoritative lifecycle and add a regression test.",Evidence folder: https://drive.google.com/drive/folders/1A8JOsapnj954EKJApEH6eKGFyeuWD-0A | Evidence folder: https://drive.google.com/drive/folders/18ugMGXhe8AgktLa_qsOWhqpfoMKJ3o3A; https://drive.google.com/drive/folders/1A8JOsapnj954EKJApEH6eKGFyeuWD-0A | https://drive.google.com/drive/folders/18ugMGXhe8AgktLa_qsOWhqpfoMKJ3o3A; Svarajya App Data and Module Audit - Vinayak -Cross-Module Dependency Observations(1).csv | Svarajya App Data and Module Audit - Saloni User Journey Test(1).csv
CBR-DA10-010C,DA10-010C,DA_SUSPECTED_MISSING_CONNECTIONS.csv,Leakage - Subscriptions -> Reminders,Cross-module journey,Deletion and unlinking lifecycle: Subscription cancelled or deleted,A stale payment reminder could reappear for a subscription the user has cancelled or deleted.,User Journey Test - Leakage - Delete or deactivate Records (CSV row 46),Future payment reminders for the cancelled or deleted subscription should be removed and should not return.,Dependency tests recorded the reminder clearing after deletion and future reminders disappearing after status changed to CANCELLED. The cancellation test requested confirmation of lasting cleanup.,P2,P2,Needs WD Confirmation,Duplicate/related cluster member,SUBSCRIPTION-LIFECYCLE,NB-014,Not applicable,User Journey Test - Leakage - Delete or deactivate Records (CSV row 46),A stale payment reminder could reappear for a subscription the user has cancelled or deleted.,DA live observation correlated with FOREIGN_KEY_AND_RELATIONSHIP_MAP.csv and MODULE_DEPENDENCY_MATRIX.csv; backend cause is not inferred.,Unconfirmed,PRD-M13; PRD-M18,"WD to answer: Do cancellation and deletion follow the same reminder-removal rule, and should removed reminders remain absent after refresh and re-login? Then document the authoritative lifecycle and add a regression test.",Evidence folder: https://drive.google.com/drive/folders/18HshI1Hreb71VkTNDbpTZ8-oaeDtus4i; https://drive.google.com/drive/folders/18HshI1Hreb71VkTNDbpTZ8-oaeDtus4i; Svarajya App Data and Module Audit - Vinayak -Cross-Module Dependency Observations(1).csv | Svarajya App Data and Module Audit - Saloni User Journey Test(1).csv
CBR-DA10-005,DA10-005,DA_SUSPECTED_MISSING_CONNECTIONS.csv,Kunji Vault - Credentials -> Dashboard,Cross-module journey,Credential-related connections: Portal or credential record added or deleted,"The Dashboard may not communicate credential coverage consistently, and users may be unable to verify how portal changes affect the score.",User Journey Test - Kunji vault - Create a record (CSV row 13) | Delete or deactivate Records (CSV row 16),"Adding a portal should positively affect the Dashboard Health Score, and deleting a portal should update the relevant Dashboard total or score according to a defined rule.","Dependency row 15 recorded that the Add Portal button was unresponsive in two attempts, so the Health Score effect could not be tested. The User Journey later recorded portal creation and deletion working and stated that a Dashboard total updated after deletion, but the specific Health Score rule was not verified.",P2,P2,Needs WD Confirmation,Related source bug,None assigned,DA10-005,Not applicable,User Journey Test - Kunji vault - Create a record (CSV row 13) | Delete or deactivate Records (CSV row 16),"The Dashboard may not communicate credential coverage consistently, and users may be unable to verify how portal changes affect the score.",DA live observation correlated with FOREIGN_KEY_AND_RELATIONSHIP_MAP.csv and MODULE_DEPENDENCY_MATRIX.csv; backend cause is not inferred.,Unconfirmed,PRD-M03; PRD-M17,"WD to answer: Which Dashboard metric should change when a Kunji portal is added or deleted, what is the calculation rule, and when should the Add Portal control be available? Then document the authoritative lifecycle and add a regression test.",Cross-Module evidence: https://drive.google.com/file/d/1aIDSJ_fHQWm2wqSUzwsgDcOjogV9BNNa/view?usp=drive_link | Evidence folder: https://drive.google.com/drive/folders/1Zs2gbEVc612ZYZqd4JC33ShQSQXTyoTS; https://drive.google.com/file/d/1aIDSJ_fHQWm2wqSUzwsgDcOjogV9BNNa/view?usp=drive_link | https://drive.google.com/drive/folders/1Zs2gbEVc612ZYZqd4JC33ShQSQXTyoTS; Svarajya App Data and Module Audit - Vinayak -Cross-Module Dependency Observations(1).csv | Svarajya App Data and Module Audit - Saloni User Journey Test(1).csv
CBR-AI-ARC-01,AI-ARC-01,Architecture audit,Authentication / Google linking,/api/auth/link-google; /api/auth/google-callback,Unsigned Google account-link state contains userId and is trusted by callback,Callback decodes Base64 JSON state and uses its userId without a signature/nonce check.,Offline source/metadata inspection; create a controlled non-production reproduction before changing status to live-verified.,State integrity should prevent caller modification and bind the callback to the initiating authenticated session.,Callback decodes Base64 JSON state and uses its userId without a signature/nonce check.,Critical,P1,Source-confirmed; exploitability Needs Security Verification,No duplicate identified in source,None assigned,AI-ARC-01,ARC-01,"Security, release, or cross-module journey impact; live exploit/behavior not asserted.",Potentially affects every dependent route/module identified in architecture and dependency maps.,src/app/api/auth/link-google/route.ts; src/app/api/auth/google-callback/route.ts,Strong Evidence,PRD-M01; security/auth is implicit and partly outside concise PRD,Commission a focused security reproduction with mocked OAuth; sign and expire state before any release.,audit-output/01-repository-and-architecture/ARCHITECTURE_AND_COUPLING_RISKS.md; audit-output/02-database-and-dependencies/DATA_CONSISTENCY_AND_INTEGRITY_RISKS.md
CBR-AI-ARC-02,AI-ARC-02,Architecture audit,Authentication / user provisioning,/api/auth/create-user,Public user-creation endpoint trusts caller-supplied identity fields,Route has no local auth wrapper and accepts caller identity payload.,Offline source/metadata inspection; create a controlled non-production reproduction before changing status to live-verified.,User creation should require a trusted provider event or authenticated server context.,Route has no local auth wrapper and accepts caller identity payload.,High,P1,Confirmed,No duplicate identified in source,None assigned,AI-ARC-02,ARC-02,"Security, release, or cross-module journey impact; live exploit/behavior not asserted.",Potentially affects every dependent route/module identified in architecture and dependency maps.,src/app/api/auth/create-user/route.ts,Confirmed,PRD-M01; security/auth is implicit and partly outside concise PRD,Require a trusted webhook signature/admin context and add unauthorized API tests.,audit-output/01-repository-and-architecture/ARCHITECTURE_AND_COUPLING_RISKS.md; audit-output/02-database-and-dependencies/DATA_CONSISTENCY_AND_INTEGRITY_RISKS.md
CBR-AI-ARC-03,AI-ARC-03,Architecture audit,Profile / authorization,/api/profile,Profile POST includes a hardcoded fallback internal secret,Route contains a fallback secret and a public method branch documented by the architecture audit.,Offline source/metadata inspection; create a controlled non-production reproduction before changing status to live-verified.,Profile writes should be authorized only by verified user/session context and managed secrets.,Route contains a fallback secret and a public method branch documented by the architecture audit.,High,P1,Confirmed,No duplicate identified in source,None assigned,AI-ARC-03,ARC-03,"Security, release, or cross-module journey impact; live exploit/behavior not asserted.",Potentially affects every dependent route/module identified in architecture and dependency maps.,src/app/api/profile/route.ts,Confirmed,PRD-M01; security/auth is implicit and partly outside concise PRD,"Remove fallback authorization, centralize auth middleware, rotate any deployed secret, and regression-test anonymous requests.",audit-output/01-repository-and-architecture/ARCHITECTURE_AND_COUPLING_RISKS.md; audit-output/02-database-and-dependencies/DATA_CONSISTENCY_AND_INTEGRITY_RISKS.md
CBR-AI-ARC-17,AI-ARC-17,Architecture/live baseline audit,Deployment isolation,Preview and Production,Supplied baseline reports Preview and Production share database/service-role variables,Local baseline report states shared variables; no external verification was performed.,Offline source/metadata inspection; create a controlled non-production reproduction before changing status to live-verified.,Preview/test activity must be isolated from production data and privileged credentials.,Local baseline report states shared variables; no external verification was performed.,Critical,P1,Strong Evidence; Needs Platform Owner Verification,No duplicate identified in source,None assigned,AI-ARC-17,ARC-17,"Security, release, or cross-module journey impact; live exploit/behavior not asserted.",Potentially affects every dependent route/module identified in architecture and dependency maps.,audit-input/04-live-and-deployment-context/LIVE_BASELINE.md,Strong Evidence,Needs PM mapping,Platform owner must verify environment separation immediately; do not run tests until isolated.,audit-output/01-repository-and-architecture/ARCHITECTURE_AND_COUPLING_RISKS.md; audit-output/02-database-and-dependencies/DATA_CONSISTENCY_AND_INTEGRITY_RISKS.md
CBR-AI-DB-05,AI-DB-05,Database audit,Document storage security,Supabase Storage metadata,Sensitive-purpose storage buckets are marked public with broad authenticated-object policy,Supplied bucket export marks three buckets public; supplied policy lacks owner/path predicate.,Offline source/metadata inspection; create a controlled non-production reproduction before changing status to live-verified.,"Identity, education, and profile files should have explicit owner/path authorization and non-public defaults unless approved.",Supplied bucket export marks three buckets public; supplied policy lacks owner/path predicate.,High,P1,Confirmed for supplied export; live parity unconfirmed,No duplicate identified in source,None assigned,AI-DB-05,DB-05,"Security, release, or cross-module journey impact; live exploit/behavior not asserted.",Potentially affects every dependent route/module identified in architecture and dependency maps.,audit-input/01-database-structure/SUPABASE_STORAGE_BUCKETS.csv; RLS_POLICIES.csv,Confirmed,PRD-M01; security/auth is implicit and partly outside concise PRD,Verify live bucket/policy state without exposing data; define owner-scoped policies and add storage authorization tests.,audit-output/01-repository-and-architecture/ARCHITECTURE_AND_COUPLING_RISKS.md; audit-output/02-database-and-dependencies/DATA_CONSISTENCY_AND_INTEGRITY_RISKS.md
CBR-AI-DB-08,AI-DB-08,Database audit,Mitra / Succession,/mitra; /succession,Parallel nominee and will table families can disagree,nominee_mapping/will_status and succession_nominees/succession_wills are used by separate routes without synchronization constraints.,Offline source/metadata inspection; create a controlled non-production reproduction before changing status to live-verified.,Mitra and Succession should read and write one authoritative nominee/will state or synchronize explicitly.,nominee_mapping/will_status and succession_nominees/succession_wills are used by separate routes without synchronization constraints.,High,P2,Confirmed,Duplicate/related cluster member,NOMINEE-WILL-DIVERGENCE,NB-010,DB-08; NB-010,"Security, release, or cross-module journey impact; live exploit/behavior not asserted.",Potentially affects every dependent route/module identified in architecture and dependency maps.,src/lib/services/nomineeService.ts; src/lib/services/willService.ts; src/app/api/succession/*,Confirmed,PRD-M12,"PM/WD to choose the authoritative model, migrate/synchronize safely, and add cross-module regression coverage.",audit-output/01-repository-and-architecture/ARCHITECTURE_AND_COUPLING_RISKS.md; audit-output/02-database-and-dependencies/DATA_CONSISTENCY_AND_INTEGRITY_RISKS.md
CBR-AI-ARC-12,AI-ARC-12,Architecture audit,Build/release quality,next.config.ts,Production build ignores TypeScript and ESLint errors,next.config.ts configures ignoreBuildErrors/ignoreDuringBuilds.,Offline source/metadata inspection; create a controlled non-production reproduction before changing status to live-verified.,Release builds should fail on type or lint errors unless a documented exception is approved.,next.config.ts configures ignoreBuildErrors/ignoreDuringBuilds.,High,P1,Confirmed,No duplicate identified in source,None assigned,AI-ARC-12,ARC-12,"Security, release, or cross-module journey impact; live exploit/behavior not asserted.",Potentially affects every dependent route/module identified in architecture and dependency maps.,next.config.ts,Confirmed,Needs PM mapping,Remove bypasses after fixing baseline errors; add CI quality gates before release.,audit-output/01-repository-and-architecture/ARCHITECTURE_AND_COUPLING_RISKS.md; audit-output/02-database-and-dependencies/DATA_CONSISTENCY_AND_INTEGRITY_RISKS.md
