Master Bug ID,Source Bug ID,Source File / Sheet,Source Row / Evidence ID,Module,Screen / Route,Bug Title,Bug Description,Bug Type,Severity,Priority Reason,Reproduction Status,Reproduction Steps,Expected Result,Actual Result,Evidence Available,Evidence Link / Evidence ID,Likely Page / Component File,Likely Hook / Store / Service File,Likely API Route,Likely Supabase Table,Likely DB Field,Related Modules,Dashboard Impact,Reminder Impact,Document Vault Impact,Auth / Security Impact,Data Loss Risk,Calculation Risk,Duplicate Status,Duplicate Of,Technical Confidence,AI Confidence Reason,Needs WD Verification,Suggested Jira Issue Type,Suggested Jira Title,Recommended Next Action,Assigned To,Status,Notes
BUG-AUTH-001,PM-1,audit-input/03-bug-and-evidence/PM_VERIFIED_BUGS.csv,2,Authentication,/password,Google login restricted to test users (app unverified in Google Cloud),"Standing restriction hit every session: non-test Google accounts get Error 403 access_denied (report screenshot). Entire test effort has run on the registered test account (dummyuser@example.com, email/password) + Skip Verification BECAUSE of this gate. | Re-confirmed as the active operating constraint across 08-07 -> 11-07 sessions; Journey A step 1 records it still blocks NEW Google accounts (2026-07-12). Environmental/config (Google Cloud OAuth consent screen unverified / testers allow-list), not app code. | Config-level, not code. Fix = complete Google OAuth verification / publish consent screen (or keep an explicit testers allow-list). Workaround IN USE: email/password signup works, so the app is still enterable -> P1, not P0. NB: a reviewer reading login=P0 strictly may escalate. Do NOT edit Google auth settings (ground rule 4); route via Jira.",Auth,P1,Important user journey or shared module behavior may be blocked or materially degraded.,Reproduced Twice,See source row/evidence; reproduce with dummy data only in isolated environment.,"User should authenticate, recover account, or complete auth callback through the intended route without unsafe session behavior.","Standing restriction hit every session: non-test Google accounts get Error 403 access_denied (report screenshot). Entire test effort has run on the registered test account (dummyuser@example.com, email/password) + Skip Verification BECAUSE of this gate. | Re-confirmed as the active operating constraint across 08-07 -> 11-07 sessions; Journey A step 1 records it still blocks NEW Google accounts (2026-07-12). Environmental/config (Google Cloud OAuth consent screen unverified / testers allow-list), not app code. | Config-level, not code. Fix = complete Google OAuth verification / publish consent screen (or keep an explicit testers allow-list). Workaround IN USE: email/password signup works, so",Yes,—,src/app/(dashboard)/foundation/page.tsx,userService; educationService; familyService; OnboardingStore,/api/profile; /api/education; /api/family,Prisma User/Education/FamilyMember; Supabase Auth metadata and profile-photos Storage; local Vault,Needs WD Verification,Authentication,No,No,No,Yes,Low,No,Parent Bug,,Strong Evidence,Source evidence reports Reproduced Twice; technical/root-cause verification remains pending.,Yes,Bug,[Authentication] Google login restricted to test users (app unverified in Google Cloud),Needs Auth Review,Pending WD Assignment,Draft,Triage: Valid bug. No explicit Himanshu/Harsh verification evidence found.
BUG-AUTH-002,PM-2,audit-input/03-bug-and-evidence/PM_VERIFIED_BUGS.csv,3,Authentication,/api/auth/send-reset,Password reset link errors; auto-logs-in without resetting,"Run 1 (12-07): send-reset OK (POST /api/auth/send-reset 200). Opened recovery link — token ACCEPTED (Supabase minted a valid session), redirect landed on www.svarajya.com root. Inconclusive on end-state: navigated away too quickly and consumed the single-use token. | Run 2 (12-07, fresh link, clean): followed the link WITHOUT navigating away. (a) Token ACCEPTED — valid session JWT minted for the account (NOT the report's 'Invalid token' error). (b) redirect_to (svarajya.vercel.app/reset-password) IGNORED -> landed on the www.svarajya.com MARKETING landing page (Home/Features/Story/Login), not /reset-password and not /rajya. (c) Tokens sit in the URL fragment but are NEVER consumed: network shows NO token-exchange call, localStorage has no auth keys, UI is logged-out -> NO auto-login. (d) Password never resettable (no reset screen reached). | REPORTED SYMPTOMS NOT REPRODUCED on current production: no 'invalid token' error (token is accepted), and no auto-login/redirect-to-/rajya (the minted session is never consumed at the marketing landing). SECURITY FRAMING CORRECTED: my earlier 'possible auth-bypass / P0' concern does NOT hold — a clean run shows the recovery link does not establish a session on the landing page (no Supabase client there to consume the fragment). Residual security note is minor: a valid bearer JWT is briefly exposed in the URL fragment (history/referrer) — hygiene, not account takeover. THE REAL, REPRODUCIBLE DEFECT is that email password reset is broken end-to-end because the link lands on the marketing root instead of /reset-password — tracked and confirmed as NB-018 (upgraded to P1). Kept at P1 as a cluster member with NB-018 (one fix). Do NOT edit Supabase/auth config (ground rule 4); route via Jira.",Auth,P1,Important user journey or shared module behavior may be blocked or materially degraded.,Reproduced Once,See source row/evidence; reproduce with dummy data only in isolated environment.,"User should authenticate, recover account, or complete auth callback through the intended route without unsafe session behavior.","Run 1 (12-07): send-reset OK (POST /api/auth/send-reset 200). Opened recovery link — token ACCEPTED (Supabase minted a valid session), redirect landed on www.svarajya.com root. Inconclusive on end-state: navigated away too quickly and consumed the single-use token. | Run 2 (12-07, fresh link, clean): followed the link WITHOUT navigating away. (a) Token ACCEPTED — valid session JWT minted for the account (NOT the report's 'Invalid token' error). (b) redirect_to (svarajya.vercel.app/reset-password) IGNORED -> landed on the www.svarajya.com MARKETING landing page (Home/Features/Story/Login), not /reset-password and not /rajya. (c) Tokens sit in the URL fragment but are NEVER consumed: network s",Yes,Same cluster as NB-018 (the live reset-broken defect),src/app/(dashboard)/foundation/page.tsx,userService; educationService; familyService; OnboardingStore,/api/profile; /api/education; /api/family,Prisma User/Education/FamilyMember; Supabase Auth metadata and profile-photos Storage; local Vault,Needs WD Verification,Authentication,No,No,No,Yes,Low,No,Parent Bug,,Strong Evidence,Source evidence reports Reproduced Once; technical/root-cause verification remains pending.,Yes,Bug,[Authentication] Password reset link errors; auto-logs-in without resetting,Needs Auth Review,Pending WD Assignment,Draft,Triage: Valid bug. No explicit Himanshu/Harsh verification evidence found.
BUG-AUTH-003,PM-3,audit-input/03-bug-and-evidence/PM_VERIFIED_BUGS.csv,4,Authentication,/OTP,Hide button spacing off,| | Onboarding step-0 Hide button reachable only via profile-EDIT wizard replay (NB-003) ending at broken OTP (NB-001) — access path itself defective. Retest after wizard/OTP fixes.,Auth,P3,"Primarily UI, wording, layout, or lower-risk usability issue unless WD evidence shows deeper impact.",Cannot Reproduce,See source row/evidence; reproduce with dummy data only in isolated environment.,"User should authenticate, recover account, or complete auth callback through the intended route without unsafe session behavior.",| | Onboarding step-0 Hide button reachable only via profile-EDIT wizard replay (NB-003) ending at broken OTP (NB-001) — access path itself defective. Retest after wizard/OTP fixes.,Yes,audit-input/03-bug-and-evidence/PM_VERIFIED_BUGS.csv,src/app/(dashboard)/foundation/page.tsx,userService; educationService; familyService; OnboardingStore,/api/profile; /api/education; /api/family,Prisma User/Education/FamilyMember; Supabase Auth metadata and profile-photos Storage; local Vault,Needs WD Verification,Needs WD Verification,No,No,No,Yes,Low,No,Parent Bug,,Probable,"Static mapping or pattern suggests a risk, but reproduction or direct root-cause proof is incomplete.",Yes,Bug,[Authentication] Hide button spacing off,Needs Auth Review,Pending WD Assignment,Draft,Triage: Valid bug. No explicit Himanshu/Harsh verification evidence found.
BUG-AUTH-003,PM-4,audit-input/03-bug-and-evidence/PM_VERIFIED_BUGS.csv,5,Onboarding,/NB-001,Future DOB shows wrong error message,| | Future-DOB message requires wizard DOB step; same defective access path (NB-003/NB-001). Retest after fixes.,Validation,P2,"Feature can work but may save, display, calculate, or connect data incorrectly.",Cannot Reproduce,See source row/evidence; reproduce with dummy data only in isolated environment.,Invalid input should be blocked with clear field-level feedback.,| | Future-DOB message requires wizard DOB step; same defective access path (NB-003/NB-001). Retest after fixes.,Yes,audit-input/03-bug-and-evidence/PM_VERIFIED_BUGS.csv,src/app/(dashboard)/suchak/page.tsx,IdentityStore/IncomeStore/ExpenseStore/BankStore/OnboardingStore/ThemeStore under src/lib/stores,/api/bank through bankApi,Browser stores plus bank API summary,Needs WD Verification,Needs WD Verification,No,No,No,No,Low,No,Possible Duplicate,BUG-AUTH-003,Probable,"Static mapping or pattern suggests a risk, but reproduction or direct root-cause proof is incomplete.",Yes,Bug,[Onboarding] Future DOB shows wrong error message,Create Jira Bug,Pending WD Assignment,Draft,Triage: Valid bug. No explicit Himanshu/Harsh verification evidence found.
BUG-AUTH-004,PM-5,audit-input/03-bug-and-evidence/PM_VERIFIED_BUGS.csv,6,Authentication,/billing-not-enabled,Mobile OTP was static '1234' (dev mode),"Send OTP now fails with Firebase auth/billing-not-enabled (tester-reproduced 08-07, NB-001); static-1234 path unreachable. | Standing state across 08-07 to 11-07 sessions; no dev-mode code observable. | Report described dev-mode static OTP; current build fails earlier at the send step. Verification journey still broken, differently.",Auth,P1,Important user journey or shared module behavior may be blocked or materially degraded.,Needs WD Verification,See source row/evidence; reproduce with dummy data only in isolated environment.,"User should authenticate, recover account, or complete auth callback through the intended route without unsafe session behavior.","Send OTP now fails with Firebase auth/billing-not-enabled (tester-reproduced 08-07, NB-001); static-1234 path unreachable. | Standing state across 08-07 to 11-07 sessions; no dev-mode code observable. | Report described dev-mode static OTP; current build fails earlier at the send step. Verification journey still broken, differently.",Yes,audit-input/03-bug-and-evidence/PM_VERIFIED_BUGS.csv,src/app/(dashboard)/foundation/page.tsx,userService; educationService; familyService; OnboardingStore,/api/profile; /api/education; /api/family,Prisma User/Education/FamilyMember; Supabase Auth metadata and profile-photos Storage; local Vault,Needs WD Verification,Authentication,No,No,No,Yes,Low,No,Parent Bug,,Unconfirmed,"Source row/report exists, but current live reproduction, code proof, or WD verification is missing.",Yes,Bug,[Authentication] Mobile OTP was static '1234' (dev mode),Needs Auth Review,Pending WD Assignment,Draft,Triage: Valid bug. No explicit Himanshu/Harsh verification evidence found.
BUG-AUTH-005,PM-6,audit-input/03-bug-and-evidence/PM_VERIFIED_BUGS.csv,7,Authentication,/5,Duplicate save buttons in add-member form,"Add-member form open: BOTH Link to Profile and Save & Continue (1/5 members) rendered together (10-07). | Same dual-button state observed and logged 09-07 (prior session, documented). | Two dated observations across two days.",Auth,P3,"Primarily UI, wording, layout, or lower-risk usability issue unless WD evidence shows deeper impact.",Reproduced Once,See source row/evidence; reproduce with dummy data only in isolated environment.,"User should authenticate, recover account, or complete auth callback through the intended route without unsafe session behavior.","Add-member form open: BOTH Link to Profile and Save & Continue (1/5 members) rendered together (10-07). | Same dual-button state observed and logged 09-07 (prior session, documented). | Two dated observations across two days.",Yes,audit-input/03-bug-and-evidence/PM_VERIFIED_BUGS.csv,src/app/(dashboard)/foundation/page.tsx,userService; educationService; familyService; OnboardingStore,/api/profile; /api/education; /api/family,Prisma User/Education/FamilyMember; Supabase Auth metadata and profile-photos Storage; local Vault,Needs WD Verification,Document Vault,No,No,No,Yes,Low,No,Parent Bug,,Strong Evidence,Source evidence reports Reproduced Once; technical/root-cause verification remains pending.,Yes,Bug,[Authentication] Duplicate save buttons in add-member form,Needs Auth Review,Pending WD Assignment,Draft,Triage: Valid bug. No explicit Himanshu/Harsh verification evidence found.
BUG-AUTH-006,PM-7,audit-input/03-bug-and-evidence/PM_VERIFIED_BUGS.csv,8,Authentication,/5,Duplicate buttons after adding member,"Tree view with 1 member: BOTH Forge New Link (Max 5) and Save & Continue (1/5 members) rendered together (10-07). | Same state observed and logged 09-07 (prior session, documented). |",Auth,P3,"Primarily UI, wording, layout, or lower-risk usability issue unless WD evidence shows deeper impact.",Reproduced Once,See source row/evidence; reproduce with dummy data only in isolated environment.,"User should authenticate, recover account, or complete auth callback through the intended route without unsafe session behavior.","Tree view with 1 member: BOTH Forge New Link (Max 5) and Save & Continue (1/5 members) rendered together (10-07). | Same state observed and logged 09-07 (prior session, documented). |",Yes,audit-input/03-bug-and-evidence/PM_VERIFIED_BUGS.csv,src/app/(dashboard)/foundation/page.tsx,userService; educationService; familyService; OnboardingStore,/api/profile; /api/education; /api/family,Prisma User/Education/FamilyMember; Supabase Auth metadata and profile-photos Storage; local Vault,Needs WD Verification,Document Vault,No,No,No,Yes,Low,No,Parent Bug,,Strong Evidence,Source evidence reports Reproduced Once; technical/root-cause verification remains pending.,Yes,Bug,[Authentication] Duplicate buttons after adding member,Needs Auth Review,Pending WD Assignment,Draft,Triage: Valid bug. No explicit Himanshu/Harsh verification evidence found.
BUG-PROFILE-001,PM-8,audit-input/03-bug-and-evidence/PM_VERIFIED_BUGS.csv,9,Sthapana / Foundation,/blur,Email accepts only @gmail.com,REVERSAL: tester attempted family member with dummyuser@example.com -> Link to Profile blocked with Only @gmail.com email addresses are allowed (11-07). | Earlier change/blur events produced no message — validation fires at SUBMIT (the exact caveat recorded on 10-07). Original verdict corrected. | INTEGRITY NOTE: previous Behaviour-changed verdict reversed with new evidence; validation is submit-time only (itself a UX note: no inline feedback until submit).,Save/Create,P2,"Feature can work but may save, display, calculate, or connect data incorrectly.",Reproduced Once,See source row/evidence; reproduce with dummy data only in isolated environment.,Record should save once to the authoritative persistence layer and be visible after refresh/re-login.,REVERSAL: tester attempted family member with dummyuser@example.com -> Link to Profile blocked with Only @gmail.com email addresses are allowed (11-07). | Earlier change/blur events produced no message — validation fires at SUBMIT (the exact caveat recorded on 10-07). Original verdict corrected. | INTEGRITY NOTE: previous Behaviour-changed verdict reversed with new evidence; validation is submit-time only (itself a UX note: no inline feedback until submit).,Yes,audit-input/03-bug-and-evidence/PM_VERIFIED_BUGS.csv,src/app/(dashboard)/dwaar/portals/page.tsx,credentialService; CredentialStore; IdentityStore,/api/credentials; /api/credentials/[id]; /api/profile,Prisma CredentialRecord; browser client stores,name,Auth; Rin; Raksha; Most user-owned modules,Possible,Possible,Possible,No,Low,No,Parent Bug,,Strong Evidence,Source evidence reports Reproduced Once; technical/root-cause verification remains pending.,Yes,Bug,[Sthapana / Foundation] Email accepts only @gmail.com,Create Jira Bug,Pending WD Assignment,Draft,Triage: Valid bug. No explicit Himanshu/Harsh verification evidence found.
BUG-AUTH-007,PM-9,audit-input/03-bug-and-evidence/PM_VERIFIED_BUGS.csv,10,Authentication,/already-registered,Duplicate/already-registered emails accepted,"| | Duplicate-email scenario currently unconstructible: gmail-only gate (Bug 8) blocks the registered login email, and NB-002 loses stored member emails so no in-system duplicate exists to collide with. Retest after Bug 8/NB-002 fixes.",Auth,P2,"Feature can work but may save, display, calculate, or connect data incorrectly.",Cannot Reproduce,See source row/evidence; reproduce with dummy data only in isolated environment.,"User should authenticate, recover account, or complete auth callback through the intended route without unsafe session behavior.","| | Duplicate-email scenario currently unconstructible: gmail-only gate (Bug 8) blocks the registered login email, and NB-002 loses stored member emails so no in-system duplicate exists to collide with. Retest after Bug 8/NB-002 fixes.",Yes,audit-input/03-bug-and-evidence/PM_VERIFIED_BUGS.csv,src/app/(dashboard)/foundation/page.tsx,userService; educationService; familyService; OnboardingStore,/api/profile; /api/education; /api/family,Prisma User/Education/FamilyMember; Supabase Auth metadata and profile-photos Storage; local Vault,Needs WD Verification,Needs WD Verification,No,No,No,Yes,Low,No,Parent Bug,,Probable,"Static mapping or pattern suggests a risk, but reproduction or direct root-cause proof is incomplete.",Yes,Bug,[Authentication] Duplicate/already-registered emails accepted,Needs Auth Review,Pending WD Assignment,Draft,Triage: Valid bug. No explicit Himanshu/Harsh verification evidence found.
BUG-PROFILE-002,PM-10,audit-input/03-bug-and-evidence/PM_VERIFIED_BUGS.csv,11,Sthapana / Foundation,Needs WD Verification,'Add Another' and 'Save & Continue' shown together,"Both Add Another Qualification and Save & Continue to Dashboard rendered together (11-07, 1 qualification present). | Same dual-button state observed and logged 09-07 after qualification save. | Two dated observations.",Save/Create,P3,"Primarily UI, wording, layout, or lower-risk usability issue unless WD evidence shows deeper impact.",Reproduced Once,See source row/evidence; reproduce with dummy data only in isolated environment.,Record should save once to the authoritative persistence layer and be visible after refresh/re-login.,"Both Add Another Qualification and Save & Continue to Dashboard rendered together (11-07, 1 qualification present). | Same dual-button state observed and logged 09-07 after qualification save. | Two dated observations.",Yes,audit-input/03-bug-and-evidence/PM_VERIFIED_BUGS.csv,src/app/(dashboard)/dwaar/portals/page.tsx,credentialService; CredentialStore; IdentityStore,/api/credentials; /api/credentials/[id]; /api/profile,Prisma CredentialRecord; browser client stores,name,Auth; Rin; Raksha; Most user-owned modules; Dashboard,Possible,Possible,Possible,No,Low,No,Parent Bug,,Strong Evidence,Source evidence reports Reproduced Once; technical/root-cause verification remains pending.,Yes,Bug,[Sthapana / Foundation] 'Add Another' and 'Save & Continue' shown together,Create Jira Bug,Pending WD Assignment,Draft,Triage: Valid bug. No explicit Himanshu/Harsh verification evidence found.
BUG-AUTH-008,PM-11,audit-input/03-bug-and-evidence/PM_VERIFIED_BUGS.csv,12,Authentication,/relink,Google Drive link redirects to Pehchaan,| | Post-OAuth redirect target not observed during the single one-time Drive grant; reproducing requires unlink/relink of Google account. Retest on a fresh account or after unlink.,Auth,P2,"Feature can work but may save, display, calculate, or connect data incorrectly.",Cannot Reproduce,See source row/evidence; reproduce with dummy data only in isolated environment.,"User should authenticate, recover account, or complete auth callback through the intended route without unsafe session behavior.",| | Post-OAuth redirect target not observed during the single one-time Drive grant; reproducing requires unlink/relink of Google account. Retest on a fresh account or after unlink.,Yes,audit-input/03-bug-and-evidence/PM_VERIFIED_BUGS.csv,src/app/(dashboard)/foundation/page.tsx,userService; educationService; familyService; OnboardingStore,/api/profile; /api/education; /api/family,Prisma User/Education/FamilyMember; Supabase Auth metadata and profile-photos Storage; local Vault,Needs WD Verification,Authentication,No,No,No,Yes,Low,No,Parent Bug,,Probable,"Static mapping or pattern suggests a risk, but reproduction or direct root-cause proof is incomplete.",Yes,Bug,[Authentication] Google Drive link redirects to Pehchaan,Needs Auth Review,Pending WD Assignment,Draft,Triage: Valid bug. No explicit Himanshu/Harsh verification evidence found.
BUG-PROFILE-003,PM-12,audit-input/03-bug-and-evidence/PM_VERIFIED_BUGS.csv,13,Sthapana / Foundation,Needs WD Verification,Education-loan toggle not saving to DB,Toggle switched ON during Add by tester; saved record stores linkedLoanId: null (API) and loan indicator absent after save. | Consistent with report Bug 12 description and 06-06 evidence. | Silent-field-loss family. Data-level proof: toggle ON -> null.,Save/Create,P2,"Feature can work but may save, display, calculate, or connect data incorrectly.",Reproduced Once,See source row/evidence; reproduce with dummy data only in isolated environment.,Record should save once to the authoritative persistence layer and be visible after refresh/re-login.,Toggle switched ON during Add by tester; saved record stores linkedLoanId: null (API) and loan indicator absent after save. | Consistent with report Bug 12 description and 06-06 evidence. | Silent-field-loss family. Data-level proof: toggle ON -> null.,Yes,audit-input/03-bug-and-evidence/PM_VERIFIED_BUGS.csv,src/app/(dashboard)/dwaar/portals/page.tsx,credentialService; CredentialStore; IdentityStore,/api/credentials; /api/credentials/[id]; /api/profile,Prisma CredentialRecord; browser client stores,name,Auth; Rin; Raksha; Most user-owned modules,Possible,Possible,Possible,No,Low,Possible,Parent Bug,,Strong Evidence,Source evidence reports Reproduced Once; technical/root-cause verification remains pending.,Yes,Bug,[Sthapana / Foundation] Education-loan toggle not saving to DB,Create Jira Bug,Pending WD Assignment,Draft,Triage: Valid bug. No explicit Himanshu/Harsh verification evidence found.
BUG-PROFILE-004,PM-13,audit-input/03-bug-and-evidence/PM_VERIFIED_BUGS.csv,14,Sthapana / Foundation,Needs WD Verification,Doc doesn't move to new member's Drive folder on ownership change,"| | Folder-move behavior requires real Drive storage; NB-013 shows no files reach Drive on this account (no consent, no folder, fabricated URLs). Untestable until storage layer exists.",Edit/Update,P2,"Feature can work but may save, display, calculate, or connect data incorrectly.",Cannot Reproduce,See source row/evidence; reproduce with dummy data only in isolated environment.,Edits should persist and update dependent modules consistently.,"| | Folder-move behavior requires real Drive storage; NB-013 shows no files reach Drive on this account (no consent, no folder, fabricated URLs). Untestable until storage layer exists.",Yes,audit-input/03-bug-and-evidence/PM_VERIFIED_BUGS.csv,src/app/(dashboard)/dwaar/portals/page.tsx,credentialService; CredentialStore; IdentityStore,/api/credentials; /api/credentials/[id]; /api/profile,Prisma CredentialRecord; browser client stores,name,Auth; Rin; Raksha; Most user-owned modules,Possible,Possible,Possible,No,Low,No,Parent Bug,,Probable,"Static mapping or pattern suggests a risk, but reproduction or direct root-cause proof is incomplete.",Yes,Bug,[Sthapana / Foundation] Doc doesn't move to new member's Drive folder on ownership change,Create Jira Bug,Pending WD Assignment,Draft,Triage: Valid bug. No explicit Himanshu/Harsh verification evidence found.
BUG-PROFILE-003,PM-14,audit-input/03-bug-and-evidence/PM_VERIFIED_BUGS.csv,15,Sthapana / Foundation,/Edit,Education-loan toggle missing on edit page,Tester opened edit form on existing qualification: NO Education Loan toggle present (Add form has it). | Matches report exactly; deterministic UI structure. | Add/Edit field parity defect; compounds Bug 12 (even a persisted flag would be uneditable).,Save/Create,P2,"Feature can work but may save, display, calculate, or connect data incorrectly.",Reproduced Once,See source row/evidence; reproduce with dummy data only in isolated environment.,Record should save once to the authoritative persistence layer and be visible after refresh/re-login.,Tester opened edit form on existing qualification: NO Education Loan toggle present (Add form has it). | Matches report exactly; deterministic UI structure. | Add/Edit field parity defect; compounds Bug 12 (even a persisted flag would be uneditable).,Yes,audit-input/03-bug-and-evidence/PM_VERIFIED_BUGS.csv,src/app/(dashboard)/dwaar/portals/page.tsx,credentialService; CredentialStore; IdentityStore,/api/credentials; /api/credentials/[id]; /api/profile,Prisma CredentialRecord; browser client stores,name,Auth; Rin; Raksha; Most user-owned modules,Possible,Possible,Possible,No,Low,Possible,Possible Duplicate,BUG-PROFILE-003,Strong Evidence,Source evidence reports Reproduced Once; technical/root-cause verification remains pending.,Yes,Bug,[Sthapana / Foundation] Education-loan toggle missing on edit page,Create Jira Bug,Pending WD Assignment,Draft,Triage: Valid bug. No explicit Himanshu/Harsh verification evidence found.
BUG-PROFILE-005,PM-15,audit-input/03-bug-and-evidence/PM_VERIFIED_BUGS.csv,16,Sthapana / Foundation,/foundation,Foundation dashboard card UI inconsistent,"DOM measurement run 1 (fresh load in test tab, 1470px viewport / clientWidth 1464): Foundation header info-card = 790px wide (x 328->1118), p-4. Reference: Bhoomi header card, IDENTICAL full class string AND identical row composition (36px back button + 12px gap inside the same 872px header row) = 808px (x 328->1136). 18px width inconsistency between the two modules sharing the card recipe. | Run 2 (independent loads: Bhoomi measured in the already-open tester tab AND re-measured on a fresh load in the test tab; Foundation re-probed after a navigation round-trip): deterministic — 790 vs 808 again. Parent chains identical on both pages (header row 872px @ x280; content column 920px @ x256; margin-right 0 on both cards). | ROOT CAUSE (fix-ready): the header info-card has NO width constraint (no flex-1 / w-full; margin-right 0), so as a plain flex item it is CONTENT-SIZED — each module's card width floats with its description text length (790 vs 808 inside identical 872px rows). One-line fix: add flex-1 to the shared header-card component. This also explains Bug 31 AND why the 10-07 automation found 'no difference' (it measured the fixed-width 872px title ROW, not the card). Report says 'on the dashboard'; the element actually sits at the top of /foundation and matches the report screenshot exactly (back arrow + info icon + Profile/Family/Education chips). Human visual pass now optional — a deterministic DOM delta exists; screenshot captured for a reporter's-eye check anyway.",Save/Create,P3,"Primarily UI, wording, layout, or lower-risk usability issue unless WD evidence shows deeper impact.",Reproduced Once,See source row/evidence; reproduce with dummy data only in isolated environment.,Record should save once to the authoritative persistence layer and be visible after refresh/re-login.,"DOM measurement run 1 (fresh load in test tab, 1470px viewport / clientWidth 1464): Foundation header info-card = 790px wide (x 328->1118), p-4. Reference: Bhoomi header card, IDENTICAL full class string AND identical row composition (36px back button + 12px gap inside the same 872px header row) = 808px (x 328->1136). 18px width inconsistency between the two modules sharing the card recipe. | Run 2 (independent loads: Bhoomi measured in the already-open tester tab AND re-measured on a fresh load in the test tab; Foundation re-probed after a navigation round-trip): deterministic — 790 vs 808 again. Parent chains identical on both pages (header row 872px @ x280; content column 920px @ x256; ma",Yes,Same root cause as Bug 31 (module header-card family) — one Jira ticket,src/app/(dashboard)/dwaar/portals/page.tsx,credentialService; CredentialStore; IdentityStore,/api/credentials; /api/credentials/[id]; /api/profile,Prisma CredentialRecord; browser client stores,name,Auth; Rin; Raksha; Most user-owned modules; Dashboard,Possible,Possible,Possible,No,Low,No,Unique,,Strong Evidence,Source evidence reports Reproduced Once; technical/root-cause verification remains pending.,Yes,Bug,[Sthapana / Foundation] Foundation dashboard card UI inconsistent,Create Jira Bug,Pending WD Assignment,Draft,Triage: Valid bug. No explicit Himanshu/Harsh verification evidence found.
BUG-CREDENTIAL-001,PM-16,audit-input/03-bug-and-evidence/PM_VERIFIED_BUGS.csv,17,Kunji / Credentials,Needs WD Verification,Reveal Password button does nothing,"| | Created portal (HDFC test, encrypted mode, master-password vault set up) does not appear in the portal list (NB-016) — no portal can be opened, so Reveal Password is unreachable. Retest after NB-016 fix.",Auth,P2,"Feature can work but may save, display, calculate, or connect data incorrectly.",Cannot Reproduce,See source row/evidence; reproduce with dummy data only in isolated environment.,"User should authenticate, recover account, or complete auth callback through the intended route without unsafe session behavior.","| | Created portal (HDFC test, encrypted mode, master-password vault set up) does not appear in the portal list (NB-016) — no portal can be opened, so Reveal Password is unreachable. Retest after NB-016 fix.",Yes,audit-input/03-bug-and-evidence/PM_VERIFIED_BUGS.csv,● Confirmed - dwaar/portals/add/page.tsx (create); dwaar/portals/portal/[id]/page.tsx (combined detail+edit),● Confirmed - Same POST /api/credentials endpoint (upsert-style),● Confirmed - POST /api/credentials handles BOTH create and update (branches internally on presence of data.id) - no separate PUT route,● Confirmed - credential_records table,Not mapped,Foundation contacts; Rajya; continuity workflows,Possible,No,No,Yes,Low,No,Unique,,Probable,"Static mapping or pattern suggests a risk, but reproduction or direct root-cause proof is incomplete.",Yes,Bug,[Kunji / Credentials] Reveal Password button does nothing,Needs Auth Review,Pending WD Assignment,Draft,Triage: Valid bug. No explicit Himanshu/Harsh verification evidence found.
BUG-CREDENTIAL-002,PM-17,audit-input/03-bug-and-evidence/PM_VERIFIED_BUGS.csv,18,Kunji / Credentials,/dwaar/portals/add,Registration date accepts future dates,"Route /dwaar/portals/add, step 2: Registration Date set to 12/12/2030 (far future) by tester -> ACCEPTED, no validation message. | Consistent with report; single tester observation (P3 cosmetic-adjacent, low reproduction risk). | Kunji route = /dwaar/portals; add form is 2-step (step1 category/platform/URL, step2 credentials + registration date). Reg date is optional per PRD 3.2.",Save/Create,P3,"Primarily UI, wording, layout, or lower-risk usability issue unless WD evidence shows deeper impact.",Reproduced Once,See source row/evidence; reproduce with dummy data only in isolated environment.,Record should save once to the authoritative persistence layer and be visible after refresh/re-login.,"Route /dwaar/portals/add, step 2: Registration Date set to 12/12/2030 (far future) by tester -> ACCEPTED, no validation message. | Consistent with report; single tester observation (P3 cosmetic-adjacent, low reproduction risk). | Kunji route = /dwaar/portals; add form is 2-step (step1 category/platform/URL, step2 credentials + registration date). Reg date is optional per PRD 3.2.",Yes,audit-input/03-bug-and-evidence/PM_VERIFIED_BUGS.csv,● Confirmed - dwaar/portals/add/page.tsx (create); dwaar/portals/portal/[id]/page.tsx (combined detail+edit),● Confirmed - Same POST /api/credentials endpoint (upsert-style),● Confirmed - POST /api/credentials handles BOTH create and update (branches internally on presence of data.id) - no separate PUT route,● Confirmed - credential_records table,Not mapped,Foundation contacts; Rajya; continuity workflows,Possible,No,No,No,Low,No,Unique,,Strong Evidence,Source evidence reports Reproduced Once; technical/root-cause verification remains pending.,Yes,Bug,[Kunji / Credentials] Registration date accepts future dates,Create Jira Bug,Pending WD Assignment,Draft,Triage: Valid bug. No explicit Himanshu/Harsh verification evidence found.
BUG-LOAN-001,PM-18,audit-input/03-bug-and-evidence/PM_VERIFIED_BUGS.csv,19,Rin / Loans,/12000,"Amount fields: stuck leading 0, no rupee symbol","Typed 8000 into Premium Amount → field showed 80000 (default 0 merged at caret-start) — a plausible-looking 10x corruption of a financial amount. | Caret at end → 08000 (exact reported symptom). Select-all + Delete snaps field back to 0 — cannot be emptied. | SEVERITY NUANCE FINAL: leading-zero display variant is cosmetic at rest (API stored 1000000/12000 correctly, zeros stripped). Caret-at-start variant (tester-corroborated 10-07/11-07) produces value x10 which parses as legitimate and WOULD store wrong — the real data risk. Rupee in label only.",Delete,P2,"Feature can work but may save, display, calculate, or connect data incorrectly.",Reproduced Once,See source row/evidence; reproduce with dummy data only in isolated environment.,Deletion should remove or safely unlink dependent records according to product rules.,"Typed 8000 into Premium Amount → field showed 80000 (default 0 merged at caret-start) — a plausible-looking 10x corruption of a financial amount. | Caret at end → 08000 (exact reported symptom). Select-all + Delete snaps field back to 0 — cannot be emptied. | SEVERITY NUANCE FINAL: leading-zero display variant is cosmetic at rest (API stored 1000000/12000 correctly, zeros stripped). Caret-at-start variant (tester-corroborated 10-07/11-07) produces value x10 which parses as legitimate and WOULD store wrong — the real data risk. Rupee in label only.",Yes,audit-input/03-bug-and-evidence/PM_VERIFIED_BUGS.csv,src/app/(dashboard)/bhoomi/page.tsx,bhoomiService; NotificationStore; Vault,/api/bhoomi/properties; /api/bhoomi/properties/[id]; /api/loans,Prisma PropertyAsset; local Vault,type,Bhoomi; Foundation family; Khate; Rajya; education/property context,Possible,Possible,Possible,No,High,Possible,Unique,,Strong Evidence,Source evidence reports Reproduced Once; technical/root-cause verification remains pending.,Yes,Bug,"[Rin / Loans] Amount fields: stuck leading 0, no rupee symbol",Create Jira Bug,Pending WD Assignment,Draft,Triage: Valid bug. No explicit Himanshu/Harsh verification evidence found.
BUG-INSURANCE-001,PM-19,audit-input/03-bug-and-evidence/PM_VERIFIED_BUGS.csv,20,Raksha / Insurance,/01/2024,Next due date accepts past dates,"Set Next Due Date = 01/01/2024 (2.5 yrs past) → accepted; NO validation message anywhere in form; 'SEAL SHIELD' save button remained enabled. | Fresh form: 2025-06-15 set via React change handler -> accepted; no validation message; tester visual corroboration on screen. | Attempt 1 keyboard, attempt 2 change-handler. Human corroboration 10-07: submit attempt was blocked ONLY by native required validation on Insurer Name — the past date raised nothing. Native validation exists on the form; dates are exempt.",Save/Create,P2,"Feature can work but may save, display, calculate, or connect data incorrectly.",Reproduced Twice,See source row/evidence; reproduce with dummy data only in isolated environment.,Record should save once to the authoritative persistence layer and be visible after refresh/re-login.,"Set Next Due Date = 01/01/2024 (2.5 yrs past) → accepted; NO validation message anywhere in form; 'SEAL SHIELD' save button remained enabled. | Fresh form: 2025-06-15 set via React change handler -> accepted; no validation message; tester visual corroboration on screen. | Attempt 1 keyboard, attempt 2 change-handler. Human corroboration 10-07: submit attempt was blocked ONLY by native required validation on Insurer Name — the past date raised nothing. Native validation exists on the form; dates are exempt.",Yes,audit-input/03-bug-and-evidence/PM_VERIFIED_BUGS.csv,src/app/(dashboard)/suraksha/page.tsx,None,None,None,type,Foundation family; Mitra; Succession; Rajya; Doot; Auth/security concepts only; None confirmed,Possible,Possible,Possible,No,Low,No,Unique,,Strong Evidence,Source evidence reports Reproduced Twice; technical/root-cause verification remains pending.,Yes,Bug,[Raksha / Insurance] Next due date accepts past dates,Create Jira Bug,Pending WD Assignment,Draft,Triage: Valid bug. No explicit Himanshu/Harsh verification evidence found.
BUG-PROFILE-006,PM-20,audit-input/03-bug-and-evidence/PM_VERIFIED_BUGS.csv,21,Sthapana / Foundation,/raksha/policies/add,Doc upload missing in Add form (present in Edit),"Inspected /raksha/policies/add: no file input; zero upload/attach/document mentions (sections: Policy Foundation, Financial Cover, Beneficiaries & Coverage only). | Fresh-load re-inspection: hasFileInput=false, zero upload/attach/document mentions. | Full form human-scrolled 10-07: Policy Foundation, Financial Cover, Beneficiaries & Coverage (covered members, primary nominee, agent/contact) — no upload block anywhere. Nominee helper text confirms filter on Nominee Eligible flag (see NB-004).",Save/Create,P3,"Primarily UI, wording, layout, or lower-risk usability issue unless WD evidence shows deeper impact.",Reproduced Once,See source row/evidence; reproduce with dummy data only in isolated environment.,Record should save once to the authoritative persistence layer and be visible after refresh/re-login.,"Inspected /raksha/policies/add: no file input; zero upload/attach/document mentions (sections: Policy Foundation, Financial Cover, Beneficiaries & Coverage only). | Fresh-load re-inspection: hasFileInput=false, zero upload/attach/document mentions. | Full form human-scrolled 10-07: Policy Foundation, Financial Cover, Beneficiaries & Coverage (covered members, primary nominee, agent/contact) — no upload block anywhere. Nominee helper text confirms filter on Nominee Eligible flag (see NB-004).",Yes,audit-input/03-bug-and-evidence/PM_VERIFIED_BUGS.csv,src/app/(dashboard)/dwaar/portals/page.tsx,credentialService; CredentialStore; IdentityStore,/api/credentials; /api/credentials/[id]; /api/profile,Prisma CredentialRecord; browser client stores,name,Auth; Rin; Raksha; Most user-owned modules; Document Vault,Possible,Possible,Possible,No,Low,No,Parent Bug,,Strong Evidence,Source evidence reports Reproduced Once; technical/root-cause verification remains pending.,Yes,Bug,[Sthapana / Foundation] Doc upload missing in Add form (present in Edit),Create Jira Bug,Pending WD Assignment,Draft,Triage: Valid bug. No explicit Himanshu/Harsh verification evidence found.
BUG-PROFILE-007,PM-21,audit-input/03-bug-and-evidence/PM_VERIFIED_BUGS.csv,22,Sthapana / Foundation,Needs WD Verification,Uploaded doc -> Drive 'file not found',"Tester uploaded doc to policy TEST-POL-1234; View -> same phantom Drive URL failure as Bug 25. | Root cause established (internal ID in Drive URL, DUP-1); occurred even AFTER Drive account was linked — Raksha view-URL bug independent of Drive state. | DUP-1 family complete: 21+25 confirmed, 34 expected identical.",Document Upload,P2,"Feature can work but may save, display, calculate, or connect data incorrectly.",Reproduced Once,See source row/evidence; reproduce with dummy data only in isolated environment.,"Document should upload, link, display, and delete through the intended vault/storage flow.","Tester uploaded doc to policy TEST-POL-1234; View -> same phantom Drive URL failure as Bug 25. | Root cause established (internal ID in Drive URL, DUP-1); occurred even AFTER Drive account was linked — Raksha view-URL bug independent of Drive state. | DUP-1 family complete: 21+25 confirmed, 34 expected identical.",Yes,audit-input/03-bug-and-evidence/PM_VERIFIED_BUGS.csv,src/app/(dashboard)/dwaar/portals/page.tsx,credentialService; CredentialStore; IdentityStore,/api/credentials; /api/credentials/[id]; /api/profile,Prisma CredentialRecord; browser client stores,name,Auth; Rin; Raksha; Most user-owned modules,Possible,Possible,Yes,No,Possible,No,Parent Bug,,Strong Evidence,Source evidence reports Reproduced Once; technical/root-cause verification remains pending.,Yes,Bug,[Sthapana / Foundation] Uploaded doc -> Drive 'file not found',Create Jira Bug,Pending WD Assignment,Draft,Triage: Valid bug. No explicit Himanshu/Harsh verification evidence found.
BUG-BANK-001,PM-22,audit-input/03-bug-and-evidence/PM_VERIFIED_BUGS.csv,23,Pravah / Banking,Needs WD Verification,Multiple accounts can be marked primary,"Tester created two accounts, checked Make this my primary on BOTH — no warning or validation appeared (reported defect confirmed). | Post-save list shows NO primary badge on either account — primary status either undisplayed or not persisted (silent-loss suspicion; account API route not discoverable to verify). | Core (no validation on multiple primaries) confirmed; badge absence adds possible flag-loss — verify at data layer when API route known.",Save/Create,P2,"Feature can work but may save, display, calculate, or connect data incorrectly.",Reproduced Once,See source row/evidence; reproduce with dummy data only in isolated environment.,Record should save once to the authoritative persistence layer and be visible after refresh/re-login.,"Tester created two accounts, checked Make this my primary on BOTH — no warning or validation appeared (reported defect confirmed). | Post-save list shows NO primary badge on either account — primary status either undisplayed or not persisted (silent-loss suspicion; account API route not discoverable to verify). | Core (no validation on multiple primaries) confirmed; badge absence adds possible flag-loss — verify at data layer when API route known.",Yes,audit-input/03-bug-and-evidence/PM_VERIFIED_BUGS.csv,src/app/(dashboard)/khate/accounts/page.tsx,bankService; bankApi; BankStore in src/lib and src/lib/stores,/api/bank; /api/bank/[id],Prisma BankAccount/CashWallet/BalanceHistory; browser stores,bankName,Kosh; Vyaya; Rajya; Suchak; Leakage,Possible,Possible,No,No,High,No,Parent Bug,,Strong Evidence,Source evidence reports Reproduced Once; technical/root-cause verification remains pending.,Yes,Bug,[Pravah / Banking] Multiple accounts can be marked primary,Create Jira Bug,Pending WD Assignment,Draft,Triage: Valid bug. No explicit Himanshu/Harsh verification evidence found.
BUG-BANK-002,PM-23,audit-input/03-bug-and-evidence/PM_VERIFIED_BUGS.csv,24,Pravah / Banking,/change,Loan start date accepts future dates,Start Date set to 2027-09-05 through React input/change handlers -> accepted; NO validation message; Create Loan Account stayed enabled. | 2028-01-15 -> identical result. | Method: programmatic value + change events (keyboard entry blocked by pre-filled field); optional human calendar-picker pass for completeness.,Save/Create,P2,"Feature can work but may save, display, calculate, or connect data incorrectly.",Reproduced Once,See source row/evidence; reproduce with dummy data only in isolated environment.,Record should save once to the authoritative persistence layer and be visible after refresh/re-login.,Start Date set to 2027-09-05 through React input/change handlers -> accepted; NO validation message; Create Loan Account stayed enabled. | 2028-01-15 -> identical result. | Method: programmatic value + change events (keyboard entry blocked by pre-filled field); optional human calendar-picker pass for completeness.,Yes,audit-input/03-bug-and-evidence/PM_VERIFIED_BUGS.csv,src/app/(dashboard)/khate/accounts/page.tsx,bankService; bankApi; BankStore in src/lib and src/lib/stores,/api/bank; /api/bank/[id],Prisma BankAccount/CashWallet/BalanceHistory; browser stores,bankName,Kosh; Vyaya; Rajya; Suchak; Leakage,Possible,Possible,No,No,Low,Possible,Unique,,Strong Evidence,Source evidence reports Reproduced Once; technical/root-cause verification remains pending.,Yes,Bug,[Pravah / Banking] Loan start date accepts future dates,Create Jira Bug,Pending WD Assignment,Draft,Triage: Valid bug. No explicit Himanshu/Harsh verification evidence found.
BUG-LOAN-002,PM-24,audit-input/03-bug-and-evidence/PM_VERIFIED_BUGS.csv,25,Rin / Loans,/attach/document,Doc upload missing in Add form,Fresh Add Loan form: hasFileInput=false; zero upload/attach/document mentions. | Reload re-inspection: identical. | Edit-page presence (other half of report) re-checkable once a loan exists.,Save/Create,P3,"Primarily UI, wording, layout, or lower-risk usability issue unless WD evidence shows deeper impact.",Reproduced Once,See source row/evidence; reproduce with dummy data only in isolated environment.,Record should save once to the authoritative persistence layer and be visible after refresh/re-login.,Fresh Add Loan form: hasFileInput=false; zero upload/attach/document mentions. | Reload re-inspection: identical. | Edit-page presence (other half of report) re-checkable once a loan exists.,Yes,audit-input/03-bug-and-evidence/PM_VERIFIED_BUGS.csv,src/app/(dashboard)/bhoomi/page.tsx,bhoomiService; NotificationStore; Vault,/api/bhoomi/properties; /api/bhoomi/properties/[id]; /api/loans,Prisma PropertyAsset; local Vault,type,Bhoomi; Foundation family; Khate; Rajya; education/property context; Document Vault,Possible,Possible,Possible,No,Low,Possible,Parent Bug,,Strong Evidence,Source evidence reports Reproduced Once; technical/root-cause verification remains pending.,Yes,Bug,[Rin / Loans] Doc upload missing in Add form,Create Jira Bug,Pending WD Assignment,Draft,Triage: Valid bug. No explicit Himanshu/Harsh verification evidence found.
BUG-PROFILE-007,PM-25,audit-input/03-bug-and-evidence/PM_VERIFIED_BUGS.csv,26,Authentication,/file/d/1783760246043-w8a1ivyxz/view,Loan doc -> Drive 'file not found',"Uploaded dummy PDF to loan; View opens drive.google.com/file/d/1783760246043-w8a1ivyxz/view -> Sorry, file does not exist. | Deterministic: the URL embeds the apps INTERNAL documentId (timestamp-random format, API-verified identical) — not a Drive file ID. Same broken URL on every view. | Tester was never asked for Drive consent on this account — file may never reach Drive at all (placeholder ID + fabricated URL). Verify: check Google Drive for Svarajya_Nidhi folder contents.",Document Upload,P2,"Feature can work but may save, display, calculate, or connect data incorrectly.",Reproduced Once,See source row/evidence; reproduce with dummy data only in isolated environment.,"Document should upload, link, display, and delete through the intended vault/storage flow.","Uploaded dummy PDF to loan; View opens drive.google.com/file/d/1783760246043-w8a1ivyxz/view -> Sorry, file does not exist. | Deterministic: the URL embeds the apps INTERNAL documentId (timestamp-random format, API-verified identical) — not a Drive file ID. Same broken URL on every view. | Tester was never asked for Drive consent on this account — file may never reach Drive at all (placeholder ID + fabricated URL). Verify: check Google Drive for Svarajya_Nidhi folder contents.",Yes,audit-input/03-bug-and-evidence/PM_VERIFIED_BUGS.csv,src/app/(dashboard)/foundation/page.tsx,userService; educationService; familyService; OnboardingStore,/api/profile; /api/education; /api/family,Prisma User/Education/FamilyMember; Supabase Auth metadata and profile-photos Storage; local Vault,Needs WD Verification,Document Vault,No,No,Yes,Yes,Possible,Possible,Possible Duplicate,BUG-PROFILE-007,Strong Evidence,Source evidence reports Reproduced Once; technical/root-cause verification remains pending.,Yes,Bug,[Authentication] Loan doc -> Drive 'file not found',Create Jira Bug,Pending WD Assignment,Draft,Triage: Valid bug. No explicit Himanshu/Harsh verification evidence found.
BUG-LOAN-002,PM-26,audit-input/03-bug-and-evidence/PM_VERIFIED_BUGS.csv,27,Rin / Loans,/Edit,End date shown in View but absent in Add/Edit,"Add form has NO End Date field. Full field list: loan type, lender, principal, outstanding, EMI, interest %, tenure, start date. | COMPLETED 11-07: schema holds endDate:null (API); loan view page displays END DATE N/A while no Add/Edit form offers the field. All three halves verified. | Add-form absence 2x (10-07); schema + view-page display (11-07, loan b00496c8). Also: repayment-progress math correct (20.0%); Add Document section present on view page (Bug 24 counterpart consistent).",Save/Create,P3,"Primarily UI, wording, layout, or lower-risk usability issue unless WD evidence shows deeper impact.",Reproduced Once,See source row/evidence; reproduce with dummy data only in isolated environment.,Record should save once to the authoritative persistence layer and be visible after refresh/re-login.,"Add form has NO End Date field. Full field list: loan type, lender, principal, outstanding, EMI, interest %, tenure, start date. | COMPLETED 11-07: schema holds endDate:null (API); loan view page displays END DATE N/A while no Add/Edit form offers the field. All three halves verified. | Add-form absence 2x (10-07); schema + view-page display (11-07, loan b00496c8). Also: repayment-progress math correct (20.0%); Add Document section present on view page (Bug 24 counterpart consistent).",Yes,audit-input/03-bug-and-evidence/PM_VERIFIED_BUGS.csv,src/app/(dashboard)/bhoomi/page.tsx,bhoomiService; NotificationStore; Vault,/api/bhoomi/properties; /api/bhoomi/properties/[id]; /api/loans,Prisma PropertyAsset; local Vault,type,Bhoomi; Foundation family; Khate; Rajya; education/property context; Document Vault,Possible,Possible,Possible,No,Low,Possible,Possible Duplicate,BUG-LOAN-002,Strong Evidence,Source evidence reports Reproduced Once; technical/root-cause verification remains pending.,Yes,Bug,[Rin / Loans] End date shown in View but absent in Add/Edit,Create Jira Bug,Pending WD Assignment,Draft,Triage: Valid bug. No explicit Himanshu/Harsh verification evidence found.
BUG-EXPENSE-001,PM-27,audit-input/03-bug-and-evidence/PM_VERIFIED_BUGS.csv,28,Vyaya / Expenses,/vyaya/add,Expense date accepts future dates,"Expense date set to 2026-08-20 (6 weeks future) at /vyaya/add via React change handler -> accepted; no validation; Save Expense enabled. | 2026-12-31 -> identical: accepted, 0 messages, save enabled. | Vyaya module has Categories/Budget/Subscriptions/Analytics tabs — Subscriptions-inside-Vyaya UI-confirmed; Budget tab exists (PRD 5.3 present).",Save/Create,P2,"Feature can work but may save, display, calculate, or connect data incorrectly.",Reproduced Once,See source row/evidence; reproduce with dummy data only in isolated environment.,Record should save once to the authoritative persistence layer and be visible after refresh/re-login.,"Expense date set to 2026-08-20 (6 weeks future) at /vyaya/add via React change handler -> accepted; no validation; Save Expense enabled. | 2026-12-31 -> identical: accepted, 0 messages, save enabled. | Vyaya module has Categories/Budget/Subscriptions/Analytics tabs — Subscriptions-inside-Vyaya UI-confirmed; Budget tab exists (PRD 5.3 present).",Yes,audit-input/03-bug-and-evidence/PM_VERIFIED_BUGS.csv,src/app/(dashboard)/vyaya/entry/page.tsx,expenseService; expenseCategoryService; budgetService; ExpenseStore in two paths,/api/expenses; /api/expenses/[id]; /api/expense-categories; /api/budget; /api/subscriptions,Prisma ExpenseEntry/ExpenseCategory/BudgetPlan/Subscription; browser stores,date,Khate; Foundation family; Rajya; Suchak; Leakage; Vyaya; Khate; Rajya; Doot,Possible,Possible,No,No,Low,Possible,Unique,,Strong Evidence,Source evidence reports Reproduced Once; technical/root-cause verification remains pending.,Yes,Bug,[Vyaya / Expenses] Expense date accepts future dates,Create Jira Bug,Pending WD Assignment,Draft,Triage: Valid bug. No explicit Himanshu/Harsh verification evidence found.
BUG-PROFILE-008,PM-28,audit-input/03-bug-and-evidence/PM_VERIFIED_BUGS.csv,29,Sthapana / Foundation,Needs WD Verification,Recurring frequency not saved (NULL),"Tester set Recurring ON with Monthly frequency; stored record (API d31b62e1) has isRecurring:true but NO frequency field present at all — frequency lost. | Second expense (1200, subscriptions, Monthly chosen): frequency field ABSENT again — 2 independent records, 0 frequencies persisted. | Both expense records have 10 keys, no recurringFrequency. Silent-field-loss family. NB-012 compounds: no expense edit to correct it.",Save/Create,P2,"Feature can work but may save, display, calculate, or connect data incorrectly.",Reproduced Once,See source row/evidence; reproduce with dummy data only in isolated environment.,Record should save once to the authoritative persistence layer and be visible after refresh/re-login.,"Tester set Recurring ON with Monthly frequency; stored record (API d31b62e1) has isRecurring:true but NO frequency field present at all — frequency lost. | Second expense (1200, subscriptions, Monthly chosen): frequency field ABSENT again — 2 independent records, 0 frequencies persisted. | Both expense records have 10 keys, no recurringFrequency. Silent-field-loss family. NB-012 compounds: no expense edit to correct it.",Yes,audit-input/03-bug-and-evidence/PM_VERIFIED_BUGS.csv,src/app/(dashboard)/dwaar/portals/page.tsx,credentialService; CredentialStore; IdentityStore,/api/credentials; /api/credentials/[id]; /api/profile,Prisma CredentialRecord; browser client stores,name,Auth; Rin; Raksha; Most user-owned modules,Possible,Possible,Possible,No,High,Possible,Parent Bug,,Strong Evidence,Source evidence reports Reproduced Once; technical/root-cause verification remains pending.,Yes,Bug,[Sthapana / Foundation] Recurring frequency not saved (NULL),Create Jira Bug,Pending WD Assignment,Draft,Triage: Valid bug. No explicit Himanshu/Harsh verification evidence found.
BUG-EXPENSE-002,PM-29,audit-input/03-bug-and-evidence/PM_VERIFIED_BUGS.csv,30,Vyaya / Expenses,/renewal,Last-used/renewal date validations missing,"| | All subscription operations blocked by NB-014 (/api/subscriptions 500, Prisma P2022). Retest after schema fix. UI shows empty state, not error — saved subscription invisible.",Save/Create,P2,"Feature can work but may save, display, calculate, or connect data incorrectly.",Cannot Reproduce,See source row/evidence; reproduce with dummy data only in isolated environment.,Record should save once to the authoritative persistence layer and be visible after refresh/re-login.,"| | All subscription operations blocked by NB-014 (/api/subscriptions 500, Prisma P2022). Retest after schema fix. UI shows empty state, not error — saved subscription invisible.",Yes,audit-input/03-bug-and-evidence/PM_VERIFIED_BUGS.csv,src/app/(dashboard)/vyaya/entry/page.tsx,expenseService; expenseCategoryService; budgetService; ExpenseStore in two paths,/api/expenses; /api/expenses/[id]; /api/expense-categories; /api/budget; /api/subscriptions,Prisma ExpenseEntry/ExpenseCategory/BudgetPlan/Subscription; browser stores,date,Khate; Foundation family; Rajya; Suchak; Leakage; Vyaya; Khate; Rajya; Doot,Possible,Possible,No,No,Low,No,Parent Bug,,Probable,"Static mapping or pattern suggests a risk, but reproduction or direct root-cause proof is incomplete.",Yes,Bug,[Vyaya / Expenses] Last-used/renewal date validations missing,Create Jira Bug,Pending WD Assignment,Draft,Triage: Valid bug. No explicit Himanshu/Harsh verification evidence found.
BUG-PROFILE-009,PM-30,audit-input/03-bug-and-evidence/PM_VERIFIED_BUGS.csv,31,Sthapana / Foundation,/Update,Will last-review date accepts future dates,"Last Review/Update Date on /mitra/will set to 2026-09-01 (future) -> accepted, zero validation messages (toggle flipped by tester; field revealed). | 2027-01-15 -> identical acceptance, no messages. | Will toggle itself resists synthetic clicks (human flip required) — same widget family as chapter gates.",Edit/Update,P2,"Feature can work but may save, display, calculate, or connect data incorrectly.",Reproduced Once,See source row/evidence; reproduce with dummy data only in isolated environment.,Edits should persist and update dependent modules consistently.,"Last Review/Update Date on /mitra/will set to 2026-09-01 (future) -> accepted, zero validation messages (toggle flipped by tester; field revealed). | 2027-01-15 -> identical acceptance, no messages. | Will toggle itself resists synthetic clicks (human flip required) — same widget family as chapter gates.",Yes,audit-input/03-bug-and-evidence/PM_VERIFIED_BUGS.csv,src/app/(dashboard)/dwaar/portals/page.tsx,credentialService; CredentialStore; IdentityStore,/api/credentials; /api/credentials/[id]; /api/profile,Prisma CredentialRecord; browser client stores,name,Auth; Rin; Raksha; Most user-owned modules,Possible,Possible,Possible,No,Low,No,Unique,,Strong Evidence,Source evidence reports Reproduced Once; technical/root-cause verification remains pending.,Yes,Bug,[Sthapana / Foundation] Will last-review date accepts future dates,Create Jira Bug,Pending WD Assignment,Draft,Triage: Valid bug. No explicit Himanshu/Harsh verification evidence found.
BUG-PROFILE-010,PM-31,audit-input/03-bug-and-evidence/PM_VERIFIED_BUGS.csv,32,Sthapana / Foundation,/time-dependent,Header card size inconsistent,"Measured at ~1470px viewport: Bhoomi header card = 872px wide (bounds 280-1152). Raksha header card = IDENTICAL 872px, same bounds. No width difference found between these two. | Kar comparison inconclusive (differently-structured wrapper prevented like-for-like automated measurement). | HONEST NOTE: automated width check did NOT reproduce a Bhoomi-vs-Raksha difference. Report may refer to a different viewport, the tab-strip area, or inner padding. Recommend a human side-by-side visual pass + screenshot at the reporters viewport before final verdict — do not mark Confirmed on automation alone. || UPDATE 12-07 (via Bug 15): mechanism found — the header info-card is CONTENT-SIZED (no flex-1), so relative card widths float with description text. Today Bhoomi=808px vs Foundation=790px inside identical 872px rows — Bhoomi is currently the WIDER card, so the report's 'shorter' claim is content/time-dependent; verdict stays Partially reproduced. The 10-07 automation compared the fixed 872px title ROW, not the card — that is why it found no difference. Same one-line fix + same Jira ticket as Bug 15 (width constraint on the shared header-card component).",Edit/Update,P3,"Primarily UI, wording, layout, or lower-risk usability issue unless WD evidence shows deeper impact.",Reproduced Once,See source row/evidence; reproduce with dummy data only in isolated environment.,Edits should persist and update dependent modules consistently.,"Measured at ~1470px viewport: Bhoomi header card = 872px wide (bounds 280-1152). Raksha header card = IDENTICAL 872px, same bounds. No width difference found between these two. | Kar comparison inconclusive (differently-structured wrapper prevented like-for-like automated measurement). | HONEST NOTE: automated width check did NOT reproduce a Bhoomi-vs-Raksha difference. Report may refer to a different viewport, the tab-strip area, or inner padding. Recommend a human side-by-side visual pass + screenshot at the reporters viewport before final verdict — do not mark Confirmed on automation alone. || UPDATE 12-07 (via Bug 15): mechanism found — the header info-card is CONTENT-SIZED (no flex-1),",Yes,audit-input/03-bug-and-evidence/PM_VERIFIED_BUGS.csv,src/app/(dashboard)/dwaar/portals/page.tsx,credentialService; CredentialStore; IdentityStore,/api/credentials; /api/credentials/[id]; /api/profile,Prisma CredentialRecord; browser client stores,name,Auth; Rin; Raksha; Most user-owned modules,Possible,Possible,Possible,No,Low,No,Unique,,Strong Evidence,Source evidence reports Reproduced Once; technical/root-cause verification remains pending.,Yes,Bug,[Sthapana / Foundation] Header card size inconsistent,Create Jira Bug,Pending WD Assignment,Draft,Triage: Valid bug. No explicit Himanshu/Harsh verification evidence found.
BUG-TAX-001,PM-32,audit-input/03-bug-and-evidence/PM_VERIFIED_BUGS.csv,33,Kar / Tax,Needs WD Verification,"Year fields free-text, no picker","Free-text year fields confirmed (no picker). Character mask NOW blocks letters (banana rejected) — improvement since report — but 99- survives as a value with no format message. | Nonsense year 3000-99 accepted with zero format messages; no picker element anywhere in form. | Behaviour improved since 06-06 (letter mask added) but core stands: no picker, no YYYY-YY format enforcement, nonsense years pass.",Validation,P3,"Primarily UI, wording, layout, or lower-risk usability issue unless WD evidence shows deeper impact.",Reproduced Once,See source row/evidence; reproduce with dummy data only in isolated environment.,Invalid input should be blocked with clear field-level feedback.,"Free-text year fields confirmed (no picker). Character mask NOW blocks letters (banana rejected) — improvement since report — but 99- survives as a value with no format message. | Nonsense year 3000-99 accepted with zero format messages; no picker element anywhere in form. | Behaviour improved since 06-06 (letter mask added) but core stands: no picker, no YYYY-YY format enforcement, nonsense years pass.",Yes,audit-input/03-bug-and-evidence/PM_VERIFIED_BUGS.csv,src/app/(dashboard)/kar/page.tsx,taxService; gstService; dinService; FileUploader,/api/kar/summary; /api/kar/insights; /api/kar/tax; /api/kar/gst; /api/kar/din; /api/tax/records; /api/gst/records; /api/din/records,Prisma TaxRecord/GstRecord/DinRecord; local Vault,assessmentYear,Foundation profile; Rajya; Doot; Foundation family; bank; insurance; property; investment; Succession; Rajya; Foundation family; Sampatti; Bhoomi; Beej; Raksha; Rajya readiness views,Possible,Possible,Possible,No,Low,No,Unique,,Strong Evidence,Source evidence reports Reproduced Once; technical/root-cause verification remains pending.,Yes,Bug,"[Kar / Tax] Year fields free-text, no picker",Create Jira Bug,Pending WD Assignment,Draft,Triage: Valid bug. No explicit Himanshu/Harsh verification evidence found.
BUG-LOAN-003,PM-33,audit-input/03-bug-and-evidence/PM_VERIFIED_BUGS.csv,34,Rin / Loans,/Rin,Future filing date silently disables Save,"Baseline: all fields valid + past filing date -> Save ENABLED, 0 messages. Changed ONLY filing date to 2026-07-15 -> Save DISABLED, 0 visible validation messages. | Toggled back to valid (Save re-enabled) then to 2026-08-01 -> Save disabled again, 0 messages. Causality proven both directions. | Kar DOES validate the date (unlike Raksha/Rin) but communicates nothing. Also noted: Kar has an in-app, completion-tracked Tax Awareness Primer (Step 1 of 3, Mark-as-watched) — the PRD tutorial spec exists in the codebase but only Kar uses it.",Save/Create,P2,"Feature can work but may save, display, calculate, or connect data incorrectly.",Reproduced Once,See source row/evidence; reproduce with dummy data only in isolated environment.,Record should save once to the authoritative persistence layer and be visible after refresh/re-login.,"Baseline: all fields valid + past filing date -> Save ENABLED, 0 messages. Changed ONLY filing date to 2026-07-15 -> Save DISABLED, 0 visible validation messages. | Toggled back to valid (Save re-enabled) then to 2026-08-01 -> Save disabled again, 0 messages. Causality proven both directions. | Kar DOES validate the date (unlike Raksha/Rin) but communicates nothing. Also noted: Kar has an in-app, completion-tracked Tax Awareness Primer (Step 1 of 3, Mark-as-watched) — the PRD tutorial spec exists in the codebase but only Kar uses it.",Yes,audit-input/03-bug-and-evidence/PM_VERIFIED_BUGS.csv,src/app/(dashboard)/bhoomi/page.tsx,bhoomiService; NotificationStore; Vault,/api/bhoomi/properties; /api/bhoomi/properties/[id]; /api/loans,Prisma PropertyAsset; local Vault,type,Bhoomi; Foundation family; Khate; Rajya; education/property context,Possible,Possible,Possible,No,Low,No,Unique,,Strong Evidence,Source evidence reports Reproduced Once; technical/root-cause verification remains pending.,Yes,Bug,[Rin / Loans] Future filing date silently disables Save,Create Jira Bug,Pending WD Assignment,Draft,Triage: Valid bug. No explicit Himanshu/Harsh verification evidence found.
BUG-BANK-003,PM-34,audit-input/03-bug-and-evidence/PM_VERIFIED_BUGS.csv,35,Pravah / Banking,/Rin,ITR doc -> Drive 'file not found',"Tester saved ITR record, uploaded doc WITH sync-to-Drive checkbox ticked (Drive linked): View OPENS the document successfully. | Deterministic in current state; contrast: Raksha doc still phantoms after linking (Bug 21). | Kar implements local-save + explicit opt-in Drive sync + real file IDs — the PRD local-first model, working. Recommend porting Kar document handling to Raksha/Rin. Pre-linking ITR state untested (report may reflect unlinked account).",Save/Create,P3,"Primarily UI, wording, layout, or lower-risk usability issue unless WD evidence shows deeper impact.",Needs WD Verification,See source row/evidence; reproduce with dummy data only in isolated environment.,Record should save once to the authoritative persistence layer and be visible after refresh/re-login.,"Tester saved ITR record, uploaded doc WITH sync-to-Drive checkbox ticked (Drive linked): View OPENS the document successfully. | Deterministic in current state; contrast: Raksha doc still phantoms after linking (Bug 21). | Kar implements local-save + explicit opt-in Drive sync + real file IDs — the PRD local-first model, working. Recommend porting Kar document handling to Raksha/Rin. Pre-linking ITR state untested (report may reflect unlinked account).",Yes,audit-input/03-bug-and-evidence/PM_VERIFIED_BUGS.csv,src/app/(dashboard)/khate/accounts/page.tsx,bankService; bankApi; BankStore in src/lib and src/lib/stores,/api/bank; /api/bank/[id],Prisma BankAccount/CashWallet/BalanceHistory; browser stores,bankName,Kosh; Vyaya; Rajya; Suchak; Leakage; Document Vault,Possible,Possible,No,No,Low,No,Unique,,Unconfirmed,"Source row/report exists, but current live reproduction, code proof, or WD verification is missing.",Yes,Bug,[Pravah / Banking] ITR doc -> Drive 'file not found',Create Jira Bug,Pending WD Assignment,Draft,Triage: Valid bug. No explicit Himanshu/Harsh verification evidence found.
BUG-TAX-002,PM-35,audit-input/03-bug-and-evidence/PM_VERIFIED_BUGS.csv,36,Kar / Tax,Needs WD Verification,One field error triggers all-field validation storm,"Set ONLY last-filing-date to future (2026-08-01) on pristine form -> NINE errors erupted simultaneously (all required-field messages + the date error). Full list captured verbatim. | Fresh form, 2026-09-15 -> identical 9-error storm. | GST is the ONLY form in the app that shows a date-validation MESSAGE (last filing date cannot be in the future) — but validates all fields on any single change.",Edit/Update,P3,"Primarily UI, wording, layout, or lower-risk usability issue unless WD evidence shows deeper impact.",Reproduced Once,See source row/evidence; reproduce with dummy data only in isolated environment.,Edits should persist and update dependent modules consistently.,"Set ONLY last-filing-date to future (2026-08-01) on pristine form -> NINE errors erupted simultaneously (all required-field messages + the date error). Full list captured verbatim. | Fresh form, 2026-09-15 -> identical 9-error storm. | GST is the ONLY form in the app that shows a date-validation MESSAGE (last filing date cannot be in the future) — but validates all fields on any single change.",Yes,audit-input/03-bug-and-evidence/PM_VERIFIED_BUGS.csv,src/app/(dashboard)/kar/page.tsx,taxService; gstService; dinService; FileUploader,/api/kar/summary; /api/kar/insights; /api/kar/tax; /api/kar/gst; /api/kar/din; /api/tax/records; /api/gst/records; /api/din/records,Prisma TaxRecord/GstRecord/DinRecord; local Vault,assessmentYear,Foundation profile; Rajya; Doot; Foundation family; bank; insurance; property; investment; Succession; Rajya; Foundation family; Sampatti; Bhoomi; Beej; Raksha; Rajya readiness views,Possible,Possible,Possible,No,Low,No,Unique,,Strong Evidence,Source evidence reports Reproduced Once; technical/root-cause verification remains pending.,Yes,Bug,[Kar / Tax] One field error triggers all-field validation storm,Create Jira Bug,Pending WD Assignment,Draft,Triage: Valid bug. No explicit Himanshu/Harsh verification evidence found.
BUG-TAX-003,PM-36,audit-input/03-bug-and-evidence/PM_VERIFIED_BUGS.csv,37,Kar / Tax,Needs WD Verification,GST next due date accepts past dates,"Next due date -> 2026-05-01 (past): accepted; its required-error simply cleared (storm 9->8); NO past-date message — while the future-date error sits beside it on the same form. | Fresh form, 2026-03-10 -> identical acceptance, no past message. | Same form validates one date field with a message and sanity-checks the neighbour not at all.",Reminder,P2,"Feature can work but may save, display, calculate, or connect data incorrectly.",Reproduced Once,See source row/evidence; reproduce with dummy data only in isolated environment.,"Relevant reminder should be created, updated, or removed consistently.","Next due date -> 2026-05-01 (past): accepted; its required-error simply cleared (storm 9->8); NO past-date message — while the future-date error sits beside it on the same form. | Fresh form, 2026-03-10 -> identical acceptance, no past message. | Same form validates one date field with a message and sanity-checks the neighbour not at all.",Yes,audit-input/03-bug-and-evidence/PM_VERIFIED_BUGS.csv,src/app/(dashboard)/kar/page.tsx,taxService; gstService; dinService; FileUploader,/api/kar/summary; /api/kar/insights; /api/kar/tax; /api/kar/gst; /api/kar/din; /api/tax/records; /api/gst/records; /api/din/records,Prisma TaxRecord/GstRecord/DinRecord; local Vault,assessmentYear,Foundation profile; Rajya; Doot; Foundation family; bank; insurance; property; investment; Succession; Rajya; Foundation family; Sampatti; Bhoomi; Beej; Raksha; Rajya readiness views,Possible,Yes,Possible,No,Low,No,Unique,,Strong Evidence,Source evidence reports Reproduced Once; technical/root-cause verification remains pending.,Yes,Bug,[Kar / Tax] GST next due date accepts past dates,Create Jira Bug,Pending WD Assignment,Draft,Triage: Valid bug. No explicit Himanshu/Harsh verification evidence found.
BUG-TAX-004,PM-37,audit-input/03-bug-and-evidence/PM_VERIFIED_BUGS.csv,38,Kar / Tax,/dates,"Invalid data silently disables Save, no messages","Baseline valid -> Save enabled. DIN set to 9 digits (123456789) -> Save STILL enabled, value accepted, 0 messages. | Director Since -> future (2027-01-01): Save enabled, 0 msgs. Expiry -> past (2024-01-01): Save enabled, 0 msgs. | Reported silent-disable is GONE because validation was removed entirely — invalid DIN/dates now pass client-side checks with Save enabled (Save not clicked; server-side unverified). Regression in the opposite direction since 06-06.",Save/Create,P2,"Feature can work but may save, display, calculate, or connect data incorrectly.",Needs WD Verification,See source row/evidence; reproduce with dummy data only in isolated environment.,Record should save once to the authoritative persistence layer and be visible after refresh/re-login.,"Baseline valid -> Save enabled. DIN set to 9 digits (123456789) -> Save STILL enabled, value accepted, 0 messages. | Director Since -> future (2027-01-01): Save enabled, 0 msgs. Expiry -> past (2024-01-01): Save enabled, 0 msgs. | Reported silent-disable is GONE because validation was removed entirely — invalid DIN/dates now pass client-side checks with Save enabled (Save not clicked; server-side unverified). Regression in the opposite direction since 06-06.",Yes,audit-input/03-bug-and-evidence/PM_VERIFIED_BUGS.csv,src/app/(dashboard)/kar/page.tsx,taxService; gstService; dinService; FileUploader,/api/kar/summary; /api/kar/insights; /api/kar/tax; /api/kar/gst; /api/kar/din; /api/tax/records; /api/gst/records; /api/din/records,Prisma TaxRecord/GstRecord/DinRecord; local Vault,assessmentYear,Foundation profile; Rajya; Doot; Foundation family; bank; insurance; property; investment; Succession; Rajya; Foundation family; Sampatti; Bhoomi; Beej; Raksha; Rajya readiness views,Possible,Possible,Possible,No,Low,No,Unique,,Unconfirmed,"Source row/report exists, but current live reproduction, code proof, or WD verification is missing.",Yes,Bug,"[Kar / Tax] Invalid data silently disables Save, no messages",Create Jira Bug,Pending WD Assignment,Draft,Triage: Valid bug. No explicit Himanshu/Harsh verification evidence found.
BUG-LOAN-004,PM-38,audit-input/03-bug-and-evidence/PM_VERIFIED_BUGS.csv,39,Rin / Loans,/succession/will,Executor contact accepts >10 digits,"Executor contact accepted a 32-character digit string in full; zero validation messages. | 20-character number: identical acceptance, no messages. | Route: /succession/will. Same executor name/contact fields ALSO exist on /mitra/will — Mitra/Uttaradhikar overlap now field-level confirmed (feeds GAP duplication finding).",Navigation,P2,"Feature can work but may save, display, calculate, or connect data incorrectly.",Reproduced Once,See source row/evidence; reproduce with dummy data only in isolated environment.,Expected behavior requires PM/WD confirmation.,"Executor contact accepted a 32-character digit string in full; zero validation messages. | 20-character number: identical acceptance, no messages. | Route: /succession/will. Same executor name/contact fields ALSO exist on /mitra/will — Mitra/Uttaradhikar overlap now field-level confirmed (feeds GAP duplication finding).",Yes,audit-input/03-bug-and-evidence/PM_VERIFIED_BUGS.csv,src/app/(dashboard)/bhoomi/page.tsx,bhoomiService; NotificationStore; Vault,/api/bhoomi/properties; /api/bhoomi/properties/[id]; /api/loans,Prisma PropertyAsset; local Vault,type,Bhoomi; Foundation family; Khate; Rajya; education/property context,Possible,Possible,Possible,No,Low,No,Unique,,Strong Evidence,Source evidence reports Reproduced Once; technical/root-cause verification remains pending.,Yes,Bug,[Rin / Loans] Executor contact accepts >10 digits,Create Jira Bug,Pending WD Assignment,Draft,Triage: Valid bug. No explicit Himanshu/Harsh verification evidence found.
BUG-AUTH-004,PM-39,audit-input/03-bug-and-evidence/PM_VERIFIED_BUGS.csv,40,Authentication,/succession/emergency,Emergency phones accept letters,"Primary contact phone accepted letters (ersdtfgyhuijo, 13 chars); no validation message (only unrelated OTP note on page). | Secondary contact phone accepted letters + special characters (werdtfygh!@#); zero validation messages. | Route: /succession/emergency. Page mentions 6-digit OTP via EMAIL for emergency access — email OTP flow exists while mobile OTP (NB-001) is broken; note for auth epic.",Auth,P2,"Feature can work but may save, display, calculate, or connect data incorrectly.",Reproduced Once,See source row/evidence; reproduce with dummy data only in isolated environment.,"User should authenticate, recover account, or complete auth callback through the intended route without unsafe session behavior.","Primary contact phone accepted letters (ersdtfgyhuijo, 13 chars); no validation message (only unrelated OTP note on page). | Secondary contact phone accepted letters + special characters (werdtfygh!@#); zero validation messages. | Route: /succession/emergency. Page mentions 6-digit OTP via EMAIL for emergency access — email OTP flow exists while mobile OTP (NB-001) is broken; note for auth epic.",Yes,audit-input/03-bug-and-evidence/PM_VERIFIED_BUGS.csv,src/app/(dashboard)/foundation/page.tsx,userService; educationService; familyService; OnboardingStore,/api/profile; /api/education; /api/family,Prisma User/Education/FamilyMember; Supabase Auth metadata and profile-photos Storage; local Vault,Needs WD Verification,Authentication,No,No,No,Yes,Low,No,Possible Duplicate,BUG-AUTH-004,Strong Evidence,Source evidence reports Reproduced Once; technical/root-cause verification remains pending.,Yes,Bug,[Authentication] Emergency phones accept letters,Needs Auth Review,Pending WD Assignment,Draft,Triage: Valid bug. No explicit Himanshu/Harsh verification evidence found.
BUG-AUTH-004,NB-001,audit-input/03-bug-and-evidence/EXISTING_BUG_REPORT.csv,2,Authentication,/onboarding/contact-info,Send OTP fails: Firebase auth/billing-not-enabled,OTP send errors out; mobile verification impossible. Skip Verification works so onboarding is not fully blocked.,Auth,P1,Important user journey or shared module behavior may be blocked or materially degraded.,Cannot Reproduce,See source row/evidence; reproduce with dummy data only in isolated environment.,"User should authenticate, recover account, or complete auth callback through the intended route without unsafe session behavior.",OTP send errors out; mobile verification impossible. Skip Verification works so onboarding is not fully blocked.,Yes,Bug 5 (behaviour changed),src/app/(dashboard)/foundation/page.tsx,userService; educationService; familyService; OnboardingStore,/api/profile; /api/education; /api/family,Prisma User/Education/FamilyMember; Supabase Auth metadata and profile-photos Storage; local Vault,Needs WD Verification,Authentication,No,No,No,Yes,Low,No,Possible Duplicate,BUG-AUTH-004,Unconfirmed,"Source row/report exists, but current live reproduction, code proof, or WD verification is missing.",Yes,Bug,[Authentication] Send OTP fails: Firebase auth/billing-not-enabled,Needs Auth Review,Pending WD Assignment,Draft,Triage: Valid bug. No explicit Himanshu/Harsh verification evidence found.
BUG-AUTH-007,NB-002,audit-input/03-bug-and-evidence/EXISTING_BUG_REPORT.csv,3,Sthapana / Foundation,/foundation/family,Family member mobile & email lost after save,Mobile and email entered on add-member form are absent from the stored record returned by /api/family. Same pattern as Bug 28.,Save/Create,P2,"Feature can work but may save, display, calculate, or connect data incorrectly.",Reproduced Twice,See source row/evidence; reproduce with dummy data only in isolated environment.,Record should save once to the authoritative persistence layer and be visible after refresh/re-login.,Mobile and email entered on add-member form are absent from the stored record returned by /api/family. Same pattern as Bug 28.,Yes,Bug 28 (pattern),src/app/(dashboard)/dwaar/portals/page.tsx,credentialService; CredentialStore; IdentityStore,/api/credentials; /api/credentials/[id]; /api/profile,Prisma CredentialRecord; browser client stores,name,Auth; Rin; Raksha; Most user-owned modules,Possible,Possible,Possible,No,High,No,Possible Duplicate,BUG-AUTH-007,Strong Evidence,Source evidence reports Reproduced Twice; technical/root-cause verification remains pending.,Yes,Bug,[Sthapana / Foundation] Family member mobile & email lost after save,Create Jira Bug,Pending WD Assignment,Draft,Triage: Valid bug. No explicit Himanshu/Harsh verification evidence found.
BUG-AUTH-004,NB-003,audit-input/03-bug-and-evidence/EXISTING_BUG_REPORT.csv,4,Authentication,/foundation -> EDIT,"Profile editing replays full onboarding, gated behind broken OTP",No dedicated edit form. EDIT re-enters the 5-step onboarding wizard ending at the OTP step that errors (NB-001).,Auth,P1,Important user journey or shared module behavior may be blocked or materially degraded.,Needs WD Verification,See source row/evidence; reproduce with dummy data only in isolated environment.,"User should authenticate, recover account, or complete auth callback through the intended route without unsafe session behavior.",No dedicated edit form. EDIT re-enters the 5-step onboarding wizard ending at the OTP step that errors (NB-001).,Yes,—,src/app/(dashboard)/foundation/page.tsx,userService; educationService; familyService; OnboardingStore,/api/profile; /api/education; /api/family,Prisma User/Education/FamilyMember; Supabase Auth metadata and profile-photos Storage; local Vault,Needs WD Verification,Needs WD Verification,No,No,No,Yes,Low,No,Possible Duplicate,BUG-AUTH-004,Unconfirmed,"Source row/report exists, but current live reproduction, code proof, or WD verification is missing.",Yes,Bug,"[Authentication] Profile editing replays full onboarding, gated behind broken OTP",Needs Auth Review,Pending WD Assignment,Draft,Triage: Valid bug. No explicit Himanshu/Harsh verification evidence found.
BUG-PROFILE-006,NB-004,audit-input/03-bug-and-evidence/EXISTING_BUG_REPORT.csv,5,Sthapana / Foundation,Add-member form / backend,nomineeEligible not in UI; backend silently defaults TRUE,"Field exists in schema, absent from form; every member becomes nominee-eligible without user choice. Insurance nominee dropdown filters on this flag.",Responsive/UI,P2,"Feature can work but may save, display, calculate, or connect data incorrectly.",Reproduced Twice,See source row/evidence; reproduce with dummy data only in isolated environment.,"UI should remain clear, usable, and accessible on target viewports.","Field exists in schema, absent from form; every member becomes nominee-eligible without user choice. Insurance nominee dropdown filters on this flag.",Yes,—,src/app/(dashboard)/dwaar/portals/page.tsx,credentialService; CredentialStore; IdentityStore,/api/credentials; /api/credentials/[id]; /api/profile,Prisma CredentialRecord; browser client stores,name,Auth; Rin; Raksha; Most user-owned modules,Possible,Possible,Possible,No,Low,No,Possible Duplicate,BUG-PROFILE-006,Strong Evidence,Source evidence reports Reproduced Twice; technical/root-cause verification remains pending.,Yes,Bug,[Sthapana / Foundation] nomineeEligible not in UI; backend silently defaults TRUE,Create Jira Bug,Pending WD Assignment,Draft,Triage: Valid bug. No explicit Himanshu/Harsh verification evidence found.
BUG-PROFILE-011,NB-005,audit-input/03-bug-and-evidence/EXISTING_BUG_REPORT.csv,6,Sthapana / Foundation,/foundation/family,No visible path to view/edit members after save,Post-save summary shows dependency stats but no member list; no edit/remove control found.,Save/Create,P3,"Primarily UI, wording, layout, or lower-risk usability issue unless WD evidence shows deeper impact.",Needs WD Verification,See source row/evidence; reproduce with dummy data only in isolated environment.,Record should save once to the authoritative persistence layer and be visible after refresh/re-login.,Post-save summary shows dependency stats but no member list; no edit/remove control found.,Yes,—,src/app/(dashboard)/dwaar/portals/page.tsx,credentialService; CredentialStore; IdentityStore,/api/credentials; /api/credentials/[id]; /api/profile,Prisma CredentialRecord; browser client stores,name,Auth; Rin; Raksha; Most user-owned modules,Possible,Possible,Possible,No,Low,No,Unique,,Unconfirmed,"Source row/report exists, but current live reproduction, code proof, or WD verification is missing.",Yes,Bug,[Sthapana / Foundation] No visible path to view/edit members after save,Create Jira Bug,Pending WD Assignment,Draft,Triage: Valid bug. No explicit Himanshu/Harsh verification evidence found.
BUG-PROFILE-012,NB-006,audit-input/03-bug-and-evidence/EXISTING_BUG_REPORT.csv,7,Sthapana / Foundation,/foundation/*,Wizard force-routing causes unexpected redirects,/foundation/profile redirects to current wizard step; multiple spontaneous navigations observed during passive inspection.,Document Upload,P3,"Primarily UI, wording, layout, or lower-risk usability issue unless WD evidence shows deeper impact.",Needs WD Verification,See source row/evidence; reproduce with dummy data only in isolated environment.,"Document should upload, link, display, and delete through the intended vault/storage flow.",/foundation/profile redirects to current wizard step; multiple spontaneous navigations observed during passive inspection.,Yes,—,src/app/(dashboard)/dwaar/portals/page.tsx,credentialService; CredentialStore; IdentityStore,/api/credentials; /api/credentials/[id]; /api/profile,Prisma CredentialRecord; browser client stores,name,Auth; Rin; Raksha; Most user-owned modules,Possible,Possible,Yes,No,Possible,No,Unique,,Unconfirmed,"Source row/report exists, but current live reproduction, code proof, or WD verification is missing.",Yes,Bug,[Sthapana / Foundation] Wizard force-routing causes unexpected redirects,Create Jira Bug,Pending WD Assignment,Draft,Triage: Valid bug. No explicit Himanshu/Harsh verification evidence found.
BUG-DASH-001,NB-007,audit-input/03-bug-and-evidence/EXISTING_BUG_REPORT.csv,8,Rajya / Dashboard,/rajya,Icon-only buttons lack accessible names (17 of 20),Most dashboard buttons expose no accessible name; unusable via screen readers.,Dashboard Calculation,P3,"Primarily UI, wording, layout, or lower-risk usability issue unless WD evidence shows deeper impact.",Needs WD Verification,See source row/evidence; reproduce with dummy data only in isolated environment.,Expected behavior requires PM/WD confirmation.,Most dashboard buttons expose no accessible name; unusable via screen readers.,Yes,—,src/app/(dashboard)/lakshya/page.tsx,None,None,Prisma Goal model exists but no route integration was found for this page,Needs WD Verification,Foundation; Pehchaan; Kosh; Vyaya; Khate; Raksha; Rin; others; Read-only aggregation intended; Dashboard,Yes,No,No,No,Low,Yes,Unique,,Unconfirmed,"Source row/report exists, but current live reproduction, code proof, or WD verification is missing.",Yes,Bug,[Rajya / Dashboard] Icon-only buttons lack accessible names (17 of 20),Create Jira Bug,Pending WD Assignment,Draft,Triage: Valid bug. No explicit Himanshu/Harsh verification evidence found.
BUG-PROFILE-013,NB-008,audit-input/03-bug-and-evidence/EXISTING_BUG_REPORT.csv,9,Sthapana / Foundation,/rajya sidebar + module pages,Stale alert: 'No family members registered' persists after member exists,Recent Alerts still shows 'Your Family Tree is currently empty' while the DB holds a member (1/5 in sync) and the same member appears as a Covered Member chip on the insurance form — one screenshot contradicts itself.,Data Persistence,P3,"Primarily UI, wording, layout, or lower-risk usability issue unless WD evidence shows deeper impact.",Reproduced Twice,See source row/evidence; reproduce with dummy data only in isolated environment.,Expected behavior requires PM/WD confirmation.,Recent Alerts still shows 'Your Family Tree is currently empty' while the DB holds a member (1/5 in sync) and the same member appears as a Covered Member chip on the insurance form — one screenshot contradicts itself.,Yes,—,src/app/(dashboard)/dwaar/portals/page.tsx,credentialService; CredentialStore; IdentityStore,/api/credentials; /api/credentials/[id]; /api/profile,Prisma CredentialRecord; browser client stores,name,Auth; Rin; Raksha; Most user-owned modules,Possible,Possible,Possible,No,Possible,No,Unique,,Strong Evidence,Source evidence reports Reproduced Twice; technical/root-cause verification remains pending.,Yes,Bug,[Sthapana / Foundation] Stale alert: 'No family members registered' persists after member exists,Create Jira Bug,Pending WD Assignment,Draft,Triage: Valid bug. No explicit Himanshu/Harsh verification evidence found.
BUG-AUTH-004,NB-009,audit-input/03-bug-and-evidence/EXISTING_BUG_REPORT.csv,10,Authentication,/onboarding/contact-info -> /api/profile,Entered mobile number silently discarded when using Skip Verification,"User typed a mobile on the contact-info step; OTP send fails (NB-001) so Skip Verification is the only path; after onboarding, /api/profile shows mobile/primaryMobile/secondaryMobile all null. The persistent Profile-incomplete alert is a downstream symptom.",Auth,P2,"Feature can work but may save, display, calculate, or connect data incorrectly.",Needs WD Verification,See source row/evidence; reproduce with dummy data only in isolated environment.,"User should authenticate, recover account, or complete auth callback through the intended route without unsafe session behavior.","User typed a mobile on the contact-info step; OTP send fails (NB-001) so Skip Verification is the only path; after onboarding, /api/profile shows mobile/primaryMobile/secondaryMobile all null. The persistent Profile-incomplete alert is a downstream symptom.",Yes,NB-001; pattern with NB-002 and Bug 28 (silent field loss),src/app/(dashboard)/foundation/page.tsx,userService; educationService; familyService; OnboardingStore,/api/profile; /api/education; /api/family,Prisma User/Education/FamilyMember; Supabase Auth metadata and profile-photos Storage; local Vault,Needs WD Verification,Needs WD Verification,No,No,No,Yes,Low,No,Possible Duplicate,BUG-AUTH-004,Unconfirmed,"Source row/report exists, but current live reproduction, code proof, or WD verification is missing.",Yes,Bug,[Authentication] Entered mobile number silently discarded when using Skip Verification,Needs Auth Review,Pending WD Assignment,Draft,Triage: Valid bug. No explicit Himanshu/Harsh verification evidence found.
BUG-INSURANCE-002,NB-010,audit-input/03-bug-and-evidence/EXISTING_BUG_REPORT.csv,11,Raksha / Insurance,/succession/nominees,Nominee saved on policy not reflected in Succession Nominee Matrix,"Policy TEST-POL-1234 has nomineeId stored (API-verified, Test Spouse One) yet the Nominee Mapping Matrix shows the same policy as Insurance missing nominee, Mapped 0/Unmapped 1, no mappings. Two disconnected nominee systems; succession registry contradicts insurance data.",Save/Create,P2,"Feature can work but may save, display, calculate, or connect data incorrectly.",Needs WD Verification,See source row/evidence; reproduce with dummy data only in isolated environment.,Record should save once to the authoritative persistence layer and be visible after refresh/re-login.,"Policy TEST-POL-1234 has nomineeId stored (API-verified, Test Spouse One) yet the Nominee Mapping Matrix shows the same policy as Insurance missing nominee, Mapped 0/Unmapped 1, no mappings. Two disconnected nominee systems; succession registry contradicts insurance data.",Yes,GAP-013 duplication; NB-004 family,src/app/(dashboard)/suraksha/page.tsx,None,None,None,type,Foundation family; Mitra; Succession; Rajya; Doot; Auth/security concepts only; None confirmed,Possible,Possible,Possible,No,Low,No,Parent Bug,,Unconfirmed,"Source row/report exists, but current live reproduction, code proof, or WD verification is missing.",Yes,Bug,[Raksha / Insurance] Nominee saved on policy not reflected in Succession Nominee Matrix,Create Jira Bug,Pending WD Assignment,Draft,Triage: Valid bug. No explicit Himanshu/Harsh verification evidence found.
BUG-INCOME-001,NB-011,audit-input/03-bug-and-evidence/EXISTING_BUG_REPORT.csv,12,Kosh / Income,/kosh/add multi-step flow,Premature success screen; Skip-for-now after it silently discards all entered income data,Mid-flow screen shows TREASURY UPDATED / Income source saved with green check BEFORE any record exists (API empty at that point; record created only at final Save Details 9 min later; lastReviewedAt precedes createdAt). Skip for now after the success screen loses gross/deductions/net silently.,Save/Create,P2,"Feature can work but may save, display, calculate, or connect data incorrectly.",Needs WD Verification,See source row/evidence; reproduce with dummy data only in isolated environment.,Record should save once to the authoritative persistence layer and be visible after refresh/re-login.,Mid-flow screen shows TREASURY UPDATED / Income source saved with green check BEFORE any record exists (API empty at that point; record created only at final Save Details 9 min later; lastReviewedAt precedes createdAt). Skip for now after the success screen loses gross/deductions/net silently.,Yes,"Silent-loss family (NB-002/009, Bug 28); false-confirmation flavour","● Confirmed - kosh/add/page.tsx (OLD store); kosh/sources/add/page.tsx (NEW store, official config route); kosh/income/[id]/edit/page.tsx",● Confirmed - PUT /api/income/{id},● Confirmed - POST /api/income -> IncomeStore updates its in-memory array and fires the request,● Confirmed - income_streams table,Not mapped,Foundation family; Khate; Rajya; Suchak; Vyaya; notifications,Possible,Possible,No,No,Low,Possible,Unique,,Unconfirmed,"Source row/report exists, but current live reproduction, code proof, or WD verification is missing.",Yes,Bug,[Kosh / Income] Premature success screen; Skip-for-now after it silently discards all entered income data,Create Jira Bug,Pending WD Assignment,Draft,Triage: Valid bug. No explicit Himanshu/Harsh verification evidence found.
BUG-PROFILE-008,NB-012,audit-input/03-bug-and-evidence/EXISTING_BUG_REPORT.csv,13,Vyaya / Expenses,/vyaya expense list,Expenses cannot be edited — no edit affordance anywhere,Journey step Edit expense (task-doc Journey B5) cannot be executed; tester found no edit control on expense entries. Also blocks user correction of Bug 28 frequency loss.,Edit/Update,P2,"Feature can work but may save, display, calculate, or connect data incorrectly.",Needs WD Verification,See source row/evidence; reproduce with dummy data only in isolated environment.,Edits should persist and update dependent modules consistently.,Journey step Edit expense (task-doc Journey B5) cannot be executed; tester found no edit control on expense entries. Also blocks user correction of Bug 28 frequency loss.,Yes,Bug 28 (compounds),src/app/(dashboard)/vyaya/entry/page.tsx,expenseService; expenseCategoryService; budgetService; ExpenseStore in two paths,/api/expenses; /api/expenses/[id]; /api/expense-categories; /api/budget; /api/subscriptions,Prisma ExpenseEntry/ExpenseCategory/BudgetPlan/Subscription; browser stores,date,Khate; Foundation family; Rajya; Suchak; Leakage; Vyaya; Khate; Rajya; Doot,Possible,Possible,No,No,Low,Possible,Possible Duplicate,BUG-PROFILE-008,Unconfirmed,"Source row/report exists, but current live reproduction, code proof, or WD verification is missing.",Yes,Bug,[Vyaya / Expenses] Expenses cannot be edited — no edit affordance anywhere,Create Jira Bug,Pending WD Assignment,Draft,Triage: Valid bug. No explicit Himanshu/Harsh verification evidence found.
BUG-PROFILE-004,NB-013,audit-input/03-bug-and-evidence/EXISTING_BUG_REPORT.csv,14,Authentication,Loan doc upload -> Drive URL,"Uploads claim Google Drive storage; no consent asked, no folder/file created, Drive URL fabricated from internal ID","UPDATED 11-07: Behaviour depends on Drive-link state. PRE-CONSENT: loan doc upload claimed success, no Drive artifacts, fabricated URL (original finding). Education upload showed cloud upload failed, local copy saved (honest warning — inconsistent messaging vs loan silent success). POST-CONSENT (tester granted OAuth): education uploads DO reach Drive (Svarajya_Nidhi visible) but first certificate still would not open; Raksha policy doc STILL phantom (Bug 21) — view-URL defect independent of storage state in Raksha/Rin.",Auth,P1,Important user journey or shared module behavior may be blocked or materially degraded.,Needs WD Verification,See source row/evidence; reproduce with dummy data only in isolated environment.,"User should authenticate, recover account, or complete auth callback through the intended route without unsafe session behavior.","UPDATED 11-07: Behaviour depends on Drive-link state. PRE-CONSENT: loan doc upload claimed success, no Drive artifacts, fabricated URL (original finding). Education upload showed cloud upload failed, local copy saved (honest warning — inconsistent messaging vs loan silent success). POST-CONSENT (tester granted OAuth): education uploads DO reach Drive (Svarajya_Nidhi visible) but first certificate still would not open; Raksha policy doc STILL phantom (Bug 21) — view-URL defect independent of storage state in Raksha/Rin.",Yes,Root cause of Bugs 21/25/34 (DUP-1); escalates GAP-004,src/app/(dashboard)/foundation/page.tsx,userService; educationService; familyService; OnboardingStore,/api/profile; /api/education; /api/family,Prisma User/Education/FamilyMember; Supabase Auth metadata and profile-photos Storage; local Vault,Needs WD Verification,Authentication,No,No,No,Yes,Low,Possible,Possible Duplicate,BUG-PROFILE-004,Unconfirmed,"Source row/report exists, but current live reproduction, code proof, or WD verification is missing.",Yes,Bug,"[Authentication] Uploads claim Google Drive storage; no consent asked, no folder/file created, Drive URL fabricated from internal ID",Needs Auth Review,Pending WD Assignment,Draft,Triage: Valid bug. No explicit Himanshu/Harsh verification evidence found.
BUG-EXPENSE-002,NB-014,audit-input/03-bug-and-evidence/EXISTING_BUG_REPORT.csv,15,Vyaya / Expenses,/api/subscriptions,Subscriptions API returns 500 DATABASE_ERROR (Prisma P2022 - missing column),GET /api/subscriptions AND by-id both 500 (Prisma P2022 missing column). CASCADE: save reports SUCCESS (false confirmation); list renders EMPTY STATE (Add your first subscription) rather than an error — saved data invisible and failure fully silent to the user; edit impossible (loads via same 500).,Save/Create,P1,Important user journey or shared module behavior may be blocked or materially degraded.,Reproduced Twice,See source row/evidence; reproduce with dummy data only in isolated environment.,Record should save once to the authoritative persistence layer and be visible after refresh/re-login.,GET /api/subscriptions AND by-id both 500 (Prisma P2022 missing column). CASCADE: save reports SUCCESS (false confirmation); list renders EMPTY STATE (Add your first subscription) rather than an error — saved data invisible and failure fully silent to the user; edit impossible (loads via same 500).,Yes,"Blocks Bug 29 save-side, Journey F; relates to Bug 28 (expense/subscription domain)",src/app/(dashboard)/vyaya/entry/page.tsx,expenseService; expenseCategoryService; budgetService; ExpenseStore in two paths,/api/expenses; /api/expenses/[id]; /api/expense-categories; /api/budget; /api/subscriptions,Prisma ExpenseEntry/ExpenseCategory/BudgetPlan/Subscription; browser stores,date,Khate; Foundation family; Rajya; Suchak; Leakage; Vyaya; Khate; Rajya; Doot,Possible,Possible,No,No,Low,No,Possible Duplicate,BUG-EXPENSE-002,Strong Evidence,Source evidence reports Reproduced Twice; technical/root-cause verification remains pending.,Yes,Bug,[Vyaya / Expenses] Subscriptions API returns 500 DATABASE_ERROR (Prisma P2022 - missing column),Move to P0/P1 Impact Report,Pending WD Assignment,Draft,Triage: Valid bug. No explicit Himanshu/Harsh verification evidence found.
BUG-PROFILE-014,NB-015,audit-input/03-bug-and-evidence/EXISTING_BUG_REPORT.csv,16,Sthapana / Foundation,Add-member form,Family member mobile accepts fewer than 10 digits,"Mobile field accepts short numbers without validation (tester, 11-07). Same phone-validation gap family as Bugs 38/39.",Validation,P3,"Primarily UI, wording, layout, or lower-risk usability issue unless WD evidence shows deeper impact.",Needs WD Verification,See source row/evidence; reproduce with dummy data only in isolated environment.,Invalid input should be blocked with clear field-level feedback.,"Mobile field accepts short numbers without validation (tester, 11-07). Same phone-validation gap family as Bugs 38/39.",Yes,Bugs 38/39 family,src/app/(dashboard)/dwaar/portals/page.tsx,credentialService; CredentialStore; IdentityStore,/api/credentials; /api/credentials/[id]; /api/profile,Prisma CredentialRecord; browser client stores,name,Auth; Rin; Raksha; Most user-owned modules,Possible,Possible,Possible,No,Low,No,Unique,,Unconfirmed,"Source row/report exists, but current live reproduction, code proof, or WD verification is missing.",Yes,Bug,[Sthapana / Foundation] Family member mobile accepts fewer than 10 digits,Create Jira Bug,Pending WD Assignment,Draft,Triage: Valid bug. No explicit Himanshu/Harsh verification evidence found.
BUG-EXPENSE-002,NB-016,audit-input/03-bug-and-evidence/EXISTING_BUG_REPORT.csv,17,Kunji / Credentials,/dwaar/portals,Created portal never appears in portal list (save lost or list broken),"Tester completed 2-step portal creation (HDFC test, Store Encrypted, master-password vault initialised) — list still shows Add First Portal empty state, Credential Health 0%. Same save-then-invisible pattern as NB-014 (subscriptions) but without an observable 500 (API route unknown).",Auth,P2,"Feature can work but may save, display, calculate, or connect data incorrectly.",Needs WD Verification,See source row/evidence; reproduce with dummy data only in isolated environment.,"User should authenticate, recover account, or complete auth callback through the intended route without unsafe session behavior.","Tester completed 2-step portal creation (HDFC test, Store Encrypted, master-password vault initialised) — list still shows Add First Portal empty state, Credential Health 0%. Same save-then-invisible pattern as NB-014 (subscriptions) but without an observable 500 (API route unknown).",Yes,Pattern kin: NB-014; blocks Bug 16,● Confirmed - dwaar/portals/add/page.tsx (create); dwaar/portals/portal/[id]/page.tsx (combined detail+edit),● Confirmed - Same POST /api/credentials endpoint (upsert-style),● Confirmed - POST /api/credentials handles BOTH create and update (branches internally on presence of data.id) - no separate PUT route,● Confirmed - credential_records table,Not mapped,Foundation contacts; Rajya; continuity workflows,Possible,No,No,Yes,High,No,Possible Duplicate,BUG-EXPENSE-002,Unconfirmed,"Source row/report exists, but current live reproduction, code proof, or WD verification is missing.",Yes,Bug,[Kunji / Credentials] Created portal never appears in portal list (save lost or list broken),Needs Auth Review,Pending WD Assignment,Draft,Triage: Valid bug. No explicit Himanshu/Harsh verification evidence found.
BUG-AUTH-009,NB-017,audit-input/03-bug-and-evidence/EXISTING_BUG_REPORT.csv,18,Authentication,/pravah,/pravah returns 404 — route regression vs 10-07 verified-working list,"/pravah returns the app 404 page ('Page Not Found'). This route was on the verified working-routes list from the 10-07 sessions, so it is a regression. Bank module (Pravah = PRD M6) is unreachable via its known route.",Auth,P1,Important user journey or shared module behavior may be blocked or materially degraded.,Reproduced Twice,See source row/evidence; reproduce with dummy data only in isolated environment.,"User should authenticate, recover account, or complete auth callback through the intended route without unsafe session behavior.","/pravah returns the app 404 page ('Page Not Found'). This route was on the verified working-routes list from the 10-07 sessions, so it is a regression. Bank module (Pravah = PRD M6) is unreachable via its known route.",Yes,Routing family (NB-006 adjacent) | NB-017,src/app/(dashboard)/foundation/page.tsx,userService; educationService; familyService; OnboardingStore,/api/profile; /api/education; /api/family,Prisma User/Education/FamilyMember; Supabase Auth metadata and profile-photos Storage; local Vault,Needs WD Verification,Needs WD Verification,No,No,No,Yes,Low,No,Parent Bug,,Strong Evidence,Source evidence reports Reproduced Twice; technical/root-cause verification remains pending.,Yes,Bug,[Authentication] /pravah returns 404 — route regression vs 10-07 verified-working list,Needs Auth Review,Pending WD Assignment,Draft,Triage: Valid bug. No explicit Himanshu/Harsh verification evidence found.
BUG-AUTH-002,NB-018,audit-input/03-bug-and-evidence/EXISTING_BUG_REPORT.csv,19,Authentication,Supabase /auth/v1/verify -> redirect_to,Password-reset redirect_to is ignored; user is sent to production Site URL root instead of /reset-password (Set-New-Password screen never reached),"The emailed recovery link carries redirect_to=https://svarajya.vercel.app/reset-password, but Supabase redirects to the project Site URL root https://www.svarajya.com/#access_token=[redacted]&type=recovery instead. The /reset-password page is never loaded, so a user following the email link has no screen on which to set a new password. Root cause is a Supabase Auth config mismatch: svarajya.vercel.app/reset-password is not in the Redirect-URLs allow-list, so Supabase falls back to the Site URL. Also surfaces a two-deployment setup (staging svarajya.vercel.app vs production www.svarajya.com) that the reset flow crosses.",Auth,P1,Important user journey or shared module behavior may be blocked or materially degraded.,Reproduced Twice,See source row/evidence; reproduce with dummy data only in isolated environment.,"User should authenticate, recover account, or complete auth callback through the intended route without unsafe session behavior.","The emailed recovery link carries redirect_to=https://svarajya.vercel.app/reset-password, but Supabase redirects to the project Site URL root https://www.svarajya.com/#access_token=[redacted]&type=recovery instead. The /reset-password page is never loaded, so a user following the email link has no screen on which to set a new password. Root cause is a Supabase Auth config mismatch: svarajya.vercel.app/reset-password is not in the Redirect-URLs allow-list, so Supabase falls back to the Site URL. Also surfaces a two-deployment setup (staging svarajya.vercel.app vs production www.svarajya.com) that the reset flow crosses.",Yes,Bug 2 (same cluster — together the email-reset journey is P1-critical) | NB-018,src/app/(dashboard)/foundation/page.tsx,userService; educationService; familyService; OnboardingStore,/api/profile; /api/education; /api/family,Prisma User/Education/FamilyMember; Supabase Auth metadata and profile-photos Storage; local Vault,Needs WD Verification,Authentication,No,No,No,Yes,Low,No,Possible Duplicate,BUG-AUTH-002,Strong Evidence,Source evidence reports Reproduced Twice; technical/root-cause verification remains pending.,Yes,Bug,[Authentication] Password-reset redirect_to is ignored; user is sent to production Site URL root instead of /reset-password (Set-New-Password screen never reached),Needs Auth Review,Pending WD Assignment,Draft,Triage: Valid bug. No explicit Himanshu/Harsh verification evidence found.
BUG-AUTH-004,"NB-001, NB-009",audit-input/03-bug-and-evidence/DA_BUG_VERIFICATION.csv,4,Onboarding,/DOB/occupation,New user onboarding step 3: Complete profile,Wizard completes via Skip Verification; name/DOB/occupation saved BUT entered mobile discarded silently,Save/Create,P2,"Feature can work but may save, display, calculate, or connect data incorrectly.",Needs WD Verification,New user onboarding step 3: Complete profile,Record should save once to the authoritative persistence layer and be visible after refresh/re-login.,Wizard completes via Skip Verification; name/DOB/occupation saved BUT entered mobile discarded silently,Yes,Profile mobile null in /api/profile after onboarding (NB-009),src/app/(dashboard)/suchak/page.tsx,IdentityStore/IncomeStore/ExpenseStore/BankStore/OnboardingStore/ThemeStore under src/lib/stores,/api/bank through bankApi,Browser stores plus bank API summary,Needs WD Verification,Needs WD Verification,No,No,No,No,Low,No,Possible Duplicate,BUG-AUTH-004,Probable,"Static mapping or pattern suggests a risk, but reproduction or direct root-cause proof is incomplete.",Yes,Bug,[Onboarding] New user onboarding step 3: Complete profile,Create Jira Bug,Pending WD Assignment,Draft,Triage: Valid bug. No explicit Himanshu/Harsh verification evidence found.
BUG-AUTH-007,"NB-002, NB-004",audit-input/03-bug-and-evidence/DA_BUG_VERIFICATION.csv,5,Onboarding,/api/family,New user onboarding step 4: Add family member,Member 'Test Spouse One' saved; visible in DB via /api/family; appears in downstream dropdowns,Save/Create,P2,"Feature can work but may save, display, calculate, or connect data incorrectly.",Needs WD Verification,New user onboarding step 4: Add family member,Record should save once to the authoritative persistence layer and be visible after refresh/re-login.,Member 'Test Spouse One' saved; visible in DB via /api/family; appears in downstream dropdowns,Yes,PASS with caveats: mobile & email lost (NB-002); nomineeEligible silently true (NB-004). Duplicate buttons (Bugs 6/7) seen.,src/app/(dashboard)/suchak/page.tsx,IdentityStore/IncomeStore/ExpenseStore/BankStore/OnboardingStore/ThemeStore under src/lib/stores,/api/bank through bankApi,Browser stores plus bank API summary,Needs WD Verification,Needs WD Verification,No,No,No,No,Low,No,Possible Duplicate,BUG-AUTH-007,Probable,"Static mapping or pattern suggests a risk, but reproduction or direct root-cause proof is incomplete.",Yes,Bug,[Onboarding] New user onboarding step 4: Add family member,Create Jira Bug,Pending WD Assignment,Draft,Triage: Valid bug. No explicit Himanshu/Harsh verification evidence found.
BUG-AUTH-007,"NB-002, NB-009",audit-input/03-bug-and-evidence/DA_BUG_VERIFICATION.csv,8,Authentication,/login,New user onboarding step 7: Verify whether the data remains,"Profile, family member, education ALL intact after logout/login (API-verified: /api/profile, /api/family, /api/education)",Auth,P2,"Feature can work but may save, display, calculate, or connect data incorrectly.",Needs WD Verification,New user onboarding step 7: Verify whether the data remains,"User should authenticate, recover account, or complete auth callback through the intended route without unsafe session behavior.","Profile, family member, education ALL intact after logout/login (API-verified: /api/profile, /api/family, /api/education)",Yes,Core entities persist. Exceptions: profile mobile null (NB-009); family mobile/email still absent post-relogin = NB-002 attempt 2.,src/app/(dashboard)/foundation/page.tsx,userService; educationService; familyService; OnboardingStore,/api/profile; /api/education; /api/family,Prisma User/Education/FamilyMember; Supabase Auth metadata and profile-photos Storage; local Vault,Needs WD Verification,Needs WD Verification,No,No,No,Yes,Low,No,Possible Duplicate,BUG-AUTH-007,Probable,"Static mapping or pattern suggests a risk, but reproduction or direct root-cause proof is incomplete.",Yes,Bug,[Authentication] New user onboarding step 7: Verify whether the data remains,Needs Auth Review,Pending WD Assignment,Draft,Triage: Valid bug. No explicit Himanshu/Harsh verification evidence found.
BUG-INCOME-002,Bug 28,audit-input/03-bug-and-evidence/DA_BUG_VERIFICATION.csv,10,Kosh / Income,Needs WD Verification,Income and expenses step 2: Add expense,"Expense saved and API-verified: 2500, household, UPI, date today, isRecurring true",Save/Create,P2,"Feature can work but may save, display, calculate, or connect data incorrectly.",Needs WD Verification,Income and expenses step 2: Add expense,Record should save once to the authoritative persistence layer and be visible after refresh/re-login.,"Expense saved and API-verified: 2500, household, UPI, date today, isRecurring true",Yes,Saved correctly EXCEPT recurring frequency lost (Bug 28 attempt 1).,"● Confirmed - kosh/add/page.tsx (OLD store); kosh/sources/add/page.tsx (NEW store, official config route); kosh/income/[id]/edit/page.tsx",● Confirmed - PUT /api/income/{id},● Confirmed - POST /api/income -> IncomeStore updates its in-memory array and fires the request,● Confirmed - income_streams table,Not mapped,Foundation family; Khate; Rajya; Suchak; Vyaya; notifications,Possible,Possible,No,No,Low,Possible,Parent Bug,,Probable,"Static mapping or pattern suggests a risk, but reproduction or direct root-cause proof is incomplete.",Yes,Bug,[Kosh / Income] Income and expenses step 2: Add expense,Create Jira Bug,Pending WD Assignment,Draft,Triage: Valid bug. No explicit Himanshu/Harsh verification evidence found.
BUG-PROFILE-008,NB-012,audit-input/03-bug-and-evidence/DA_BUG_VERIFICATION.csv,13,Kosh / Income,Needs WD Verification,Income and expenses step 5: Edit expense,NO edit affordance exists for expenses — step cannot be executed,Edit/Update,P2,"Feature can work but may save, display, calculate, or connect data incorrectly.",Needs WD Verification,Income and expenses step 5: Edit expense,Edits should persist and update dependent modules consistently.,NO edit affordance exists for expenses — step cannot be executed,Yes,Tester searched Vyaya list; no edit control. Compounds Bug 28 (frequency unfixable by user).,"● Confirmed - kosh/add/page.tsx (OLD store); kosh/sources/add/page.tsx (NEW store, official config route); kosh/income/[id]/edit/page.tsx",● Confirmed - PUT /api/income/{id},● Confirmed - POST /api/income -> IncomeStore updates its in-memory array and fires the request,● Confirmed - income_streams table,Not mapped,Foundation family; Khate; Rajya; Suchak; Vyaya; notifications,Possible,Possible,No,No,Low,Possible,Possible Duplicate,BUG-PROFILE-008,Probable,"Static mapping or pattern suggests a risk, but reproduction or direct root-cause proof is incomplete.",Yes,Bug,[Kosh / Income] Income and expenses step 5: Edit expense,Create Jira Bug,Pending WD Assignment,Draft,Triage: Valid bug. No explicit Himanshu/Harsh verification evidence found.
BUG-AUTH-007,"NB-002, NB-004",audit-input/03-bug-and-evidence/DA_BUG_VERIFICATION.csv,15,Sthapana / Foundation,Needs WD Verification,Insurance and nominee step 1: Add family member,Same member reused,Save/Create,P2,"Feature can work but may save, display, calculate, or connect data incorrectly.",Needs WD Verification,Insurance and nominee step 1: Add family member,Record should save once to the authoritative persistence layer and be visible after refresh/re-login.,Same member reused,Yes,Same caveats as Journey A step 4.,src/app/(dashboard)/dwaar/portals/page.tsx,credentialService; CredentialStore; IdentityStore,/api/credentials; /api/credentials/[id]; /api/profile,Prisma CredentialRecord; browser client stores,name,Auth; Rin; Raksha; Most user-owned modules,Possible,Possible,Possible,No,Low,No,Possible Duplicate,BUG-AUTH-007,Probable,"Static mapping or pattern suggests a risk, but reproduction or direct root-cause proof is incomplete.",Yes,Bug,[Sthapana / Foundation] Insurance and nominee step 1: Add family member,Create Jira Bug,Pending WD Assignment,Draft,Triage: Valid bug. No explicit Himanshu/Harsh verification evidence found.
BUG-INSURANCE-002,NB-010,audit-input/03-bug-and-evidence/DA_BUG_VERIFICATION.csv,19,Raksha / Insurance,/Nominee,Insurance and nominee step 5: Check Legacy/Nominee module,Policy visible as asset in Nominee Matrix BUT flagged Insurance missing nominee; Mapped 0 / Unmapped 1 — despite API-verified nomineeId on the policy,Unknown,P2,"Feature can work but may save, display, calculate, or connect data incorrectly.",Needs WD Verification,Insurance and nominee step 5: Check Legacy/Nominee module,Expected behavior requires PM/WD confirmation.,Policy visible as asset in Nominee Matrix BUT flagged Insurance missing nominee; Mapped 0 / Unmapped 1 — despite API-verified nomineeId on the policy,Yes,Raksha nomineeId and Succession nominee mappings are two disconnected systems. First hard journey failure. Feeds Mitra/Uttaradhikar duplication finding + PM3 dependency map (Raksha->Succession BROKEN).,src/app/(dashboard)/suraksha/page.tsx,None,None,None,type,Foundation family; Mitra; Succession; Rajya; Doot; Auth/security concepts only; None confirmed,Possible,Possible,Possible,No,Low,No,Possible Duplicate,BUG-INSURANCE-002,Probable,"Static mapping or pattern suggests a risk, but reproduction or direct root-cause proof is incomplete.",Yes,Bug,[Raksha / Insurance] Insurance and nominee step 5: Check Legacy/Nominee module,Create Jira Bug,Pending WD Assignment,Draft,Triage: Valid bug. No explicit Himanshu/Harsh verification evidence found.
BUG-LOAN-005,DA-JOURNEY-C-6,audit-input/03-bug-and-evidence/DA_BUG_VERIFICATION.csv,20,Rin / Loans,Needs WD Verification,Insurance and nominee step 6: Check reminders,"Creation notification fired instantly (Shield Erected). No renewal reminder visible — due date 11 months out, lead-time reminder not yet expected.",Dashboard Calculation,P2,"Feature can work but may save, display, calculate, or connect data incorrectly.",Needs WD Verification,Insurance and nominee step 6: Check reminders,Expected behavior requires PM/WD confirmation.,"Creation notification fired instantly (Shield Erected). No renewal reminder visible — due date 11 months out, lead-time reminder not yet expected.",Yes,Cannot distinguish not-implemented from not-yet-due. Test design: next data round should include a policy due in ~2 weeks to force reminder generation.,src/app/(dashboard)/bhoomi/page.tsx,bhoomiService; NotificationStore; Vault,/api/bhoomi/properties; /api/bhoomi/properties/[id]; /api/loans,Prisma PropertyAsset; local Vault,type,Bhoomi; Foundation family; Khate; Rajya; education/property context; Reminders,Yes,Possible,Possible,No,Low,Yes,Unique,,Probable,"Static mapping or pattern suggests a risk, but reproduction or direct root-cause proof is incomplete.",Yes,Bug,[Rin / Loans] Insurance and nominee step 6: Check reminders,Create Jira Bug,Pending WD Assignment,Draft,Triage: Valid bug. No explicit Himanshu/Harsh verification evidence found.
BUG-INCOME-002,Bug 28 (via B2),audit-input/03-bug-and-evidence/DA_BUG_VERIFICATION.csv,22,Vyaya / Expenses,Needs WD Verification,Loan and cash flow step 2: Add expenses,"Expense prerequisite completed via Journey B step 2 — expense saved and API-verified there (Rs 2,500, household, UPI). Plain expense-add works; recurring-frequency loss is the B2 issue.",Save/Create,P2,"Feature can work but may save, display, calculate, or connect data incorrectly.",Needs WD Verification,Loan and cash flow step 2: Add expenses,Record should save once to the authoritative persistence layer and be visible after refresh/re-login.,"Expense prerequisite completed via Journey B step 2 — expense saved and API-verified there (Rs 2,500, household, UPI). Plain expense-add works; recurring-frequency loss is the B2 issue.",Yes,Cross-ref B2. Marked Partial only because B2 carries Bug 28 (recurring frequency); the base expense entry itself passed.,src/app/(dashboard)/vyaya/entry/page.tsx,expenseService; expenseCategoryService; budgetService; ExpenseStore in two paths,/api/expenses; /api/expenses/[id]; /api/expense-categories; /api/budget; /api/subscriptions,Prisma ExpenseEntry/ExpenseCategory/BudgetPlan/Subscription; browser stores,date,Khate; Foundation family; Rajya; Suchak; Leakage; Vyaya; Khate; Rajya; Doot,Possible,Possible,No,No,Low,Possible,Possible Duplicate,BUG-INCOME-002,Probable,"Static mapping or pattern suggests a risk, but reproduction or direct root-cause proof is incomplete.",Yes,Bug,[Vyaya / Expenses] Loan and cash flow step 2: Add expenses,Create Jira Bug,Pending WD Assignment,Draft,Triage: Valid bug. No explicit Himanshu/Harsh verification evidence found.
BUG-BANK-004,DA-JOURNEY-D-5,audit-input/03-bug-and-evidence/DA_BUG_VERIFICATION.csv,25,Pravah / Banking,Needs WD Verification,Loan and cash flow step 5: Check dashboard and alerts,"Dashboard metrics reflect loan (EMI burden 12.5%, outstanding in stats); no loan-specific alert generated",Dashboard Calculation,P2,"Feature can work but may save, display, calculate, or connect data incorrectly.",Needs WD Verification,Loan and cash flow step 5: Check dashboard and alerts,Expected behavior requires PM/WD confirmation.,"Dashboard metrics reflect loan (EMI burden 12.5%, outstanding in stats); no loan-specific alert generated",Yes,Data reflected; alert generation for new loans not observed — reminder-engine coverage question for the near-due-date test round.,src/app/(dashboard)/khate/accounts/page.tsx,bankService; bankApi; BankStore in src/lib and src/lib/stores,/api/bank; /api/bank/[id],Prisma BankAccount/CashWallet/BalanceHistory; browser stores,bankName,Kosh; Vyaya; Rajya; Suchak; Leakage; Dashboard,Yes,Possible,No,No,Low,Yes,Unique,,Probable,"Static mapping or pattern suggests a risk, but reproduction or direct root-cause proof is incomplete.",Yes,Bug,[Pravah / Banking] Loan and cash flow step 5: Check dashboard and alerts,Create Jira Bug,Pending WD Assignment,Draft,Triage: Valid bug. No explicit Himanshu/Harsh verification evidence found.
BUG-PROFILE-007,Bug 25,audit-input/03-bug-and-evidence/DA_BUG_VERIFICATION.csv,28,Document Vault,Needs WD Verification,Documents step 3: View it in Document Vault,View opens fabricated Drive URL -> file does not exist,Document Upload,P2,"Feature can work but may save, display, calculate, or connect data incorrectly.",Needs WD Verification,Documents step 3: View it in Document Vault,"Document should upload, link, display, and delete through the intended vault/storage flow.",View opens fabricated Drive URL -> file does not exist,Yes,Root cause identified: internal ID in Drive URL.,● Confirmed - granthagaar/page.tsx uses the shared FileUploader component for uploads (folder-based),"● Confirmed - No edit action exists - files can only be uploaded or deleted, not renamed/modified in place (no update/rename method found in documentService.ts)","● Confirmed - Save = file upload via documentService.ts (@/lib/services/documentService.ts), stored to browser IndexedDB. FileUploader itself also calls /api/family and /api/google-drive/upload for the family-linking and Drive-backup parts of an upload",● Confirmed - No server table for the file content itself (IndexedDB only); family_members touched indirectly via FileUploader's /api/family call,Needs WD Verification,All upload-capable modules; Document Vault,Possible,Possible,Yes,No,Possible,No,Possible Duplicate,BUG-PROFILE-007,Probable,"Static mapping or pattern suggests a risk, but reproduction or direct root-cause proof is incomplete.",Yes,Bug,[Document Vault] Documents step 3: View it in Document Vault,Create Jira Bug,Pending WD Assignment,Draft,Triage: Valid bug. No explicit Himanshu/Harsh verification evidence found.
BUG-EXPENSE-002,NB-014,audit-input/03-bug-and-evidence/DA_BUG_VERIFICATION.csv,31,Vyaya / Expenses,/api/subscriptions,Subscription and reminders step 1: Add subscription,"Add-subscription form reached and submitted, but save fails at the data layer — /api/subscriptions returns HTTP 500 (Prisma P2022, missing column); subscription never persists. Full failure detail at step 3.",Save/Create,P2,"Feature can work but may save, display, calculate, or connect data incorrectly.",Needs WD Verification,Subscription and reminders step 1: Add subscription,Record should save once to the authoritative persistence layer and be visible after refresh/re-login.,"Add-subscription form reached and submitted, but save fails at the data layer — /api/subscriptions returns HTTP 500 (Prisma P2022, missing column); subscription never persists. Full failure detail at step 3.",Yes,Same root failure recorded at F3; step 1 is the save action itself.,src/app/(dashboard)/vyaya/entry/page.tsx,expenseService; expenseCategoryService; budgetService; ExpenseStore in two paths,/api/expenses; /api/expenses/[id]; /api/expense-categories; /api/budget; /api/subscriptions,Prisma ExpenseEntry/ExpenseCategory/BudgetPlan/Subscription; browser stores,date,Khate; Foundation family; Rajya; Suchak; Leakage; Vyaya; Khate; Rajya; Doot; Reminders,Possible,Possible,No,No,Low,Possible,Possible Duplicate,BUG-EXPENSE-002,Probable,"Static mapping or pattern suggests a risk, but reproduction or direct root-cause proof is incomplete.",Yes,Bug,[Vyaya / Expenses] Subscription and reminders step 1: Add subscription,Create Jira Bug,Pending WD Assignment,Draft,Triage: Valid bug. No explicit Himanshu/Harsh verification evidence found.
BUG-EXPENSE-002,Bug 29,audit-input/03-bug-and-evidence/DA_BUG_VERIFICATION.csv,32,Vyaya / Expenses,Needs WD Verification,Subscription and reminders step 2: Add renewal date,"Renewal-date / last-used-date fields accept invalid values with no client-side validation (future last-used AND past renewal both accepted) — Bug 29 confirmed at the input. Save-side persistence untestable (subscriptions API 500, NB-014).",Save/Create,P2,"Feature can work but may save, display, calculate, or connect data incorrectly.",Reproduced Once,Subscription and reminders step 2: Add renewal date,Record should save once to the authoritative persistence layer and be visible after refresh/re-login.,"Renewal-date / last-used-date fields accept invalid values with no client-side validation (future last-used AND past renewal both accepted) — Bug 29 confirmed at the input. Save-side persistence untestable (subscriptions API 500, NB-014).",Yes,Bug 29: last-used future / renewal past accepted,src/app/(dashboard)/vyaya/entry/page.tsx,expenseService; expenseCategoryService; budgetService; ExpenseStore in two paths,/api/expenses; /api/expenses/[id]; /api/expense-categories; /api/budget; /api/subscriptions,Prisma ExpenseEntry/ExpenseCategory/BudgetPlan/Subscription; browser stores,date,Khate; Foundation family; Rajya; Suchak; Leakage; Vyaya; Khate; Rajya; Doot; Reminders,Possible,Possible,No,No,Low,Possible,Possible Duplicate,BUG-EXPENSE-002,Strong Evidence,Source evidence reports Reproduced Once; technical/root-cause verification remains pending.,Yes,Bug,[Vyaya / Expenses] Subscription and reminders step 2: Add renewal date,Create Jira Bug,Pending WD Assignment,Draft,Triage: Valid bug. No explicit Himanshu/Harsh verification evidence found.
BUG-EXPENSE-002,NB-014,audit-input/03-bug-and-evidence/DA_BUG_VERIFICATION.csv,33,Vyaya / Expenses,/api/subscriptions,Subscription and reminders step 3: Check expense connection,Subscription save attempted; /api/subscriptions returns HTTP 500 DATABASE_ERROR (Prisma P2022 - column missing in DB schema),Save/Create,P1,Important user journey or shared module behavior may be blocked or materially degraded.,Needs WD Verification,Subscription and reminders step 3: Check expense connection,Record should save once to the authoritative persistence layer and be visible after refresh/re-login.,Subscription save attempted; /api/subscriptions returns HTTP 500 DATABASE_ERROR (Prisma P2022 - column missing in DB schema),Yes,Feature broken at data layer; cannot read subscriptions back.,src/app/(dashboard)/vyaya/entry/page.tsx,expenseService; expenseCategoryService; budgetService; ExpenseStore in two paths,/api/expenses; /api/expenses/[id]; /api/expense-categories; /api/budget; /api/subscriptions,Prisma ExpenseEntry/ExpenseCategory/BudgetPlan/Subscription; browser stores,date,Khate; Foundation family; Rajya; Suchak; Leakage; Vyaya; Khate; Rajya; Doot; Reminders,Possible,Possible,No,No,Low,Possible,Possible Duplicate,BUG-EXPENSE-002,Probable,"Static mapping or pattern suggests a risk, but reproduction or direct root-cause proof is incomplete.",Yes,Bug,[Vyaya / Expenses] Subscription and reminders step 3: Check expense connection,Move to P0/P1 Impact Report,Pending WD Assignment,Draft,Triage: Valid bug. No explicit Himanshu/Harsh verification evidence found.
BUG-EXPENSE-003,DA-JOURNEY-F-4,audit-input/03-bug-and-evidence/DA_BUG_VERIFICATION.csv,34,Vyaya / Expenses,Needs WD Verification,Subscription and reminders step 4: Check reminder creation,Not observed — step blocked (see Notes).,Dashboard Calculation,P1,Important user journey or shared module behavior may be blocked or materially degraded.,Cannot Reproduce,Subscription and reminders step 4: Check reminder creation,Expected behavior requires PM/WD confirmation.,Not observed — step blocked (see Notes).,Yes,Renewal date validation (Bug 29 save-side) untestable while subscriptions API is 500.,src/app/(dashboard)/vyaya/entry/page.tsx,expenseService; expenseCategoryService; budgetService; ExpenseStore in two paths,/api/expenses; /api/expenses/[id]; /api/expense-categories; /api/budget; /api/subscriptions,Prisma ExpenseEntry/ExpenseCategory/BudgetPlan/Subscription; browser stores,date,Khate; Foundation family; Rajya; Suchak; Leakage; Vyaya; Khate; Rajya; Doot; Reminders,Yes,Possible,No,No,Low,Yes,Unique,,Probable,"Static mapping or pattern suggests a risk, but reproduction or direct root-cause proof is incomplete.",Yes,Bug,[Vyaya / Expenses] Subscription and reminders step 4: Check reminder creation,Move to P0/P1 Impact Report,Pending WD Assignment,Draft,Triage: Valid bug. No explicit Himanshu/Harsh verification evidence found.
BUG-EXPENSE-004,DA-JOURNEY-F-5,audit-input/03-bug-and-evidence/DA_BUG_VERIFICATION.csv,35,Vyaya / Expenses,Needs WD Verification,Subscription and reminders step 5: Edit or deactivate subscription,Second recurring expense (subscriptions category) did NOT create a subscription entry — expense and subscription are unlinked,Save/Create,P2,"Feature can work but may save, display, calculate, or connect data incorrectly.",Needs WD Verification,Subscription and reminders step 5: Edit or deactivate subscription,Record should save once to the authoritative persistence layer and be visible after refresh/re-login.,Second recurring expense (subscriptions category) did NOT create a subscription entry — expense and subscription are unlinked,Yes,Tester noted Add Expense with subscriptions category does not populate the Subscriptions list. Expense<->Subscription link absent (PRD 13 expects connection).,src/app/(dashboard)/vyaya/entry/page.tsx,expenseService; expenseCategoryService; budgetService; ExpenseStore in two paths,/api/expenses; /api/expenses/[id]; /api/expense-categories; /api/budget; /api/subscriptions,Prisma ExpenseEntry/ExpenseCategory/BudgetPlan/Subscription; browser stores,date,Khate; Foundation family; Rajya; Suchak; Leakage; Vyaya; Khate; Rajya; Doot; Reminders,Possible,Possible,No,No,Low,Possible,Unique,,Probable,"Static mapping or pattern suggests a risk, but reproduction or direct root-cause proof is incomplete.",Yes,Bug,[Vyaya / Expenses] Subscription and reminders step 5: Edit or deactivate subscription,Create Jira Bug,Pending WD Assignment,Draft,Triage: Valid bug. No explicit Himanshu/Harsh verification evidence found.
BUG-EXPENSE-005,DA-JOURNEY-F-6,audit-input/03-bug-and-evidence/DA_BUG_VERIFICATION.csv,36,Vyaya / Expenses,Needs WD Verification,Subscription and reminders step 6: Check reminder behaviour,Not observed — step blocked (see Notes).,Dashboard Calculation,P1,Important user journey or shared module behavior may be blocked or materially degraded.,Cannot Reproduce,Subscription and reminders step 6: Check reminder behaviour,Expected behavior requires PM/WD confirmation.,Not observed — step blocked (see Notes).,Yes,Reminder-creation check blocked by subscriptions 500.,src/app/(dashboard)/vyaya/entry/page.tsx,expenseService; expenseCategoryService; budgetService; ExpenseStore in two paths,/api/expenses; /api/expenses/[id]; /api/expense-categories; /api/budget; /api/subscriptions,Prisma ExpenseEntry/ExpenseCategory/BudgetPlan/Subscription; browser stores,date,Khate; Foundation family; Rajya; Suchak; Leakage; Vyaya; Khate; Rajya; Doot; Reminders,Yes,Possible,No,No,Low,Yes,Unique,,Probable,"Static mapping or pattern suggests a risk, but reproduction or direct root-cause proof is incomplete.",Yes,Bug,[Vyaya / Expenses] Subscription and reminders step 6: Check reminder behaviour,Move to P0/P1 Impact Report,Pending WD Assignment,Draft,Triage: Valid bug. No explicit Himanshu/Harsh verification evidence found.
BUG-EXPENSE-002,NB-014,audit-input/03-bug-and-evidence/DA_BUG_VERIFICATION.csv,37,Vyaya / Expenses,/api/subscriptions,Subscription and reminders step 5b: Open subscription edit view,Cannot edit subscription: edit view loads via the same /api/subscriptions endpoint that 500s (P2022). Blocked by NB-014 root cause.,Edit/Update,P1,Important user journey or shared module behavior may be blocked or materially degraded.,Cannot Reproduce,Subscription and reminders step 5b: Open subscription edit view,Edits should persist and update dependent modules consistently.,Cannot edit subscription: edit view loads via the same /api/subscriptions endpoint that 500s (P2022). Blocked by NB-014 root cause.,Yes,audit-input/03-bug-and-evidence/DA_BUG_VERIFICATION.csv,src/app/(dashboard)/vyaya/entry/page.tsx,expenseService; expenseCategoryService; budgetService; ExpenseStore in two paths,/api/expenses; /api/expenses/[id]; /api/expense-categories; /api/budget; /api/subscriptions,Prisma ExpenseEntry/ExpenseCategory/BudgetPlan/Subscription; browser stores,date,Khate; Foundation family; Rajya; Suchak; Leakage; Vyaya; Khate; Rajya; Doot; Reminders,Possible,Possible,No,No,Low,Possible,Possible Duplicate,BUG-EXPENSE-002,Probable,"Static mapping or pattern suggests a risk, but reproduction or direct root-cause proof is incomplete.",Yes,Bug,[Vyaya / Expenses] Subscription and reminders step 5b: Open subscription edit view,Move to P0/P1 Impact Report,Pending WD Assignment,Draft,Triage: Valid bug. No explicit Himanshu/Harsh verification evidence found.
BUG-AUTH-001,1,audit-input/03-bug-and-evidence/P0_P1_BUG_REPORT_DRAFT.csv,2,Authentication,/password,Google login restricted to test users (app unverified in Google Cloud),"Standing restriction hit every session: non-test Google accounts get Error 403 access_denied (report screenshot). Entire test effort has run on the registered test account (dummyuser@example.com, email/password) + Skip Verification BECAUSE of this gate. | Re-confirmed as the active operating constraint across 08-07 -> 11-07 sessions; Journey A step 1 records it still blocks NEW Google accounts (2026-07-12). Environmental/config (Google Cloud OAuth consent screen unverified / testers allow-list), not app code. | Config-level, not code. Fix = complete Google OAuth verification / publish consent screen (or keep an explicit testers allow-list). Workaround IN USE: email/password signup works, so the app is still enterable -> P1, not P0. NB: a reviewer reading login=P0 strictly may escalate. Do NOT edit Google auth settings (ground rule 4); route via Jira.",Auth,P1,Important user journey or shared module behavior may be blocked or materially degraded.,Reproduced Twice,See source row/evidence; reproduce with dummy data only in isolated environment.,"User should authenticate, recover account, or complete auth callback through the intended route without unsafe session behavior.","Standing restriction hit every session: non-test Google accounts get Error 403 access_denied (report screenshot). Entire test effort has run on the registered test account (dummyuser@example.com, email/password) + Skip Verification BECAUSE of this gate. | Re-confirmed as the active operating constraint across 08-07 -> 11-07 sessions; Journey A step 1 records it still blocks NEW Google accounts (2026-07-12). Environmental/config (Google Cloud OAuth consent screen unverified / testers allow-list), not app code. | Config-level, not code. Fix = complete Google OAuth verification / publish consent screen (or keep an explicit testers allow-list). Workaround IN USE: email/password signup works, so",Yes,audit-input/03-bug-and-evidence/P0_P1_BUG_REPORT_DRAFT.csv,src/app/(dashboard)/foundation/page.tsx,userService; educationService; familyService; OnboardingStore,/api/profile; /api/education; /api/family,Prisma User/Education/FamilyMember; Supabase Auth metadata and profile-photos Storage; local Vault,Needs WD Verification,Authentication,No,No,No,Yes,Low,No,Duplicate,BUG-AUTH-001,Strong Evidence,Source evidence reports Reproduced Twice; technical/root-cause verification remains pending.,Yes,Bug,[Authentication] Google login restricted to test users (app unverified in Google Cloud),No Action — Duplicate,Pending WD Assignment,Draft,Triage: Duplicate/supporting source. No explicit Himanshu/Harsh verification evidence found.
BUG-AUTH-002,2,audit-input/03-bug-and-evidence/P0_P1_BUG_REPORT_DRAFT.csv,3,Authentication,/api/auth/send-reset,Password reset link errors; auto-logs-in without resetting,"Run 1 (12-07): send-reset OK (POST /api/auth/send-reset 200). Opened recovery link — token ACCEPTED (Supabase minted a valid session), redirect landed on www.svarajya.com root. Inconclusive on end-state: navigated away too quickly and consumed the single-use token. | Run 2 (12-07, fresh link, clean): followed the link WITHOUT navigating away. (a) Token ACCEPTED — valid session JWT minted for the account (NOT the report's 'Invalid token' error). (b) redirect_to (svarajya.vercel.app/reset-password) IGNORED -> landed on the www.svarajya.com MARKETING landing page (Home/Features/Story/Login), not /reset-password and not /rajya. (c) Tokens sit in the URL fragment but are NEVER consumed: network shows NO token-exchange call, localStorage has no auth keys, UI is logged-out -> NO auto-login. (d) Password never resettable (no reset screen reached). | REPORTED SYMPTOMS NOT REPRODUCED on current production: no 'invalid token' error (token is accepted), and no auto-login/redirect-to-/rajya (the minted session is never consumed at the marketing landing). SECURITY FRAMING CORRECTED: my earlier 'possible auth-bypass / P0' concern does NOT hold — a clean run shows the recovery link does not establish a session on the landing page (no Supabase client there to consume the fragment). Residual security note is minor: a valid bearer JWT is briefly exposed in the URL fragment (history/referrer) — hygiene, not account takeover. THE REAL, REPRODUCIBLE DEFECT is that email password reset is broken end-to-end because the link lands on the marketing root instead of /reset-password — tracked and confirmed as NB-018 (upgraded to P1). Kept at P1 as a cluster member with NB-018 (one fix). Do NOT edit Supabase/auth config (ground rule 4); route via Jira.",Auth,P1,Important user journey or shared module behavior may be blocked or materially degraded.,Not Reproduced,See source row/evidence; reproduce with dummy data only in isolated environment.,"User should authenticate, recover account, or complete auth callback through the intended route without unsafe session behavior.","Run 1 (12-07): send-reset OK (POST /api/auth/send-reset 200). Opened recovery link — token ACCEPTED (Supabase minted a valid session), redirect landed on www.svarajya.com root. Inconclusive on end-state: navigated away too quickly and consumed the single-use token. | Run 2 (12-07, fresh link, clean): followed the link WITHOUT navigating away. (a) Token ACCEPTED — valid session JWT minted for the account (NOT the report's 'Invalid token' error). (b) redirect_to (svarajya.vercel.app/reset-password) IGNORED -> landed on the www.svarajya.com MARKETING landing page (Home/Features/Story/Login), not /reset-password and not /rajya. (c) Tokens sit in the URL fragment but are NEVER consumed: network s",Yes,audit-input/03-bug-and-evidence/P0_P1_BUG_REPORT_DRAFT.csv,src/app/(dashboard)/foundation/page.tsx,userService; educationService; familyService; OnboardingStore,/api/profile; /api/education; /api/family,Prisma User/Education/FamilyMember; Supabase Auth metadata and profile-photos Storage; local Vault,Needs WD Verification,Authentication,No,No,No,Yes,Low,No,Duplicate,BUG-AUTH-002,Unconfirmed,"Source row/report exists, but current live reproduction, code proof, or WD verification is missing.",Yes,Bug,[Authentication] Password reset link errors; auto-logs-in without resetting,No Action — Duplicate,Pending WD Assignment,Draft,Triage: Duplicate/supporting source. No explicit Himanshu/Harsh verification evidence found.
BUG-AUTH-004,5,audit-input/03-bug-and-evidence/P0_P1_BUG_REPORT_DRAFT.csv,4,Authentication,/billing-not-enabled,Mobile OTP was static '1234' (dev mode),"Send OTP now fails with Firebase auth/billing-not-enabled (tester-reproduced 08-07, NB-001); static-1234 path unreachable. | Standing state across 08-07 to 11-07 sessions; no dev-mode code observable. | Report described dev-mode static OTP; current build fails earlier at the send step. Verification journey still broken, differently.",Auth,P1,Important user journey or shared module behavior may be blocked or materially degraded.,Needs WD Verification,See source row/evidence; reproduce with dummy data only in isolated environment.,"User should authenticate, recover account, or complete auth callback through the intended route without unsafe session behavior.","Send OTP now fails with Firebase auth/billing-not-enabled (tester-reproduced 08-07, NB-001); static-1234 path unreachable. | Standing state across 08-07 to 11-07 sessions; no dev-mode code observable. | Report described dev-mode static OTP; current build fails earlier at the send step. Verification journey still broken, differently.",Yes,audit-input/03-bug-and-evidence/P0_P1_BUG_REPORT_DRAFT.csv,src/app/(dashboard)/foundation/page.tsx,userService; educationService; familyService; OnboardingStore,/api/profile; /api/education; /api/family,Prisma User/Education/FamilyMember; Supabase Auth metadata and profile-photos Storage; local Vault,Needs WD Verification,Authentication,No,No,No,Yes,Low,No,Duplicate,BUG-AUTH-004,Unconfirmed,"Source row/report exists, but current live reproduction, code proof, or WD verification is missing.",Yes,Bug,[Authentication] Mobile OTP was static '1234' (dev mode),No Action — Duplicate,Pending WD Assignment,Draft,Triage: Duplicate/supporting source. No explicit Himanshu/Harsh verification evidence found.
BUG-AUTH-004,NB-001,audit-input/03-bug-and-evidence/P0_P1_BUG_REPORT_DRAFT.csv,5,Authentication,/billing-not-enabled,Send OTP fails: Firebase auth/billing-not-enabled,Enter any mobile -> click 'Send OTP to mobile' | OTP send errors out; mobile verification impossible. Skip Verification works so onboarding is not fully blocked.,Auth,P1,Important user journey or shared module behavior may be blocked or materially degraded.,Cannot Reproduce,See source row/evidence; reproduce with dummy data only in isolated environment.,"User should authenticate, recover account, or complete auth callback through the intended route without unsafe session behavior.",Enter any mobile -> click 'Send OTP to mobile' | OTP send errors out; mobile verification impossible. Skip Verification works so onboarding is not fully blocked.,Yes,audit-input/03-bug-and-evidence/P0_P1_BUG_REPORT_DRAFT.csv,src/app/(dashboard)/foundation/page.tsx,userService; educationService; familyService; OnboardingStore,/api/profile; /api/education; /api/family,Prisma User/Education/FamilyMember; Supabase Auth metadata and profile-photos Storage; local Vault,Needs WD Verification,Authentication,No,No,No,Yes,Low,No,Duplicate,BUG-AUTH-004,Unconfirmed,"Source row/report exists, but current live reproduction, code proof, or WD verification is missing.",Yes,Bug,[Authentication] Send OTP fails: Firebase auth/billing-not-enabled,No Action — Duplicate,Pending WD Assignment,Draft,Triage: Duplicate/supporting source. No explicit Himanshu/Harsh verification evidence found.
BUG-AUTH-004,NB-003,audit-input/03-bug-and-evidence/P0_P1_BUG_REPORT_DRAFT.csv,6,Authentication,/foundation,"Profile editing replays full onboarding, gated behind broken OTP",Open /foundation -> click EDIT on profile card | No dedicated edit form. EDIT re-enters the 5-step onboarding wizard ending at the OTP step that errors (NB-001).,Auth,P1,Important user journey or shared module behavior may be blocked or materially degraded.,Needs WD Verification,See source row/evidence; reproduce with dummy data only in isolated environment.,"User should authenticate, recover account, or complete auth callback through the intended route without unsafe session behavior.",Open /foundation -> click EDIT on profile card | No dedicated edit form. EDIT re-enters the 5-step onboarding wizard ending at the OTP step that errors (NB-001).,Yes,audit-input/03-bug-and-evidence/P0_P1_BUG_REPORT_DRAFT.csv,src/app/(dashboard)/foundation/page.tsx,userService; educationService; familyService; OnboardingStore,/api/profile; /api/education; /api/family,Prisma User/Education/FamilyMember; Supabase Auth metadata and profile-photos Storage; local Vault,Needs WD Verification,Needs WD Verification,No,No,No,Yes,Low,No,Duplicate,BUG-AUTH-004,Unconfirmed,"Source row/report exists, but current live reproduction, code proof, or WD verification is missing.",Yes,Bug,"[Authentication] Profile editing replays full onboarding, gated behind broken OTP",No Action — Duplicate,Pending WD Assignment,Draft,Triage: Duplicate/supporting source. No explicit Himanshu/Harsh verification evidence found.
BUG-PROFILE-004,NB-013,audit-input/03-bug-and-evidence/P0_P1_BUG_REPORT_DRAFT.csv,7,Authentication,/file,"Uploads claim Google Drive storage; no consent asked, no folder/file created, Drive URL fabricated from internal ID","Upload doc to loan -> check Drive for Svarajya_Nidhi -> click View | UPDATED 11-07: Behaviour depends on Drive-link state. PRE-CONSENT: loan doc upload claimed success, no Drive artifacts, fabricated URL (original finding). Education upload showed cloud upload failed, local copy saved (honest warning — inconsistent messaging vs loan silent success). POST-CONSENT (tester granted OAuth): education uploads DO reach Drive (Svarajya_Nidhi visible) but first certificate still would not open; Raksha policy doc STILL phantom (Bug 21) — view-URL defect independent of storage state in Raksha/Rin.",Auth,P1,Important user journey or shared module behavior may be blocked or materially degraded.,Needs WD Verification,See source row/evidence; reproduce with dummy data only in isolated environment.,"User should authenticate, recover account, or complete auth callback through the intended route without unsafe session behavior.","Upload doc to loan -> check Drive for Svarajya_Nidhi -> click View | UPDATED 11-07: Behaviour depends on Drive-link state. PRE-CONSENT: loan doc upload claimed success, no Drive artifacts, fabricated URL (original finding). Education upload showed cloud upload failed, local copy saved (honest warning — inconsistent messaging vs loan silent success). POST-CONSENT (tester granted OAuth): education uploads DO reach Drive (Svarajya_Nidhi visible) but first certificate still would not open; Raksha policy doc STILL phantom (Bug 21) — view-URL defect independent of storage state in Raksha/Rin.",Yes,audit-input/03-bug-and-evidence/P0_P1_BUG_REPORT_DRAFT.csv,src/app/(dashboard)/foundation/page.tsx,userService; educationService; familyService; OnboardingStore,/api/profile; /api/education; /api/family,Prisma User/Education/FamilyMember; Supabase Auth metadata and profile-photos Storage; local Vault,Needs WD Verification,Authentication,No,No,No,Yes,Low,Possible,Duplicate,BUG-PROFILE-004,Unconfirmed,"Source row/report exists, but current live reproduction, code proof, or WD verification is missing.",Yes,Bug,"[Authentication] Uploads claim Google Drive storage; no consent asked, no folder/file created, Drive URL fabricated from internal ID",No Action — Duplicate,Pending WD Assignment,Draft,Triage: Duplicate/supporting source. No explicit Himanshu/Harsh verification evidence found.
BUG-EXPENSE-002,NB-014,audit-input/03-bug-and-evidence/P0_P1_BUG_REPORT_DRAFT.csv,8,Vyaya / Expenses,/api/subscriptions,Subscriptions API returns 500 DATABASE_ERROR (Prisma P2022 - missing column),Open Vyaya Subscriptions / GET /api/subscriptions | GET /api/subscriptions AND by-id both 500 (Prisma P2022 missing column). CASCADE: save reports SUCCESS (false confirmation); list renders EMPTY STATE (Add your first subscription) rather than an error — saved data invisible and failure fully silent to the user; edit impossible (loads via same 500).,Save/Create,P1,Important user journey or shared module behavior may be blocked or materially degraded.,Reproduced Twice,See source row/evidence; reproduce with dummy data only in isolated environment.,Record should save once to the authoritative persistence layer and be visible after refresh/re-login.,Open Vyaya Subscriptions / GET /api/subscriptions | GET /api/subscriptions AND by-id both 500 (Prisma P2022 missing column). CASCADE: save reports SUCCESS (false confirmation); list renders EMPTY STATE (Add your first subscription) rather than an error — saved data invisible and failure fully silent to the user; edit impossible (loads via same 500).,Yes,audit-input/03-bug-and-evidence/P0_P1_BUG_REPORT_DRAFT.csv,src/app/(dashboard)/vyaya/entry/page.tsx,expenseService; expenseCategoryService; budgetService; ExpenseStore in two paths,/api/expenses; /api/expenses/[id]; /api/expense-categories; /api/budget; /api/subscriptions,Prisma ExpenseEntry/ExpenseCategory/BudgetPlan/Subscription; browser stores,date,Khate; Foundation family; Rajya; Suchak; Leakage; Vyaya; Khate; Rajya; Doot,Possible,Possible,No,No,Low,No,Duplicate,BUG-EXPENSE-002,Strong Evidence,Source evidence reports Reproduced Twice; technical/root-cause verification remains pending.,Yes,Bug,[Vyaya / Expenses] Subscriptions API returns 500 DATABASE_ERROR (Prisma P2022 - missing column),No Action — Duplicate,Pending WD Assignment,Draft,Triage: Duplicate/supporting source. No explicit Himanshu/Harsh verification evidence found.
BUG-AUTH-009,NB-017,audit-input/03-bug-and-evidence/P0_P1_BUG_REPORT_DRAFT.csv,9,Authentication,/pravah,/pravah returns 404 — route regression vs 10-07 verified-working list,"While logged in, navigate to https://svarajya.vercel.app/pravah | /pravah returns the app 404 page ('Page Not Found'). This route was on the verified working-routes list from the 10-07 sessions, so it is a regression. Bank module (Pravah = PRD M6) is unreachable via its known route.",Auth,P1,Important user journey or shared module behavior may be blocked or materially degraded.,Reproduced Twice,See source row/evidence; reproduce with dummy data only in isolated environment.,"User should authenticate, recover account, or complete auth callback through the intended route without unsafe session behavior.","While logged in, navigate to https://svarajya.vercel.app/pravah | /pravah returns the app 404 page ('Page Not Found'). This route was on the verified working-routes list from the 10-07 sessions, so it is a regression. Bank module (Pravah = PRD M6) is unreachable via its known route.",Yes,| NB-017,src/app/(dashboard)/foundation/page.tsx,userService; educationService; familyService; OnboardingStore,/api/profile; /api/education; /api/family,Prisma User/Education/FamilyMember; Supabase Auth metadata and profile-photos Storage; local Vault,Needs WD Verification,Needs WD Verification,No,No,No,Yes,Low,No,Duplicate,BUG-AUTH-009,Strong Evidence,Source evidence reports Reproduced Twice; technical/root-cause verification remains pending.,Yes,Bug,[Authentication] /pravah returns 404 — route regression vs 10-07 verified-working list,No Action — Duplicate,Pending WD Assignment,Draft,Triage: Duplicate/supporting source. No explicit Himanshu/Harsh verification evidence found.
BUG-AUTH-002,NB-018,audit-input/03-bug-and-evidence/P0_P1_BUG_REPORT_DRAFT.csv,10,Authentication,/reset-password,Password-reset redirect_to is ignored; user is sent to production Site URL root instead of /reset-password (Set-New-Password screen never reached),"Trigger a password reset for any account and open the emailed link; observe the landing URL | The emailed recovery link carries redirect_to=https://svarajya.vercel.app/reset-password, but Supabase redirects to the project Site URL root https://www.svarajya.com/#access_token=[redacted]&type=recovery instead. The /reset-password page is never loaded, so a user following the email link has no screen on which to set a new password. Root cause is a Supabase Auth config mismatch: svarajya.vercel.app/reset-password is not in the Redirect-URLs allow-list, so Supabase falls back to the Site URL. Also surfaces a two-deployment setup (staging svarajya.vercel.app vs production www.svarajya.com) that the reset flow crosses.",Auth,P1,Important user journey or shared module behavior may be blocked or materially degraded.,Reproduced Twice,See source row/evidence; reproduce with dummy data only in isolated environment.,"User should authenticate, recover account, or complete auth callback through the intended route without unsafe session behavior.","Trigger a password reset for any account and open the emailed link; observe the landing URL | The emailed recovery link carries redirect_to=https://svarajya.vercel.app/reset-password, but Supabase redirects to the project Site URL root https://www.svarajya.com/#access_token=[redacted]&type=recovery instead. The /reset-password page is never loaded, so a user following the email link has no screen on which to set a new password. Root cause is a Supabase Auth config mismatch: svarajya.vercel.app/reset-password is not in the Redirect-URLs allow-list, so Supabase falls back to the Site URL. Also surfaces a two-deployment setup (staging svarajya.vercel.app vs production www.svarajya.com) that the",Yes,| NB-018,src/app/(dashboard)/foundation/page.tsx,userService; educationService; familyService; OnboardingStore,/api/profile; /api/education; /api/family,Prisma User/Education/FamilyMember; Supabase Auth metadata and profile-photos Storage; local Vault,Needs WD Verification,Authentication,No,No,No,Yes,Low,No,Duplicate,BUG-AUTH-002,Strong Evidence,Source evidence reports Reproduced Twice; technical/root-cause verification remains pending.,Yes,Bug,[Authentication] Password-reset redirect_to is ignored; user is sent to production Site URL root instead of /reset-password (Set-New-Password screen never reached),No Action — Duplicate,Pending WD Assignment,Draft,Triage: Duplicate/supporting source. No explicit Himanshu/Harsh verification evidence found.
BUG-PROFILE-015,DA10-007,audit-input/02-existing-team-outputs/DA_SUSPECTED_MISSING_CONNECTIONS.csv,2,Sthapana / Foundation,Needs WD Verification,Sthapana - Family to Sthapana - Qualification: Deletion and unlinking lifecycle,"Family member with an associated qualification deleted | Deleting the family member should remove the linked qualification or place it in a clearly defined unassigned state. | The family member was deleted, but the associated qualification remained available. | A qualification may remain visible without a clear family-member owner.",Delete,P2,"Feature can work but may save, display, calculate, or connect data incorrectly.",Needs WD Verification,See source row/evidence; reproduce with dummy data only in isolated environment.,Deletion should remove or safely unlink dependent records according to product rules.,"Family member with an associated qualification deleted | Deleting the family member should remove the linked qualification or place it in a clearly defined unassigned state. | The family member was deleted, but the associated qualification remained available. | A qualification may remain visible without a clear family-member owner.",Yes,Evidence folder: https://drive.google.com/drive/folders/1E8MdrtREzzU7c_XYLfj8cehN50Liq3Ik,src/app/(dashboard)/dwaar/portals/page.tsx,credentialService; CredentialStore; IdentityStore,/api/credentials; /api/credentials/[id]; /api/profile,Prisma CredentialRecord; browser client stores,name,Auth; Rin; Raksha; Most user-owned modules,Possible,Possible,Possible,No,High,No,Unique,,Probable,"Static mapping or pattern suggests a risk, but reproduction or direct root-cause proof is incomplete.",Yes,Bug,[Sthapana / Foundation] Sthapana - Family to Sthapana - Qualification: Deletion and unlinking lifecycle,Create Jira Bug,Pending WD Assignment,Draft,Triage: Valid bug. No explicit Himanshu/Harsh verification evidence found.
BUG-EXPENSE-006,DA10-006,audit-input/02-existing-team-outputs/DA_SUSPECTED_MISSING_CONNECTIONS.csv,3,Vyaya / Expenses,Needs WD Verification,Vyaya - Expenses to Reminders: Reminder-related connections,"Future-dated recurring expense of Rs. 9,999 for July 27, 2027 entered | The application should accept a valid future-dated recurring expense and create the corresponding upcoming reminder. | The application blocked the future date with an error, so the expense-to-reminder connection could not occur. The dependency test recorded this result twice. | Users cannot schedule a future recurring expense and may not receive the expected upcoming reminder.",Save/Create,P1,Important user journey or shared module behavior may be blocked or materially degraded.,Cannot Reproduce,See source row/evidence; reproduce with dummy data only in isolated environment.,Record should save once to the authoritative persistence layer and be visible after refresh/re-login.,"Future-dated recurring expense of Rs. 9,999 for July 27, 2027 entered | The application should accept a valid future-dated recurring expense and create the corresponding upcoming reminder. | The application blocked the future date with an error, so the expense-to-reminder connection could not occur. The dependency test recorded this result twice. | Users cannot schedule a future recurring expense and may not receive the expected upcoming reminder.",Yes,Cross-Module evidence: https://drive.google.com/file/d/1qktNvbUx8Ni2RPUDMopt6Wa-X16bYAOD/view?usp=sharing,src/app/(dashboard)/vyaya/entry/page.tsx,expenseService; expenseCategoryService; budgetService; ExpenseStore in two paths,/api/expenses; /api/expenses/[id]; /api/expense-categories; /api/budget; /api/subscriptions,Prisma ExpenseEntry/ExpenseCategory/BudgetPlan/Subscription; browser stores,date,Khate; Foundation family; Rajya; Suchak; Leakage; Vyaya; Khate; Rajya; Doot; Reminders,Possible,Possible,No,No,Low,Possible,Unique,,Probable,"Static mapping or pattern suggests a risk, but reproduction or direct root-cause proof is incomplete.",Yes,Bug,[Vyaya / Expenses] Vyaya - Expenses to Reminders: Reminder-related connections,Move to P0/P1 Impact Report,Pending WD Assignment,Draft,Triage: Valid bug. No explicit Himanshu/Harsh verification evidence found.
BUG-ONBOARD-001,DA10-001,audit-input/02-existing-team-outputs/DA_SUSPECTED_MISSING_CONNECTIONS.csv,4,Onboarding,Needs WD Verification,Sthapana - Family to Raksha - Insurance: Family-related connections,"Family member added or family name or date of birth updated | The family member should be selectable in the Covered Person control, and later family updates should appear in the linked Insurance view. | Dependency row 7 recorded that the Covered Person dropdown did not render in two attempts. Other dependency rows recorded successful Insurance updates for a changed name, changed date of birth, and an emoji-containing name. | Users may be unable to select a covered family member consistently when creating a policy, even though later updates can appear correctly in other tests.",Edit/Update,P1,Important user journey or shared module behavior may be blocked or materially degraded.,Needs WD Verification,See source row/evidence; reproduce with dummy data only in isolated environment.,Edits should persist and update dependent modules consistently.,"Family member added or family name or date of birth updated | The family member should be selectable in the Covered Person control, and later family updates should appear in the linked Insurance view. | Dependency row 7 recorded that the Covered Person dropdown did not render in two attempts. Other dependency rows recorded successful Insurance updates for a changed name, changed date of birth, and an emoji-containing name. | Users may be unable to select a covered family member consistently when creating a policy, even though later updates can appear correctly in other tests.",Yes,Cross-Module evidence: https://drive.google.com/file/d/1dd_ee2-i84w-YqnnXmN7W8RGMMcPN4gZ/view?usp=drive_link | Evidence folder: https://drive.google.com/drive/folders/1E8MdrtREzzU7c_XYLfj8cehN50Liq3Ik | Evidence folder: https://drive.google.com/drive/folders/1A8JOsapnj954EKJApEH6eKGFyeuWD-0A,src/app/(dashboard)/suchak/page.tsx,IdentityStore/IncomeStore/ExpenseStore/BankStore/OnboardingStore/ThemeStore under src/lib/stores,/api/bank through bankApi,Browser stores plus bank API summary,Needs WD Verification,Needs WD Verification,No,No,No,No,Low,No,Unique,,Probable,"Static mapping or pattern suggests a risk, but reproduction or direct root-cause proof is incomplete.",Yes,Bug,[Onboarding] Sthapana - Family to Raksha - Insurance: Family-related connections,Move to P0/P1 Impact Report,Pending WD Assignment,Draft,Triage: Valid bug. No explicit Himanshu/Harsh verification evidence found.
BUG-EXPENSE-007,DA10-004A,audit-input/02-existing-team-outputs/DA_SUSPECTED_MISSING_CONNECTIONS.csv,5,Vyaya / Expenses,Needs WD Verification,Leakage - Subscriptions to Vyaya - Expenses: Subscription-related connections,"Subscription added or billing frequency set to yearly | A saved subscription should appear in Vyaya as a recurring expense using the selected billing frequency. | Dependency row 12 recorded that the Subscriptions module loaded but had no Save or Submit control, so the record could not be added. Dependency row 37 and the User Journey subscription tests later recorded yearly recurring-expense behaviour working when records could be managed. | A user may be unable to add a subscription, so the corresponding recurring expense may not appear in Vyaya.",Save/Create,P2,"Feature can work but may save, display, calculate, or connect data incorrectly.",Needs WD Verification,See source row/evidence; reproduce with dummy data only in isolated environment.,Record should save once to the authoritative persistence layer and be visible after refresh/re-login.,"Subscription added or billing frequency set to yearly | A saved subscription should appear in Vyaya as a recurring expense using the selected billing frequency. | Dependency row 12 recorded that the Subscriptions module loaded but had no Save or Submit control, so the record could not be added. Dependency row 37 and the User Journey subscription tests later recorded yearly recurring-expense behaviour working when records could be managed. | A user may be unable to add a subscription, so the corresponding recurring expense may not appear in Vyaya.",Yes,Cross-Module evidence: https://drive.google.com/file/d/1Xyg7eXPv4jD5ijrlLD1o4gxFaWMZK9lB/view?usp=drive_link | Evidence folder: https://drive.google.com/drive/folders/18HshI1Hreb71VkTNDbpTZ8-oaeDtus4i,src/app/(dashboard)/vyaya/entry/page.tsx,expenseService; expenseCategoryService; budgetService; ExpenseStore in two paths,/api/expenses; /api/expenses/[id]; /api/expense-categories; /api/budget; /api/subscriptions,Prisma ExpenseEntry/ExpenseCategory/BudgetPlan/Subscription; browser stores,date,Khate; Foundation family; Rajya; Suchak; Leakage; Vyaya; Khate; Rajya; Doot,Possible,Possible,No,No,Low,Possible,Unique,,Probable,"Static mapping or pattern suggests a risk, but reproduction or direct root-cause proof is incomplete.",Yes,Bug,[Vyaya / Expenses] Leakage - Subscriptions to Vyaya - Expenses: Subscription-related connections,Create Jira Bug,Pending WD Assignment,Draft,Triage: Valid bug. No explicit Himanshu/Harsh verification evidence found.
BUG-AUTH-010,DA10-004B,audit-input/02-existing-team-outputs/DA_SUSPECTED_MISSING_CONNECTIONS.csv,6,Authentication,Needs WD Verification,Leakage - Subscriptions to Reminders: Subscription-related connections,"Subscription billing date, cost, status, or record lifecycle changed | A saved billing date should create a payment reminder, edits should update it, and cancellation or deletion should remove future reminders. | The missing Save or Submit control in dependency row 12 blocked subscription creation in one test. Other dependency tests recorded reminder creation, amount updates, and reminder removal after deletion or cancellation. | Users may miss a payment reminder or retain an outdated reminder when subscription creation is unavailable in their session.",Auth,P1,Important user journey or shared module behavior may be blocked or materially degraded.,Cannot Reproduce,See source row/evidence; reproduce with dummy data only in isolated environment.,"User should authenticate, recover account, or complete auth callback through the intended route without unsafe session behavior.","Subscription billing date, cost, status, or record lifecycle changed | A saved billing date should create a payment reminder, edits should update it, and cancellation or deletion should remove future reminders. | The missing Save or Submit control in dependency row 12 blocked subscription creation in one test. Other dependency tests recorded reminder creation, amount updates, and reminder removal after deletion or cancellation. | Users may miss a payment reminder or retain an outdated reminder when subscription creation is unavailable in their session.",Yes,Cross-Module evidence: https://drive.google.com/file/d/1Xyg7eXPv4jD5ijrlLD1o4gxFaWMZK9lB/view?usp=drive_link | Evidence folder: https://drive.google.com/drive/folders/18HshI1Hreb71VkTNDbpTZ8-oaeDtus4i,src/app/(dashboard)/foundation/page.tsx,userService; educationService; familyService; OnboardingStore,/api/profile; /api/education; /api/family,Prisma User/Education/FamilyMember; Supabase Auth metadata and profile-photos Storage; local Vault,Needs WD Verification,Reminders,No,No,No,Yes,Low,Possible,Unique,,Probable,"Static mapping or pattern suggests a risk, but reproduction or direct root-cause proof is incomplete.",Yes,Bug,[Authentication] Leakage - Subscriptions to Reminders: Subscription-related connections,Needs Auth Review,Pending WD Assignment,Draft,Triage: Valid bug. No explicit Himanshu/Harsh verification evidence found.
BUG-ONBOARD-002,DA10-008,audit-input/02-existing-team-outputs/DA_SUSPECTED_MISSING_CONNECTIONS.csv,7,Onboarding,Needs WD Verification,Pehchaan Vault - Identity Documents to Niddhi Vault - Documents: Document-related connections,"Saved identity document selected for deletion | The permitted deletion location should be clear, and deleting the document should update all linked identity and document-vault views. | No delete option was available inside Pehchaan. The confirmed Bug Verification record states that deletion was available only through the X icon in Niddhi Vault's general file list. | Users may not know where to delete an identity document and may leave an unwanted document in place.",Save/Create,P2,"Feature can work but may save, display, calculate, or connect data incorrectly.",Reproduced Once,See source row/evidence; reproduce with dummy data only in isolated environment.,Record should save once to the authoritative persistence layer and be visible after refresh/re-login.,"Saved identity document selected for deletion | The permitted deletion location should be clear, and deleting the document should update all linked identity and document-vault views. | No delete option was available inside Pehchaan. The confirmed Bug Verification record states that deletion was available only through the X icon in Niddhi Vault's general file list. | Users may not know where to delete an identity document and may leave an unwanted document in place.",Yes,Evidence folder: https://drive.google.com/drive/folders/15klJ7BbcIUacWh_77-48iSJ90lxEub5D | Evidence folder: https://drive.google.com/drive/folders/1D2pJlHZ6Ok2qHfqS40m_h4LDzz00S0t_?usp=sharing,src/app/(dashboard)/suchak/page.tsx,IdentityStore/IncomeStore/ExpenseStore/BankStore/OnboardingStore/ThemeStore under src/lib/stores,/api/bank through bankApi,Browser stores plus bank API summary,Needs WD Verification,Document Vault,No,No,No,No,High,No,Unique,,Strong Evidence,Source evidence reports Reproduced Once; technical/root-cause verification remains pending.,Yes,Bug,[Onboarding] Pehchaan Vault - Identity Documents to Niddhi Vault - Documents: Document-related connections,Create Jira Bug,Pending WD Assignment,Draft,Triage: Valid bug. No explicit Himanshu/Harsh verification evidence found.
BUG-PROFILE-016,DA10-009A,audit-input/02-existing-team-outputs/DA_SUSPECTED_MISSING_CONNECTIONS.csv,8,Sthapana / Foundation,Needs WD Verification,Sthapana - Family to Mitra - Nominee: Deletion and unlinking lifecycle,Family member used in the nominee list deleted | The deleted family member should be removed from the available nominee list and should not remain as a stale visible reference. | The name disappeared from the nominee list UI. The source requested technical confirmation of the lasting deletion or unlinking behaviour. | A stale nominee reference could remain or reappear even though the current UI no longer shows the deleted name.,Delete,P2,"Feature can work but may save, display, calculate, or connect data incorrectly.",Needs WD Verification,See source row/evidence; reproduce with dummy data only in isolated environment.,Deletion should remove or safely unlink dependent records according to product rules.,Family member used in the nominee list deleted | The deleted family member should be removed from the available nominee list and should not remain as a stale visible reference. | The name disappeared from the nominee list UI. The source requested technical confirmation of the lasting deletion or unlinking behaviour. | A stale nominee reference could remain or reappear even though the current UI no longer shows the deleted name.,Yes,Evidence missing - follow-up required,src/app/(dashboard)/dwaar/portals/page.tsx,credentialService; CredentialStore; IdentityStore,/api/credentials; /api/credentials/[id]; /api/profile,Prisma CredentialRecord; browser client stores,name,Auth; Rin; Raksha; Most user-owned modules,Possible,Possible,Possible,No,High,No,Unique,,Probable,"Static mapping or pattern suggests a risk, but reproduction or direct root-cause proof is incomplete.",Yes,Bug,[Sthapana / Foundation] Sthapana - Family to Mitra - Nominee: Deletion and unlinking lifecycle,Create Jira Bug,Pending WD Assignment,Draft,Triage: Valid bug. No explicit Himanshu/Harsh verification evidence found.
BUG-LOAN-006,DA10-009B,audit-input/02-existing-team-outputs/DA_SUSPECTED_MISSING_CONNECTIONS.csv,9,Rin / Loans,Needs WD Verification,Bhoomi - Property to Rin - Loans: Deletion and unlinking lifecycle,Property linked as loan collateral deleted | The property link should be removed safely while the loan record remains available. | The Loan Details view changed the collateral value to None without deleting the loan. The source requested confirmation of the lasting unlinking behaviour. | A deleted property could remain linked or reappear in a loan record after the visible UI has updated.,Edit/Update,P2,"Feature can work but may save, display, calculate, or connect data incorrectly.",Needs WD Verification,See source row/evidence; reproduce with dummy data only in isolated environment.,Edits should persist and update dependent modules consistently.,Property linked as loan collateral deleted | The property link should be removed safely while the loan record remains available. | The Loan Details view changed the collateral value to None without deleting the loan. The source requested confirmation of the lasting unlinking behaviour. | A deleted property could remain linked or reappear in a loan record after the visible UI has updated.,Yes,Evidence folder: https://drive.google.com/drive/folders/1Q3CraAUq1MRGFRH-uX6wQPWZO-2PWSZC,src/app/(dashboard)/bhoomi/page.tsx,bhoomiService; NotificationStore; Vault,/api/bhoomi/properties; /api/bhoomi/properties/[id]; /api/loans,Prisma PropertyAsset; local Vault,type,Bhoomi; Foundation family; Khate; Rajya; education/property context,Possible,Possible,Possible,No,High,Possible,Unique,,Probable,"Static mapping or pattern suggests a risk, but reproduction or direct root-cause proof is incomplete.",Yes,Bug,[Rin / Loans] Bhoomi - Property to Rin - Loans: Deletion and unlinking lifecycle,Create Jira Bug,Pending WD Assignment,Draft,Triage: Valid bug. No explicit Himanshu/Harsh verification evidence found.
BUG-EXPENSE-008,DA10-009C,audit-input/02-existing-team-outputs/DA_SUSPECTED_MISSING_CONNECTIONS.csv,10,Vyaya / Expenses,Needs WD Verification,Pravah - Bank Accounts to Vyaya - Expenses: Deletion and unlinking lifecycle,Bank account used as an expense payment account deleted | The deleted bank account should be removed from the expense record and the payment account should change to a safe empty value. | The expense UI removed the bank name and changed Paid From Account to None. The source requested confirmation of the lasting unlinking behaviour. | An expense could retain or later display a stale payment-account reference after the bank account is deleted.,Edit/Update,P2,"Feature can work but may save, display, calculate, or connect data incorrectly.",Needs WD Verification,See source row/evidence; reproduce with dummy data only in isolated environment.,Edits should persist and update dependent modules consistently.,Bank account used as an expense payment account deleted | The deleted bank account should be removed from the expense record and the payment account should change to a safe empty value. | The expense UI removed the bank name and changed Paid From Account to None. The source requested confirmation of the lasting unlinking behaviour. | An expense could retain or later display a stale payment-account reference after the bank account is deleted.,Yes,Evidence folder: https://drive.google.com/drive/folders/1aBgDi9Lx5q5_Bj1QeM1AKwkh6OSmJtb3,src/app/(dashboard)/vyaya/entry/page.tsx,expenseService; expenseCategoryService; budgetService; ExpenseStore in two paths,/api/expenses; /api/expenses/[id]; /api/expense-categories; /api/budget; /api/subscriptions,Prisma ExpenseEntry/ExpenseCategory/BudgetPlan/Subscription; browser stores,date,Khate; Foundation family; Rajya; Suchak; Leakage; Vyaya; Khate; Rajya; Doot,Possible,Possible,No,No,High,Possible,Unique,,Probable,"Static mapping or pattern suggests a risk, but reproduction or direct root-cause proof is incomplete.",Yes,Bug,[Vyaya / Expenses] Pravah - Bank Accounts to Vyaya - Expenses: Deletion and unlinking lifecycle,Create Jira Bug,Pending WD Assignment,Draft,Triage: Valid bug. No explicit Himanshu/Harsh verification evidence found.
BUG-AUTH-011,DA10-010A,audit-input/02-existing-team-outputs/DA_SUSPECTED_MISSING_CONNECTIONS.csv,11,Authentication,Needs WD Verification,Raksha - Insurance to Reminders: Deletion and unlinking lifecycle,Insurance policy deleted | Renewal reminders associated with the deleted policy should be removed and should not return after refresh or re-login. | The linked reminders disappeared immediately from the Reminders list. The dependency source requested confirmation of the lasting cleanup behaviour. | A stale renewal reminder could reappear for a policy that the user has already deleted.,Auth,P2,"Feature can work but may save, display, calculate, or connect data incorrectly.",Needs WD Verification,See source row/evidence; reproduce with dummy data only in isolated environment.,"User should authenticate, recover account, or complete auth callback through the intended route without unsafe session behavior.",Insurance policy deleted | Renewal reminders associated with the deleted policy should be removed and should not return after refresh or re-login. | The linked reminders disappeared immediately from the Reminders list. The dependency source requested confirmation of the lasting cleanup behaviour. | A stale renewal reminder could reappear for a policy that the user has already deleted.,Yes,Evidence folder: https://drive.google.com/drive/folders/1A8JOsapnj954EKJApEH6eKGFyeuWD-0A,src/app/(dashboard)/foundation/page.tsx,userService; educationService; familyService; OnboardingStore,/api/profile; /api/education; /api/family,Prisma User/Education/FamilyMember; Supabase Auth metadata and profile-photos Storage; local Vault,Needs WD Verification,Reminders,No,No,No,Yes,High,Possible,Unique,,Probable,"Static mapping or pattern suggests a risk, but reproduction or direct root-cause proof is incomplete.",Yes,Bug,[Authentication] Raksha - Insurance to Reminders: Deletion and unlinking lifecycle,Needs Auth Review,Pending WD Assignment,Draft,Triage: Valid bug. No explicit Himanshu/Harsh verification evidence found.
BUG-INSURANCE-003,DA10-010B,audit-input/02-existing-team-outputs/DA_SUSPECTED_MISSING_CONNECTIONS.csv,12,Raksha / Insurance,Needs WD Verification,Raksha - Insurance to Niddhi Vault - Documents: Deletion and unlinking lifecycle,Insurance policy with a linked PDF deleted | The policy PDF should remain available in Niddhi Vault and should display an Unlinked status after policy deletion. | The document remained visible in the Document Vault and its status changed to Unlinked. The dependency source requested confirmation of lasting document availability. | A user may later be unable to find a policy document that appeared available immediately after the policy was deleted.,Edit/Update,P2,"Feature can work but may save, display, calculate, or connect data incorrectly.",Needs WD Verification,See source row/evidence; reproduce with dummy data only in isolated environment.,Edits should persist and update dependent modules consistently.,Insurance policy with a linked PDF deleted | The policy PDF should remain available in Niddhi Vault and should display an Unlinked status after policy deletion. | The document remained visible in the Document Vault and its status changed to Unlinked. The dependency source requested confirmation of lasting document availability. | A user may later be unable to find a policy document that appeared available immediately after the policy was deleted.,Yes,Evidence folder: https://drive.google.com/drive/folders/1A8JOsapnj954EKJApEH6eKGFyeuWD-0A | Evidence folder: https://drive.google.com/drive/folders/18ugMGXhe8AgktLa_qsOWhqpfoMKJ3o3A,src/app/(dashboard)/suraksha/page.tsx,None,None,None,type,Foundation family; Mitra; Succession; Rajya; Doot; Auth/security concepts only; None confirmed; Document Vault,Possible,Possible,Possible,No,High,No,Unique,,Probable,"Static mapping or pattern suggests a risk, but reproduction or direct root-cause proof is incomplete.",Yes,Bug,[Raksha / Insurance] Raksha - Insurance to Niddhi Vault - Documents: Deletion and unlinking lifecycle,Create Jira Bug,Pending WD Assignment,Draft,Triage: Valid bug. No explicit Himanshu/Harsh verification evidence found.
BUG-EXPENSE-009,DA10-010C,audit-input/02-existing-team-outputs/DA_SUSPECTED_MISSING_CONNECTIONS.csv,13,Vyaya / Expenses,Needs WD Verification,Leakage - Subscriptions to Reminders: Deletion and unlinking lifecycle,Subscription cancelled or deleted | Future payment reminders for the cancelled or deleted subscription should be removed and should not return. | Dependency tests recorded the reminder clearing after deletion and future reminders disappearing after status changed to CANCELLED. The cancellation test requested confirmation of lasting cleanup. | A stale payment reminder could reappear for a subscription the user has cancelled or deleted.,Edit/Update,P2,"Feature can work but may save, display, calculate, or connect data incorrectly.",Needs WD Verification,See source row/evidence; reproduce with dummy data only in isolated environment.,Edits should persist and update dependent modules consistently.,Subscription cancelled or deleted | Future payment reminders for the cancelled or deleted subscription should be removed and should not return. | Dependency tests recorded the reminder clearing after deletion and future reminders disappearing after status changed to CANCELLED. The cancellation test requested confirmation of lasting cleanup. | A stale payment reminder could reappear for a subscription the user has cancelled or deleted.,Yes,Evidence folder: https://drive.google.com/drive/folders/18HshI1Hreb71VkTNDbpTZ8-oaeDtus4i,src/app/(dashboard)/vyaya/entry/page.tsx,expenseService; expenseCategoryService; budgetService; ExpenseStore in two paths,/api/expenses; /api/expenses/[id]; /api/expense-categories; /api/budget; /api/subscriptions,Prisma ExpenseEntry/ExpenseCategory/BudgetPlan/Subscription; browser stores,date,Khate; Foundation family; Rajya; Suchak; Leakage; Vyaya; Khate; Rajya; Doot; Reminders,Possible,Possible,No,No,High,Possible,Unique,,Probable,"Static mapping or pattern suggests a risk, but reproduction or direct root-cause proof is incomplete.",Yes,Bug,[Vyaya / Expenses] Leakage - Subscriptions to Reminders: Deletion and unlinking lifecycle,Create Jira Bug,Pending WD Assignment,Draft,Triage: Valid bug. No explicit Himanshu/Harsh verification evidence found.
BUG-CREDENTIAL-003,DA10-005,audit-input/02-existing-team-outputs/DA_SUSPECTED_MISSING_CONNECTIONS.csv,14,Kunji / Credentials,Needs WD Verification,Kunji Vault - Credentials to Dashboard: Credential-related connections,"Portal or credential record added or deleted | Adding a portal should positively affect the Dashboard Health Score, and deleting a portal should update the relevant Dashboard total or score according to a defined rule. | Dependency row 15 recorded that the Add Portal button was unresponsive in two attempts, so the Health Score effect could not be tested. The User Journey later recorded portal creation and deletion working and stated that a Dashboard total updated after deletion, but the specific Health Score rule was not verified. | The Dashboard may not communicate credential coverage consistently, and users may be unable to verify how portal changes affect the score.",Save/Create,P2,"Feature can work but may save, display, calculate, or connect data incorrectly.",Needs WD Verification,See source row/evidence; reproduce with dummy data only in isolated environment.,Record should save once to the authoritative persistence layer and be visible after refresh/re-login.,"Portal or credential record added or deleted | Adding a portal should positively affect the Dashboard Health Score, and deleting a portal should update the relevant Dashboard total or score according to a defined rule. | Dependency row 15 recorded that the Add Portal button was unresponsive in two attempts, so the Health Score effect could not be tested. The User Journey later recorded portal creation and deletion working and stated that a Dashboard total updated after deletion, but the specific Health Score rule was not verified. | The Dashboard may not communicate credential coverage consistently, and users may be unable to verify how portal changes affect the score.",Yes,Cross-Module evidence: https://drive.google.com/file/d/1aIDSJ_fHQWm2wqSUzwsgDcOjogV9BNNa/view?usp=drive_link | Evidence folder: https://drive.google.com/drive/folders/1Zs2gbEVc612ZYZqd4JC33ShQSQXTyoTS,● Confirmed - dwaar/portals/add/page.tsx (create); dwaar/portals/portal/[id]/page.tsx (combined detail+edit),● Confirmed - Same POST /api/credentials endpoint (upsert-style),● Confirmed - POST /api/credentials handles BOTH create and update (branches internally on presence of data.id) - no separate PUT route,● Confirmed - credential_records table,Not mapped,Foundation contacts; Rajya; continuity workflows; Dashboard,Possible,No,No,No,High,Possible,Unique,,Probable,"Static mapping or pattern suggests a risk, but reproduction or direct root-cause proof is incomplete.",Yes,Bug,[Kunji / Credentials] Kunji Vault - Credentials to Dashboard: Credential-related connections,Create Jira Bug,Pending WD Assignment,Draft,Triage: Valid bug. No explicit Himanshu/Harsh verification evidence found.
BUG-AUTH-012,DA09-001,audit-input/02-existing-team-outputs/DA_UNCLEAR_AND_CONFLICTING_FIELDS.csv,2,Authentication,/profile,Occupation / phase display; YOUR CURRENT PHASE mapping unclear,"Multiple possible database matches | No database column named phase was identified. The display may relate to users occupation/profile data, rank fields, or a value derived from date of birth, but the source is not confirmed. | Confirm the exact source and logic for the phase display, including whether it is stored or computed and which table/field is authoritative. | Possible DB: users; rajya_scores; gamification_state occupationType or profileType; rank; Not found",Auth,P1,Important user journey or shared module behavior may be blocked or materially degraded.,Code Risk Only,See source row/evidence; reproduce with dummy data only in isolated environment.,"User should authenticate, recover account, or complete auth callback through the intended route without unsafe session behavior.","Multiple possible database matches | No database column named phase was identified. The display may relate to users occupation/profile data, rank fields, or a value derived from date of birth, but the source is not confirmed. | Confirm the exact source and logic for the phase display, including whether it is stored or computed and which table/field is authoritative. | Possible DB: users; rajya_scores; gamification_state occupationType or profileType; rank; Not found",Yes,Frontend vs Database Comparison,src/app/(dashboard)/foundation/page.tsx,userService; educationService; familyService; OnboardingStore,/api/profile; /api/education; /api/family,users,rajya_scores; gamification_state occupationType or profileType; rank; Not found,Authentication,No,No,No,Yes,Low,Possible,Unique,,Probable,"Static mapping or pattern suggests a risk, but reproduction or direct root-cause proof is incomplete.",Yes,Task,[Authentication] Occupation / phase display; YOUR CURRENT PHASE mapping unclear,Needs Auth Review,Pending WD Assignment,Draft,Triage: Code risk. No explicit Himanshu/Harsh verification evidence found.
BUG-PROFILE-017,DA09-002,audit-input/02-existing-team-outputs/DA_UNCLEAR_AND_CONFLICTING_FIELDS.csv,3,Sthapana / Foundation,Needs WD Verification,Profile photo circle mapping unclear,"No database match found | No photo or avatar field was identified in the inventoried tables. | Confirm whether the profile photo is persisted, where it is stored, and which database reference links it to the user. | Possible DB: Not found Not found",Data Persistence,P1,Important user journey or shared module behavior may be blocked or materially degraded.,Code Risk Only,See source row/evidence; reproduce with dummy data only in isolated environment.,Expected behavior requires PM/WD confirmation.,"No database match found | No photo or avatar field was identified in the inventoried tables. | Confirm whether the profile photo is persisted, where it is stored, and which database reference links it to the user. | Possible DB: Not found Not found",Yes,Frontend vs Database Comparison,src/app/(dashboard)/dwaar/portals/page.tsx,credentialService; CredentialStore; IdentityStore,/api/credentials; /api/credentials/[id]; /api/profile,Not found Not found,Needs WD Verification,Auth; Rin; Raksha; Most user-owned modules,Possible,Possible,Possible,No,Possible,No,Unique,,Probable,"Static mapping or pattern suggests a risk, but reproduction or direct root-cause proof is incomplete.",Yes,Task,[Sthapana / Foundation] Profile photo circle mapping unclear,Move to P0/P1 Impact Report,Pending WD Assignment,Draft,Triage: Code risk. No explicit Himanshu/Harsh verification evidence found.
BUG-PROFILE-018,DA09-003,audit-input/02-existing-team-outputs/DA_UNCLEAR_AND_CONFLICTING_FIELDS.csv,4,Sthapana / Foundation,/table,Primary income source mapping unclear,"Technical mapping unclear | The frontend asks for an income source, while the candidate database field records occupation type; these concepts are not necessarily equivalent. | Confirm whether Primary income source writes to users.occupationType or to another field/table. | Possible DB: users occupationType",Responsive/UI,P1,Important user journey or shared module behavior may be blocked or materially degraded.,Code Risk Only,See source row/evidence; reproduce with dummy data only in isolated environment.,"UI should remain clear, usable, and accessible on target viewports.","Technical mapping unclear | The frontend asks for an income source, while the candidate database field records occupation type; these concepts are not necessarily equivalent. | Confirm whether Primary income source writes to users.occupationType or to another field/table. | Possible DB: users occupationType",Yes,Frontend vs Database Comparison,src/app/(dashboard)/dwaar/portals/page.tsx,credentialService; CredentialStore; IdentityStore,/api/credentials; /api/credentials/[id]; /api/profile,users occupationType,Needs WD Verification,Auth; Rin; Raksha; Most user-owned modules,Possible,Possible,Possible,No,Low,Possible,Unique,,Probable,"Static mapping or pattern suggests a risk, but reproduction or direct root-cause proof is incomplete.",Yes,Task,[Sthapana / Foundation] Primary income source mapping unclear,Move to P0/P1 Impact Report,Pending WD Assignment,Draft,Triage: Code risk. No explicit Himanshu/Harsh verification evidence found.
BUG-AUTH-013,DA09-004,audit-input/02-existing-team-outputs/DA_UNCLEAR_AND_CONFLICTING_FIELDS.csv,5,Authentication,/write,MOBILE NUMBER; EMAIL mapping unclear,"Multiple possible database matches | Two candidate fields exist for each frontend contact value, and the read/write field is not identified. | Confirm which user field is authoritative for mobile number and which is authoritative for email, including whether the alternate fields serve a different purpose. | Possible DB: users phone or primaryMobile; email or primaryEmail",Auth,P1,Important user journey or shared module behavior may be blocked or materially degraded.,Code Risk Only,See source row/evidence; reproduce with dummy data only in isolated environment.,"User should authenticate, recover account, or complete auth callback through the intended route without unsafe session behavior.","Multiple possible database matches | Two candidate fields exist for each frontend contact value, and the read/write field is not identified. | Confirm which user field is authoritative for mobile number and which is authoritative for email, including whether the alternate fields serve a different purpose. | Possible DB: users phone or primaryMobile; email or primaryEmail",Yes,Frontend vs Database Comparison,src/app/(dashboard)/foundation/page.tsx,userService; educationService; familyService; OnboardingStore,/api/profile; /api/education; /api/family,users phone or primaryMobile,email or primaryEmail,Authentication,No,No,No,Yes,Low,No,Unique,,Probable,"Static mapping or pattern suggests a risk, but reproduction or direct root-cause proof is incomplete.",Yes,Task,[Authentication] MOBILE NUMBER; EMAIL mapping unclear,Needs Auth Review,Pending WD Assignment,Draft,Triage: Code risk. No explicit Himanshu/Harsh verification evidence found.
BUG-PROFILE-019,DA09-005,audit-input/02-existing-team-outputs/DA_UNCLEAR_AND_CONFLICTING_FIELDS.csv,6,Sthapana / Foundation,Needs WD Verification,Enable WhatsApp reminders mapping unclear,"Technical mapping unclear | Channel fields exist on notification tables, but no user-level WhatsApp preference field was identified. | Confirm whether this toggle is persisted per user, where it is stored, or whether it only affects channel selection during notification delivery. | Possible DB: notifications; notification_templates channel",Data Persistence,P1,Important user journey or shared module behavior may be blocked or materially degraded.,Code Risk Only,See source row/evidence; reproduce with dummy data only in isolated environment.,Expected behavior requires PM/WD confirmation.,"Technical mapping unclear | Channel fields exist on notification tables, but no user-level WhatsApp preference field was identified. | Confirm whether this toggle is persisted per user, where it is stored, or whether it only affects channel selection during notification delivery. | Possible DB: notifications; notification_templates channel",Yes,Frontend vs Database Comparison,src/app/(dashboard)/dwaar/portals/page.tsx,credentialService; CredentialStore; IdentityStore,/api/credentials; /api/credentials/[id]; /api/profile,notifications,notification_templates channel,Auth; Rin; Raksha; Most user-owned modules; Reminders,Possible,Possible,Possible,No,Possible,Possible,Unique,,Probable,"Static mapping or pattern suggests a risk, but reproduction or direct root-cause proof is incomplete.",Yes,Task,[Sthapana / Foundation] Enable WhatsApp reminders mapping unclear,Move to P0/P1 Impact Report,Pending WD Assignment,Draft,Triage: Code risk. No explicit Himanshu/Harsh verification evidence found.
BUG-ONBOARD-003,DA09-006,audit-input/02-existing-team-outputs/DA_UNCLEAR_AND_CONFLICTING_FIELDS.csv,7,Onboarding,Needs WD Verification,Janma Tithi (DOB); Relationship mapping unclear,"Different naming | The frontend labels differ from the candidate database field names, although the concepts appear aligned. | Confirm that Janma Tithi (DOB) maps to family_members.dob and Relationship maps to family_members.relation, with no separate fields used. | Possible DB: family_members dob; relation",Data Mismatch,P2,"Feature can work but may save, display, calculate, or connect data incorrectly.",Code Risk Only,See source row/evidence; reproduce with dummy data only in isolated environment.,Expected behavior requires PM/WD confirmation.,"Different naming | The frontend labels differ from the candidate database field names, although the concepts appear aligned. | Confirm that Janma Tithi (DOB) maps to family_members.dob and Relationship maps to family_members.relation, with no separate fields used. | Possible DB: family_members dob; relation",Yes,Frontend vs Database Comparison,src/app/(dashboard)/suchak/page.tsx,IdentityStore/IncomeStore/ExpenseStore/BankStore/OnboardingStore/ThemeStore under src/lib/stores,/api/bank through bankApi,family_members dob,relation,Needs WD Verification,No,No,No,No,Low,No,Unique,,Probable,"Static mapping or pattern suggests a risk, but reproduction or direct root-cause proof is incomplete.",Yes,Task,[Onboarding] Janma Tithi (DOB); Relationship mapping unclear,Needs WD Reproduction,Pending WD Assignment,Draft,Triage: Code risk. No explicit Himanshu/Harsh verification evidence found.
BUG-PROFILE-020,DA09-007,audit-input/02-existing-team-outputs/DA_UNCLEAR_AND_CONFLICTING_FIELDS.csv,8,Sthapana / Foundation,Needs WD Verification,Rajya Access Level mapping unclear,"Technical mapping unclear | family_members.accessLevel is the closest match, but a separate module_access_permissions table also exists for access control. | Confirm that this family-member frontend field maps only to family_members.accessLevel and is not sourced from or written to module_access_permissions. | Possible DB: family_members; module_access_permissions accessLevel; module permission fields not specified",Data Mismatch,P1,Important user journey or shared module behavior may be blocked or materially degraded.,Code Risk Only,See source row/evidence; reproduce with dummy data only in isolated environment.,Expected behavior requires PM/WD confirmation.,"Technical mapping unclear | family_members.accessLevel is the closest match, but a separate module_access_permissions table also exists for access control. | Confirm that this family-member frontend field maps only to family_members.accessLevel and is not sourced from or written to module_access_permissions. | Possible DB: family_members; module_access_permissions accessLevel; module permission fields not specified",Yes,Frontend vs Database Comparison,src/app/(dashboard)/dwaar/portals/page.tsx,credentialService; CredentialStore; IdentityStore,/api/credentials; /api/credentials/[id]; /api/profile,family_members,module_access_permissions accessLevel; module permission fields not specified,Auth; Rin; Raksha; Most user-owned modules,Possible,Possible,Possible,No,Low,No,Unique,,Probable,"Static mapping or pattern suggests a risk, but reproduction or direct root-cause proof is incomplete.",Yes,Task,[Sthapana / Foundation] Rajya Access Level mapping unclear,Move to P0/P1 Impact Report,Pending WD Assignment,Draft,Triage: Code risk. No explicit Himanshu/Harsh verification evidence found.
BUG-PROFILE-021,DA09-008,audit-input/02-existing-team-outputs/DA_UNCLEAR_AND_CONFLICTING_FIELDS.csv,9,Sthapana / Foundation,Needs WD Verification,Certificate belongs to mapping unclear,Different naming | The frontend person selector appears to correspond to a family member reference rather than a similarly named database field. | Confirm that Certificate belongs to stores the selected person in education.familyMemberId. | Possible DB: education familyMemberId,Data Mismatch,P2,"Feature can work but may save, display, calculate, or connect data incorrectly.",Code Risk Only,See source row/evidence; reproduce with dummy data only in isolated environment.,Expected behavior requires PM/WD confirmation.,Different naming | The frontend person selector appears to correspond to a family member reference rather than a similarly named database field. | Confirm that Certificate belongs to stores the selected person in education.familyMemberId. | Possible DB: education familyMemberId,Yes,Frontend vs Database Comparison,src/app/(dashboard)/dwaar/portals/page.tsx,credentialService; CredentialStore; IdentityStore,/api/credentials; /api/credentials/[id]; /api/profile,education familyMemberId,Needs WD Verification,Auth; Rin; Raksha; Most user-owned modules,Possible,Possible,Possible,No,Low,No,Unique,,Probable,"Static mapping or pattern suggests a risk, but reproduction or direct root-cause proof is incomplete.",Yes,Task,[Sthapana / Foundation] Certificate belongs to mapping unclear,Needs WD Reproduction,Pending WD Assignment,Draft,Triage: Code risk. No explicit Himanshu/Harsh verification evidence found.
BUG-PROFILE-022,DA09-009,audit-input/02-existing-team-outputs/DA_UNCLEAR_AND_CONFLICTING_FIELDS.csv,10,Sthapana / Foundation,Needs WD Verification,Institution / University; Year mapping unclear,Different naming | The frontend labels use broader or shorter wording than the candidate database fields. | Confirm that Institution / University maps to education.institute and Year maps to education.yearCompleted. | Possible DB: education institute; yearCompleted,Data Mismatch,P2,"Feature can work but may save, display, calculate, or connect data incorrectly.",Code Risk Only,See source row/evidence; reproduce with dummy data only in isolated environment.,Expected behavior requires PM/WD confirmation.,Different naming | The frontend labels use broader or shorter wording than the candidate database fields. | Confirm that Institution / University maps to education.institute and Year maps to education.yearCompleted. | Possible DB: education institute; yearCompleted,Yes,Frontend vs Database Comparison,src/app/(dashboard)/dwaar/portals/page.tsx,credentialService; CredentialStore; IdentityStore,/api/credentials; /api/credentials/[id]; /api/profile,education institute,yearCompleted,Auth; Rin; Raksha; Most user-owned modules,Possible,Possible,Possible,No,Low,No,Unique,,Probable,"Static mapping or pattern suggests a risk, but reproduction or direct root-cause proof is incomplete.",Yes,Task,[Sthapana / Foundation] Institution / University; Year mapping unclear,Needs WD Reproduction,Pending WD Assignment,Draft,Triage: Code risk. No explicit Himanshu/Harsh verification evidence found.
BUG-PROFILE-023,DA09-010,audit-input/02-existing-team-outputs/DA_UNCLEAR_AND_CONFLICTING_FIELDS.csv,11,Sthapana / Foundation,/No,Education Loan? mapping unclear,"Technical mapping unclear | The frontend is a Yes/No control, while linkedLoanId stores a loan reference rather than a boolean value. | Confirm how the Yes/No control is represented, when linkedLoanId is populated, and whether any separate boolean field exists. | Possible DB: education linkedLoanId",Data Mismatch,P1,Important user journey or shared module behavior may be blocked or materially degraded.,Code Risk Only,See source row/evidence; reproduce with dummy data only in isolated environment.,Expected behavior requires PM/WD confirmation.,"Technical mapping unclear | The frontend is a Yes/No control, while linkedLoanId stores a loan reference rather than a boolean value. | Confirm how the Yes/No control is represented, when linkedLoanId is populated, and whether any separate boolean field exists. | Possible DB: education linkedLoanId",Yes,Frontend vs Database Comparison,src/app/(dashboard)/dwaar/portals/page.tsx,credentialService; CredentialStore; IdentityStore,/api/credentials; /api/credentials/[id]; /api/profile,education linkedLoanId,Needs WD Verification,Auth; Rin; Raksha; Most user-owned modules,Possible,Possible,Possible,No,Low,Possible,Unique,,Probable,"Static mapping or pattern suggests a risk, but reproduction or direct root-cause proof is incomplete.",Yes,Task,[Sthapana / Foundation] Education Loan? mapping unclear,Move to P0/P1 Impact Report,Pending WD Assignment,Draft,Triage: Code risk. No explicit Himanshu/Harsh verification evidence found.
BUG-IDENTITY-001,DA09-011,audit-input/02-existing-team-outputs/DA_UNCLEAR_AND_CONFLICTING_FIELDS.csv,12,Pehchaan / Identity Vault,/write,Document Number mapping unclear,"Multiple possible database matches | Both masked and full document-number fields exist, and the frontend read/write mapping is not identified. | Confirm which field receives user input, which field is displayed, and how masking is applied. | Possible DB: identity_records numberMasked or numberFull",Document Upload,P1,Important user journey or shared module behavior may be blocked or materially degraded.,Code Risk Only,See source row/evidence; reproduce with dummy data only in isolated environment.,"Document should upload, link, display, and delete through the intended vault/storage flow.","Multiple possible database matches | Both masked and full document-number fields exist, and the frontend read/write mapping is not identified. | Confirm which field receives user input, which field is displayed, and how masking is applied. | Possible DB: identity_records numberMasked or numberFull",Yes,Frontend vs Database Comparison,● Confirmed - pehchaan/records/add/page.tsx (create); pehchaan/records/[id]/edit/page.tsx (edit),● Confirmed - PUT /api/identity/{id},"● Confirmed - POST /api/identity -> identityService, also syncs document_meta + moves the Google Drive file",identity_records numberMasked or numberFull,Needs WD Verification,Foundation family; Rajya; Doot; Vault; Document Vault,Possible,Possible,Yes,No,Possible,No,Unique,,Probable,"Static mapping or pattern suggests a risk, but reproduction or direct root-cause proof is incomplete.",Yes,Task,[Pehchaan / Identity Vault] Document Number mapping unclear,Move to P0/P1 Impact Report,Pending WD Assignment,Draft,Triage: Code risk. No explicit Himanshu/Harsh verification evidence found.
BUG-IDENTITY-002,DA09-012,audit-input/02-existing-team-outputs/DA_UNCLEAR_AND_CONFLICTING_FIELDS.csv,13,Pehchaan / Identity Vault,Needs WD Verification,Issue Date mapping unclear,Different naming | The frontend and database use different labels for the same apparent date value. | Confirm that Issue Date maps to identity_records.issuedDate. | Possible DB: identity_records issuedDate,Data Mismatch,P2,"Feature can work but may save, display, calculate, or connect data incorrectly.",Code Risk Only,See source row/evidence; reproduce with dummy data only in isolated environment.,Expected behavior requires PM/WD confirmation.,Different naming | The frontend and database use different labels for the same apparent date value. | Confirm that Issue Date maps to identity_records.issuedDate. | Possible DB: identity_records issuedDate,Yes,Frontend vs Database Comparison,● Confirmed - pehchaan/records/add/page.tsx (create); pehchaan/records/[id]/edit/page.tsx (edit),● Confirmed - PUT /api/identity/{id},"● Confirmed - POST /api/identity -> identityService, also syncs document_meta + moves the Google Drive file",identity_records issuedDate,Needs WD Verification,Foundation family; Rajya; Doot; Vault,Possible,Possible,Possible,No,Low,No,Unique,,Probable,"Static mapping or pattern suggests a risk, but reproduction or direct root-cause proof is incomplete.",Yes,Task,[Pehchaan / Identity Vault] Issue Date mapping unclear,Needs WD Reproduction,Pending WD Assignment,Draft,Triage: Code risk. No explicit Himanshu/Harsh verification evidence found.
BUG-AUTH-014,DA09-013,audit-input/02-existing-team-outputs/DA_UNCLEAR_AND_CONFLICTING_FIELDS.csv,14,Authentication,Needs WD Verification,Document belongs to; Upload document; Loan document belongs to mapping unclear,"Multiple possible database matches | Module-specific tables contain document references, while document_meta contains explicit ownership links. The authoritative location for file metadata and document ownership is not confirmed across these modules. | Confirm, for each module, which table stores the uploaded file reference, which table stores the selected owner, and whether document_meta or the module-specific table is authoritative. | Possible DB: identity_records; insurance_policies; loan_accounts; document_meta familyMemberId or userId; vaultFileId; documentId; linkedPersonId or linkedFamilyMemberId",Auth,P1,Important user journey or shared module behavior may be blocked or materially degraded.,Code Risk Only,See source row/evidence; reproduce with dummy data only in isolated environment.,"User should authenticate, recover account, or complete auth callback through the intended route without unsafe session behavior.","Multiple possible database matches | Module-specific tables contain document references, while document_meta contains explicit ownership links. The authoritative location for file metadata and document ownership is not confirmed across these modules. | Confirm, for each module, which table stores the uploaded file reference, which table stores the selected owner, and whether document_meta or the module-specific table is authoritative. | Possible DB: identity_records; insurance_policies; loan_accounts; document_meta familyMemberId or userId; vaultFileId; documentId; linkedPersonId or linkedFamilyMemberId",Yes,Frontend vs Database Comparison,src/app/(dashboard)/foundation/page.tsx,userService; educationService; familyService; OnboardingStore,/api/profile; /api/education; /api/family,identity_records,insurance_policies; loan_accounts; document_meta familyMemberId or userId; vaultFileId; documentId; linkedPersonId or linkedFamilyMemberId,Document Vault; Authentication,No,No,No,Yes,Low,Possible,Unique,,Probable,"Static mapping or pattern suggests a risk, but reproduction or direct root-cause proof is incomplete.",Yes,Task,[Authentication] Document belongs to; Upload document; Loan document belongs to mapping unclear,Needs Auth Review,Pending WD Assignment,Draft,Triage: Code risk. No explicit Himanshu/Harsh verification evidence found.
BUG-CREDENTIAL-004,DA09-014,audit-input/02-existing-team-outputs/DA_UNCLEAR_AND_CONFLICTING_FIELDS.csv,15,Kunji / Credentials,Needs WD Verification,Category; Platform Name; Website URL mapping unclear,"Different naming | The frontend labels differ from the corresponding portal-oriented database field names. | Confirm the three mappings: Category to portalType, Platform Name to portalName, and Website URL to portalUrl. | Possible DB: credential_records portalType; portalName; portalUrl",Data Mismatch,P2,"Feature can work but may save, display, calculate, or connect data incorrectly.",Code Risk Only,See source row/evidence; reproduce with dummy data only in isolated environment.,Expected behavior requires PM/WD confirmation.,"Different naming | The frontend labels differ from the corresponding portal-oriented database field names. | Confirm the three mappings: Category to portalType, Platform Name to portalName, and Website URL to portalUrl. | Possible DB: credential_records portalType; portalName; portalUrl",Yes,Frontend vs Database Comparison,● Confirmed - dwaar/portals/add/page.tsx (create); dwaar/portals/portal/[id]/page.tsx (combined detail+edit),● Confirmed - Same POST /api/credentials endpoint (upsert-style),● Confirmed - POST /api/credentials handles BOTH create and update (branches internally on presence of data.id) - no separate PUT route,credential_records portalType,portalName; portalUrl,Foundation contacts; Rajya; continuity workflows,Possible,No,No,No,Low,No,Unique,,Probable,"Static mapping or pattern suggests a risk, but reproduction or direct root-cause proof is incomplete.",Yes,Task,[Kunji / Credentials] Category; Platform Name; Website URL mapping unclear,Needs WD Reproduction,Pending WD Assignment,Draft,Triage: Code risk. No explicit Himanshu/Harsh verification evidence found.
BUG-CREDENTIAL-005,DA09-015,audit-input/02-existing-team-outputs/DA_UNCLEAR_AND_CONFLICTING_FIELDS.csv,16,Kunji / Credentials,Needs WD Verification,App Link mapping unclear,"No database match found | No separate App Link field was identified in credential_records; portalUrl is the only related URL field noted. | Confirm whether App Link shares credential_records.portalUrl, is stored elsewhere, or is not persisted. | Possible DB: Not found Not found",Data Persistence,P1,Important user journey or shared module behavior may be blocked or materially degraded.,Code Risk Only,See source row/evidence; reproduce with dummy data only in isolated environment.,Expected behavior requires PM/WD confirmation.,"No database match found | No separate App Link field was identified in credential_records; portalUrl is the only related URL field noted. | Confirm whether App Link shares credential_records.portalUrl, is stored elsewhere, or is not persisted. | Possible DB: Not found Not found",Yes,Frontend vs Database Comparison,● Confirmed - dwaar/portals/add/page.tsx (create); dwaar/portals/portal/[id]/page.tsx (combined detail+edit),● Confirmed - Same POST /api/credentials endpoint (upsert-style),● Confirmed - POST /api/credentials handles BOTH create and update (branches internally on presence of data.id) - no separate PUT route,Not found Not found,Needs WD Verification,Foundation contacts; Rajya; continuity workflows,Possible,No,No,No,High,No,Unique,,Probable,"Static mapping or pattern suggests a risk, but reproduction or direct root-cause proof is incomplete.",Yes,Task,[Kunji / Credentials] App Link mapping unclear,Move to P0/P1 Impact Report,Pending WD Assignment,Draft,Triage: Code risk. No explicit Himanshu/Harsh verification evidence found.
BUG-LOAN-007,DA09-016,audit-input/02-existing-team-outputs/DA_UNCLEAR_AND_CONFLICTING_FIELDS.csv,17,Rin / Loans,Needs WD Verification,Premium Amount; Next Due Date; Primary Nominee mapping unclear,"Different naming | The frontend labels differ from the corresponding database field names. | Confirm the mappings to insurance_policies.premium, dueDate, and nomineeId. | Possible DB: insurance_policies premium; dueDate; nomineeId",Dashboard Calculation,P2,"Feature can work but may save, display, calculate, or connect data incorrectly.",Code Risk Only,See source row/evidence; reproduce with dummy data only in isolated environment.,Expected behavior requires PM/WD confirmation.,"Different naming | The frontend labels differ from the corresponding database field names. | Confirm the mappings to insurance_policies.premium, dueDate, and nomineeId. | Possible DB: insurance_policies premium; dueDate; nomineeId",Yes,Frontend vs Database Comparison,src/app/(dashboard)/bhoomi/page.tsx,bhoomiService; NotificationStore; Vault,/api/bhoomi/properties; /api/bhoomi/properties/[id]; /api/loans,insurance_policies premium,dueDate; nomineeId,Bhoomi; Foundation family; Khate; Rajya; education/property context,Yes,Possible,Possible,No,Low,Yes,Unique,,Probable,"Static mapping or pattern suggests a risk, but reproduction or direct root-cause proof is incomplete.",Yes,Task,[Rin / Loans] Premium Amount; Next Due Date; Primary Nominee mapping unclear,Needs WD Reproduction,Pending WD Assignment,Draft,Triage: Code risk. No explicit Himanshu/Harsh verification evidence found.
BUG-INSURANCE-004,DA09-017,audit-input/02-existing-team-outputs/DA_UNCLEAR_AND_CONFLICTING_FIELDS.csv,18,Raksha / Insurance,Needs WD Verification,Covered Members mapping unclear,"Technical mapping unclear | The frontend field is on the policy flow, but the candidate data is stored in a separate insurance_coverage table rather than insurance_policies. | Confirm that covered-member selections are stored in insurance_coverage.memberId and explain the policy-to-coverage relationship used by this screen. | Possible DB: insurance_coverage memberId",Data Mismatch,P1,Important user journey or shared module behavior may be blocked or materially degraded.,Code Risk Only,See source row/evidence; reproduce with dummy data only in isolated environment.,Expected behavior requires PM/WD confirmation.,"Technical mapping unclear | The frontend field is on the policy flow, but the candidate data is stored in a separate insurance_coverage table rather than insurance_policies. | Confirm that covered-member selections are stored in insurance_coverage.memberId and explain the policy-to-coverage relationship used by this screen. | Possible DB: insurance_coverage memberId",Yes,Frontend vs Database Comparison,src/app/(dashboard)/suraksha/page.tsx,None,None,insurance_coverage memberId,Needs WD Verification,Foundation family; Mitra; Succession; Rajya; Doot; Auth/security concepts only; None confirmed,Possible,Possible,Possible,No,Low,No,Unique,,Probable,"Static mapping or pattern suggests a risk, but reproduction or direct root-cause proof is incomplete.",Yes,Task,[Raksha / Insurance] Covered Members mapping unclear,Move to P0/P1 Impact Report,Pending WD Assignment,Draft,Triage: Code risk. No explicit Himanshu/Harsh verification evidence found.
BUG-INCOME-003,DA09-018,audit-input/02-existing-team-outputs/DA_UNCLEAR_AND_CONFLICTING_FIELDS.csv,19,Kosh / Income,Needs WD Verification,Source Name; Gross Income; Credited Bank Account mapping unclear,"Different naming | The frontend labels differ from the candidate database field names. | Confirm the mappings to income_streams.source, amountGross, and creditedAccountId. | Possible DB: income_streams source; amountGross; creditedAccountId",Edit/Update,P2,"Feature can work but may save, display, calculate, or connect data incorrectly.",Code Risk Only,See source row/evidence; reproduce with dummy data only in isolated environment.,Edits should persist and update dependent modules consistently.,"Different naming | The frontend labels differ from the candidate database field names. | Confirm the mappings to income_streams.source, amountGross, and creditedAccountId. | Possible DB: income_streams source; amountGross; creditedAccountId",Yes,Frontend vs Database Comparison,"● Confirmed - kosh/add/page.tsx (OLD store); kosh/sources/add/page.tsx (NEW store, official config route); kosh/income/[id]/edit/page.tsx",● Confirmed - PUT /api/income/{id},● Confirmed - POST /api/income -> IncomeStore updates its in-memory array and fires the request,income_streams source,amountGross; creditedAccountId,Foundation family; Khate; Rajya; Suchak; Vyaya; notifications,Possible,Possible,No,No,Low,Possible,Unique,,Probable,"Static mapping or pattern suggests a risk, but reproduction or direct root-cause proof is incomplete.",Yes,Task,[Kosh / Income] Source Name; Gross Income; Credited Bank Account mapping unclear,Needs WD Reproduction,Pending WD Assignment,Draft,Triage: Code risk. No explicit Himanshu/Harsh verification evidence found.
BUG-BANK-005,DA09-019,audit-input/02-existing-team-outputs/DA_UNCLEAR_AND_CONFLICTING_FIELDS.csv,20,Pravah / Banking,Needs WD Verification,Account Last 4 Digits; Balance As Of; Total physical cash mapping unclear,Different naming | The frontend labels differ from the corresponding database field names. | Confirm each listed frontend-to-database mapping. | Possible DB: bank_accounts; cash_wallets accountLast4; latestBalanceAsOf; cashInHand,Validation,P2,"Feature can work but may save, display, calculate, or connect data incorrectly.",Code Risk Only,See source row/evidence; reproduce with dummy data only in isolated environment.,Invalid input should be blocked with clear field-level feedback.,Different naming | The frontend labels differ from the corresponding database field names. | Confirm each listed frontend-to-database mapping. | Possible DB: bank_accounts; cash_wallets accountLast4; latestBalanceAsOf; cashInHand,Yes,Frontend vs Database Comparison,src/app/(dashboard)/khate/accounts/page.tsx,bankService; bankApi; BankStore in src/lib and src/lib/stores,/api/bank; /api/bank/[id],bank_accounts,cash_wallets accountLast4; latestBalanceAsOf; cashInHand,Kosh; Vyaya; Rajya; Suchak; Leakage,Possible,Possible,No,No,Low,No,Unique,,Probable,"Static mapping or pattern suggests a risk, but reproduction or direct root-cause proof is incomplete.",Yes,Task,[Pravah / Banking] Account Last 4 Digits; Balance As Of; Total physical cash mapping unclear,Needs WD Reproduction,Pending WD Assignment,Draft,Triage: Code risk. No explicit Himanshu/Harsh verification evidence found.
BUG-BANK-006,DA09-020,audit-input/02-existing-team-outputs/DA_UNCLEAR_AND_CONFLICTING_FIELDS.csv,21,Pravah / Banking,Needs WD Verification,Joint Account Holder mapping unclear,"Technical mapping unclear | The frontend appears to capture a single holder, while the database field name suggests multiple holders or a collection. | Confirm the data type and structure of bank_accounts.holders and how the single frontend control maps to it. | Possible DB: bank_accounts holders",Data Mismatch,P1,Important user journey or shared module behavior may be blocked or materially degraded.,Code Risk Only,See source row/evidence; reproduce with dummy data only in isolated environment.,Expected behavior requires PM/WD confirmation.,"Technical mapping unclear | The frontend appears to capture a single holder, while the database field name suggests multiple holders or a collection. | Confirm the data type and structure of bank_accounts.holders and how the single frontend control maps to it. | Possible DB: bank_accounts holders",Yes,Frontend vs Database Comparison,src/app/(dashboard)/khate/accounts/page.tsx,bankService; bankApi; BankStore in src/lib and src/lib/stores,/api/bank; /api/bank/[id],bank_accounts holders,Needs WD Verification,Kosh; Vyaya; Rajya; Suchak; Leakage,Possible,Possible,No,No,Low,No,Unique,,Probable,"Static mapping or pattern suggests a risk, but reproduction or direct root-cause proof is incomplete.",Yes,Task,[Pravah / Banking] Joint Account Holder mapping unclear,Move to P0/P1 Impact Report,Pending WD Assignment,Draft,Triage: Code risk. No explicit Himanshu/Harsh verification evidence found.
BUG-AUTH-015,DA09-021,audit-input/02-existing-team-outputs/DA_UNCLEAR_AND_CONFLICTING_FIELDS.csv,22,Authentication,/portal,Linked Identity; Linked Portal mapping unclear,"No database match found | No direct bank_accounts field was identified for linking an identity record or a credential/portal record. identity_links is only a possible candidate for the identity link. | Confirm whether and where bank-account-to-identity and bank-account-to-portal relationships are stored, including the authoritative table and foreign-key fields. | Possible DB: bank_accounts; identity_links; Not found No direct field found; possible identity_links mapping",Auth,P1,Important user journey or shared module behavior may be blocked or materially degraded.,Code Risk Only,See source row/evidence; reproduce with dummy data only in isolated environment.,"User should authenticate, recover account, or complete auth callback through the intended route without unsafe session behavior.","No database match found | No direct bank_accounts field was identified for linking an identity record or a credential/portal record. identity_links is only a possible candidate for the identity link. | Confirm whether and where bank-account-to-identity and bank-account-to-portal relationships are stored, including the authoritative table and foreign-key fields. | Possible DB: bank_accounts; identity_links; Not found No direct field found; possible identity_links mapping",Yes,Frontend vs Database Comparison,src/app/(dashboard)/foundation/page.tsx,userService; educationService; familyService; OnboardingStore,/api/profile; /api/education; /api/family,bank_accounts,identity_links; Not found No direct field found; possible identity_links mapping,Authentication,No,No,No,Yes,Low,No,Unique,,Probable,"Static mapping or pattern suggests a risk, but reproduction or direct root-cause proof is incomplete.",Yes,Task,[Authentication] Linked Identity; Linked Portal mapping unclear,Needs Auth Review,Pending WD Assignment,Draft,Triage: Code risk. No explicit Himanshu/Harsh verification evidence found.
BUG-BANK-007,DA09-022,audit-input/02-existing-team-outputs/DA_UNCLEAR_AND_CONFLICTING_FIELDS.csv,23,Pravah / Banking,Needs WD Verification,Monthly EMI mapping unclear,Different naming | The frontend label differs from the abbreviated database field name. | Confirm that Monthly EMI maps to loan_accounts.emi. | Possible DB: loan_accounts emi,Dashboard Calculation,P2,"Feature can work but may save, display, calculate, or connect data incorrectly.",Code Risk Only,See source row/evidence; reproduce with dummy data only in isolated environment.,Expected behavior requires PM/WD confirmation.,Different naming | The frontend label differs from the abbreviated database field name. | Confirm that Monthly EMI maps to loan_accounts.emi. | Possible DB: loan_accounts emi,Yes,Frontend vs Database Comparison,src/app/(dashboard)/khate/accounts/page.tsx,bankService; bankApi; BankStore in src/lib and src/lib/stores,/api/bank; /api/bank/[id],loan_accounts emi,Needs WD Verification,Kosh; Vyaya; Rajya; Suchak; Leakage,Yes,Possible,No,No,Low,Yes,Unique,,Probable,"Static mapping or pattern suggests a risk, but reproduction or direct root-cause proof is incomplete.",Yes,Task,[Pravah / Banking] Monthly EMI mapping unclear,Needs WD Reproduction,Pending WD Assignment,Draft,Triage: Code risk. No explicit Himanshu/Harsh verification evidence found.
BUG-EXPENSE-010,DA09-023,audit-input/02-existing-team-outputs/DA_UNCLEAR_AND_CONFLICTING_FIELDS.csv,24,Vyaya / Expenses,/not,Search lender or type; Search ledger entries; Search by asset name or details mapping unclear,"UI field may be computed/not stored | These controls are described as search or filter inputs over existing records, with no storage field identified. | Confirm that these controls are UI-only and do not require database persistence. | Possible DB: Not found Not found",Data Persistence,P3,"Primarily UI, wording, layout, or lower-risk usability issue unless WD evidence shows deeper impact.",Code Risk Only,See source row/evidence; reproduce with dummy data only in isolated environment.,Expected behavior requires PM/WD confirmation.,"UI field may be computed/not stored | These controls are described as search or filter inputs over existing records, with no storage field identified. | Confirm that these controls are UI-only and do not require database persistence. | Possible DB: Not found Not found",Yes,Frontend vs Database Comparison,src/app/(dashboard)/vyaya/entry/page.tsx,expenseService; expenseCategoryService; budgetService; ExpenseStore in two paths,/api/expenses; /api/expenses/[id]; /api/expense-categories; /api/budget; /api/subscriptions,Not found Not found,Needs WD Verification,Khate; Foundation family; Rajya; Suchak; Leakage; Vyaya; Khate; Rajya; Doot,Possible,Possible,No,No,Possible,No,Unique,,Probable,"Static mapping or pattern suggests a risk, but reproduction or direct root-cause proof is incomplete.",Yes,Task,[Vyaya / Expenses] Search lender or type; Search ledger entries; Search by asset name or details mapping unclear,Needs WD Reproduction,Pending WD Assignment,Draft,Triage: Code risk. No explicit Himanshu/Harsh verification evidence found.
BUG-EXPENSE-011,DA09-024,audit-input/02-existing-team-outputs/DA_UNCLEAR_AND_CONFLICTING_FIELDS.csv,25,Vyaya / Expenses,Needs WD Verification,Payment Mode mapping unclear,Different naming | The frontend label differs from the database field name. | Confirm that Payment Mode maps to expense_entries.mode. | Possible DB: expense_entries mode,Data Mismatch,P2,"Feature can work but may save, display, calculate, or connect data incorrectly.",Code Risk Only,See source row/evidence; reproduce with dummy data only in isolated environment.,Expected behavior requires PM/WD confirmation.,Different naming | The frontend label differs from the database field name. | Confirm that Payment Mode maps to expense_entries.mode. | Possible DB: expense_entries mode,Yes,Frontend vs Database Comparison,src/app/(dashboard)/vyaya/entry/page.tsx,expenseService; expenseCategoryService; budgetService; ExpenseStore in two paths,/api/expenses; /api/expenses/[id]; /api/expense-categories; /api/budget; /api/subscriptions,expense_entries mode,Needs WD Verification,Khate; Foundation family; Rajya; Suchak; Leakage; Vyaya; Khate; Rajya; Doot,Possible,Possible,No,No,Low,Possible,Unique,,Probable,"Static mapping or pattern suggests a risk, but reproduction or direct root-cause proof is incomplete.",Yes,Task,[Vyaya / Expenses] Payment Mode mapping unclear,Needs WD Reproduction,Pending WD Assignment,Draft,Triage: Code risk. No explicit Himanshu/Harsh verification evidence found.
BUG-EXPENSE-012,DA09-025,audit-input/02-existing-team-outputs/DA_UNCLEAR_AND_CONFLICTING_FIELDS.csv,26,Vyaya / Expenses,Needs WD Verification,Budget; Category target spend mapping unclear,"Technical mapping unclear | Both frontend concepts appear to rely on budget_plans.categories, which is described as a combined JSON field; its structure and per-category value mapping are not confirmed. | Confirm the schema of budget_plans.categories and identify how overall category data and each category target amount are stored and retrieved. | Possible DB: budget_plans categories",Dashboard Calculation,P1,Important user journey or shared module behavior may be blocked or materially degraded.,Code Risk Only,See source row/evidence; reproduce with dummy data only in isolated environment.,Expected behavior requires PM/WD confirmation.,"Technical mapping unclear | Both frontend concepts appear to rely on budget_plans.categories, which is described as a combined JSON field; its structure and per-category value mapping are not confirmed. | Confirm the schema of budget_plans.categories and identify how overall category data and each category target amount are stored and retrieved. | Possible DB: budget_plans categories",Yes,Frontend vs Database Comparison,src/app/(dashboard)/vyaya/entry/page.tsx,expenseService; expenseCategoryService; budgetService; ExpenseStore in two paths,/api/expenses; /api/expenses/[id]; /api/expense-categories; /api/budget; /api/subscriptions,budget_plans categories,Needs WD Verification,Khate; Foundation family; Rajya; Suchak; Leakage; Vyaya; Khate; Rajya; Doot,Yes,Possible,No,No,Low,Yes,Unique,,Probable,"Static mapping or pattern suggests a risk, but reproduction or direct root-cause proof is incomplete.",Yes,Task,[Vyaya / Expenses] Budget; Category target spend mapping unclear,Move to P0/P1 Impact Report,Pending WD Assignment,Draft,Triage: Code risk. No explicit Himanshu/Harsh verification evidence found.
BUG-EXPENSE-013,DA09-026,audit-input/02-existing-team-outputs/DA_UNCLEAR_AND_CONFLICTING_FIELDS.csv,27,Vyaya / Expenses,Needs WD Verification,Monthly Spending Limit mapping unclear,Different naming | The frontend label differs from the database field name. | Confirm that Monthly Spending Limit maps to budget_plans.totalMonthly. | Possible DB: budget_plans totalMonthly,Data Mismatch,P2,"Feature can work but may save, display, calculate, or connect data incorrectly.",Code Risk Only,See source row/evidence; reproduce with dummy data only in isolated environment.,Expected behavior requires PM/WD confirmation.,Different naming | The frontend label differs from the database field name. | Confirm that Monthly Spending Limit maps to budget_plans.totalMonthly. | Possible DB: budget_plans totalMonthly,Yes,Frontend vs Database Comparison,src/app/(dashboard)/vyaya/entry/page.tsx,expenseService; expenseCategoryService; budgetService; ExpenseStore in two paths,/api/expenses; /api/expenses/[id]; /api/expense-categories; /api/budget; /api/subscriptions,budget_plans totalMonthly,Needs WD Verification,Khate; Foundation family; Rajya; Suchak; Leakage; Vyaya; Khate; Rajya; Doot,Possible,Possible,No,No,Low,No,Unique,,Probable,"Static mapping or pattern suggests a risk, but reproduction or direct root-cause proof is incomplete.",Yes,Task,[Vyaya / Expenses] Monthly Spending Limit mapping unclear,Needs WD Reproduction,Pending WD Assignment,Draft,Triage: Code risk. No explicit Himanshu/Harsh verification evidence found.
BUG-EXPENSE-014,DA09-027,audit-input/02-existing-team-outputs/DA_UNCLEAR_AND_CONFLICTING_FIELDS.csv,28,Vyaya / Expenses,Needs WD Verification,Service Name; Subscription Name mapping unclear,"Technical mapping unclear | The same subscription name field appears through both Vyaya and Leakage screens, suggesting two entry points to the same table; module ownership and record lifecycle are not confirmed. | Confirm whether both screens create and edit the same subscriptions records and which module owns validation, updates, and deletion. | Possible DB: subscriptions name",Save/Create,P1,Important user journey or shared module behavior may be blocked or materially degraded.,Code Risk Only,See source row/evidence; reproduce with dummy data only in isolated environment.,Record should save once to the authoritative persistence layer and be visible after refresh/re-login.,"Technical mapping unclear | The same subscription name field appears through both Vyaya and Leakage screens, suggesting two entry points to the same table; module ownership and record lifecycle are not confirmed. | Confirm whether both screens create and edit the same subscriptions records and which module owns validation, updates, and deletion. | Possible DB: subscriptions name",Yes,Frontend vs Database Comparison,src/app/(dashboard)/vyaya/entry/page.tsx,expenseService; expenseCategoryService; budgetService; ExpenseStore in two paths,/api/expenses; /api/expenses/[id]; /api/expense-categories; /api/budget; /api/subscriptions,subscriptions name,Needs WD Verification,Khate; Foundation family; Rajya; Suchak; Leakage; Vyaya; Khate; Rajya; Doot,Possible,Possible,No,No,Low,No,Unique,,Probable,"Static mapping or pattern suggests a risk, but reproduction or direct root-cause proof is incomplete.",Yes,Task,[Vyaya / Expenses] Service Name; Subscription Name mapping unclear,Move to P0/P1 Impact Report,Pending WD Assignment,Draft,Triage: Code risk. No explicit Himanshu/Harsh verification evidence found.
BUG-ONBOARD-004,DA09-028,audit-input/02-existing-team-outputs/DA_UNCLEAR_AND_CONFLICTING_FIELDS.csv,29,Onboarding,/not,Do you know how many subscriptions you pay monthly?; Any auto-debits active?; Any unused OTT or app subscriptions? mapping unclear,"UI field may be computed/not stored | These appear to be onboarding or awareness questions. One has no field, while others may be derived from subscription records or analytics rather than stored as direct answers. | Confirm whether these responses are persisted, computed from subscriptions/subscription_analytics, or used only for UI onboarding. | Possible DB: subscriptions; subscription_analytics; Not found autoDebit; unusedSubscriptions; Not found",Data Persistence,P3,"Primarily UI, wording, layout, or lower-risk usability issue unless WD evidence shows deeper impact.",Code Risk Only,See source row/evidence; reproduce with dummy data only in isolated environment.,Expected behavior requires PM/WD confirmation.,"UI field may be computed/not stored | These appear to be onboarding or awareness questions. One has no field, while others may be derived from subscription records or analytics rather than stored as direct answers. | Confirm whether these responses are persisted, computed from subscriptions/subscription_analytics, or used only for UI onboarding. | Possible DB: subscriptions; subscription_analytics; Not found autoDebit; unusedSubscriptions; Not found",Yes,Frontend vs Database Comparison,src/app/(dashboard)/suchak/page.tsx,IdentityStore/IncomeStore/ExpenseStore/BankStore/OnboardingStore/ThemeStore under src/lib/stores,/api/bank through bankApi,subscriptions,subscription_analytics; Not found autoDebit; unusedSubscriptions; Not found,Needs WD Verification,No,No,No,No,Possible,No,Unique,,Probable,"Static mapping or pattern suggests a risk, but reproduction or direct root-cause proof is incomplete.",Yes,Task,[Onboarding] Do you know how many subscriptions you pay monthly?; Any auto-debits active?; Any unused OTT or app subscriptions? mapping unclear,Needs WD Reproduction,Pending WD Assignment,Draft,Triage: Code risk. No explicit Himanshu/Harsh verification evidence found.
BUG-EXPENSE-015,DA09-029,audit-input/02-existing-team-outputs/DA_UNCLEAR_AND_CONFLICTING_FIELDS.csv,30,Vyaya / Expenses,Needs WD Verification,Monthly Cost; Billing Frequency; Paid From Account; Mark as essential mapping unclear,Different naming | The frontend labels differ from the corresponding database field names. | Confirm each listed frontend-to-database mapping. | Possible DB: subscriptions amount; billingCycle; linkedBankAccountId; isEssential,Dashboard Calculation,P2,"Feature can work but may save, display, calculate, or connect data incorrectly.",Code Risk Only,See source row/evidence; reproduce with dummy data only in isolated environment.,Expected behavior requires PM/WD confirmation.,Different naming | The frontend labels differ from the corresponding database field names. | Confirm each listed frontend-to-database mapping. | Possible DB: subscriptions amount; billingCycle; linkedBankAccountId; isEssential,Yes,Frontend vs Database Comparison,src/app/(dashboard)/vyaya/entry/page.tsx,expenseService; expenseCategoryService; budgetService; ExpenseStore in two paths,/api/expenses; /api/expenses/[id]; /api/expense-categories; /api/budget; /api/subscriptions,subscriptions amount,billingCycle; linkedBankAccountId; isEssential,Khate; Foundation family; Rajya; Suchak; Leakage; Vyaya; Khate; Rajya; Doot,Yes,Possible,No,No,Low,Yes,Unique,,Probable,"Static mapping or pattern suggests a risk, but reproduction or direct root-cause proof is incomplete.",Yes,Task,[Vyaya / Expenses] Monthly Cost; Billing Frequency; Paid From Account; Mark as essential mapping unclear,Needs WD Reproduction,Pending WD Assignment,Draft,Triage: Code risk. No explicit Himanshu/Harsh verification evidence found.
BUG-AUTH-016,DA09-030,audit-input/02-existing-team-outputs/DA_UNCLEAR_AND_CONFLICTING_FIELDS.csv,31,Authentication,Needs WD Verification,Category mapping unclear,"Multiple possible database matches | Both a plain category field and a custom-category reference exist, and the dropdown target is not identified. | Confirm when the frontend writes to subscriptions.category versus customCategoryId and which field is authoritative for display and filtering. | Possible DB: subscriptions category or customCategoryId",Auth,P1,Important user journey or shared module behavior may be blocked or materially degraded.,Code Risk Only,See source row/evidence; reproduce with dummy data only in isolated environment.,"User should authenticate, recover account, or complete auth callback through the intended route without unsafe session behavior.","Multiple possible database matches | Both a plain category field and a custom-category reference exist, and the dropdown target is not identified. | Confirm when the frontend writes to subscriptions.category versus customCategoryId and which field is authoritative for display and filtering. | Possible DB: subscriptions category or customCategoryId",Yes,Frontend vs Database Comparison,src/app/(dashboard)/foundation/page.tsx,userService; educationService; familyService; OnboardingStore,/api/profile; /api/education; /api/family,subscriptions category or customCategoryId,Needs WD Verification,Authentication,No,No,No,Yes,Low,No,Unique,,Probable,"Static mapping or pattern suggests a risk, but reproduction or direct root-cause proof is incomplete.",Yes,Task,[Authentication] Category mapping unclear,Needs Auth Review,Pending WD Assignment,Draft,Triage: Code risk. No explicit Himanshu/Harsh verification evidence found.
BUG-CREDENTIAL-006,DA09-031,audit-input/02-existing-team-outputs/DA_UNCLEAR_AND_CONFLICTING_FIELDS.csv,32,Kunji / Credentials,Needs WD Verification,Portal Linked mapping unclear,"No database match found | No subscription field was identified for linking a portal or credential record. | Confirm whether this relationship is stored elsewhere, derived through another linking table, or not persisted. | Possible DB: Not found Not found",Data Persistence,P1,Important user journey or shared module behavior may be blocked or materially degraded.,Code Risk Only,See source row/evidence; reproduce with dummy data only in isolated environment.,Expected behavior requires PM/WD confirmation.,"No database match found | No subscription field was identified for linking a portal or credential record. | Confirm whether this relationship is stored elsewhere, derived through another linking table, or not persisted. | Possible DB: Not found Not found",Yes,Frontend vs Database Comparison,● Confirmed - dwaar/portals/add/page.tsx (create); dwaar/portals/portal/[id]/page.tsx (combined detail+edit),● Confirmed - Same POST /api/credentials endpoint (upsert-style),● Confirmed - POST /api/credentials handles BOTH create and update (branches internally on presence of data.id) - no separate PUT route,Not found Not found,Needs WD Verification,Foundation contacts; Rajya; continuity workflows,Possible,No,No,No,High,No,Unique,,Probable,"Static mapping or pattern suggests a risk, but reproduction or direct root-cause proof is incomplete.",Yes,Task,[Kunji / Credentials] Portal Linked mapping unclear,Move to P0/P1 Impact Report,Pending WD Assignment,Draft,Triage: Code risk. No explicit Himanshu/Harsh verification evidence found.
BUG-AUTH-017,DA09-032,audit-input/02-existing-team-outputs/DA_UNCLEAR_AND_CONFLICTING_FIELDS.csv,33,Authentication,Needs WD Verification,Do you have a legally signed Will?; I have a legally signed will document. mapping unclear,"Possible duplicate table | Two tables appear to store whether a will exists, using different field names, and the authoritative source is not identified. | Confirm which table and field are authoritative for will-existence status and whether the other table is duplicate, legacy, derived, or used for a separate purpose. | Possible DB: succession_wills; will_status willExists; existsFlag",Auth,P1,Important user journey or shared module behavior may be blocked or materially degraded.,Code Risk Only,See source row/evidence; reproduce with dummy data only in isolated environment.,"User should authenticate, recover account, or complete auth callback through the intended route without unsafe session behavior.","Possible duplicate table | Two tables appear to store whether a will exists, using different field names, and the authoritative source is not identified. | Confirm which table and field are authoritative for will-existence status and whether the other table is duplicate, legacy, derived, or used for a separate purpose. | Possible DB: succession_wills; will_status willExists; existsFlag",Yes,Frontend vs Database Comparison,src/app/(dashboard)/foundation/page.tsx,userService; educationService; familyService; OnboardingStore,/api/profile; /api/education; /api/family,succession_wills,will_status willExists; existsFlag,Document Vault; Authentication,No,No,No,Yes,Low,No,Duplicate,BUG-AUTH-017,Probable,"Static mapping or pattern suggests a risk, but reproduction or direct root-cause proof is incomplete.",Yes,Task,[Authentication] Do you have a legally signed Will?; I have a legally signed will document. mapping unclear,No Action — Duplicate,Pending WD Assignment,Draft,Triage: Duplicate/code risk. No explicit Himanshu/Harsh verification evidence found.
BUG-TAX-005,DA09-033,audit-input/02-existing-team-outputs/DA_UNCLEAR_AND_CONFLICTING_FIELDS.csv,34,Kar / Tax,/Emergency,Special/Emergency Instructions mapping unclear,"Different naming | The frontend label differs from will_status.instructions, and no equivalent field was noted on succession_wills. | Confirm that this field is stored only in will_status.instructions and clarify its relationship to succession_wills. | Possible DB: will_status instructions",Responsive/UI,P2,"Feature can work but may save, display, calculate, or connect data incorrectly.",Code Risk Only,See source row/evidence; reproduce with dummy data only in isolated environment.,"UI should remain clear, usable, and accessible on target viewports.","Different naming | The frontend label differs from will_status.instructions, and no equivalent field was noted on succession_wills. | Confirm that this field is stored only in will_status.instructions and clarify its relationship to succession_wills. | Possible DB: will_status instructions",Yes,Frontend vs Database Comparison,src/app/(dashboard)/kar/page.tsx,taxService; gstService; dinService; FileUploader,/api/kar/summary; /api/kar/insights; /api/kar/tax; /api/kar/gst; /api/kar/din; /api/tax/records; /api/gst/records; /api/din/records,will_status instructions,Needs WD Verification,Foundation profile; Rajya; Doot; Foundation family; bank; insurance; property; investment; Succession; Rajya; Foundation family; Sampatti; Bhoomi; Beej; Raksha; Rajya readiness views,Possible,Possible,Possible,No,Low,No,Unique,,Probable,"Static mapping or pattern suggests a risk, but reproduction or direct root-cause proof is incomplete.",Yes,Task,[Kar / Tax] Special/Emergency Instructions mapping unclear,Needs WD Reproduction,Pending WD Assignment,Draft,Triage: Code risk. No explicit Himanshu/Harsh verification evidence found.
BUG-PROPERTY-001,DA09-034,audit-input/02-existing-team-outputs/DA_UNCLEAR_AND_CONFLICTING_FIELDS.csv,35,Bhoomi / Property,/address,Property title mapping unclear,"No database match found | No explicit title field was identified on property_assets. | Confirm whether property title is stored, derived from type/address, or not persisted, and identify the exact source used by the UI. | Possible DB: property_assets Not found; closest fields type and address",Data Persistence,P1,Important user journey or shared module behavior may be blocked or materially degraded.,Code Risk Only,See source row/evidence; reproduce with dummy data only in isolated environment.,Expected behavior requires PM/WD confirmation.,"No database match found | No explicit title field was identified on property_assets. | Confirm whether property title is stored, derived from type/address, or not persisted, and identify the exact source used by the UI. | Possible DB: property_assets Not found; closest fields type and address",Yes,Frontend vs Database Comparison,● Confirmed - bhoomi/add/page.tsx (add); bhoomi/[id]/edit/page.tsx (edit),● Confirmed - PUT /api/bhoomi/properties/{id},● Confirmed - POST /api/bhoomi/properties,property_assets Not found,closest fields type and address,Rin; Mitra; Succession; Rajya,Possible,No,Possible,No,High,No,Unique,,Probable,"Static mapping or pattern suggests a risk, but reproduction or direct root-cause proof is incomplete.",Yes,Task,[Bhoomi / Property] Property title mapping unclear,Move to P0/P1 Impact Report,Pending WD Assignment,Draft,Triage: Code risk. No explicit Himanshu/Harsh verification evidence found.
BUG-PROPERTY-002,DA09-035,audit-input/02-existing-team-outputs/DA_UNCLEAR_AND_CONFLICTING_FIELDS.csv,36,Bhoomi / Property,Needs WD Verification,Ownership; Market value; Purchase price mapping unclear,Different naming | The frontend labels differ from the corresponding database field names. | Confirm each listed frontend-to-database mapping. | Possible DB: property_assets ownershipType; currentValue; purchaseAmount,Dashboard Calculation,P2,"Feature can work but may save, display, calculate, or connect data incorrectly.",Code Risk Only,See source row/evidence; reproduce with dummy data only in isolated environment.,Expected behavior requires PM/WD confirmation.,Different naming | The frontend labels differ from the corresponding database field names. | Confirm each listed frontend-to-database mapping. | Possible DB: property_assets ownershipType; currentValue; purchaseAmount,Yes,Frontend vs Database Comparison,● Confirmed - bhoomi/add/page.tsx (add); bhoomi/[id]/edit/page.tsx (edit),● Confirmed - PUT /api/bhoomi/properties/{id},● Confirmed - POST /api/bhoomi/properties,property_assets ownershipType,currentValue; purchaseAmount,Rin; Mitra; Succession; Rajya,Yes,No,Possible,No,Low,Yes,Unique,,Probable,"Static mapping or pattern suggests a risk, but reproduction or direct root-cause proof is incomplete.",Yes,Task,[Bhoomi / Property] Ownership; Market value; Purchase price mapping unclear,Needs WD Reproduction,Pending WD Assignment,Draft,Triage: Code risk. No explicit Himanshu/Harsh verification evidence found.
BUG-PROPERTY-003,DA09-036,audit-input/02-existing-team-outputs/DA_UNCLEAR_AND_CONFLICTING_FIELDS.csv,37,Bhoomi / Property,Needs WD Verification,Secret field mapping unclear,"Technical mapping unclear | The database field name suggests an identifier, while the frontend description suggests a hidden field; its purpose and handling are not clear. | Confirm what secretFieldId references or stores, how the frontend control uses it, and what access or security rules apply. | Possible DB: property_assets secretFieldId",Data Mismatch,P1,Important user journey or shared module behavior may be blocked or materially degraded.,Code Risk Only,See source row/evidence; reproduce with dummy data only in isolated environment.,Expected behavior requires PM/WD confirmation.,"Technical mapping unclear | The database field name suggests an identifier, while the frontend description suggests a hidden field; its purpose and handling are not clear. | Confirm what secretFieldId references or stores, how the frontend control uses it, and what access or security rules apply. | Possible DB: property_assets secretFieldId",Yes,Frontend vs Database Comparison,● Confirmed - bhoomi/add/page.tsx (add); bhoomi/[id]/edit/page.tsx (edit),● Confirmed - PUT /api/bhoomi/properties/{id},● Confirmed - POST /api/bhoomi/properties,property_assets secretFieldId,Needs WD Verification,Rin; Mitra; Succession; Rajya,Possible,No,Possible,Possible,Low,No,Unique,,Probable,"Static mapping or pattern suggests a risk, but reproduction or direct root-cause proof is incomplete.",Yes,Task,[Bhoomi / Property] Secret field mapping unclear,Move to P0/P1 Impact Report,Pending WD Assignment,Draft,Triage: Code risk. No explicit Himanshu/Harsh verification evidence found.
BUG-PROPERTY-004,DA09-037,audit-input/02-existing-team-outputs/DA_UNCLEAR_AND_CONFLICTING_FIELDS.csv,38,Bhoomi / Property,Needs WD Verification,Sale deed; Tax receipt mapping unclear,"Multiple possible database matches | Both document uploads appear to use the same multi-file field, with no identified field showing how document type is distinguished. | Confirm how sale deeds and tax receipts are separately classified, retrieved, and updated when both use property_assets.vaultFileIds. | Possible DB: property_assets vaultFileIds",Edit/Update,P1,Important user journey or shared module behavior may be blocked or materially degraded.,Code Risk Only,See source row/evidence; reproduce with dummy data only in isolated environment.,Edits should persist and update dependent modules consistently.,"Multiple possible database matches | Both document uploads appear to use the same multi-file field, with no identified field showing how document type is distinguished. | Confirm how sale deeds and tax receipts are separately classified, retrieved, and updated when both use property_assets.vaultFileIds. | Possible DB: property_assets vaultFileIds",Yes,Frontend vs Database Comparison,● Confirmed - bhoomi/add/page.tsx (add); bhoomi/[id]/edit/page.tsx (edit),● Confirmed - PUT /api/bhoomi/properties/{id},● Confirmed - POST /api/bhoomi/properties,property_assets vaultFileIds,Needs WD Verification,Rin; Mitra; Succession; Rajya; Document Vault,Possible,No,Possible,No,Low,No,Unique,,Probable,"Static mapping or pattern suggests a risk, but reproduction or direct root-cause proof is incomplete.",Yes,Task,[Bhoomi / Property] Sale deed; Tax receipt mapping unclear,Move to P0/P1 Impact Report,Pending WD Assignment,Draft,Triage: Code risk. No explicit Himanshu/Harsh verification evidence found.
BUG-ONBOARD-005,DA09-038,audit-input/02-existing-team-outputs/DA_UNCLEAR_AND_CONFLICTING_FIELDS.csv,39,Onboarding,/DIN,Are you salaried?; Do you file GST?; Are you a company director?; Do you pay advance tax? mapping unclear,"Technical mapping unclear | No direct boolean fields were identified for these onboarding questions. Some may use occupation data or the presence of GST/DIN records as indirect indicators; advance-tax status has no identified field. | Confirm whether each answer is stored, derived from existing records, or used only for onboarding, and provide the exact field or rule for each. | Possible DB: users; gst_records; din_records; Not found occupationType; record presence; Not found",Document Upload,P1,Important user journey or shared module behavior may be blocked or materially degraded.,Code Risk Only,See source row/evidence; reproduce with dummy data only in isolated environment.,"Document should upload, link, display, and delete through the intended vault/storage flow.","Technical mapping unclear | No direct boolean fields were identified for these onboarding questions. Some may use occupation data or the presence of GST/DIN records as indirect indicators; advance-tax status has no identified field. | Confirm whether each answer is stored, derived from existing records, or used only for onboarding, and provide the exact field or rule for each. | Possible DB: users; gst_records; din_records; Not found occupationType; record presence; Not found",Yes,Frontend vs Database Comparison,src/app/(dashboard)/suchak/page.tsx,IdentityStore/IncomeStore/ExpenseStore/BankStore/OnboardingStore/ThemeStore under src/lib/stores,/api/bank through bankApi,users,gst_records; din_records; Not found occupationType; record presence; Not found,Needs WD Verification,No,No,Yes,No,Possible,No,Unique,,Probable,"Static mapping or pattern suggests a risk, but reproduction or direct root-cause proof is incomplete.",Yes,Task,[Onboarding] Are you salaried?; Do you file GST?; Are you a company director?; Do you pay advance tax? mapping unclear,Move to P0/P1 Impact Report,Pending WD Assignment,Draft,Triage: Code risk. No explicit Himanshu/Harsh verification evidence found.
BUG-AUTH-018,DA09-039,audit-input/02-existing-team-outputs/DA_UNCLEAR_AND_CONFLICTING_FIELDS.csv,40,Authentication,Needs WD Verification,Filing status; ITR Type mapping unclear,"Multiple possible database matches | Filing status may refer to either status or filingType, while ITR Type also maps to filingType, creating a possible overlap. | Confirm the distinct meaning and authoritative field for Filing status and ITR Type, including whether tax_records.status and filingType are both used. | Possible DB: tax_records status or filingType; filingType",Auth,P1,Important user journey or shared module behavior may be blocked or materially degraded.,Code Risk Only,See source row/evidence; reproduce with dummy data only in isolated environment.,"User should authenticate, recover account, or complete auth callback through the intended route without unsafe session behavior.","Multiple possible database matches | Filing status may refer to either status or filingType, while ITR Type also maps to filingType, creating a possible overlap. | Confirm the distinct meaning and authoritative field for Filing status and ITR Type, including whether tax_records.status and filingType are both used. | Possible DB: tax_records status or filingType; filingType",Yes,Frontend vs Database Comparison,src/app/(dashboard)/foundation/page.tsx,userService; educationService; familyService; OnboardingStore,/api/profile; /api/education; /api/family,tax_records status or filingType,filingType,Authentication,No,No,No,Yes,Low,No,Unique,,Probable,"Static mapping or pattern suggests a risk, but reproduction or direct root-cause proof is incomplete.",Yes,Task,[Authentication] Filing status; ITR Type mapping unclear,Needs Auth Review,Pending WD Assignment,Draft,Triage: Code risk. No explicit Himanshu/Harsh verification evidence found.
BUG-TAX-006,DA09-040,audit-input/02-existing-team-outputs/DA_UNCLEAR_AND_CONFLICTING_FIELDS.csv,41,Kar / Tax,Needs WD Verification,Tax payable mapping unclear,Different naming | The frontend label differs from the database field name. | Confirm that Tax payable maps to tax_records.taxDue. | Possible DB: tax_records taxDue,Data Mismatch,P2,"Feature can work but may save, display, calculate, or connect data incorrectly.",Code Risk Only,See source row/evidence; reproduce with dummy data only in isolated environment.,Expected behavior requires PM/WD confirmation.,Different naming | The frontend label differs from the database field name. | Confirm that Tax payable maps to tax_records.taxDue. | Possible DB: tax_records taxDue,Yes,Frontend vs Database Comparison,src/app/(dashboard)/kar/page.tsx,taxService; gstService; dinService; FileUploader,/api/kar/summary; /api/kar/insights; /api/kar/tax; /api/kar/gst; /api/kar/din; /api/tax/records; /api/gst/records; /api/din/records,tax_records taxDue,Needs WD Verification,Foundation profile; Rajya; Doot; Foundation family; bank; insurance; property; investment; Succession; Rajya; Foundation family; Sampatti; Bhoomi; Beej; Raksha; Rajya readiness views,Possible,Possible,Possible,No,Low,No,Unique,,Probable,"Static mapping or pattern suggests a risk, but reproduction or direct root-cause proof is incomplete.",Yes,Task,[Kar / Tax] Tax payable mapping unclear,Needs WD Reproduction,Pending WD Assignment,Draft,Triage: Code risk. No explicit Himanshu/Harsh verification evidence found.
BUG-TAX-007,DA09-041,audit-input/02-existing-team-outputs/DA_UNCLEAR_AND_CONFLICTING_FIELDS.csv,42,Kar / Tax,Needs WD Verification,Asset mapping unclear,"Multiple possible database matches | Both assetRef and assetType exist, and the frontend selection target is not identified. | Confirm which field stores the selected asset, how the other field is populated, and whether both are required. | Possible DB: nominee_mapping assetRef or assetType",Responsive/UI,P1,Important user journey or shared module behavior may be blocked or materially degraded.,Code Risk Only,See source row/evidence; reproduce with dummy data only in isolated environment.,"UI should remain clear, usable, and accessible on target viewports.","Multiple possible database matches | Both assetRef and assetType exist, and the frontend selection target is not identified. | Confirm which field stores the selected asset, how the other field is populated, and whether both are required. | Possible DB: nominee_mapping assetRef or assetType",Yes,Frontend vs Database Comparison,src/app/(dashboard)/kar/page.tsx,taxService; gstService; dinService; FileUploader,/api/kar/summary; /api/kar/insights; /api/kar/tax; /api/kar/gst; /api/kar/din; /api/tax/records; /api/gst/records; /api/din/records,nominee_mapping assetRef or assetType,Needs WD Verification,Foundation profile; Rajya; Doot; Foundation family; bank; insurance; property; investment; Succession; Rajya; Foundation family; Sampatti; Bhoomi; Beej; Raksha; Rajya readiness views,Possible,Possible,Possible,No,Low,No,Unique,,Probable,"Static mapping or pattern suggests a risk, but reproduction or direct root-cause proof is incomplete.",Yes,Task,[Kar / Tax] Asset mapping unclear,Move to P0/P1 Impact Report,Pending WD Assignment,Draft,Triage: Code risk. No explicit Himanshu/Harsh verification evidence found.
BUG-AUTH-019,DA09-042,audit-input/02-existing-team-outputs/DA_UNCLEAR_AND_CONFLICTING_FIELDS.csv,43,Authentication,Needs WD Verification,Nominee; Relationship; Share percentage mapping unclear,"Possible duplicate table | Nominee references and share values exist in two tables with different field names, while relationship exists only in succession_nominees. The screen's authoritative table is unclear. | Confirm which table this screen writes to for nominee, relationship, and share percentage, and whether the other table is duplicate, derived, or used for another workflow. | Possible DB: nominee_mapping; succession_nominees nomineeId; relationship; sharePercent or sharePercentage",Auth,P1,Important user journey or shared module behavior may be blocked or materially degraded.,Code Risk Only,See source row/evidence; reproduce with dummy data only in isolated environment.,"User should authenticate, recover account, or complete auth callback through the intended route without unsafe session behavior.","Possible duplicate table | Nominee references and share values exist in two tables with different field names, while relationship exists only in succession_nominees. The screen's authoritative table is unclear. | Confirm which table this screen writes to for nominee, relationship, and share percentage, and whether the other table is duplicate, derived, or used for another workflow. | Possible DB: nominee_mapping; succession_nominees nomineeId; relationship; sharePercent or sharePercentage",Yes,Frontend vs Database Comparison,src/app/(dashboard)/foundation/page.tsx,userService; educationService; familyService; OnboardingStore,/api/profile; /api/education; /api/family,nominee_mapping,succession_nominees nomineeId; relationship; sharePercent or sharePercentage,Authentication,No,No,No,Yes,Low,No,Duplicate,BUG-AUTH-019,Probable,"Static mapping or pattern suggests a risk, but reproduction or direct root-cause proof is incomplete.",Yes,Task,[Authentication] Nominee; Relationship; Share percentage mapping unclear,No Action — Duplicate,Pending WD Assignment,Draft,Triage: Duplicate/code risk. No explicit Himanshu/Harsh verification evidence found.
BUG-AUTH-020,DA09-043,audit-input/02-existing-team-outputs/DA_UNCLEAR_AND_CONFLICTING_FIELDS.csv,44,Authentication,Needs WD Verification,Executor name; Executor contact mapping unclear,"Possible duplicate table | Both tables contain the same executor fields, and the authoritative source is not identified. | Confirm which table owns executor details and how duplicate or synchronized values are prevented. | Possible DB: succession_wills; will_status executorName; executorContact",Auth,P1,Important user journey or shared module behavior may be blocked or materially degraded.,Code Risk Only,See source row/evidence; reproduce with dummy data only in isolated environment.,"User should authenticate, recover account, or complete auth callback through the intended route without unsafe session behavior.","Possible duplicate table | Both tables contain the same executor fields, and the authoritative source is not identified. | Confirm which table owns executor details and how duplicate or synchronized values are prevented. | Possible DB: succession_wills; will_status executorName; executorContact",Yes,Frontend vs Database Comparison,src/app/(dashboard)/foundation/page.tsx,userService; educationService; familyService; OnboardingStore,/api/profile; /api/education; /api/family,succession_wills,will_status executorName; executorContact,Authentication,No,No,No,Yes,Low,No,Duplicate,BUG-AUTH-020,Probable,"Static mapping or pattern suggests a risk, but reproduction or direct root-cause proof is incomplete.",Yes,Task,[Authentication] Executor name; Executor contact mapping unclear,No Action — Duplicate,Pending WD Assignment,Draft,Triage: Duplicate/code risk. No explicit Himanshu/Harsh verification evidence found.
BUG-TAX-008,DA09-044,audit-input/02-existing-team-outputs/DA_UNCLEAR_AND_CONFLICTING_FIELDS.csv,45,Kar / Tax,Needs WD Verification,Upload document mapping unclear,Different naming | The generic frontend upload label maps to a URL-oriented database field name. | Confirm that the uploaded will document is stored or referenced through succession_wills.digitalCopyUrl. | Possible DB: succession_wills digitalCopyUrl,Document Upload,P2,"Feature can work but may save, display, calculate, or connect data incorrectly.",Code Risk Only,See source row/evidence; reproduce with dummy data only in isolated environment.,"Document should upload, link, display, and delete through the intended vault/storage flow.",Different naming | The generic frontend upload label maps to a URL-oriented database field name. | Confirm that the uploaded will document is stored or referenced through succession_wills.digitalCopyUrl. | Possible DB: succession_wills digitalCopyUrl,Yes,Frontend vs Database Comparison,src/app/(dashboard)/kar/page.tsx,taxService; gstService; dinService; FileUploader,/api/kar/summary; /api/kar/insights; /api/kar/tax; /api/kar/gst; /api/kar/din; /api/tax/records; /api/gst/records; /api/din/records,succession_wills digitalCopyUrl,Needs WD Verification,Foundation profile; Rajya; Doot; Foundation family; bank; insurance; property; investment; Succession; Rajya; Foundation family; Sampatti; Bhoomi; Beej; Raksha; Rajya readiness views; Document Vault,Possible,Possible,Yes,No,Possible,No,Unique,,Probable,"Static mapping or pattern suggests a risk, but reproduction or direct root-cause proof is incomplete.",Yes,Task,[Kar / Tax] Upload document mapping unclear,Needs WD Reproduction,Pending WD Assignment,Draft,Triage: Code risk. No explicit Himanshu/Harsh verification evidence found.
BUG-TAX-009,DA09-045,audit-input/02-existing-team-outputs/DA_UNCLEAR_AND_CONFLICTING_FIELDS.csv,46,Kar / Tax,Needs WD Verification,Primary contact name; Primary contact phone mapping unclear,"Different naming | The frontend uses Primary contact wording, while the database uses Emergency contact wording. | Confirm that the primary contact fields map to succession_emergency.emergencyContactName and emergencyContactPhone. | Possible DB: succession_emergency emergencyContactName; emergencyContactPhone",Data Mismatch,P2,"Feature can work but may save, display, calculate, or connect data incorrectly.",Code Risk Only,See source row/evidence; reproduce with dummy data only in isolated environment.,Expected behavior requires PM/WD confirmation.,"Different naming | The frontend uses Primary contact wording, while the database uses Emergency contact wording. | Confirm that the primary contact fields map to succession_emergency.emergencyContactName and emergencyContactPhone. | Possible DB: succession_emergency emergencyContactName; emergencyContactPhone",Yes,Frontend vs Database Comparison,src/app/(dashboard)/kar/page.tsx,taxService; gstService; dinService; FileUploader,/api/kar/summary; /api/kar/insights; /api/kar/tax; /api/kar/gst; /api/kar/din; /api/tax/records; /api/gst/records; /api/din/records,succession_emergency emergencyContactName,emergencyContactPhone,Foundation profile; Rajya; Doot; Foundation family; bank; insurance; property; investment; Succession; Rajya; Foundation family; Sampatti; Bhoomi; Beej; Raksha; Rajya readiness views,Possible,Possible,Possible,No,Low,No,Unique,,Probable,"Static mapping or pattern suggests a risk, but reproduction or direct root-cause proof is incomplete.",Yes,Task,[Kar / Tax] Primary contact name; Primary contact phone mapping unclear,Needs WD Reproduction,Pending WD Assignment,Draft,Triage: Code risk. No explicit Himanshu/Harsh verification evidence found.
BUG-AUTH-021,DA09-046,audit-input/02-existing-team-outputs/DA_UNCLEAR_AND_CONFLICTING_FIELDS.csv,47,Authentication,/table,Enter OTP code mapping unclear,"Technical mapping unclear | The candidate table stores email verification codes, but the frontend flow is for Emergency Protocol activation, so reuse of this table is not confirmed. | Confirm whether this OTP uses email_verification_codes.code or a separate OTP service/table, and identify the purpose and lifecycle of the stored code. | Possible DB: email_verification_codes (tentative) code",Auth,P1,Important user journey or shared module behavior may be blocked or materially degraded.,Code Risk Only,See source row/evidence; reproduce with dummy data only in isolated environment.,"User should authenticate, recover account, or complete auth callback through the intended route without unsafe session behavior.","Technical mapping unclear | The candidate table stores email verification codes, but the frontend flow is for Emergency Protocol activation, so reuse of this table is not confirmed. | Confirm whether this OTP uses email_verification_codes.code or a separate OTP service/table, and identify the purpose and lifecycle of the stored code. | Possible DB: email_verification_codes (tentative) code",Yes,Frontend vs Database Comparison,src/app/(dashboard)/foundation/page.tsx,userService; educationService; familyService; OnboardingStore,/api/profile; /api/education; /api/family,email_verification_codes (tentative) code,Needs WD Verification,Needs WD Verification,No,No,No,Yes,Low,No,Unique,,Probable,"Static mapping or pattern suggests a risk, but reproduction or direct root-cause proof is incomplete.",Yes,Task,[Authentication] Enter OTP code mapping unclear,Needs Auth Review,Pending WD Assignment,Draft,Triage: Code risk. No explicit Himanshu/Harsh verification evidence found.
BUG-PROFILE-024,DA09-047,audit-input/02-existing-team-outputs/DA_UNCLEAR_AND_CONFLICTING_FIELDS.csv,48,Sthapana / Foundation,/not,Root mapping unclear,"UI field may be computed/not stored | The Root node appears in the family-lineage display, but no explicit database field was identified for it. | Confirm whether Root is a UI-only label derived from the current user or is stored in a specific table/field. | Possible DB: Not found Not found",Data Persistence,P3,"Primarily UI, wording, layout, or lower-risk usability issue unless WD evidence shows deeper impact.",Code Risk Only,See source row/evidence; reproduce with dummy data only in isolated environment.,Expected behavior requires PM/WD confirmation.,"UI field may be computed/not stored | The Root node appears in the family-lineage display, but no explicit database field was identified for it. | Confirm whether Root is a UI-only label derived from the current user or is stored in a specific table/field. | Possible DB: Not found Not found",Yes,Frontend vs Database Comparison,src/app/(dashboard)/dwaar/portals/page.tsx,credentialService; CredentialStore; IdentityStore,/api/credentials; /api/credentials/[id]; /api/profile,Not found Not found,Needs WD Verification,Auth; Rin; Raksha; Most user-owned modules,Possible,Possible,Possible,No,Possible,No,Unique,,Probable,"Static mapping or pattern suggests a risk, but reproduction or direct root-cause proof is incomplete.",Yes,Task,[Sthapana / Foundation] Root mapping unclear,Needs WD Reproduction,Pending WD Assignment,Draft,Triage: Code risk. No explicit Himanshu/Harsh verification evidence found.
BUG-PROPERTY-005,ISA1-98,audit-input/06-additional-qa-ux-stress-evidence/Jira.csv,3,Bhoomi / Property,Needs WD Verification,Emergency contact phone fields accept letters and invalid characters,"In the Emergency Protocol page, “Primary contact phone” and “Secondary contact phone” fields accept letters, special characters, and invalid inputs. *Acceptance criteria:* * Primary and secondary contact phone fields accept only 10‑digit numeric input. * Errors are shown when validation fails. * Records cannot be saved until contact numbers are valid.",Save/Create,P2,"Feature can work but may save, display, calculate, or connect data incorrectly.",Needs WD Verification,Use Jira issue description and reproduce with dummy account in isolated environment.,Record should save once to the authoritative persistence layer and be visible after refresh/re-login.,"In the Emergency Protocol page, “Primary contact phone” and “Secondary contact phone” fields accept letters, special characters, and invalid inputs. *Acceptance criteria:* * Primary and secondary contact phone fields accept only 10‑digit numeric input. * Errors are shown when validation fails. * Records cannot be saved until contact numbers are valid.",Yes,Jira issue ISA1-98; parent ISA1-64,● Confirmed - bhoomi/add/page.tsx (add); bhoomi/[id]/edit/page.tsx (edit),● Confirmed - PUT /api/bhoomi/properties/{id},● Confirmed - POST /api/bhoomi/properties,● Confirmed - property_assets table,address,Rin; Mitra; Succession; Rajya,Possible,No,Possible,No,Low,No,Unique,,Unconfirmed,"Source row/report exists, but current live reproduction, code proof, or WD verification is missing.",Yes,Bug,[Bhoomi / Property] Emergency contact phone fields accept letters and invalid characters,Merge with Existing Jira,Pending WD Assignment,Draft,"Triage: Valid bug. Jira export gives issue metadata, not attachment/comment evidence. No explicit Himanshu/Harsh verification evidence found."
BUG-PROPERTY-006,ISA1-97,audit-input/06-additional-qa-ux-stress-evidence/Jira.csv,4,Bhoomi / Property,Needs WD Verification,Executor contact field accepts more than 10 digits,"In the Will & Executor page, the “Executor Contact” field accepts phone numbers longer than 10 digits. *Acceptance criteria:* * Executor contact must be a valid 10‑digit phone number. * Error messages appear when validation fails. * Save is blocked if contact is invalid.",Save/Create,P2,"Feature can work but may save, display, calculate, or connect data incorrectly.",Cannot Reproduce,Use Jira issue description and reproduce with dummy account in isolated environment.,Record should save once to the authoritative persistence layer and be visible after refresh/re-login.,"In the Will & Executor page, the “Executor Contact” field accepts phone numbers longer than 10 digits. *Acceptance criteria:* * Executor contact must be a valid 10‑digit phone number. * Error messages appear when validation fails. * Save is blocked if contact is invalid.",Yes,Jira issue ISA1-97; parent ISA1-64,● Confirmed - bhoomi/add/page.tsx (add); bhoomi/[id]/edit/page.tsx (edit),● Confirmed - PUT /api/bhoomi/properties/{id},● Confirmed - POST /api/bhoomi/properties,● Confirmed - property_assets table,address,Rin; Mitra; Succession; Rajya,Possible,No,Possible,No,Low,No,Unique,,Unconfirmed,"Source row/report exists, but current live reproduction, code proof, or WD verification is missing.",Yes,Bug,[Bhoomi / Property] Executor contact field accepts more than 10 digits,Merge with Existing Jira,Pending WD Assignment,Draft,"Triage: Valid bug. Jira export gives issue metadata, not attachment/comment evidence. No explicit Himanshu/Harsh verification evidence found."
BUG-CREDENTIAL-007,ISA1-96,audit-input/06-additional-qa-ux-stress-evidence/Jira.csv,5,Kunji / Credentials,/width,Bhoomi module header card length is inconsistent,"The Bhoomi module header card has a different length/width compared to other module cards. *Acceptance criteria:* * Bhoomi header card visually aligns with cards from modules like Kunji, Raksha, Rin. * Header card sizing is consistent across the app.",Unknown,P2,"Feature can work but may save, display, calculate, or connect data incorrectly.",Needs WD Verification,Use Jira issue description and reproduce with dummy account in isolated environment.,Expected behavior requires PM/WD confirmation.,"The Bhoomi module header card has a different length/width compared to other module cards. *Acceptance criteria:* * Bhoomi header card visually aligns with cards from modules like Kunji, Raksha, Rin. * Header card sizing is consistent across the app.",Yes,Jira issue ISA1-96; parent ISA1-64,● Confirmed - dwaar/portals/add/page.tsx (create); dwaar/portals/portal/[id]/page.tsx (combined detail+edit),● Confirmed - Same POST /api/credentials endpoint (upsert-style),● Confirmed - POST /api/credentials handles BOTH create and update (branches internally on presence of data.id) - no separate PUT route,● Confirmed - credential_records table,Not mapped,Foundation contacts; Rajya; continuity workflows,Possible,No,No,No,Low,No,Unique,,Unconfirmed,"Source row/report exists, but current live reproduction, code proof, or WD verification is missing.",Yes,Bug,[Kunji / Credentials] Bhoomi module header card length is inconsistent,Merge with Existing Jira,Pending WD Assignment,Draft,"Triage: Valid bug. Jira export gives issue metadata, not attachment/comment evidence. No explicit Himanshu/Harsh verification evidence found."
BUG-PROPERTY-007,ISA1-95,audit-input/06-additional-qa-ux-stress-evidence/Jira.csv,6,Bhoomi / Property,/Update,Last Review/Update Date accepts future dates,"In the Will & Succession page, “Last Review/Update Date” accepts future dates. *Acceptance criteria:* * Last review date is limited to past or present. * Will review timelines remain accurate.",Edit/Update,P2,"Feature can work but may save, display, calculate, or connect data incorrectly.",Needs WD Verification,Use Jira issue description and reproduce with dummy account in isolated environment.,Edits should persist and update dependent modules consistently.,"In the Will & Succession page, “Last Review/Update Date” accepts future dates. *Acceptance criteria:* * Last review date is limited to past or present. * Will review timelines remain accurate.",Yes,Jira issue ISA1-95; parent ISA1-64,● Confirmed - bhoomi/add/page.tsx (add); bhoomi/[id]/edit/page.tsx (edit),● Confirmed - PUT /api/bhoomi/properties/{id},● Confirmed - POST /api/bhoomi/properties,● Confirmed - property_assets table,address,Rin; Mitra; Succession; Rajya,Possible,No,Possible,No,Low,No,Unique,,Unconfirmed,"Source row/report exists, but current live reproduction, code proof, or WD verification is missing.",Yes,Bug,[Bhoomi / Property] Last Review/Update Date accepts future dates,Merge with Existing Jira,Pending WD Assignment,Draft,"Triage: Valid bug. Jira export gives issue metadata, not attachment/comment evidence. No explicit Himanshu/Harsh verification evidence found."
BUG-LOAN-008,ISA1-94,audit-input/06-additional-qa-ux-stress-evidence/Jira.csv,7,Rin / Loans,Needs WD Verification,Save button disabled without showing errors in DIN form,"In the DIN form, entering invalid values (e.g., DIN length, dates in wrong ranges) disables Save but shows no error messages. *Acceptance criteria:* * Users see explicit messages explaining what to fix in each field. * Save is enabled once all fields are valid. * No “silent failure” when validation fails.",Save/Create,P2,"Feature can work but may save, display, calculate, or connect data incorrectly.",Needs WD Verification,Use Jira issue description and reproduce with dummy account in isolated environment.,Record should save once to the authoritative persistence layer and be visible after refresh/re-login.,"In the DIN form, entering invalid values (e.g., DIN length, dates in wrong ranges) disables Save but shows no error messages. *Acceptance criteria:* * Users see explicit messages explaining what to fix in each field. * Save is enabled once all fields are valid. * No “silent failure” when validation fails.",Yes,Jira issue ISA1-94; parent ISA1-63,src/app/(dashboard)/bhoomi/page.tsx,bhoomiService; NotificationStore; Vault,/api/bhoomi/properties; /api/bhoomi/properties/[id]; /api/loans,Prisma PropertyAsset; local Vault,type,Bhoomi; Foundation family; Khate; Rajya; education/property context,Possible,Possible,Possible,No,Low,No,Unique,,Unconfirmed,"Source row/report exists, but current live reproduction, code proof, or WD verification is missing.",Yes,Bug,[Rin / Loans] Save button disabled without showing errors in DIN form,Merge with Existing Jira,Pending WD Assignment,Draft,"Triage: Valid bug. Jira export gives issue metadata, not attachment/comment evidence. No explicit Himanshu/Harsh verification evidence found."
BUG-LOAN-009,ISA1-93,audit-input/06-additional-qa-ux-stress-evidence/Jira.csv,8,Rin / Loans,Needs WD Verification,Next due date accepts past dates without validation (GST),"In GST, the “Next Due Date” field accepts past dates without any error. *Acceptance criteria:* * Next due date must be today or a future date. * GST filing reminders remain accurate.",Dashboard Calculation,P2,"Feature can work but may save, display, calculate, or connect data incorrectly.",Needs WD Verification,Use Jira issue description and reproduce with dummy account in isolated environment.,Expected behavior requires PM/WD confirmation.,"In GST, the “Next Due Date” field accepts past dates without any error. *Acceptance criteria:* * Next due date must be today or a future date. * GST filing reminders remain accurate.",Yes,Jira issue ISA1-93; parent ISA1-63,src/app/(dashboard)/bhoomi/page.tsx,bhoomiService; NotificationStore; Vault,/api/bhoomi/properties; /api/bhoomi/properties/[id]; /api/loans,Prisma PropertyAsset; local Vault,type,Bhoomi; Foundation family; Khate; Rajya; education/property context; Reminders,Yes,Possible,Possible,No,Low,Yes,Unique,,Unconfirmed,"Source row/report exists, but current live reproduction, code proof, or WD verification is missing.",Yes,Bug,[Rin / Loans] Next due date accepts past dates without validation (GST),Merge with Existing Jira,Pending WD Assignment,Draft,"Triage: Valid bug. Jira export gives issue metadata, not attachment/comment evidence. No explicit Himanshu/Harsh verification evidence found."
BUG-TAX-010,ISA1-92,audit-input/06-additional-qa-ux-stress-evidence/Jira.csv,9,Kar / Tax,Needs WD Verification,Validation errors for all fields appear when one field has error,"In the GST form, selecting a future “Last Filing Date” triggers validation errors for all required fields immediately, even before Save is clicked. *Acceptance criteria:* * Only fields with invalid values show error messages. * Errors appear on form submit or when the user leaves a field, not all at once.",Save/Create,P2,"Feature can work but may save, display, calculate, or connect data incorrectly.",Needs WD Verification,Use Jira issue description and reproduce with dummy account in isolated environment.,Record should save once to the authoritative persistence layer and be visible after refresh/re-login.,"In the GST form, selecting a future “Last Filing Date” triggers validation errors for all required fields immediately, even before Save is clicked. *Acceptance criteria:* * Only fields with invalid values show error messages. * Errors appear on form submit or when the user leaves a field, not all at once.",Yes,Jira issue ISA1-92; parent ISA1-63,src/app/(dashboard)/kar/page.tsx,taxService; gstService; dinService; FileUploader,/api/kar/summary; /api/kar/insights; /api/kar/tax; /api/kar/gst; /api/kar/din; /api/tax/records; /api/gst/records; /api/din/records,Prisma TaxRecord/GstRecord/DinRecord; local Vault,assessmentYear,Foundation profile; Rajya; Doot; Foundation family; bank; insurance; property; investment; Succession; Rajya; Foundation family; Sampatti; Bhoomi; Beej; Raksha; Rajya readiness views,Possible,Possible,Possible,No,Low,No,Unique,,Unconfirmed,"Source row/report exists, but current live reproduction, code proof, or WD verification is missing.",Yes,Bug,[Kar / Tax] Validation errors for all fields appear when one field has error,Merge with Existing Jira,Pending WD Assignment,Draft,"Triage: Valid bug. Jira export gives issue metadata, not attachment/comment evidence. No explicit Himanshu/Harsh verification evidence found."
BUG-AUTH-022,ISA1-91,audit-input/06-additional-qa-ux-stress-evidence/Jira.csv,10,Authentication,/download,Uploaded ITR document cannot be viewed – Google Drive file not found,Uploaded ITR documents cannot be viewed; Google Drive shows a file not found message. *Acceptance criteria:* * ITR documents upload successfully and are accessible. * View/download links open the correct file.,Document Upload,P2,"Feature can work but may save, display, calculate, or connect data incorrectly.",Needs WD Verification,Use Jira issue description and reproduce with dummy account in isolated environment.,"Document should upload, link, display, and delete through the intended vault/storage flow.",Uploaded ITR documents cannot be viewed; Google Drive shows a file not found message. *Acceptance criteria:* * ITR documents upload successfully and are accessible. * View/download links open the correct file.,Yes,Jira issue ISA1-91; parent ISA1-63,src/app/(dashboard)/foundation/page.tsx,userService; educationService; familyService; OnboardingStore,/api/profile; /api/education; /api/family,Prisma User/Education/FamilyMember; Supabase Auth metadata and profile-photos Storage; local Vault,Needs WD Verification,Document Vault,No,No,Yes,Yes,Possible,No,Parent Bug,,Unconfirmed,"Source row/report exists, but current live reproduction, code proof, or WD verification is missing.",Yes,Bug,[Authentication] Uploaded ITR document cannot be viewed – Google Drive file not found,Merge with Existing Jira,Pending WD Assignment,Draft,"Triage: Valid bug. Jira export gives issue metadata, not attachment/comment evidence. No explicit Himanshu/Harsh verification evidence found."
BUG-TAX-011,ISA1-90,audit-input/06-additional-qa-ux-stress-evidence/Jira.csv,11,Kar / Tax,Needs WD Verification,Filing date future selection disables save button without error,"In ITR, when a future Filing Date is selected, the Save button is disabled but no error message is shown. *Acceptance criteria:* * Invalid future dates show a clear, inline error message. * Save button becomes enabled when date is valid. * No “silent” disabling without explanation.",Save/Create,P2,"Feature can work but may save, display, calculate, or connect data incorrectly.",Needs WD Verification,Use Jira issue description and reproduce with dummy account in isolated environment.,Record should save once to the authoritative persistence layer and be visible after refresh/re-login.,"In ITR, when a future Filing Date is selected, the Save button is disabled but no error message is shown. *Acceptance criteria:* * Invalid future dates show a clear, inline error message. * Save button becomes enabled when date is valid. * No “silent” disabling without explanation.",Yes,Jira issue ISA1-90; parent ISA1-63,src/app/(dashboard)/kar/page.tsx,taxService; gstService; dinService; FileUploader,/api/kar/summary; /api/kar/insights; /api/kar/tax; /api/kar/gst; /api/kar/din; /api/tax/records; /api/gst/records; /api/din/records,Prisma TaxRecord/GstRecord/DinRecord; local Vault,assessmentYear,Foundation profile; Rajya; Doot; Foundation family; bank; insurance; property; investment; Succession; Rajya; Foundation family; Sampatti; Bhoomi; Beej; Raksha; Rajya readiness views,Possible,Possible,Possible,No,Low,No,Unique,,Unconfirmed,"Source row/report exists, but current live reproduction, code proof, or WD verification is missing.",Yes,Bug,[Kar / Tax] Filing date future selection disables save button without error,Merge with Existing Jira,Pending WD Assignment,Draft,"Triage: Valid bug. Jira export gives issue metadata, not attachment/comment evidence. No explicit Himanshu/Harsh verification evidence found."
BUG-LOAN-010,ISA1-89,audit-input/06-additional-qa-ux-stress-evidence/Jira.csv,12,Rin / Loans,Needs WD Verification,Assessment year and financial year fields lack proper picker and validation,Assessment Year and Financial Year fields are plain text inputs requiring manual “YYYY-YY” entry with no picker and no format validation. *Acceptance criteria:* * Year selection is constrained to valid financial year options. * Format is enforced or validated as “YYYY-YY”. * Current financial year can be used as default.,Validation,P2,"Feature can work but may save, display, calculate, or connect data incorrectly.",Needs WD Verification,Use Jira issue description and reproduce with dummy account in isolated environment.,Invalid input should be blocked with clear field-level feedback.,Assessment Year and Financial Year fields are plain text inputs requiring manual “YYYY-YY” entry with no picker and no format validation. *Acceptance criteria:* * Year selection is constrained to valid financial year options. * Format is enforced or validated as “YYYY-YY”. * Current financial year can be used as default.,Yes,Jira issue ISA1-89; parent ISA1-63,src/app/(dashboard)/bhoomi/page.tsx,bhoomiService; NotificationStore; Vault,/api/bhoomi/properties; /api/bhoomi/properties/[id]; /api/loans,Prisma PropertyAsset; local Vault,type,Bhoomi; Foundation family; Khate; Rajya; education/property context,Possible,Possible,Possible,No,Low,No,Unique,,Unconfirmed,"Source row/report exists, but current live reproduction, code proof, or WD verification is missing.",Yes,Bug,[Rin / Loans] Assessment year and financial year fields lack proper picker and validation,Merge with Existing Jira,Pending WD Assignment,Draft,"Triage: Valid bug. Jira export gives issue metadata, not attachment/comment evidence. No explicit Himanshu/Harsh verification evidence found."
BUG-EXPENSE-016,ISA1-88,audit-input/06-additional-qa-ux-stress-evidence/Jira.csv,13,Vyaya / Expenses,Needs WD Verification,Last used date accepts future dates and next renewal date accepts past dates,"For subscriptions, “Last Used Date” accepts future dates, and “Next Renewal Date” accepts past dates. *Acceptance criteria:* * Last Used Date cannot be set in the future. * Next Renewal Date cannot be set in the past. * Subscription tracking and renewal reminders are accurate. * (Optional) Alert logic can highlight dormant subscriptions (last used > 90 days) and upcoming renewals (within 7 days).",Dashboard Calculation,P2,"Feature can work but may save, display, calculate, or connect data incorrectly.",Needs WD Verification,Use Jira issue description and reproduce with dummy account in isolated environment.,Expected behavior requires PM/WD confirmation.,"For subscriptions, “Last Used Date” accepts future dates, and “Next Renewal Date” accepts past dates. *Acceptance criteria:* * Last Used Date cannot be set in the future. * Next Renewal Date cannot be set in the past. * Subscription tracking and renewal reminders are accurate. * (Optional) Alert logic can highlight dormant subscriptions (last used > 90 days) and upcoming renewals (within 7 days).",Yes,Jira issue ISA1-88; parent ISA1-62,src/app/(dashboard)/vyaya/entry/page.tsx,expenseService; expenseCategoryService; budgetService; ExpenseStore in two paths,/api/expenses; /api/expenses/[id]; /api/expense-categories; /api/budget; /api/subscriptions,Prisma ExpenseEntry/ExpenseCategory/BudgetPlan/Subscription; browser stores,date,Khate; Foundation family; Rajya; Suchak; Leakage; Vyaya; Khate; Rajya; Doot; Reminders,Yes,Possible,No,No,Low,Yes,Unique,,Unconfirmed,"Source row/report exists, but current live reproduction, code proof, or WD verification is missing.",Yes,Bug,[Vyaya / Expenses] Last used date accepts future dates and next renewal date accepts past dates,Merge with Existing Jira,Pending WD Assignment,Draft,"Triage: Valid bug. Jira export gives issue metadata, not attachment/comment evidence. No explicit Himanshu/Harsh verification evidence found."
BUG-EXPENSE-017,ISA1-87,audit-input/06-additional-qa-ux-stress-evidence/Jira.csv,14,Vyaya / Expenses,/quarterly/annual,Recurring expense frequency not saving to database,"When an expense is marked as recurring with a frequency (monthly/quarterly/annual), the frequency value is not saved to the database. *Acceptance criteria:* * Frequency values for recurring expenses are correctly stored. * System can use frequency data to track or project future expenses.",Save/Create,P2,"Feature can work but may save, display, calculate, or connect data incorrectly.",Needs WD Verification,Use Jira issue description and reproduce with dummy account in isolated environment.,Record should save once to the authoritative persistence layer and be visible after refresh/re-login.,"When an expense is marked as recurring with a frequency (monthly/quarterly/annual), the frequency value is not saved to the database. *Acceptance criteria:* * Frequency values for recurring expenses are correctly stored. * System can use frequency data to track or project future expenses.",Yes,Jira issue ISA1-87; parent ISA1-62,src/app/(dashboard)/vyaya/entry/page.tsx,expenseService; expenseCategoryService; budgetService; ExpenseStore in two paths,/api/expenses; /api/expenses/[id]; /api/expense-categories; /api/budget; /api/subscriptions,Prisma ExpenseEntry/ExpenseCategory/BudgetPlan/Subscription; browser stores,date,Khate; Foundation family; Rajya; Suchak; Leakage; Vyaya; Khate; Rajya; Doot,Possible,Possible,No,No,Low,Possible,Unique,,Unconfirmed,"Source row/report exists, but current live reproduction, code proof, or WD verification is missing.",Yes,Bug,[Vyaya / Expenses] Recurring expense frequency not saving to database,Merge with Existing Jira,Pending WD Assignment,Draft,"Triage: Valid bug. Jira export gives issue metadata, not attachment/comment evidence. No explicit Himanshu/Harsh verification evidence found."
BUG-EXPENSE-018,ISA1-86,audit-input/06-additional-qa-ux-stress-evidence/Jira.csv,15,Vyaya / Expenses,Needs WD Verification,Expense date accepts future dates without validation,"When adding an expense, the date field accepts future dates. *Acceptance criteria:* * Expenses can only be recorded for past or present dates. * Future dates are blocked with a clear validation message. * Expense analytics are not distorted by future entries.",Validation,P2,"Feature can work but may save, display, calculate, or connect data incorrectly.",Cannot Reproduce,Use Jira issue description and reproduce with dummy account in isolated environment.,Invalid input should be blocked with clear field-level feedback.,"When adding an expense, the date field accepts future dates. *Acceptance criteria:* * Expenses can only be recorded for past or present dates. * Future dates are blocked with a clear validation message. * Expense analytics are not distorted by future entries.",Yes,Jira issue ISA1-86; parent ISA1-62,src/app/(dashboard)/vyaya/entry/page.tsx,expenseService; expenseCategoryService; budgetService; ExpenseStore in two paths,/api/expenses; /api/expenses/[id]; /api/expense-categories; /api/budget; /api/subscriptions,Prisma ExpenseEntry/ExpenseCategory/BudgetPlan/Subscription; browser stores,date,Khate; Foundation family; Rajya; Suchak; Leakage; Vyaya; Khate; Rajya; Doot,Possible,Possible,No,No,Low,Possible,Unique,,Unconfirmed,"Source row/report exists, but current live reproduction, code proof, or WD verification is missing.",Yes,Bug,[Vyaya / Expenses] Expense date accepts future dates without validation,Merge with Existing Jira,Pending WD Assignment,Draft,"Triage: Valid bug. Jira export gives issue metadata, not attachment/comment evidence. No explicit Himanshu/Harsh verification evidence found."
BUG-BANK-008,ISA1-85,audit-input/06-additional-qa-ux-stress-evidence/Jira.csv,16,Pravah / Banking,/edit,End date field missing in add/edit loan form,"When adding or editing a loan, there is no field for loan end date, but the view page shows an “End Date” field with “N/A”. *Acceptance criteria:* * Users can set or update the loan end date during creation or edit. * End date is stored and displayed correctly in the view page.",Edit/Update,P2,"Feature can work but may save, display, calculate, or connect data incorrectly.",Needs WD Verification,Use Jira issue description and reproduce with dummy account in isolated environment.,Edits should persist and update dependent modules consistently.,"When adding or editing a loan, there is no field for loan end date, but the view page shows an “End Date” field with “N/A”. *Acceptance criteria:* * Users can set or update the loan end date during creation or edit. * End date is stored and displayed correctly in the view page.",Yes,Jira issue ISA1-85; parent ISA1-61,src/app/(dashboard)/khate/accounts/page.tsx,bankService; bankApi; BankStore in src/lib and src/lib/stores,/api/bank; /api/bank/[id],Prisma BankAccount/CashWallet/BalanceHistory; browser stores,bankName,Kosh; Vyaya; Rajya; Suchak; Leakage,Possible,Possible,No,No,Low,Possible,Unique,,Unconfirmed,"Source row/report exists, but current live reproduction, code proof, or WD verification is missing.",Yes,Bug,[Pravah / Banking] End date field missing in add/edit loan form,Merge with Existing Jira,Pending WD Assignment,Draft,"Triage: Valid bug. Jira export gives issue metadata, not attachment/comment evidence. No explicit Himanshu/Harsh verification evidence found."
BUG-AUTH-022,ISA1-84,audit-input/06-additional-qa-ux-stress-evidence/Jira.csv,17,Authentication,Needs WD Verification,Uploaded loan document cannot be viewed – Google Drive file not found,"When a user uploads a loan document and tries to view it, Google Drive returns “file does not exist”. *Acceptance criteria:* * Files are stored with valid IDs and correct URLs. * Users can view or download uploaded loan documents.",Document Upload,P2,"Feature can work but may save, display, calculate, or connect data incorrectly.",Needs WD Verification,Use Jira issue description and reproduce with dummy account in isolated environment.,"Document should upload, link, display, and delete through the intended vault/storage flow.","When a user uploads a loan document and tries to view it, Google Drive returns “file does not exist”. *Acceptance criteria:* * Files are stored with valid IDs and correct URLs. * Users can view or download uploaded loan documents.",Yes,Jira issue ISA1-84; parent ISA1-61,src/app/(dashboard)/foundation/page.tsx,userService; educationService; familyService; OnboardingStore,/api/profile; /api/education; /api/family,Prisma User/Education/FamilyMember; Supabase Auth metadata and profile-photos Storage; local Vault,Needs WD Verification,Document Vault,No,No,Yes,Yes,Possible,Possible,Possible Duplicate,BUG-AUTH-022,Unconfirmed,"Source row/report exists, but current live reproduction, code proof, or WD verification is missing.",Yes,Bug,[Authentication] Uploaded loan document cannot be viewed – Google Drive file not found,Merge with Existing Jira,Pending WD Assignment,Draft,"Triage: Valid bug. Jira export gives issue metadata, not attachment/comment evidence. No explicit Himanshu/Harsh verification evidence found."
BUG-BANK-009,ISA1-83,audit-input/06-additional-qa-ux-stress-evidence/Jira.csv,18,Pravah / Banking,Needs WD Verification,Document upload field missing in add loan form,"When adding a new loan, there is no option to upload documents, although the edit page supports document upload. *Acceptance criteria:* * Users can upload loan documents at creation time. * Documents are linked to the loan record and visible later.",Save/Create,P2,"Feature can work but may save, display, calculate, or connect data incorrectly.",Needs WD Verification,Use Jira issue description and reproduce with dummy account in isolated environment.,Record should save once to the authoritative persistence layer and be visible after refresh/re-login.,"When adding a new loan, there is no option to upload documents, although the edit page supports document upload. *Acceptance criteria:* * Users can upload loan documents at creation time. * Documents are linked to the loan record and visible later.",Yes,Jira issue ISA1-83; parent ISA1-61,src/app/(dashboard)/khate/accounts/page.tsx,bankService; bankApi; BankStore in src/lib and src/lib/stores,/api/bank; /api/bank/[id],Prisma BankAccount/CashWallet/BalanceHistory; browser stores,bankName,Kosh; Vyaya; Rajya; Suchak; Leakage; Document Vault,Possible,Possible,No,No,Low,Possible,Unique,,Unconfirmed,"Source row/report exists, but current live reproduction, code proof, or WD verification is missing.",Yes,Bug,[Pravah / Banking] Document upload field missing in add loan form,Merge with Existing Jira,Pending WD Assignment,Draft,"Triage: Valid bug. Jira export gives issue metadata, not attachment/comment evidence. No explicit Himanshu/Harsh verification evidence found."
BUG-BANK-010,ISA1-82,audit-input/06-additional-qa-ux-stress-evidence/Jira.csv,19,Pravah / Banking,Needs WD Verification,Start date accepts future dates without validation,"When adding a new loan, the start date field accepts future dates. *Acceptance criteria:* * The system blocks future start dates and shows a clear message. * EMIs and analytics are not based on invalid future start dates.",Dashboard Calculation,P2,"Feature can work but may save, display, calculate, or connect data incorrectly.",Needs WD Verification,Use Jira issue description and reproduce with dummy account in isolated environment.,Expected behavior requires PM/WD confirmation.,"When adding a new loan, the start date field accepts future dates. *Acceptance criteria:* * The system blocks future start dates and shows a clear message. * EMIs and analytics are not based on invalid future start dates.",Yes,Jira issue ISA1-82; parent ISA1-61,src/app/(dashboard)/khate/accounts/page.tsx,bankService; bankApi; BankStore in src/lib and src/lib/stores,/api/bank; /api/bank/[id],Prisma BankAccount/CashWallet/BalanceHistory; browser stores,bankName,Kosh; Vyaya; Rajya; Suchak; Leakage,Yes,Possible,No,No,Low,Yes,Unique,,Unconfirmed,"Source row/report exists, but current live reproduction, code proof, or WD verification is missing.",Yes,Bug,[Pravah / Banking] Start date accepts future dates without validation,Merge with Existing Jira,Pending WD Assignment,Draft,"Triage: Valid bug. Jira export gives issue metadata, not attachment/comment evidence. No explicit Himanshu/Harsh verification evidence found."
BUG-BANK-001,ISA1-81,audit-input/06-additional-qa-ux-stress-evidence/Jira.csv,20,Pravah / Banking,Needs WD Verification,Multiple bank accounts can be marked as primary,"When the user adds multiple bank accounts and marks each as primary, the system accepts more than one primary account. *Acceptance criteria:* * Only one bank account is allowed to be primary at any time. * Users see an error message when trying to mark a second primary account. * Data remains consistent regarding which account is primary.",Unknown,P2,"Feature can work but may save, display, calculate, or connect data incorrectly.",Needs WD Verification,Use Jira issue description and reproduce with dummy account in isolated environment.,Expected behavior requires PM/WD confirmation.,"When the user adds multiple bank accounts and marks each as primary, the system accepts more than one primary account. *Acceptance criteria:* * Only one bank account is allowed to be primary at any time. * Users see an error message when trying to mark a second primary account. * Data remains consistent regarding which account is primary.",Yes,Jira issue ISA1-81; parent ISA1-61,src/app/(dashboard)/khate/accounts/page.tsx,bankService; bankApi; BankStore in src/lib and src/lib/stores,/api/bank; /api/bank/[id],Prisma BankAccount/CashWallet/BalanceHistory; browser stores,bankName,Kosh; Vyaya; Rajya; Suchak; Leakage,Possible,Possible,No,No,Low,No,Possible Duplicate,BUG-BANK-001,Unconfirmed,"Source row/report exists, but current live reproduction, code proof, or WD verification is missing.",Yes,Bug,[Pravah / Banking] Multiple bank accounts can be marked as primary,Merge with Existing Jira,Pending WD Assignment,Draft,"Triage: Valid bug. Jira export gives issue metadata, not attachment/comment evidence. No explicit Himanshu/Harsh verification evidence found."
BUG-AUTH-022,ISA1-80,audit-input/06-additional-qa-ux-stress-evidence/Jira.csv,21,Authentication,/download,Uploaded insurance document cannot be viewed – Google Drive file not found,"When a user uploads an insurance document and tries to view it, Google Drive returns “file does not exist”. The reference is saved but the file is not accessible. *Acceptance criteria:* * File is actually stored in Google Drive and the ID is valid. * View/download URLs work for uploaded insurance documents. * Different file types and sizes are tested successfully.",Save/Create,P2,"Feature can work but may save, display, calculate, or connect data incorrectly.",Needs WD Verification,Use Jira issue description and reproduce with dummy account in isolated environment.,Record should save once to the authoritative persistence layer and be visible after refresh/re-login.,"When a user uploads an insurance document and tries to view it, Google Drive returns “file does not exist”. The reference is saved but the file is not accessible. *Acceptance criteria:* * File is actually stored in Google Drive and the ID is valid. * View/download URLs work for uploaded insurance documents. * Different file types and sizes are tested successfully.",Yes,Jira issue ISA1-80; parent ISA1-60,src/app/(dashboard)/foundation/page.tsx,userService; educationService; familyService; OnboardingStore,/api/profile; /api/education; /api/family,Prisma User/Education/FamilyMember; Supabase Auth metadata and profile-photos Storage; local Vault,Needs WD Verification,Document Vault,No,No,No,Yes,Low,No,Possible Duplicate,BUG-AUTH-022,Unconfirmed,"Source row/report exists, but current live reproduction, code proof, or WD verification is missing.",Yes,Bug,[Authentication] Uploaded insurance document cannot be viewed – Google Drive file not found,Merge with Existing Jira,Pending WD Assignment,Draft,"Triage: Valid bug. Jira export gives issue metadata, not attachment/comment evidence. No explicit Himanshu/Harsh verification evidence found."
BUG-CREDENTIAL-008,ISA1-79,audit-input/06-additional-qa-ux-stress-evidence/Jira.csv,22,Kunji / Credentials,/view,Document upload field missing in add insurance form,"When adding a new insurance policy, there is no option to upload a policy document, though the upload option appears on the edit/view page. *Acceptance criteria:* * Users can upload policy documents at the time of policy creation. * Uploaded documents are properly linked to the policy record.",Save/Create,P2,"Feature can work but may save, display, calculate, or connect data incorrectly.",Needs WD Verification,Use Jira issue description and reproduce with dummy account in isolated environment.,Record should save once to the authoritative persistence layer and be visible after refresh/re-login.,"When adding a new insurance policy, there is no option to upload a policy document, though the upload option appears on the edit/view page. *Acceptance criteria:* * Users can upload policy documents at the time of policy creation. * Uploaded documents are properly linked to the policy record.",Yes,Jira issue ISA1-79; parent ISA1-60,● Confirmed - dwaar/portals/add/page.tsx (create); dwaar/portals/portal/[id]/page.tsx (combined detail+edit),● Confirmed - Same POST /api/credentials endpoint (upsert-style),● Confirmed - POST /api/credentials handles BOTH create and update (branches internally on presence of data.id) - no separate PUT route,● Confirmed - credential_records table,Not mapped,Foundation contacts; Rajya; continuity workflows; Document Vault,Possible,No,No,No,Low,No,Unique,,Unconfirmed,"Source row/report exists, but current live reproduction, code proof, or WD verification is missing.",Yes,Bug,[Kunji / Credentials] Document upload field missing in add insurance form,Merge with Existing Jira,Pending WD Assignment,Draft,"Triage: Valid bug. Jira export gives issue metadata, not attachment/comment evidence. No explicit Himanshu/Harsh verification evidence found."
BUG-CREDENTIAL-009,ISA1-78,audit-input/06-additional-qa-ux-stress-evidence/Jira.csv,23,Kunji / Credentials,Needs WD Verification,Next due date field accepts past dates without validation,"When adding a new insurance policy, the “Next Due Date” field accepts past dates. *Acceptance criteria:* * The next due date must be today or a future date. * The system blocks saving when a past date is selected and shows a clear error.",Reminder,P2,"Feature can work but may save, display, calculate, or connect data incorrectly.",Needs WD Verification,Use Jira issue description and reproduce with dummy account in isolated environment.,"Relevant reminder should be created, updated, or removed consistently.","When adding a new insurance policy, the “Next Due Date” field accepts past dates. *Acceptance criteria:* * The next due date must be today or a future date. * The system blocks saving when a past date is selected and shows a clear error.",Yes,Jira issue ISA1-78; parent ISA1-60,● Confirmed - dwaar/portals/add/page.tsx (create); dwaar/portals/portal/[id]/page.tsx (combined detail+edit),● Confirmed - Same POST /api/credentials endpoint (upsert-style),● Confirmed - POST /api/credentials handles BOTH create and update (branches internally on presence of data.id) - no separate PUT route,● Confirmed - credential_records table,Not mapped,Foundation contacts; Rajya; continuity workflows,Possible,Yes,No,No,Low,No,Unique,,Unconfirmed,"Source row/report exists, but current live reproduction, code proof, or WD verification is missing.",Yes,Bug,[Kunji / Credentials] Next due date field accepts past dates without validation,Merge with Existing Jira,Pending WD Assignment,Draft,"Triage: Valid bug. Jira export gives issue metadata, not attachment/comment evidence. No explicit Himanshu/Harsh verification evidence found."
BUG-CREDENTIAL-010,ISA1-77,audit-input/06-additional-qa-ux-stress-evidence/Jira.csv,24,Kunji / Credentials,Needs WD Verification,Number input fields show default “0” and rupee symbol missing,"In the add insurance policy form, the Sum Assured and Premium Amount fields show a default “0” that cannot be cleared, and typing appends to this zero (e.g., 8000 becomes “08000”). The Indian Rupee symbol is also missing. *Acceptance criteria:* * Sum Assured and Premium fields can be cleared and do not force a leading zero. * The ₹ symbol is displayed in these fields. * Input behaves correctly without prefixing user input with “0”.",Save/Create,P2,"Feature can work but may save, display, calculate, or connect data incorrectly.",Needs WD Verification,Use Jira issue description and reproduce with dummy account in isolated environment.,Record should save once to the authoritative persistence layer and be visible after refresh/re-login.,"In the add insurance policy form, the Sum Assured and Premium Amount fields show a default “0” that cannot be cleared, and typing appends to this zero (e.g., 8000 becomes “08000”). The Indian Rupee symbol is also missing. *Acceptance criteria:* * Sum Assured and Premium fields can be cleared and do not force a leading zero. * The ₹ symbol is displayed in these fields. * Input behaves correctly without prefixing user input with “0”.",Yes,Jira issue ISA1-77; parent ISA1-60,● Confirmed - dwaar/portals/add/page.tsx (create); dwaar/portals/portal/[id]/page.tsx (combined detail+edit),● Confirmed - Same POST /api/credentials endpoint (upsert-style),● Confirmed - POST /api/credentials handles BOTH create and update (branches internally on presence of data.id) - no separate PUT route,● Confirmed - credential_records table,Not mapped,Foundation contacts; Rajya; continuity workflows,Possible,No,No,No,Low,Possible,Unique,,Unconfirmed,"Source row/report exists, but current live reproduction, code proof, or WD verification is missing.",Yes,Bug,[Kunji / Credentials] Number input fields show default “0” and rupee symbol missing,Merge with Existing Jira,Pending WD Assignment,Draft,"Triage: Valid bug. Jira export gives issue metadata, not attachment/comment evidence. No explicit Himanshu/Harsh verification evidence found."
BUG-CREDENTIAL-011,ISA1-76,audit-input/06-additional-qa-ux-stress-evidence/Jira.csv,25,Kunji / Credentials,Needs WD Verification,Registration date accepts future dates without validation,"When adding a new portal, the registration date field accepts future dates without any error. *Acceptance criteria:* * The system displays an error when a future registration date is selected. * Validation prevents saving a portal with a future registration date.",Validation,P2,"Feature can work but may save, display, calculate, or connect data incorrectly.",Needs WD Verification,Use Jira issue description and reproduce with dummy account in isolated environment.,Invalid input should be blocked with clear field-level feedback.,"When adding a new portal, the registration date field accepts future dates without any error. *Acceptance criteria:* * The system displays an error when a future registration date is selected. * Validation prevents saving a portal with a future registration date.",Yes,Jira issue ISA1-76; parent ISA1-60,● Confirmed - dwaar/portals/add/page.tsx (create); dwaar/portals/portal/[id]/page.tsx (combined detail+edit),● Confirmed - Same POST /api/credentials endpoint (upsert-style),● Confirmed - POST /api/credentials handles BOTH create and update (branches internally on presence of data.id) - no separate PUT route,● Confirmed - credential_records table,Not mapped,Foundation contacts; Rajya; continuity workflows,Possible,No,No,No,Low,No,Unique,,Unconfirmed,"Source row/report exists, but current live reproduction, code proof, or WD verification is missing.",Yes,Bug,[Kunji / Credentials] Registration date accepts future dates without validation,Merge with Existing Jira,Pending WD Assignment,Draft,"Triage: Valid bug. Jira export gives issue metadata, not attachment/comment evidence. No explicit Himanshu/Harsh verification evidence found."
BUG-CREDENTIAL-012,ISA1-75,audit-input/06-additional-qa-ux-stress-evidence/Jira.csv,26,Kunji / Credentials,Needs WD Verification,Reveal Password button does nothing when clicked,"When viewing a portal with a stored encrypted password, the “Reveal Password” button does nothing when clicked. *Acceptance criteria:* * User is prompted for the master passphrase when clicking “Reveal Password”. * On correct passphrase, the decrypted password is displayed. * Users can view their stored passwords as intended.",Auth,P2,"Feature can work but may save, display, calculate, or connect data incorrectly.",Needs WD Verification,Use Jira issue description and reproduce with dummy account in isolated environment.,"User should authenticate, recover account, or complete auth callback through the intended route without unsafe session behavior.","When viewing a portal with a stored encrypted password, the “Reveal Password” button does nothing when clicked. *Acceptance criteria:* * User is prompted for the master passphrase when clicking “Reveal Password”. * On correct passphrase, the decrypted password is displayed. * Users can view their stored passwords as intended.",Yes,Jira issue ISA1-75; parent ISA1-60,● Confirmed - dwaar/portals/add/page.tsx (create); dwaar/portals/portal/[id]/page.tsx (combined detail+edit),● Confirmed - Same POST /api/credentials endpoint (upsert-style),● Confirmed - POST /api/credentials handles BOTH create and update (branches internally on presence of data.id) - no separate PUT route,● Confirmed - credential_records table,Not mapped,Foundation contacts; Rajya; continuity workflows,Possible,No,No,Yes,Low,No,Unique,,Unconfirmed,"Source row/report exists, but current live reproduction, code proof, or WD verification is missing.",Yes,Bug,[Kunji / Credentials] Reveal Password button does nothing when clicked,Needs Auth Review,Pending WD Assignment,Draft,"Triage: Valid bug. Jira export gives issue metadata, not attachment/comment evidence. No explicit Himanshu/Harsh verification evidence found."
BUG-PROFILE-025,ISA1-74,audit-input/06-additional-qa-ux-stress-evidence/Jira.csv,27,Sthapana / Foundation,Needs WD Verification,Education loan toggle missing in edit qualification page,"The education loan toggle is available on the “Add” education qualification page, but is missing on the “Edit” page, so users cannot modify loan status after creation. *Acceptance criteria:* * Users can see and modify the loan status for existing education qualifications. * Updated loan status is saved and reflected correctly.",Save/Create,P2,"Feature can work but may save, display, calculate, or connect data incorrectly.",Needs WD Verification,Use Jira issue description and reproduce with dummy account in isolated environment.,Record should save once to the authoritative persistence layer and be visible after refresh/re-login.,"The education loan toggle is available on the “Add” education qualification page, but is missing on the “Edit” page, so users cannot modify loan status after creation. *Acceptance criteria:* * Users can see and modify the loan status for existing education qualifications. * Updated loan status is saved and reflected correctly.",Yes,Jira issue ISA1-74; parent ISA1-59,src/app/(dashboard)/dwaar/portals/page.tsx,credentialService; CredentialStore; IdentityStore,/api/credentials; /api/credentials/[id]; /api/profile,Prisma CredentialRecord; browser client stores,name,Auth; Rin; Raksha; Most user-owned modules,Possible,Possible,Possible,No,Low,Possible,Unique,,Unconfirmed,"Source row/report exists, but current live reproduction, code proof, or WD verification is missing.",Yes,Bug,[Sthapana / Foundation] Education loan toggle missing in edit qualification page,Merge with Existing Jira,Pending WD Assignment,Draft,"Triage: Valid bug. Jira export gives issue metadata, not attachment/comment evidence. No explicit Himanshu/Harsh verification evidence found."
BUG-AUTH-023,ISA1-73,audit-input/06-additional-qa-ux-stress-evidence/Jira.csv,28,Authentication,Needs WD Verification,Document does not move to new family member folder when ownership changes,"When editing an educational qualification and changing the “Certificate Belongs To” field to another family member, the database updates correctly but the document in Google Drive stays in the old family member’s folder. *Acceptance criteria:* * Documents are stored under the correct family member folder. * vaultFileId or similar references are updated if required. * Behavior is consistent with document move functionality in the Nidhi Vault module.",Edit/Update,P2,"Feature can work but may save, display, calculate, or connect data incorrectly.",Needs WD Verification,Use Jira issue description and reproduce with dummy account in isolated environment.,Edits should persist and update dependent modules consistently.,"When editing an educational qualification and changing the “Certificate Belongs To” field to another family member, the database updates correctly but the document in Google Drive stays in the old family member’s folder. *Acceptance criteria:* * Documents are stored under the correct family member folder. * vaultFileId or similar references are updated if required. * Behavior is consistent with document move functionality in the Nidhi Vault module.",Yes,Jira issue ISA1-73; parent ISA1-59,src/app/(dashboard)/foundation/page.tsx,userService; educationService; familyService; OnboardingStore,/api/profile; /api/education; /api/family,Prisma User/Education/FamilyMember; Supabase Auth metadata and profile-photos Storage; local Vault,Needs WD Verification,Document Vault,No,No,No,Yes,Low,No,Unique,,Unconfirmed,"Source row/report exists, but current live reproduction, code proof, or WD verification is missing.",Yes,Bug,[Authentication] Document does not move to new family member folder when ownership changes,Merge with Existing Jira,Pending WD Assignment,Draft,"Triage: Valid bug. Jira export gives issue metadata, not attachment/comment evidence. No explicit Himanshu/Harsh verification evidence found."
BUG-PROFILE-026,ISA1-72,audit-input/06-additional-qa-ux-stress-evidence/Jira.csv,29,Sthapana / Foundation,Needs WD Verification,Education loan toggle status not saving to database,"When the user enables the Education Loan toggle and adds education details, the loan status shows correctly after saving, but disappears after a page refresh because the status is not saved to the database. *Acceptance criteria:* * Database schema and APIs correctly store and return the education loan status. * The frontend loads and displays the saved status after page refresh.",Save/Create,P2,"Feature can work but may save, display, calculate, or connect data incorrectly.",Needs WD Verification,Use Jira issue description and reproduce with dummy account in isolated environment.,Record should save once to the authoritative persistence layer and be visible after refresh/re-login.,"When the user enables the Education Loan toggle and adds education details, the loan status shows correctly after saving, but disappears after a page refresh because the status is not saved to the database. *Acceptance criteria:* * Database schema and APIs correctly store and return the education loan status. * The frontend loads and displays the saved status after page refresh.",Yes,Jira issue ISA1-72; parent ISA1-59,src/app/(dashboard)/dwaar/portals/page.tsx,credentialService; CredentialStore; IdentityStore,/api/credentials; /api/credentials/[id]; /api/profile,Prisma CredentialRecord; browser client stores,name,Auth; Rin; Raksha; Most user-owned modules,Possible,Possible,Possible,No,Low,Possible,Unique,,Unconfirmed,"Source row/report exists, but current live reproduction, code proof, or WD verification is missing.",Yes,Bug,[Sthapana / Foundation] Education loan toggle status not saving to database,Merge with Existing Jira,Pending WD Assignment,Draft,"Triage: Valid bug. Jira export gives issue metadata, not attachment/comment evidence. No explicit Himanshu/Harsh verification evidence found."
BUG-AUTH-008,ISA1-71,audit-input/06-additional-qa-ux-stress-evidence/Jira.csv,30,Authentication,/edit,Google Drive link redirects to Pehchaan module,"When a user links Google Drive to upload documents on the Education add/edit page, after successful linking the user is redirected to the Pehchaan module instead of returning to the Education page. *Acceptance criteria:* * The redirect preserves the user’s current context and form state. * Users do not lose progress on the Education form or have to navigate back manually.",Edit/Update,P2,"Feature can work but may save, display, calculate, or connect data incorrectly.",Needs WD Verification,Use Jira issue description and reproduce with dummy account in isolated environment.,Edits should persist and update dependent modules consistently.,"When a user links Google Drive to upload documents on the Education add/edit page, after successful linking the user is redirected to the Pehchaan module instead of returning to the Education page. *Acceptance criteria:* * The redirect preserves the user’s current context and form state. * Users do not lose progress on the Education form or have to navigate back manually.",Yes,Jira issue ISA1-71; parent ISA1-59,src/app/(dashboard)/foundation/page.tsx,userService; educationService; familyService; OnboardingStore,/api/profile; /api/education; /api/family,Prisma User/Education/FamilyMember; Supabase Auth metadata and profile-photos Storage; local Vault,Needs WD Verification,Document Vault,No,No,No,Yes,Low,No,Possible Duplicate,BUG-AUTH-008,Unconfirmed,"Source row/report exists, but current live reproduction, code proof, or WD verification is missing.",Yes,Bug,[Authentication] Google Drive link redirects to Pehchaan module,Merge with Existing Jira,Pending WD Assignment,Draft,"Triage: Valid bug. Jira export gives issue metadata, not attachment/comment evidence. No explicit Himanshu/Harsh verification evidence found."
BUG-PROFILE-027,ISA1-70,audit-input/06-additional-qa-ux-stress-evidence/Jira.csv,31,Sthapana / Foundation,Needs WD Verification,Multiple buttons displayed on education page,"On the education page, both “Add another qualification” and “Save & Continue to Dashboard” buttons are displayed together. *Acceptance criteria:* * Initially, only the “Add Qualification” button is shown. * After a qualification is added, the save button appears. * UI confusion and inconsistent user flow are resolved.",Save/Create,P2,"Feature can work but may save, display, calculate, or connect data incorrectly.",Needs WD Verification,Use Jira issue description and reproduce with dummy account in isolated environment.,Record should save once to the authoritative persistence layer and be visible after refresh/re-login.,"On the education page, both “Add another qualification” and “Save & Continue to Dashboard” buttons are displayed together. *Acceptance criteria:* * Initially, only the “Add Qualification” button is shown. * After a qualification is added, the save button appears. * UI confusion and inconsistent user flow are resolved.",Yes,Jira issue ISA1-70; parent ISA1-59,src/app/(dashboard)/dwaar/portals/page.tsx,credentialService; CredentialStore; IdentityStore,/api/credentials; /api/credentials/[id]; /api/profile,Prisma CredentialRecord; browser client stores,name,Auth; Rin; Raksha; Most user-owned modules; Dashboard,Possible,Possible,Possible,No,Low,No,Unique,,Unconfirmed,"Source row/report exists, but current live reproduction, code proof, or WD verification is missing.",Yes,Bug,[Sthapana / Foundation] Multiple buttons displayed on education page,Merge with Existing Jira,Pending WD Assignment,Draft,"Triage: Valid bug. Jira export gives issue metadata, not attachment/comment evidence. No explicit Himanshu/Harsh verification evidence found."
BUG-PROFILE-028,ISA1-69,audit-input/06-additional-qa-ux-stress-evidence/Jira.csv,32,Sthapana / Foundation,Needs WD Verification,Foundation card UI inconsistency,"The “Your Foundation (Sthapana)” card on the dashboard has inconsistent UI – the layout, spacing, or alignment of elements is not proper compared to other module cards. *Acceptance criteria:* * Padding, margins, and alignment are consistent with other module cards. * Visual consistency is restored and does not negatively affect the overall user experience or professional appearance.",Dashboard Calculation,P2,"Feature can work but may save, display, calculate, or connect data incorrectly.",Needs WD Verification,Use Jira issue description and reproduce with dummy account in isolated environment.,Expected behavior requires PM/WD confirmation.,"The “Your Foundation (Sthapana)” card on the dashboard has inconsistent UI – the layout, spacing, or alignment of elements is not proper compared to other module cards. *Acceptance criteria:* * Padding, margins, and alignment are consistent with other module cards. * Visual consistency is restored and does not negatively affect the overall user experience or professional appearance.",Yes,Jira issue ISA1-69; parent ISA1-58,src/app/(dashboard)/dwaar/portals/page.tsx,credentialService; CredentialStore; IdentityStore,/api/credentials; /api/credentials/[id]; /api/profile,Prisma CredentialRecord; browser client stores,name,Auth; Rin; Raksha; Most user-owned modules; Dashboard,Yes,Possible,Possible,No,Low,Yes,Unique,,Unconfirmed,"Source row/report exists, but current live reproduction, code proof, or WD verification is missing.",Yes,Bug,[Sthapana / Foundation] Foundation card UI inconsistency,Merge with Existing Jira,Pending WD Assignment,Draft,"Triage: Valid bug. Jira export gives issue metadata, not attachment/comment evidence. No explicit Himanshu/Harsh verification evidence found."
BUG-PROFILE-029,ISA1-68,audit-input/06-additional-qa-ux-stress-evidence/Jira.csv,33,Sthapana / Foundation,Needs WD Verification,Duplicate email addresses accepted for family members,"When adding a family member, the system accepts email addresses that are already registered as a user in the database. *Acceptance criteria:* * The system prevents duplicate emails or shows a warning that the email is already associated with another user. * An appropriate error message is displayed when a duplicate is found. * Multiple family members cannot share the same email, avoiding confusion and data integrity issues.",Duplicate Record,P2,"Feature can work but may save, display, calculate, or connect data incorrectly.",Needs WD Verification,Use Jira issue description and reproduce with dummy account in isolated environment.,Expected behavior requires PM/WD confirmation.,"When adding a family member, the system accepts email addresses that are already registered as a user in the database. *Acceptance criteria:* * The system prevents duplicate emails or shows a warning that the email is already associated with another user. * An appropriate error message is displayed when a duplicate is found. * Multiple family members cannot share the same email, avoiding confusion and data integrity issues.",Yes,Jira issue ISA1-68; parent ISA1-58,src/app/(dashboard)/dwaar/portals/page.tsx,credentialService; CredentialStore; IdentityStore,/api/credentials; /api/credentials/[id]; /api/profile,Prisma CredentialRecord; browser client stores,name,Auth; Rin; Raksha; Most user-owned modules,Possible,Possible,Possible,No,Low,No,Unique,,Unconfirmed,"Source row/report exists, but current live reproduction, code proof, or WD verification is missing.",Yes,Bug,[Sthapana / Foundation] Duplicate email addresses accepted for family members,Merge with Existing Jira,Pending WD Assignment,Draft,"Triage: Valid bug. Jira export gives issue metadata, not attachment/comment evidence. No explicit Himanshu/Harsh verification evidence found."
BUG-PROFILE-001,ISA1-67,audit-input/06-additional-qa-ux-stress-evidence/Jira.csv,34,Sthapana / Foundation,Needs WD Verification,Email field only accepts @gmail.com addresses,"When adding a family member, the email field only accepts email addresses with the @gmail.com domain. *Acceptance criteria:* * The email field accepts all valid domains (e.g., @yahoo.com, @outlook.com, @labdox.in, etc.). * Users with non‑Gmail addresses can successfully add family members.",Save/Create,P2,"Feature can work but may save, display, calculate, or connect data incorrectly.",Needs WD Verification,Use Jira issue description and reproduce with dummy account in isolated environment.,Record should save once to the authoritative persistence layer and be visible after refresh/re-login.,"When adding a family member, the email field only accepts email addresses with the @gmail.com domain. *Acceptance criteria:* * The email field accepts all valid domains (e.g., @yahoo.com, @outlook.com, @labdox.in, etc.). * Users with non‑Gmail addresses can successfully add family members.",Yes,Jira issue ISA1-67; parent ISA1-58,src/app/(dashboard)/dwaar/portals/page.tsx,credentialService; CredentialStore; IdentityStore,/api/credentials; /api/credentials/[id]; /api/profile,Prisma CredentialRecord; browser client stores,name,Auth; Rin; Raksha; Most user-owned modules,Possible,Possible,Possible,No,Low,No,Possible Duplicate,BUG-PROFILE-001,Unconfirmed,"Source row/report exists, but current live reproduction, code proof, or WD verification is missing.",Yes,Bug,[Sthapana / Foundation] Email field only accepts @gmail.com addresses,Merge with Existing Jira,Pending WD Assignment,Draft,"Triage: Valid bug. Jira export gives issue metadata, not attachment/comment evidence. No explicit Himanshu/Harsh verification evidence found."
BUG-PROFILE-030,ISA1-66,audit-input/06-additional-qa-ux-stress-evidence/Jira.csv,35,Sthapana / Foundation,Needs WD Verification,Duplicate buttons displayed after adding family member,"After adding a family member, both “Forge new link” and “Save and continue” buttons are displayed together. *Acceptance criteria:* * Only the “Forge new link” button is shown after adding a family member. * UI inconsistency and user confusion are resolved.",Save/Create,P2,"Feature can work but may save, display, calculate, or connect data incorrectly.",Needs WD Verification,Use Jira issue description and reproduce with dummy account in isolated environment.,Record should save once to the authoritative persistence layer and be visible after refresh/re-login.,"After adding a family member, both “Forge new link” and “Save and continue” buttons are displayed together. *Acceptance criteria:* * Only the “Forge new link” button is shown after adding a family member. * UI inconsistency and user confusion are resolved.",Yes,Jira issue ISA1-66; parent ISA1-58,src/app/(dashboard)/dwaar/portals/page.tsx,credentialService; CredentialStore; IdentityStore,/api/credentials; /api/credentials/[id]; /api/profile,Prisma CredentialRecord; browser client stores,name,Auth; Rin; Raksha; Most user-owned modules,Possible,Possible,Possible,No,Low,No,Unique,,Unconfirmed,"Source row/report exists, but current live reproduction, code proof, or WD verification is missing.",Yes,Bug,[Sthapana / Foundation] Duplicate buttons displayed after adding family member,Merge with Existing Jira,Pending WD Assignment,Draft,"Triage: Valid bug. Jira export gives issue metadata, not attachment/comment evidence. No explicit Himanshu/Harsh verification evidence found."
BUG-PROFILE-031,ISA1-65,audit-input/06-additional-qa-ux-stress-evidence/Jira.csv,36,Sthapana / Foundation,Needs WD Verification,Duplicate save buttons in add family member form,"When adding a family member, both “Link to profile” and “Save and continue” buttons are displayed. *Acceptance criteria:* * Only one button, “Link to profile”, is shown on the add family member form. * The “Save and continue” button is removed to avoid UI inconsistency and user confusion.",Save/Create,P2,"Feature can work but may save, display, calculate, or connect data incorrectly.",Needs WD Verification,Use Jira issue description and reproduce with dummy account in isolated environment.,Record should save once to the authoritative persistence layer and be visible after refresh/re-login.,"When adding a family member, both “Link to profile” and “Save and continue” buttons are displayed. *Acceptance criteria:* * Only one button, “Link to profile”, is shown on the add family member form. * The “Save and continue” button is removed to avoid UI inconsistency and user confusion.",Yes,Jira issue ISA1-65; parent ISA1-58,src/app/(dashboard)/dwaar/portals/page.tsx,credentialService; CredentialStore; IdentityStore,/api/credentials; /api/credentials/[id]; /api/profile,Prisma CredentialRecord; browser client stores,name,Auth; Rin; Raksha; Most user-owned modules,Possible,Possible,Possible,No,Low,No,Unique,,Unconfirmed,"Source row/report exists, but current live reproduction, code proof, or WD verification is missing.",Yes,Bug,[Sthapana / Foundation] Duplicate save buttons in add family member form,Merge with Existing Jira,Pending WD Assignment,Draft,"Triage: Valid bug. Jira export gives issue metadata, not attachment/comment evidence. No explicit Himanshu/Harsh verification evidence found."
BUG-AUTH-024,ISA1-57,audit-input/06-additional-qa-ux-stress-evidence/Jira.csv,44,Authentication,Needs WD Verification,Mobile OTP verification using static code 1234 instead of sending actual OTP,"During mobile number verification, the system uses static OTP “1234” for testing instead of sending an actual OTP to the user’s mobile number. *Acceptance criteria:* * Mobile verification is fully functional in production so users can verify their mobile numbers. * The system is integrated with a real SMS service in production. * The static OTP fallback is removed in production mode.",Auth,P2,"Feature can work but may save, display, calculate, or connect data incorrectly.",Needs WD Verification,Use Jira issue description and reproduce with dummy account in isolated environment.,"User should authenticate, recover account, or complete auth callback through the intended route without unsafe session behavior.","During mobile number verification, the system uses static OTP “1234” for testing instead of sending an actual OTP to the user’s mobile number. *Acceptance criteria:* * Mobile verification is fully functional in production so users can verify their mobile numbers. * The system is integrated with a real SMS service in production. * The static OTP fallback is removed in production mode.",Yes,Jira issue ISA1-57; parent ISA1-52,src/app/(dashboard)/foundation/page.tsx,userService; educationService; familyService; OnboardingStore,/api/profile; /api/education; /api/family,Prisma User/Education/FamilyMember; Supabase Auth metadata and profile-photos Storage; local Vault,Needs WD Verification,Needs WD Verification,No,No,No,Yes,Low,No,Parent Bug,,Unconfirmed,"Source row/report exists, but current live reproduction, code proof, or WD verification is missing.",Yes,Bug,[Authentication] Mobile OTP verification using static code 1234 instead of sending actual OTP,Needs Auth Review,Pending WD Assignment,Draft,"Triage: Valid bug. Jira export gives issue metadata, not attachment/comment evidence. No explicit Himanshu/Harsh verification evidence found."
BUG-AUTH-025,ISA1-56,audit-input/06-additional-qa-ux-stress-evidence/Jira.csv,45,Authentication,Needs WD Verification,Invalid error message when user enters future date of birth,"When a user enters a future date of birth during onboarding, the system does not display a proper error message. *Acceptance criteria:* * The app shows a clear message that the date of birth cannot be in the future. * Validation is clearly communicated so users are not confused.",Validation,P2,"Feature can work but may save, display, calculate, or connect data incorrectly.",Needs WD Verification,Use Jira issue description and reproduce with dummy account in isolated environment.,Invalid input should be blocked with clear field-level feedback.,"When a user enters a future date of birth during onboarding, the system does not display a proper error message. *Acceptance criteria:* * The app shows a clear message that the date of birth cannot be in the future. * Validation is clearly communicated so users are not confused.",Yes,Jira issue ISA1-56; parent ISA1-52,src/app/(dashboard)/foundation/page.tsx,userService; educationService; familyService; OnboardingStore,/api/profile; /api/education; /api/family,Prisma User/Education/FamilyMember; Supabase Auth metadata and profile-photos Storage; local Vault,Needs WD Verification,Needs WD Verification,No,No,No,Yes,Low,No,Parent Bug,,Unconfirmed,"Source row/report exists, but current live reproduction, code proof, or WD verification is missing.",Yes,Bug,[Authentication] Invalid error message when user enters future date of birth,Merge with Existing Jira,Pending WD Assignment,Draft,"Triage: Valid bug. Jira export gives issue metadata, not attachment/comment evidence. No explicit Himanshu/Harsh verification evidence found."
BUG-AUTH-003,ISA1-55,audit-input/06-additional-qa-ux-stress-evidence/Jira.csv,46,Authentication,Needs WD Verification,Hide button spacing issue,"The hide button on the onboarding page has incorrect spacing or alignment, making it look out of place or improperly positioned. *Acceptance criteria:* * The hide button’s visual appearance is consistent with the overall design. * CSS spacing is adjusted so the button aligns properly with surrounding elements.",Responsive/UI,P2,"Feature can work but may save, display, calculate, or connect data incorrectly.",Needs WD Verification,Use Jira issue description and reproduce with dummy account in isolated environment.,"UI should remain clear, usable, and accessible on target viewports.","The hide button on the onboarding page has incorrect spacing or alignment, making it look out of place or improperly positioned. *Acceptance criteria:* * The hide button’s visual appearance is consistent with the overall design. * CSS spacing is adjusted so the button aligns properly with surrounding elements.",Yes,Jira issue ISA1-55; parent ISA1-52,src/app/(dashboard)/foundation/page.tsx,userService; educationService; familyService; OnboardingStore,/api/profile; /api/education; /api/family,Prisma User/Education/FamilyMember; Supabase Auth metadata and profile-photos Storage; local Vault,Needs WD Verification,Needs WD Verification,No,No,No,Yes,Low,No,Possible Duplicate,BUG-AUTH-003,Unconfirmed,"Source row/report exists, but current live reproduction, code proof, or WD verification is missing.",Yes,Bug,[Authentication] Hide button spacing issue,Merge with Existing Jira,Pending WD Assignment,Draft,"Triage: Valid bug. Jira export gives issue metadata, not attachment/comment evidence. No explicit Himanshu/Harsh verification evidence found."
BUG-AUTH-026,ISA1-54,audit-input/06-additional-qa-ux-stress-evidence/Jira.csv,47,Authentication,Needs WD Verification,Password reset link shows error and redirects without resetting password,"Requesting a password reset link results in an “Invalid token” error when clicked, automatically logging the user in and redirecting them without resetting the password. *Acceptance criteria:* * Token is properly verified before allowing any password change. * Automatic login during the reset flow is removed. * After successful reset, user is redirected to the login page.",Auth,P2,"Feature can work but may save, display, calculate, or connect data incorrectly.",Needs WD Verification,Use Jira issue description and reproduce with dummy account in isolated environment.,"User should authenticate, recover account, or complete auth callback through the intended route without unsafe session behavior.","Requesting a password reset link results in an “Invalid token” error when clicked, automatically logging the user in and redirecting them without resetting the password. *Acceptance criteria:* * Token is properly verified before allowing any password change. * Automatic login during the reset flow is removed. * After successful reset, user is redirected to the login page.",Yes,Jira issue ISA1-54; parent ISA1-52,src/app/(dashboard)/foundation/page.tsx,userService; educationService; familyService; OnboardingStore,/api/profile; /api/education; /api/family,Prisma User/Education/FamilyMember; Supabase Auth metadata and profile-photos Storage; local Vault,Needs WD Verification,Needs WD Verification,No,No,No,Yes,Low,No,Parent Bug,,Unconfirmed,"Source row/report exists, but current live reproduction, code proof, or WD verification is missing.",Yes,Bug,[Authentication] Password reset link shows error and redirects without resetting password,Needs Auth Review,Pending WD Assignment,Draft,"Triage: Valid bug. Jira export gives issue metadata, not attachment/comment evidence. No explicit Himanshu/Harsh verification evidence found."
BUG-AUTH-027,ISA1-53,audit-input/06-additional-qa-ux-stress-evidence/Jira.csv,48,Authentication,Needs WD Verification,"Google login only allows test users, not all Google accounts","Google login is currently restricted to test users only, causing login failures for any Google account not added as a test user. *Acceptance criteria:* * The application is verified in Google Cloud Auth console. * Once verified, the test‑user restriction is removed automatically. * Regular users can log in with any valid Google account, not just developers and test users.",Auth,P2,"Feature can work but may save, display, calculate, or connect data incorrectly.",Needs WD Verification,Use Jira issue description and reproduce with dummy account in isolated environment.,"User should authenticate, recover account, or complete auth callback through the intended route without unsafe session behavior.","Google login is currently restricted to test users only, causing login failures for any Google account not added as a test user. *Acceptance criteria:* * The application is verified in Google Cloud Auth console. * Once verified, the test‑user restriction is removed automatically. * Regular users can log in with any valid Google account, not just developers and test users.",Yes,Jira issue ISA1-53; parent ISA1-52,src/app/(dashboard)/foundation/page.tsx,userService; educationService; familyService; OnboardingStore,/api/profile; /api/education; /api/family,Prisma User/Education/FamilyMember; Supabase Auth metadata and profile-photos Storage; local Vault,Needs WD Verification,Authentication,No,No,No,Yes,Low,No,Parent Bug,,Unconfirmed,"Source row/report exists, but current live reproduction, code proof, or WD verification is missing.",Yes,Bug,"[Authentication] Google login only allows test users, not all Google accounts",Needs Auth Review,Pending WD Assignment,Draft,"Triage: Valid bug. Jira export gives issue metadata, not attachment/comment evidence. No explicit Himanshu/Harsh verification evidence found."
BUG-UX-001,ISA1-51,audit-input/06-additional-qa-ux-stress-evidence/Jira.csv,50,General UX,Needs WD Verification,Accidental Ledger Deletion Data Loss,"* {noformat}ACTUAL BEHAVIOR: Clicking ""Delete"" runs a hard SQL 'DELETE' statement. The record is permanently purged, leaving no audit history and making accidental clicks unrecoverable. IMPACT: Irreversible data loss on accidental clicks. {noformat} * *Acceptance Criteria:* {noformat}- Add a 'deleted_at' timestamp column to the database tables (defaulting to NULL). - Update UI actions to run an update setting 'deleted_at = NOW()' instead of physical removal. - Adjust default data queries to filter out records where 'deleted_at' is not null. - Provide an ""Undo"" option for 5 seconds after a user marks a record for deletion. {noformat}",Save/Create,P2,"Feature can work but may save, display, calculate, or connect data incorrectly.",Needs WD Verification,Use Jira issue description and reproduce with dummy account in isolated environment.,Record should save once to the authoritative persistence layer and be visible after refresh/re-login.,"* {noformat}ACTUAL BEHAVIOR: Clicking ""Delete"" runs a hard SQL 'DELETE' statement. The record is permanently purged, leaving no audit history and making accidental clicks unrecoverable. IMPACT: Irreversible data loss on accidental clicks. {noformat} * *Acceptance Criteria:* {noformat}- Add a 'deleted_at' timestamp column to the database tables (defaulting to NULL). - Update UI actions to run an update setting 'deleted_at = NOW()' instead of physical removal. - Adjust default data queries to filter out records where 'deleted_at' is not null. - Provide an ""Undo"" option for 5 seconds after a user marks a record for deletion. {noformat}",Yes,Jira issue ISA1-51; parent ISA1-1,"4 - Sthapana, Pehchaan, Kunji, Kosh",Needs WD Verification,Needs WD Verification,users,Needs WD Verification,Needs WD Verification,No,No,No,No,High,No,Unique,,Unconfirmed,"Source row/report exists, but current live reproduction, code proof, or WD verification is missing.",Yes,Bug,[General UX] Accidental Ledger Deletion Data Loss,Merge with Existing Jira,Pending WD Assignment,Draft,"Triage: Valid bug. Jira export gives issue metadata, not attachment/comment evidence. No explicit Himanshu/Harsh verification evidence found."
BUG-PROFILE-032,ISA1-50,audit-input/06-additional-qa-ux-stress-evidence/Jira.csv,51,Sthapana / Foundation,/fetching,Stale Data on Multi-User Household Screens,* {noformat}AS A: Family member sharing a household budget ledger I WANT: My screen to update instantly when another member records a transaction SO THAT: We are always looking at the exact same up-to-date balances. {noformat} * *Acceptance Criteria:* {noformat}- Replace static polling/fetching with Supabase Realtime subscriptions ('supabase.channel()'). - Listen for 'postgres_changes' on the transactions table matching the active 'household_id'. - Automatically update page states without requiring manual page reloads. {noformat},Edit/Update,P2,"Feature can work but may save, display, calculate, or connect data incorrectly.",Needs WD Verification,Use Jira issue description and reproduce with dummy account in isolated environment.,Edits should persist and update dependent modules consistently.,* {noformat}AS A: Family member sharing a household budget ledger I WANT: My screen to update instantly when another member records a transaction SO THAT: We are always looking at the exact same up-to-date balances. {noformat} * *Acceptance Criteria:* {noformat}- Replace static polling/fetching with Supabase Realtime subscriptions ('supabase.channel()'). - Listen for 'postgres_changes' on the transactions table matching the active 'household_id'. - Automatically update page states without requiring manual page reloads. {noformat},Yes,Jira issue ISA1-50; parent ISA1-16,src/app/(dashboard)/dwaar/portals/page.tsx,credentialService; CredentialStore; IdentityStore,/api/credentials; /api/credentials/[id]; /api/profile,Prisma CredentialRecord; browser client stores,name,Auth; Rin; Raksha; Most user-owned modules,Possible,Possible,Possible,No,Low,No,Unique,,Unconfirmed,"Source row/report exists, but current live reproduction, code proof, or WD verification is missing.",Yes,Bug,[Sthapana / Foundation] Stale Data on Multi-User Household Screens,Merge with Existing Jira,Pending WD Assignment,Draft,"Triage: Valid bug. Jira export gives issue metadata, not attachment/comment evidence. No explicit Himanshu/Harsh verification evidence found."
BUG-PERF-001,ISA1-49,audit-input/06-additional-qa-ux-stress-evidence/Jira.csv,52,Performance / Stress,Needs WD Verification,Offline Transactions Dropped Silently,"* {noformat}ACTUAL BEHAVIOR: When users enter a transaction without internet connectivity, the application discards it silently without saving a local queue or warning the user. IMPACT: Data loss when tracking transactions while on the move (e.g., in subways or basements). {noformat} * *Acceptance Criteria:* {noformat}- Detect offline state using 'navigator.onLine'. - Queue transaction payloads in local browser storage (IndexedDB or cached queue) if offline. - Automatically sync queued items to Supabase when a connection is restored. {noformat}",Data Persistence,P2,"Feature can work but may save, display, calculate, or connect data incorrectly.",Needs WD Verification,Use Jira issue description and reproduce with dummy account in isolated environment.,Expected behavior requires PM/WD confirmation.,"* {noformat}ACTUAL BEHAVIOR: When users enter a transaction without internet connectivity, the application discards it silently without saving a local queue or warning the user. IMPACT: Data loss when tracking transactions while on the move (e.g., in subways or basements). {noformat} * *Acceptance Criteria:* {noformat}- Detect offline state using 'navigator.onLine'. - Queue transaction payloads in local browser storage (IndexedDB or cached queue) if offline. - Automatically sync queued items to Supabase when a connection is restored. {noformat}",Yes,Jira issue ISA1-49; parent ISA1-1,Needs WD Verification,Needs WD Verification,Needs WD Verification,users,Needs WD Verification,Needs WD Verification,No,No,No,No,High,No,Unique,,Unconfirmed,"Source row/report exists, but current live reproduction, code proof, or WD verification is missing.",Yes,Bug,[Performance / Stress] Offline Transactions Dropped Silently,Merge with Existing Jira,Pending WD Assignment,Draft,"Triage: Valid bug. Jira export gives issue metadata, not attachment/comment evidence. No explicit Himanshu/Harsh verification evidence found."
BUG-TAX-012,ISA1-48,audit-input/06-additional-qa-ux-stress-evidence/Jira.csv,53,Kar / Tax,Needs WD Verification,Missing Optimistic UI Rollback Handler,"* {noformat}ACTUAL BEHAVIOR: To make the app feel fast, new entries are shown on screen immediately. If the backend write subsequently fails, the UI does not remove the item, leaving unsaved data on the screen. IMPACT: Data mismatch. Reloading the page makes the visual transaction disappear since it was never actually written. {noformat} * *Acceptance Criteria:* {noformat}- Cache the previous state before applying optimistic additions. - On API write rejection, trigger a catch block that reverts the visual state to the cached version and shows a retry notification. {noformat}",Save/Create,P2,"Feature can work but may save, display, calculate, or connect data incorrectly.",Needs WD Verification,Use Jira issue description and reproduce with dummy account in isolated environment.,Record should save once to the authoritative persistence layer and be visible after refresh/re-login.,"* {noformat}ACTUAL BEHAVIOR: To make the app feel fast, new entries are shown on screen immediately. If the backend write subsequently fails, the UI does not remove the item, leaving unsaved data on the screen. IMPACT: Data mismatch. Reloading the page makes the visual transaction disappear since it was never actually written. {noformat} * *Acceptance Criteria:* {noformat}- Cache the previous state before applying optimistic additions. - On API write rejection, trigger a catch block that reverts the visual state to the cached version and shows a retry notification. {noformat}",Yes,Jira issue ISA1-48; parent ISA1-1,src/app/(dashboard)/kar/page.tsx,taxService; gstService; dinService; FileUploader,/api/kar/summary; /api/kar/insights; /api/kar/tax; /api/kar/gst; /api/kar/din; /api/tax/records; /api/gst/records; /api/din/records,Prisma TaxRecord/GstRecord/DinRecord; local Vault,assessmentYear,Foundation profile; Rajya; Doot; Foundation family; bank; insurance; property; investment; Succession; Rajya; Foundation family; Sampatti; Bhoomi; Beej; Raksha; Rajya readiness views,Possible,Possible,Possible,No,Low,No,Unique,,Unconfirmed,"Source row/report exists, but current live reproduction, code proof, or WD verification is missing.",Yes,Bug,[Kar / Tax] Missing Optimistic UI Rollback Handler,Merge with Existing Jira,Pending WD Assignment,Draft,"Triage: Valid bug. Jira export gives issue metadata, not attachment/comment evidence. No explicit Himanshu/Harsh verification evidence found."
BUG-BANK-011,ISA1-47,audit-input/06-additional-qa-ux-stress-evidence/Jira.csv,54,Pravah / Banking,Needs WD Verification,Client-Side Calculations and DevTools Tampering,"* {noformat}ACTUAL BEHAVIOR: The application calculates account balances, metrics, and risk scores in the browser and then writes those values directly back to Supabase. This allows users to open browser DevTools, edit local variables, and save falsified numbers to the database. IMPACT: Severe security vulnerability; easy data manipulation. {noformat} * *Acceptance Criteria:* {noformat}- Stop allowing the client to write calculated metrics directly to the DB. - Calculate net balances and health scores dynamically via Postgres database views or Supabase Edge Functions / RPCs. {noformat}",Save/Create,P2,"Feature can work but may save, display, calculate, or connect data incorrectly.",Needs WD Verification,Use Jira issue description and reproduce with dummy account in isolated environment.,Record should save once to the authoritative persistence layer and be visible after refresh/re-login.,"* {noformat}ACTUAL BEHAVIOR: The application calculates account balances, metrics, and risk scores in the browser and then writes those values directly back to Supabase. This allows users to open browser DevTools, edit local variables, and save falsified numbers to the database. IMPACT: Severe security vulnerability; easy data manipulation. {noformat} * *Acceptance Criteria:* {noformat}- Stop allowing the client to write calculated metrics directly to the DB. - Calculate net balances and health scores dynamically via Postgres database views or Supabase Edge Functions / RPCs. {noformat}",Yes,Jira issue ISA1-47; parent ISA1-16,src/app/(dashboard)/khate/accounts/page.tsx,bankService; bankApi; BankStore in src/lib and src/lib/stores,/api/bank; /api/bank/[id],Prisma BankAccount/CashWallet/BalanceHistory; browser stores,bankName,Kosh; Vyaya; Rajya; Suchak; Leakage,Possible,Possible,No,Possible,Low,Possible,Unique,,Unconfirmed,"Source row/report exists, but current live reproduction, code proof, or WD verification is missing.",Yes,Bug,[Pravah / Banking] Client-Side Calculations and DevTools Tampering,Merge with Existing Jira,Pending WD Assignment,Draft,"Triage: Valid bug. Jira export gives issue metadata, not attachment/comment evidence. No explicit Himanshu/Harsh verification evidence found."
BUG-AUTH-028,ISA1-46,audit-input/06-additional-qa-ux-stress-evidence/Jira.csv,55,Authentication,Needs WD Verification,iOS Safari Session Inactivity Purge,"* {noformat}ACTUAL BEHAVIOR: iOS Safari clears localStorage after 7 days of user inactivity. Because Svarajya stores Supabase auth session tokens in localStorage, users are silently logged out with no explanation if they don't open the app for a week. IMPACT: Poor retention, frustrating logout user experience. {noformat} * *Acceptance Criteria:* {noformat}- Configure the Supabase Client to run with custom long-lived cookie storage or a secure storage provider that Safari's aggressive local storage cleanup policy does not affect. {noformat}",Auth,P2,"Feature can work but may save, display, calculate, or connect data incorrectly.",Needs WD Verification,Use Jira issue description and reproduce with dummy account in isolated environment.,"User should authenticate, recover account, or complete auth callback through the intended route without unsafe session behavior.","* {noformat}ACTUAL BEHAVIOR: iOS Safari clears localStorage after 7 days of user inactivity. Because Svarajya stores Supabase auth session tokens in localStorage, users are silently logged out with no explanation if they don't open the app for a week. IMPACT: Poor retention, frustrating logout user experience. {noformat} * *Acceptance Criteria:* {noformat}- Configure the Supabase Client to run with custom long-lived cookie storage or a secure storage provider that Safari's aggressive local storage cleanup policy does not affect. {noformat}",Yes,Jira issue ISA1-46; parent ISA1-1,src/app/(dashboard)/foundation/page.tsx,userService; educationService; familyService; OnboardingStore,/api/profile; /api/education; /api/family,Prisma User/Education/FamilyMember; Supabase Auth metadata and profile-photos Storage; local Vault,Needs WD Verification,Authentication,No,No,No,Yes,Low,No,Unique,,Unconfirmed,"Source row/report exists, but current live reproduction, code proof, or WD verification is missing.",Yes,Bug,[Authentication] iOS Safari Session Inactivity Purge,Needs Auth Review,Pending WD Assignment,Draft,"Triage: Valid bug. Jira export gives issue metadata, not attachment/comment evidence. No explicit Himanshu/Harsh verification evidence found."
BUG-AUTH-029,ISA1-45,audit-input/06-additional-qa-ux-stress-evidence/Jira.csv,56,Authentication,Needs WD Verification,Mobile Double-Trigger on Tap,"* {noformat}ACTUAL BEHAVIOR: On mobile touch screens, tapping a submit action triggers both the 'touchend' and 'click' events in rapid succession. Since the form submission logic listens to both, it triggers two identical writes back-to-back. IMPACT: Creates duplicate transaction rows on mobile devices even with a fast connection. {noformat} * *Acceptance Criteria:* {noformat}- Add 'e.preventDefault()' to the 'touchend' event handlers on all interactive buttons to stop click-event cascading on touch devices. {noformat} h3. Ticket 9: iOS Safari Session Inactivity Purge",Auth,P2,"Feature can work but may save, display, calculate, or connect data incorrectly.",Needs WD Verification,Use Jira issue description and reproduce with dummy account in isolated environment.,"User should authenticate, recover account, or complete auth callback through the intended route without unsafe session behavior.","* {noformat}ACTUAL BEHAVIOR: On mobile touch screens, tapping a submit action triggers both the 'touchend' and 'click' events in rapid succession. Since the form submission logic listens to both, it triggers two identical writes back-to-back. IMPACT: Creates duplicate transaction rows on mobile devices even with a fast connection. {noformat} * *Acceptance Criteria:* {noformat}- Add 'e.preventDefault()' to the 'touchend' event handlers on all interactive buttons to stop click-event cascading on touch devices. {noformat} h3. Ticket 9: iOS Safari Session Inactivity Purge",Yes,Jira issue ISA1-45; parent ISA1-35,src/app/(dashboard)/foundation/page.tsx,userService; educationService; familyService; OnboardingStore,/api/profile; /api/education; /api/family,Prisma User/Education/FamilyMember; Supabase Auth metadata and profile-photos Storage; local Vault,Needs WD Verification,Needs WD Verification,No,No,No,Yes,Low,No,Unique,,Unconfirmed,"Source row/report exists, but current live reproduction, code proof, or WD verification is missing.",Yes,Bug,[Authentication] Mobile Double-Trigger on Tap,Needs Auth Review,Pending WD Assignment,Draft,"Triage: Valid bug. Jira export gives issue metadata, not attachment/comment evidence. No explicit Himanshu/Harsh verification evidence found."
BUG-BANK-012,ISA1-44,audit-input/06-additional-qa-ux-stress-evidence/Jira.csv,57,Pravah / Banking,Needs WD Verification,Aggregate Calculations Treated as Strings,"* {noformat}ACTUAL BEHAVIOR: Supabase aggregate responses (like SUM) return numbers formatted as strings. When the client-side code executes operations like 'total + 500', it performs string concatenation (e.g., yielding ""$45000500$"" instead of $45500$). IMPACT: Highly corrupted accounting reports and user balance calculations. {noformat} * *Acceptance Criteria:* {noformat}- Wrap all incoming aggregate values from Supabase queries in explicit Javascript 'Number()' casts before performing arithmetic. {noformat}",Dashboard Calculation,P2,"Feature can work but may save, display, calculate, or connect data incorrectly.",Needs WD Verification,Use Jira issue description and reproduce with dummy account in isolated environment.,Expected behavior requires PM/WD confirmation.,"* {noformat}ACTUAL BEHAVIOR: Supabase aggregate responses (like SUM) return numbers formatted as strings. When the client-side code executes operations like 'total + 500', it performs string concatenation (e.g., yielding ""$45000500$"" instead of $45500$). IMPACT: Highly corrupted accounting reports and user balance calculations. {noformat} * *Acceptance Criteria:* {noformat}- Wrap all incoming aggregate values from Supabase queries in explicit Javascript 'Number()' casts before performing arithmetic. {noformat}",Yes,Jira issue ISA1-44; parent ISA1-41,src/app/(dashboard)/khate/accounts/page.tsx,bankService; bankApi; BankStore in src/lib and src/lib/stores,/api/bank; /api/bank/[id],Prisma BankAccount/CashWallet/BalanceHistory; browser stores,bankName,Kosh; Vyaya; Rajya; Suchak; Leakage,Yes,Possible,No,No,Low,Yes,Unique,,Unconfirmed,"Source row/report exists, but current live reproduction, code proof, or WD verification is missing.",Yes,Bug,[Pravah / Banking] Aggregate Calculations Treated as Strings,Merge with Existing Jira,Pending WD Assignment,Draft,"Triage: Valid bug. Jira export gives issue metadata, not attachment/comment evidence. No explicit Himanshu/Harsh verification evidence found."
BUG-LOAN-011,ISA1-43,audit-input/06-additional-qa-ux-stress-evidence/Jira.csv,58,Rin / Loans,Needs WD Verification,Floating Point Precision Storing Trash Values,Needs WD Verification,Unknown,P2,"Feature can work but may save, display, calculate, or connect data incorrectly.",Needs WD Verification,Use Jira issue description and reproduce with dummy account in isolated environment.,Expected behavior requires PM/WD confirmation.,Actual result needs WD verification.,Yes,Jira issue ISA1-43; parent ISA1-41,src/app/(dashboard)/bhoomi/page.tsx,bhoomiService; NotificationStore; Vault,/api/bhoomi/properties; /api/bhoomi/properties/[id]; /api/loans,Prisma PropertyAsset; local Vault,type,Bhoomi; Foundation family; Khate; Rajya; education/property context,Possible,Possible,Possible,No,Low,No,Unique,,Unconfirmed,"Source row/report exists, but current live reproduction, code proof, or WD verification is missing.",Yes,Bug,[Rin / Loans] Floating Point Precision Storing Trash Values,Merge with Existing Jira,Pending WD Assignment,Draft,"Triage: Valid bug. Jira export gives issue metadata, not attachment/comment evidence. No explicit Himanshu/Harsh verification evidence found."
BUG-LOAN-012,ISA1-40,audit-input/06-additional-qa-ux-stress-evidence/Jira.csv,60,Rin / Loans,Needs WD Verification,Missing Transaction Idempotency Keys,"* {noformat}ACTUAL BEHAVIOR: If a network connection drops or experiences latency during a transaction write, client-side retry logic fires the insert payload again. Without unique constraints, Supabase commits duplicate identical rows to the ledger. IMPACT: Inaccurate financial balances, duplicate transaction entries. {noformat} * *Acceptance Criteria:* {noformat}- Add a unique 'idempotency_key' UUID column to the transactions table. - Generate a single UUID in the client view *when* the submit button is clicked. - Database rejects duplicate keys using a Postgres UNIQUE constraint, preventing secondary retry duplicates. {noformat}",Save/Create,P1,Important user journey or shared module behavior may be blocked or materially degraded.,Needs WD Verification,Use Jira issue description and reproduce with dummy account in isolated environment.,Record should save once to the authoritative persistence layer and be visible after refresh/re-login.,"* {noformat}ACTUAL BEHAVIOR: If a network connection drops or experiences latency during a transaction write, client-side retry logic fires the insert payload again. Without unique constraints, Supabase commits duplicate identical rows to the ledger. IMPACT: Inaccurate financial balances, duplicate transaction entries. {noformat} * *Acceptance Criteria:* {noformat}- Add a unique 'idempotency_key' UUID column to the transactions table. - Generate a single UUID in the client view *when* the submit button is clicked. - Database rejects duplicate keys using a Postgres UNIQUE constraint, preventing secondary retry duplicates. {noformat}",Yes,Jira issue ISA1-40; parent ISA1-1,src/app/(dashboard)/bhoomi/page.tsx,bhoomiService; NotificationStore; Vault,/api/bhoomi/properties; /api/bhoomi/properties/[id]; /api/loans,Prisma PropertyAsset; local Vault,type,Bhoomi; Foundation family; Khate; Rajya; education/property context,Possible,Possible,Possible,No,Low,No,Unique,,Unconfirmed,"Source row/report exists, but current live reproduction, code proof, or WD verification is missing.",Yes,Bug,[Rin / Loans] Missing Transaction Idempotency Keys,Move to P0/P1 Impact Report,Pending WD Assignment,Draft,"Triage: Valid bug. Jira export gives issue metadata, not attachment/comment evidence. No explicit Himanshu/Harsh verification evidence found."
BUG-AUTH-030,ISA1-39,audit-input/06-additional-qa-ux-stress-evidence/Jira.csv,61,Authentication,Needs WD Verification,Silent JWT Expiry Data Loss,"* {noformat}ACTUAL BEHAVIOR: Supabase JSON Web Tokens (JWT) expire after exactly 1 hour. If a user attempts to save a transaction after this time, the write is silently rejected with a 401 error. The UI shows no failure notification; the user thinks the write succeeded. IMPACT: Direct data loss. Users lose complex transaction history without warning. {noformat} * *Acceptance Criteria:* {noformat}- Implement a client-side interceptor that validates token expiration before submitting database writes. - Trigger auto-refresh via 'supabase.auth.refreshSession()' if the token is expired or close to expiring (within a 30-second window). - If refresh fails, block the UI, prompt the user to re-authenticate, and cache the unsaved form state.{noformat}",Auth,P1,Important user journey or shared module behavior may be blocked or materially degraded.,Needs WD Verification,Use Jira issue description and reproduce with dummy account in isolated environment.,"User should authenticate, recover account, or complete auth callback through the intended route without unsafe session behavior.","* {noformat}ACTUAL BEHAVIOR: Supabase JSON Web Tokens (JWT) expire after exactly 1 hour. If a user attempts to save a transaction after this time, the write is silently rejected with a 401 error. The UI shows no failure notification; the user thinks the write succeeded. IMPACT: Direct data loss. Users lose complex transaction history without warning. {noformat} * *Acceptance Criteria:* {noformat}- Implement a client-side interceptor that validates token expiration before submitting database writes. - Trigger auto-refresh via 'supabase.auth.refreshSession()' if the token is expired or close to expiring (within a 30-second window). - If refresh fails, block the UI, prompt the user to re-authen",Yes,Jira issue ISA1-39; parent ISA1-16,src/app/(dashboard)/foundation/page.tsx,userService; educationService; familyService; OnboardingStore,/api/profile; /api/education; /api/family,Prisma User/Education/FamilyMember; Supabase Auth metadata and profile-photos Storage; local Vault,Needs WD Verification,Authentication,No,No,No,Yes,High,No,Unique,,Unconfirmed,"Source row/report exists, but current live reproduction, code proof, or WD verification is missing.",Yes,Bug,[Authentication] Silent JWT Expiry Data Loss,Needs Auth Review,Pending WD Assignment,Draft,"Triage: Valid bug. Jira export gives issue metadata, not attachment/comment evidence. No explicit Himanshu/Harsh verification evidence found."
BUG-AUTH-031,ISA1-38,audit-input/06-additional-qa-ux-stress-evidence/Jira.csv,62,Authentication,/privacy,Missing Database Row-Level Security,"* {noformat}ACTUAL BEHAVIOR: The Supabase backend database has no RLS policies enabled. Any authenticated user can read, update, or delete all other households' transaction, income, and financial records. IMPACT: Critical security/privacy risk. Total lack of data isolation. TECHNICAL DETAILS: Users can query other tenant tables because the backend does not enforce 'auth.uid()' filtering rules. {noformat} * *Acceptance Criteria:* {noformat}- Execute 'ALTER TABLE transactions ENABLE ROW LEVEL SECURITY;' on all database tables. - Build and verify policies ensuring users can only READ/WRITE records where 'user_id = auth.uid()' or within their shared 'household_id'. - Attempting to query another user's household ID via API returns an empty dataset or access denied. {noformat}",Auth,P1,Important user journey or shared module behavior may be blocked or materially degraded.,Needs WD Verification,Use Jira issue description and reproduce with dummy account in isolated environment.,"User should authenticate, recover account, or complete auth callback through the intended route without unsafe session behavior.","* {noformat}ACTUAL BEHAVIOR: The Supabase backend database has no RLS policies enabled. Any authenticated user can read, update, or delete all other households' transaction, income, and financial records. IMPACT: Critical security/privacy risk. Total lack of data isolation. TECHNICAL DETAILS: Users can query other tenant tables because the backend does not enforce 'auth.uid()' filtering rules. {noformat} * *Acceptance Criteria:* {noformat}- Execute 'ALTER TABLE transactions ENABLE ROW LEVEL SECURITY;' on all database tables. - Build and verify policies ensuring users can only READ/WRITE records where 'user_id = auth.uid()' or within their shared 'household_id'. - Attempting to query another",Yes,Jira issue ISA1-38; parent ISA1-1,src/app/(dashboard)/foundation/page.tsx,userService; educationService; familyService; OnboardingStore,/api/profile; /api/education; /api/family,Prisma User/Education/FamilyMember; Supabase Auth metadata and profile-photos Storage; local Vault,Needs WD Verification,Authentication,No,No,No,Yes,High,Possible,Unique,,Unconfirmed,"Source row/report exists, but current live reproduction, code proof, or WD verification is missing.",Yes,Bug,[Authentication] Missing Database Row-Level Security,Needs Auth Review,Pending WD Assignment,Draft,"Triage: Valid bug. Jira export gives issue metadata, not attachment/comment evidence. No explicit Himanshu/Harsh verification evidence found."
BUG-AUTH-032,ISA1-37,audit-input/06-additional-qa-ux-stress-evidence/Jira.csv,63,Authentication,/amounts,Logout State Data Clearance,"{noformat}ACTUAL BEHAVIOR: Once a user initiates a logout or their session is terminated, the ""Add income"" and ""Add expense"" elements/amounts do not clear gracefully. Stale or null values continue to linger on screen instead of safely dropping. IMPACT: Creates security issues (exposing financial numbers to unauthorized eyes on shared devices) and suggests a broken state sync. REPRODUCTION STEPS: 1. Log in to Svarajya and populate transaction data. 2. Click ""Log Out"". 3. Observe that income and expense elements/amounts are either showing stale cached data, blank states, or throwing inline page layout errors. Acceptance Criteria: - Logging out immediately wipes all in-memory financial states, cached transactions, and totals. - Redirect the user cleanly to the login screen upon logout. - No protected workspace dashboard elements are visible once the Supabase auth session is null. {noformat}",Auth,P2,"Feature can work but may save, display, calculate, or connect data incorrectly.",Needs WD Verification,Use Jira issue description and reproduce with dummy account in isolated environment.,"User should authenticate, recover account, or complete auth callback through the intended route without unsafe session behavior.","{noformat}ACTUAL BEHAVIOR: Once a user initiates a logout or their session is terminated, the ""Add income"" and ""Add expense"" elements/amounts do not clear gracefully. Stale or null values continue to linger on screen instead of safely dropping. IMPACT: Creates security issues (exposing financial numbers to unauthorized eyes on shared devices) and suggests a broken state sync. REPRODUCTION STEPS: 1. Log in to Svarajya and populate transaction data. 2. Click ""Log Out"". 3. Observe that income and expense elements/amounts are either showing stale cached data, blank states, or throwing inline page layout errors. Acceptance Criteria: - Logging out immediately wipes all in-memory financial states,",Yes,Jira issue ISA1-37; parent ISA1-35,src/app/(dashboard)/foundation/page.tsx,userService; educationService; familyService; OnboardingStore,/api/profile; /api/education; /api/family,Prisma User/Education/FamilyMember; Supabase Auth metadata and profile-photos Storage; local Vault,Needs WD Verification,Dashboard; Authentication,No,No,No,Yes,High,Possible,Unique,,Unconfirmed,"Source row/report exists, but current live reproduction, code proof, or WD verification is missing.",Yes,Bug,[Authentication] Logout State Data Clearance,Needs Auth Review,Pending WD Assignment,Draft,"Triage: Valid bug. Jira export gives issue metadata, not attachment/comment evidence. No explicit Himanshu/Harsh verification evidence found."
BUG-LOAN-013,ISA1-36,audit-input/06-additional-qa-ux-stress-evidence/Jira.csv,64,Rin / Loans,/sidebar,Navigation 404 Route Fault,"{noformat}ACTUAL BEHAVIOR: When a user clicks on the second navigation option on the sidebar (e.g., Rajya Map or Nidhi Vault), the application fails to resolve the client route and instead serves a 404 ""Page Not Found"" screen. IMPACT: Users are locked out of critical subsections of the app. This is a severe blocker for basic application navigation. REPRODUCTION STEPS: 1. Open the Svarajya application. 2. Locate the navigation bar/sidebar. 3. Click the second option down from the top. 4. Notice the system instantly displays the custom purple/yellow 404 screen. {noformat} *Acceptance Criteria:* {noformat}- Clicking any item in the left sidebar menu successfully loads the targeted component or page without encountering a 404 error. - The browser URL path updates cleanly (e.g. /rajya-map or /nidhi-vault). - The ""Go Back"" button on any secondary view safely returns the user to the previous screen. {noformat}",Edit/Update,P1,Important user journey or shared module behavior may be blocked or materially degraded.,Needs WD Verification,Use Jira issue description and reproduce with dummy account in isolated environment.,Edits should persist and update dependent modules consistently.,"{noformat}ACTUAL BEHAVIOR: When a user clicks on the second navigation option on the sidebar (e.g., Rajya Map or Nidhi Vault), the application fails to resolve the client route and instead serves a 404 ""Page Not Found"" screen. IMPACT: Users are locked out of critical subsections of the app. This is a severe blocker for basic application navigation. REPRODUCTION STEPS: 1. Open the Svarajya application. 2. Locate the navigation bar/sidebar. 3. Click the second option down from the top. 4. Notice the system instantly displays the custom purple/yellow 404 screen. {noformat} *Acceptance Criteria:* {noformat}- Clicking any item in the left sidebar menu successfully loads the targeted component or",Yes,Jira issue ISA1-36; parent ISA1-35,src/app/(dashboard)/bhoomi/page.tsx,bhoomiService; NotificationStore; Vault,/api/bhoomi/properties; /api/bhoomi/properties/[id]; /api/loans,Prisma PropertyAsset; local Vault,type,Bhoomi; Foundation family; Khate; Rajya; education/property context,Possible,Possible,Possible,No,Low,No,Unique,,Unconfirmed,"Source row/report exists, but current live reproduction, code proof, or WD verification is missing.",Yes,Bug,[Rin / Loans] Navigation 404 Route Fault,Move to P0/P1 Impact Report,Pending WD Assignment,Draft,"Triage: Valid bug. Jira export gives issue metadata, not attachment/comment evidence. No explicit Himanshu/Harsh verification evidence found."
BUG-GEN-001,ISA1-34,audit-input/06-additional-qa-ux-stress-evidence/Jira.csv,66,Mobile vs Desktop Prevent multiple Supabase clients on mobile Client created inside component causes duplicate Realtime events. Prevent multiple Supabase clients on mobile Client created inside component causes duplicate Realtime events.,Needs WD Verification,Prevent multiple Supabase clients on mobile,Client created inside component causes duplicate Realtime events.,Save/Create,P2,"Feature can work but may save, display, calculate, or connect data incorrectly.",Needs WD Verification,Use Jira issue description and reproduce with dummy account in isolated environment.,Record should save once to the authoritative persistence layer and be visible after refresh/re-login.,Client created inside component causes duplicate Realtime events.,Yes,Jira issue ISA1-34; parent ISA1-24,Needs WD Verification,Needs WD Verification,Needs WD Verification,Needs WD Verification,Needs WD Verification,Needs WD Verification,No,No,No,No,Low,No,Unique,,Unconfirmed,"Source row/report exists, but current live reproduction, code proof, or WD verification is missing.",Yes,Bug,[Mobile vs Desktop Prevent multiple Supabase clients on mobile Client created inside component causes duplicate Realtime events. Prevent multiple Supabase clients on mobile Client,Needs Supabase Verification,Pending WD Assignment,Draft,"Triage: Valid bug. Jira export gives issue metadata, not attachment/comment evidence. No explicit Himanshu/Harsh verification evidence found."
BUG-GEN-002,ISA1-33,audit-input/06-additional-qa-ux-stress-evidence/Jira.csv,67,Mobile vs Desktop Persist unsaved form data on viewport resize Breakpoint change unmounts form component causing data loss. Persist unsaved form data on viewport resize Breakpoint change unmounts form component causing data loss.,Needs WD Verification,Persist unsaved form data on viewport resize,Breakpoint change unmounts form component causing data loss.,Save/Create,P2,"Feature can work but may save, display, calculate, or connect data incorrectly.",Needs WD Verification,Use Jira issue description and reproduce with dummy account in isolated environment.,Record should save once to the authoritative persistence layer and be visible after refresh/re-login.,Breakpoint change unmounts form component causing data loss.,Yes,Jira issue ISA1-33; parent ISA1-24,Needs WD Verification,Needs WD Verification,Needs WD Verification,Needs WD Verification,Needs WD Verification,Needs WD Verification,No,No,No,No,High,No,Unique,,Unconfirmed,"Source row/report exists, but current live reproduction, code proof, or WD verification is missing.",Yes,Bug,[Mobile vs Desktop Persist unsaved form data on viewport resize Breakpoint change unmounts form component causing data loss. Persist unsaved form data on viewport resize Breakpoint,Merge with Existing Jira,Pending WD Assignment,Draft,"Triage: Valid bug. Jira export gives issue metadata, not attachment/comment evidence. No explicit Himanshu/Harsh verification evidence found."
BUG-TAX-013,ISA1-32,audit-input/06-additional-qa-ux-stress-evidence/Jira.csv,68,Kar / Tax,Needs WD Verification,Fix virtual keyboard hiding submit button,Form cannot be submitted without dismissing keyboard.,Save/Create,P2,"Feature can work but may save, display, calculate, or connect data incorrectly.",Needs WD Verification,Use Jira issue description and reproduce with dummy account in isolated environment.,Record should save once to the authoritative persistence layer and be visible after refresh/re-login.,Form cannot be submitted without dismissing keyboard.,Yes,Jira issue ISA1-32; parent ISA1-24,src/app/(dashboard)/kar/page.tsx,taxService; gstService; dinService; FileUploader,/api/kar/summary; /api/kar/insights; /api/kar/tax; /api/kar/gst; /api/kar/din; /api/tax/records; /api/gst/records; /api/din/records,Prisma TaxRecord/GstRecord/DinRecord; local Vault,assessmentYear,Foundation profile; Rajya; Doot; Foundation family; bank; insurance; property; investment; Succession; Rajya; Foundation family; Sampatti; Bhoomi; Beej; Raksha; Rajya readiness views,Possible,Possible,Possible,No,Low,No,Unique,,Unconfirmed,"Source row/report exists, but current live reproduction, code proof, or WD verification is missing.",Yes,Bug,[Kar / Tax] Fix virtual keyboard hiding submit button,Merge with Existing Jira,Pending WD Assignment,Draft,"Triage: Valid bug. Jira export gives issue metadata, not attachment/comment evidence. No explicit Himanshu/Harsh verification evidence found."
BUG-UX-002,ISA1-31,audit-input/06-additional-qa-ux-stress-evidence/Jira.csv,69,General UX,Needs WD Verification,Fix double insert on mobile touch events,"Touch tap fires both touchend and click, creating duplicate transactions.",Responsive/UI,P2,"Feature can work but may save, display, calculate, or connect data incorrectly.",Needs WD Verification,Use Jira issue description and reproduce with dummy account in isolated environment.,"UI should remain clear, usable, and accessible on target viewports.","Touch tap fires both touchend and click, creating duplicate transactions.",Yes,Jira issue ISA1-31; parent ISA1-24,"4 - Sthapana, Pehchaan, Kunji, Kosh",Needs WD Verification,Needs WD Verification,Needs WD Verification,Needs WD Verification,Needs WD Verification,No,No,No,No,Low,No,Unique,,Unconfirmed,"Source row/report exists, but current live reproduction, code proof, or WD verification is missing.",Yes,Bug,[General UX] Fix double insert on mobile touch events,Merge with Existing Jira,Pending WD Assignment,Draft,"Triage: Valid bug. Jira export gives issue metadata, not attachment/comment evidence. No explicit Himanshu/Harsh verification evidence found."
BUG-GEN-003,ISA1-30,audit-input/06-additional-qa-ux-stress-evidence/Jira.csv,70,Mobile vs Desktop Synchronize storage between mobile and desktop localStorage fallback on mobile + Supabase on desktop causes divergent device data. Synchronize storage between mobile and desktop localStorage fallback on mobile + Supabase on desktop causes divergent device data.,Needs WD Verification,Synchronize storage between mobile and desktop,localStorage fallback on mobile + Supabase on desktop causes divergent device data.,Data Persistence,P2,"Feature can work but may save, display, calculate, or connect data incorrectly.",Needs WD Verification,Use Jira issue description and reproduce with dummy account in isolated environment.,Expected behavior requires PM/WD confirmation.,localStorage fallback on mobile + Supabase on desktop causes divergent device data.,Yes,Jira issue ISA1-30; parent ISA1-24,Needs WD Verification,Needs WD Verification,Needs WD Verification,Needs WD Verification,Needs WD Verification,Needs WD Verification,No,No,No,No,Possible,No,Unique,,Unconfirmed,"Source row/report exists, but current live reproduction, code proof, or WD verification is missing.",Yes,Bug,[Mobile vs Desktop Synchronize storage between mobile and desktop localStorage fallback on mobile + Supabase on desktop causes divergent device data. Synchronize storage between mo,Needs Supabase Verification,Pending WD Assignment,Draft,"Triage: Valid bug. Jira export gives issue metadata, not attachment/comment evidence. No explicit Himanshu/Harsh verification evidence found."
BUG-LOAN-014,ISA1-23,audit-input/06-additional-qa-ux-stress-evidence/Jira.csv,72,Rin / Loans,Needs WD Verification,Add loading state during data refetch,Stale financial figures shown while new data loads.,Save/Create,P3,"Primarily UI, wording, layout, or lower-risk usability issue unless WD evidence shows deeper impact.",Needs WD Verification,Use Jira issue description and reproduce with dummy account in isolated environment.,Record should save once to the authoritative persistence layer and be visible after refresh/re-login.,Stale financial figures shown while new data loads.,Yes,Jira issue ISA1-23; parent ISA1-16,src/app/(dashboard)/bhoomi/page.tsx,bhoomiService; NotificationStore; Vault,/api/bhoomi/properties; /api/bhoomi/properties/[id]; /api/loans,Prisma PropertyAsset; local Vault,type,Bhoomi; Foundation family; Khate; Rajya; education/property context,Possible,Possible,Possible,No,Low,No,Unique,,Unconfirmed,"Source row/report exists, but current live reproduction, code proof, or WD verification is missing.",Yes,Bug,[Rin / Loans] Add loading state during data refetch,Merge with Existing Jira,Pending WD Assignment,Draft,"Triage: Valid bug. Jira export gives issue metadata, not attachment/comment evidence. No explicit Himanshu/Harsh verification evidence found."
BUG-UX-003,ISA1-20,audit-input/06-additional-qa-ux-stress-evidence/Jira.csv,74,General UX,Needs WD Verification,Surface Supabase insertion errors to user UI,Failed inserts look like success to the user.,Responsive/UI,P1,Important user journey or shared module behavior may be blocked or materially degraded.,Needs WD Verification,Use Jira issue description and reproduce with dummy account in isolated environment.,"UI should remain clear, usable, and accessible on target viewports.",Failed inserts look like success to the user.,Yes,Jira issue ISA1-20; parent ISA1-16,"4 - Sthapana, Pehchaan, Kunji, Kosh",Needs WD Verification,Needs WD Verification,users,Needs WD Verification,Needs WD Verification,No,No,No,No,Low,No,Unique,,Unconfirmed,"Source row/report exists, but current live reproduction, code proof, or WD verification is missing.",Yes,Bug,[General UX] Surface Supabase insertion errors to user UI,Move to P0/P1 Impact Report,Pending WD Assignment,Draft,"Triage: Valid bug. Jira export gives issue metadata, not attachment/comment evidence. No explicit Himanshu/Harsh verification evidence found."
BUG-GEN-004,ISA1-19,audit-input/06-additional-qa-ux-stress-evidence/Jira.csv,75,Data Flow Resolve concurrent write conflicts across tabs Two tabs writing simultaneously results in last write winning and one silently discarded. Resolve concurrent write conflicts across tabs Two tabs writing simultaneously results in last write winning and one silently discarded.,Needs WD Verification,Resolve concurrent write conflicts across tabs,Two tabs writing simultaneously results in last write winning and one silently discarded.,Data Mismatch,P1,Important user journey or shared module behavior may be blocked or materially degraded.,Needs WD Verification,Use Jira issue description and reproduce with dummy account in isolated environment.,Expected behavior requires PM/WD confirmation.,Two tabs writing simultaneously results in last write winning and one silently discarded.,Yes,Jira issue ISA1-19; parent ISA1-16,Needs WD Verification,Needs WD Verification,Needs WD Verification,Needs WD Verification,Needs WD Verification,Needs WD Verification,No,No,No,No,Low,No,Unique,,Unconfirmed,"Source row/report exists, but current live reproduction, code proof, or WD verification is missing.",Yes,Bug,[Data Flow Resolve concurrent write conflicts across tabs Two tabs writing simultaneously results in last write winning and one silently discarded. Resolve concurrent write conflic,Move to P0/P1 Impact Report,Pending WD Assignment,Draft,"Triage: Valid bug. Jira export gives issue metadata, not attachment/comment evidence. No explicit Himanshu/Harsh verification evidence found."
BUG-DASH-002,ISA1-18,audit-input/06-additional-qa-ux-stress-evidence/Jira.csv,76,Rajya / Dashboard,Needs WD Verification,Move derived value calculations to backend,"Totals and scores calculated client-side then written to DB, manipulable via devtools.",Dashboard Calculation,P1,Important user journey or shared module behavior may be blocked or materially degraded.,Needs WD Verification,Use Jira issue description and reproduce with dummy account in isolated environment.,Expected behavior requires PM/WD confirmation.,"Totals and scores calculated client-side then written to DB, manipulable via devtools.",Yes,Jira issue ISA1-18; parent ISA1-16,src/app/(dashboard)/lakshya/page.tsx,None,None,Prisma Goal model exists but no route integration was found for this page,Needs WD Verification,Foundation; Pehchaan; Kosh; Vyaya; Khate; Raksha; Rin; others; Read-only aggregation intended,Yes,No,No,No,Low,Yes,Unique,,Unconfirmed,"Source row/report exists, but current live reproduction, code proof, or WD verification is missing.",Yes,Bug,[Rajya / Dashboard] Move derived value calculations to backend,Move to P0/P1 Impact Report,Pending WD Assignment,Draft,"Triage: Valid bug. Jira export gives issue metadata, not attachment/comment evidence. No explicit Himanshu/Harsh verification evidence found."
BUG-GEN-005,ISA1-17,audit-input/06-additional-qa-ux-stress-evidence/Jira.csv,77,"Data Flow Handle Supabase JWT 1-hour expiry *Data Loss Risk:* Supabase writes fail silently with 401, causing user data loss. Handle Supabase JWT 1-hour expiry *Data Loss Risk:* Supabase writes fail silently with 401, causing user data loss.",Needs WD Verification,Handle Supabase JWT 1-hour expiry,"*Data Loss Risk:* Supabase writes fail silently with 401, causing user data loss.",Configuration,P1,Important user journey or shared module behavior may be blocked or materially degraded.,Needs WD Verification,Use Jira issue description and reproduce with dummy account in isolated environment.,Expected behavior requires PM/WD confirmation.,"*Data Loss Risk:* Supabase writes fail silently with 401, causing user data loss.",Yes,Jira issue ISA1-17; parent ISA1-16,Needs WD Verification,Needs WD Verification,Needs WD Verification,users,Needs WD Verification,Needs WD Verification,No,No,No,Yes,High,No,Unique,,Unconfirmed,"Source row/report exists, but current live reproduction, code proof, or WD verification is missing.",Yes,Bug,"[Data Flow Handle Supabase JWT 1-hour expiry *Data Loss Risk:* Supabase writes fail silently with 401, causing user data loss. Handle Supabase JWT 1-hour expiry *Data Loss Risk:* S",Needs Supabase Verification,Pending WD Assignment,Draft,"Triage: Valid bug. Jira export gives issue metadata, not attachment/comment evidence. No explicit Himanshu/Harsh verification evidence found."
BUG-GEN-006,ISA1-15,audit-input/06-additional-qa-ux-stress-evidence/Jira.csv,79,Calculation Errors Standardize INR lakh formatting across screens Formatting is inconsistently applied to Supabase values. Standardize INR lakh formatting across screens Formatting is inconsistently applied to Supabase values.,Needs WD Verification,Standardize INR lakh formatting across screens,Formatting is inconsistently applied to Supabase values.,Validation,P3,"Primarily UI, wording, layout, or lower-risk usability issue unless WD evidence shows deeper impact.",Needs WD Verification,Use Jira issue description and reproduce with dummy account in isolated environment.,Invalid input should be blocked with clear field-level feedback.,Formatting is inconsistently applied to Supabase values.,Yes,Jira issue ISA1-15; parent ISA1-8,Needs WD Verification,Needs WD Verification,Needs WD Verification,Needs WD Verification,Needs WD Verification,Needs WD Verification,No,No,No,No,Low,No,Unique,,Unconfirmed,"Source row/report exists, but current live reproduction, code proof, or WD verification is missing.",Yes,Bug,[Calculation Errors Standardize INR lakh formatting across screens Formatting is inconsistently applied to Supabase values. Standardize INR lakh formatting across screens Formattin,Needs Supabase Verification,Pending WD Assignment,Draft,"Triage: Valid bug. Jira export gives issue metadata, not attachment/comment evidence. No explicit Himanshu/Harsh verification evidence found."
BUG-LOAN-015,ISA1-14,audit-input/06-additional-qa-ux-stress-evidence/Jira.csv,80,Rin / Loans,Needs WD Verification,Fix EMI installment row rounding mismatch,Sum of stored rows differs from original loan amount due to per-row rounding.,Dashboard Calculation,P2,"Feature can work but may save, display, calculate, or connect data incorrectly.",Needs WD Verification,Use Jira issue description and reproduce with dummy account in isolated environment.,Expected behavior requires PM/WD confirmation.,Sum of stored rows differs from original loan amount due to per-row rounding.,Yes,Jira issue ISA1-14; parent ISA1-8,src/app/(dashboard)/bhoomi/page.tsx,bhoomiService; NotificationStore; Vault,/api/bhoomi/properties; /api/bhoomi/properties/[id]; /api/loans,Prisma PropertyAsset; local Vault,type,Bhoomi; Foundation family; Khate; Rajya; education/property context,Yes,Possible,Possible,No,Low,Yes,Unique,,Unconfirmed,"Source row/report exists, but current live reproduction, code proof, or WD verification is missing.",Yes,Bug,[Rin / Loans] Fix EMI installment row rounding mismatch,Merge with Existing Jira,Pending WD Assignment,Draft,"Triage: Valid bug. Jira export gives issue metadata, not attachment/comment evidence. No explicit Himanshu/Harsh verification evidence found."
BUG-TAX-014,ISA1-13,audit-input/06-additional-qa-ux-stress-evidence/Jira.csv,81,Kar / Tax,Needs WD Verification,Fix toFixed() rounding errors on paise values,Wrong paise values stored permanently in DB due to rounding.,Data Mismatch,P2,"Feature can work but may save, display, calculate, or connect data incorrectly.",Needs WD Verification,Use Jira issue description and reproduce with dummy account in isolated environment.,Expected behavior requires PM/WD confirmation.,Wrong paise values stored permanently in DB due to rounding.,Yes,Jira issue ISA1-13; parent ISA1-8,src/app/(dashboard)/kar/page.tsx,taxService; gstService; dinService; FileUploader,/api/kar/summary; /api/kar/insights; /api/kar/tax; /api/kar/gst; /api/kar/din; /api/tax/records; /api/gst/records; /api/din/records,Prisma TaxRecord/GstRecord/DinRecord; local Vault,assessmentYear,Foundation profile; Rajya; Doot; Foundation family; bank; insurance; property; investment; Succession; Rajya; Foundation family; Sampatti; Bhoomi; Beej; Raksha; Rajya readiness views,Possible,Possible,Possible,No,Low,No,Unique,,Unconfirmed,"Source row/report exists, but current live reproduction, code proof, or WD verification is missing.",Yes,Bug,[Kar / Tax] Fix toFixed() rounding errors on paise values,Merge with Existing Jira,Pending WD Assignment,Draft,"Triage: Valid bug. Jira export gives issue metadata, not attachment/comment evidence. No explicit Himanshu/Harsh verification evidence found."
BUG-GEN-007,ISA1-12,audit-input/06-additional-qa-ux-stress-evidence/Jira.csv,82,"Calculation Errors Fix Supabase NUMERIC column precision issues Float values written directly (e.g., 0.1 + 0.2 = 0.30000000000000004 stored in DB). Fix Supabase NUMERIC column precision issues Float values written directly (e.g., 0.1 + 0.2 = 0.30000000000000004 stored in DB).",Needs WD Verification,Fix Supabase NUMERIC column precision issues,"Float values written directly (e.g., 0.1 + 0.2 = 0.30000000000000004 stored in DB).",Configuration,P1,Important user journey or shared module behavior may be blocked or materially degraded.,Needs WD Verification,Use Jira issue description and reproduce with dummy account in isolated environment.,Expected behavior requires PM/WD confirmation.,"Float values written directly (e.g., 0.1 + 0.2 = 0.30000000000000004 stored in DB).",Yes,Jira issue ISA1-12; parent ISA1-8,Needs WD Verification,Needs WD Verification,Needs WD Verification,Needs WD Verification,Needs WD Verification,Needs WD Verification,No,No,No,Yes,Low,No,Unique,,Unconfirmed,"Source row/report exists, but current live reproduction, code proof, or WD verification is missing.",Yes,Bug,"[Calculation Errors Fix Supabase NUMERIC column precision issues Float values written directly (e.g., 0.1 + 0.2 = 0.30000000000000004 stored in DB). Fix Supabase NUMERIC column pre",Needs Supabase Verification,Pending WD Assignment,Draft,"Triage: Valid bug. Jira export gives issue metadata, not attachment/comment evidence. No explicit Himanshu/Harsh verification evidence found."
BUG-LOAN-016,ISA1-11,audit-input/06-additional-qa-ux-stress-evidence/Jira.csv,83,Rin / Loans,Needs WD Verification,Parse Supabase aggregate string results,Aggregates return as strings causing concatenation instead of addition (e.g. '45000' + 500 = '45000500').,Configuration,P1,Important user journey or shared module behavior may be blocked or materially degraded.,Needs WD Verification,Use Jira issue description and reproduce with dummy account in isolated environment.,Expected behavior requires PM/WD confirmation.,Aggregates return as strings causing concatenation instead of addition (e.g. '45000' + 500 = '45000500').,Yes,Jira issue ISA1-11; parent ISA1-8,src/app/(dashboard)/bhoomi/page.tsx,bhoomiService; NotificationStore; Vault,/api/bhoomi/properties; /api/bhoomi/properties/[id]; /api/loans,Prisma PropertyAsset; local Vault,type,Bhoomi; Foundation family; Khate; Rajya; education/property context,Possible,Possible,Possible,Yes,Low,No,Unique,,Unconfirmed,"Source row/report exists, but current live reproduction, code proof, or WD verification is missing.",Yes,Bug,[Rin / Loans] Parse Supabase aggregate string results,Needs Supabase Verification,Pending WD Assignment,Draft,"Triage: Valid bug. Jira export gives issue metadata, not attachment/comment evidence. No explicit Himanshu/Harsh verification evidence found."
BUG-INCOME-004,ISA1-10,audit-input/06-additional-qa-ux-stress-evidence/Jira.csv,84,Kosh / Income,Needs WD Verification,Handle division by zero for new users without income,Produces NaN which gets written back to the DB.,Unknown,P1,Important user journey or shared module behavior may be blocked or materially degraded.,Needs WD Verification,Use Jira issue description and reproduce with dummy account in isolated environment.,Expected behavior requires PM/WD confirmation.,Produces NaN which gets written back to the DB.,Yes,Jira issue ISA1-10; parent ISA1-8,"● Confirmed - kosh/add/page.tsx (OLD store); kosh/sources/add/page.tsx (NEW store, official config route); kosh/income/[id]/edit/page.tsx",● Confirmed - PUT /api/income/{id},● Confirmed - POST /api/income -> IncomeStore updates its in-memory array and fires the request,● Confirmed - income_streams table,Not mapped,Foundation family; Khate; Rajya; Suchak; Vyaya; notifications,Possible,Possible,No,No,Low,Possible,Unique,,Unconfirmed,"Source row/report exists, but current live reproduction, code proof, or WD verification is missing.",Yes,Bug,[Kosh / Income] Handle division by zero for new users without income,Move to P0/P1 Impact Report,Pending WD Assignment,Draft,"Triage: Valid bug. Jira export gives issue metadata, not attachment/comment evidence. No explicit Himanshu/Harsh verification evidence found."
BUG-UX-004,ISA1-5,audit-input/06-additional-qa-ux-stress-evidence/Jira.csv,88,General UX,/Supabase,Rollback Optimistic UI updates on write failures,UI shows unsaved data when network/Supabase writes fail.,Save/Create,P2,"Feature can work but may save, display, calculate, or connect data incorrectly.",Needs WD Verification,Use Jira issue description and reproduce with dummy account in isolated environment.,Record should save once to the authoritative persistence layer and be visible after refresh/re-login.,UI shows unsaved data when network/Supabase writes fail.,Yes,Jira issue ISA1-5; parent ISA1-1,"4 - Sthapana, Pehchaan, Kunji, Kosh",Needs WD Verification,Needs WD Verification,Needs WD Verification,Needs WD Verification,Needs WD Verification,No,No,No,No,Low,No,Unique,,Unconfirmed,"Source row/report exists, but current live reproduction, code proof, or WD verification is missing.",Yes,Bug,[General UX] Rollback Optimistic UI updates on write failures,Merge with Existing Jira,Pending WD Assignment,Draft,"Triage: Valid bug. Jira export gives issue metadata, not attachment/comment evidence. No explicit Himanshu/Harsh verification evidence found."
BUG-AUTH-033,ISA1-4,audit-input/06-additional-qa-ux-stress-evidence/Jira.csv,89,Authentication,Needs WD Verification,Fix iOS Safari localStorage wipe for session,"Supabase session token stored in localStorage; iOS Safari wipes it after 7 days, causing silent logouts.",Auth,P1,Important user journey or shared module behavior may be blocked or materially degraded.,Needs WD Verification,Use Jira issue description and reproduce with dummy account in isolated environment.,"User should authenticate, recover account, or complete auth callback through the intended route without unsafe session behavior.","Supabase session token stored in localStorage; iOS Safari wipes it after 7 days, causing silent logouts.",Yes,Jira issue ISA1-4; parent ISA1-1,src/app/(dashboard)/foundation/page.tsx,userService; educationService; familyService; OnboardingStore,/api/profile; /api/education; /api/family,Prisma User/Education/FamilyMember; Supabase Auth metadata and profile-photos Storage; local Vault,Needs WD Verification,Needs WD Verification,No,No,No,Yes,High,No,Unique,,Unconfirmed,"Source row/report exists, but current live reproduction, code proof, or WD verification is missing.",Yes,Bug,[Authentication] Fix iOS Safari localStorage wipe for session,Needs Auth Review,Pending WD Assignment,Draft,"Triage: Valid bug. Jira export gives issue metadata, not attachment/comment evidence. No explicit Himanshu/Harsh verification evidence found."
BUG-GEN-008,ISA1-3,audit-input/06-additional-qa-ux-stress-evidence/Jira.csv,90,Data Persistence Add idempotency keys to all Supabase inserts Network retries are creating duplicate transaction rows. Add idempotency keys to all Supabase inserts Network retries are creating duplicate transaction rows.,Needs WD Verification,Add idempotency keys to all Supabase inserts,Network retries are creating duplicate transaction rows.,Save/Create,P1,Important user journey or shared module behavior may be blocked or materially degraded.,Needs WD Verification,Use Jira issue description and reproduce with dummy account in isolated environment.,Record should save once to the authoritative persistence layer and be visible after refresh/re-login.,Network retries are creating duplicate transaction rows.,Yes,Jira issue ISA1-3; parent ISA1-1,Needs WD Verification,Needs WD Verification,Needs WD Verification,Needs WD Verification,Needs WD Verification,Needs WD Verification,No,No,No,No,Low,No,Unique,,Unconfirmed,"Source row/report exists, but current live reproduction, code proof, or WD verification is missing.",Yes,Bug,[Data Persistence Add idempotency keys to all Supabase inserts Network retries are creating duplicate transaction rows. Add idempotency keys to all Supabase inserts Network retries,Needs Supabase Verification,Pending WD Assignment,Draft,"Triage: Valid bug. Jira export gives issue metadata, not attachment/comment evidence. No explicit Himanshu/Harsh verification evidence found."
BUG-AUTH-034,ISA1-2,audit-input/06-additional-qa-ux-stress-evidence/Jira.csv,91,Authentication,Needs WD Verification,Implement RLS policies for household data isolation,*Critical Security Risk:* Currently any authenticated user can read all households' data.,Auth,P1,Important user journey or shared module behavior may be blocked or materially degraded.,Needs WD Verification,Use Jira issue description and reproduce with dummy account in isolated environment.,"User should authenticate, recover account, or complete auth callback through the intended route without unsafe session behavior.",*Critical Security Risk:* Currently any authenticated user can read all households' data.,Yes,Jira issue ISA1-2; parent ISA1-1,src/app/(dashboard)/foundation/page.tsx,userService; educationService; familyService; OnboardingStore,/api/profile; /api/education; /api/family,Prisma User/Education/FamilyMember; Supabase Auth metadata and profile-photos Storage; local Vault,Needs WD Verification,Authentication,No,No,No,Yes,Low,No,Unique,,Unconfirmed,"Source row/report exists, but current live reproduction, code proof, or WD verification is missing.",Yes,Bug,[Authentication] Implement RLS policies for household data isolation,Needs Auth Review,Pending WD Assignment,Draft,"Triage: Valid bug. Jira export gives issue metadata, not attachment/comment evidence. No explicit Himanshu/Harsh verification evidence found."
BUG-AUTH-024,SAI2-13,audit-input/06-additional-qa-ux-stress-evidence/Jira (1).csv,2,Authentication,Needs WD Verification,Mobile OTP verification using static code 1234 instead of sending actual OTP,Needs WD Verification,Auth,P2,"Feature can work but may save, display, calculate, or connect data incorrectly.",Needs WD Verification,Use Jira issue description and reproduce with dummy account in isolated environment.,"User should authenticate, recover account, or complete auth callback through the intended route without unsafe session behavior.",Actual result needs WD verification.,Yes,Jira issue SAI2-13; parent SAI2-1,src/app/(dashboard)/foundation/page.tsx,userService; educationService; familyService; OnboardingStore,/api/profile; /api/education; /api/family,Prisma User/Education/FamilyMember; Supabase Auth metadata and profile-photos Storage; local Vault,Needs WD Verification,Needs WD Verification,No,No,No,Yes,Low,No,Possible Duplicate,BUG-AUTH-024,Unconfirmed,"Source row/report exists, but current live reproduction, code proof, or WD verification is missing.",Yes,Bug,[Authentication] Mobile OTP verification using static code 1234 instead of sending actual OTP,Needs Auth Review,Pending WD Assignment,Draft,"Triage: Valid bug. Jira export gives issue metadata, not attachment/comment evidence. No explicit Himanshu/Harsh verification evidence found."
BUG-AUTH-025,SAI2-12,audit-input/06-additional-qa-ux-stress-evidence/Jira (1).csv,3,Authentication,Needs WD Verification,Invalid error message when user enters future date of birth,Needs WD Verification,Validation,P2,"Feature can work but may save, display, calculate, or connect data incorrectly.",Needs WD Verification,Use Jira issue description and reproduce with dummy account in isolated environment.,Invalid input should be blocked with clear field-level feedback.,Actual result needs WD verification.,Yes,Jira issue SAI2-12; parent SAI2-1,src/app/(dashboard)/foundation/page.tsx,userService; educationService; familyService; OnboardingStore,/api/profile; /api/education; /api/family,Prisma User/Education/FamilyMember; Supabase Auth metadata and profile-photos Storage; local Vault,Needs WD Verification,Needs WD Verification,No,No,No,Yes,Low,No,Possible Duplicate,BUG-AUTH-025,Unconfirmed,"Source row/report exists, but current live reproduction, code proof, or WD verification is missing.",Yes,Bug,[Authentication] Invalid error message when user enters future date of birth,Merge with Existing Jira,Pending WD Assignment,Draft,"Triage: Valid bug. Jira export gives issue metadata, not attachment/comment evidence. No explicit Himanshu/Harsh verification evidence found."
BUG-AUTH-003,SAI2-11,audit-input/06-additional-qa-ux-stress-evidence/Jira (1).csv,4,Authentication,Needs WD Verification,Hide button spacing issue,Needs WD Verification,Responsive/UI,P2,"Feature can work but may save, display, calculate, or connect data incorrectly.",Needs WD Verification,Use Jira issue description and reproduce with dummy account in isolated environment.,"UI should remain clear, usable, and accessible on target viewports.",Actual result needs WD verification.,Yes,Jira issue SAI2-11; parent SAI2-1,src/app/(dashboard)/foundation/page.tsx,userService; educationService; familyService; OnboardingStore,/api/profile; /api/education; /api/family,Prisma User/Education/FamilyMember; Supabase Auth metadata and profile-photos Storage; local Vault,Needs WD Verification,Needs WD Verification,No,No,No,Yes,Low,No,Possible Duplicate,BUG-AUTH-003,Unconfirmed,"Source row/report exists, but current live reproduction, code proof, or WD verification is missing.",Yes,Bug,[Authentication] Hide button spacing issue,Merge with Existing Jira,Pending WD Assignment,Draft,"Triage: Valid bug. Jira export gives issue metadata, not attachment/comment evidence. No explicit Himanshu/Harsh verification evidence found."
BUG-AUTH-026,SAI2-10,audit-input/06-additional-qa-ux-stress-evidence/Jira (1).csv,5,Authentication,Needs WD Verification,Password reset link shows error and redirects without resetting password,Needs WD Verification,Auth,P2,"Feature can work but may save, display, calculate, or connect data incorrectly.",Needs WD Verification,Use Jira issue description and reproduce with dummy account in isolated environment.,"User should authenticate, recover account, or complete auth callback through the intended route without unsafe session behavior.",Actual result needs WD verification.,Yes,Jira issue SAI2-10; parent SAI2-1,src/app/(dashboard)/foundation/page.tsx,userService; educationService; familyService; OnboardingStore,/api/profile; /api/education; /api/family,Prisma User/Education/FamilyMember; Supabase Auth metadata and profile-photos Storage; local Vault,Needs WD Verification,Needs WD Verification,No,No,No,Yes,Low,No,Possible Duplicate,BUG-AUTH-026,Unconfirmed,"Source row/report exists, but current live reproduction, code proof, or WD verification is missing.",Yes,Bug,[Authentication] Password reset link shows error and redirects without resetting password,Needs Auth Review,Pending WD Assignment,Draft,"Triage: Valid bug. Jira export gives issue metadata, not attachment/comment evidence. No explicit Himanshu/Harsh verification evidence found."
BUG-AUTH-027,SAI2-9,audit-input/06-additional-qa-ux-stress-evidence/Jira (1).csv,6,Authentication,Needs WD Verification,"Google login only allows test users, not all Google accounts",Needs WD Verification,Auth,P2,"Feature can work but may save, display, calculate, or connect data incorrectly.",Needs WD Verification,Use Jira issue description and reproduce with dummy account in isolated environment.,"User should authenticate, recover account, or complete auth callback through the intended route without unsafe session behavior.",Actual result needs WD verification.,Yes,Jira issue SAI2-9; parent SAI2-1,src/app/(dashboard)/foundation/page.tsx,userService; educationService; familyService; OnboardingStore,/api/profile; /api/education; /api/family,Prisma User/Education/FamilyMember; Supabase Auth metadata and profile-photos Storage; local Vault,Needs WD Verification,Needs WD Verification,No,No,No,Yes,Low,No,Possible Duplicate,BUG-AUTH-027,Unconfirmed,"Source row/report exists, but current live reproduction, code proof, or WD verification is missing.",Yes,Bug,"[Authentication] Google login only allows test users, not all Google accounts",Needs Auth Review,Pending WD Assignment,Draft,"Triage: Valid bug. Jira export gives issue metadata, not attachment/comment evidence. No explicit Himanshu/Harsh verification evidence found."
BUG-AUTH-001,BUG-001,audit-input/06-additional-qa-ux-stress-evidence/Bug report.pdf,1,Authentication,Needs WD Verification,"• BUG-001 · Manifest: Line 1, Column 1, Syntax error — manifest.json is malformed",• BUG-002 · noise.svg returns HTTP 403 Forbidden — background texture fails to load • BUG-003 · Auth API returns HTTP 400 on page load — invalid auth call fires before any user action • INFO · [DataHydrator] Auth event: INITIAL_SESSION — app initialising auth correctly,Auth,P2,"Feature can work but may save, display, calculate, or connect data incorrectly.",Needs WD Verification,See source row/evidence; reproduce with dummy data only in isolated environment.,"User should authenticate, recover account, or complete auth callback through the intended route without unsafe session behavior.",• BUG-002 · noise.svg returns HTTP 403 Forbidden — background texture fails to load • BUG-003 · Auth API returns HTTP 400 on page load — invalid auth call fires before any user action • INFO · [DataHydrator] Auth event: INITIAL_SESSION — app initialising auth correctly,Yes,sha256:c94dc36a34d6,src/app/(dashboard)/foundation/page.tsx,userService; educationService; familyService; OnboardingStore,/api/profile; /api/education; /api/family,Prisma User/Education/FamilyMember; Supabase Auth metadata and profile-photos Storage; local Vault,Needs WD Verification,Authentication,No,No,No,Yes,Low,No,Possible Duplicate,BUG-AUTH-001,Unconfirmed,"Source row/report exists, but current live reproduction, code proof, or WD verification is missing.",Yes,Bug,"[Authentication] • BUG-001 · Manifest: Line 1, Column 1, Syntax error — manifest.json is malformed",Needs Auth Review,Pending WD Assignment,Draft,Triage: Report/fix-plan finding. Document-derived issue heading; screenshot/page-level evidence needs human review. No explicit Himanshu/Harsh verification evidence found.
BUG-AUTH-035,BUG-002,audit-input/06-additional-qa-ux-stress-evidence/Bug report.pdf,2,Authentication,/start,• BUG-002 · noise.svg returns HTTP 403 Forbidden — background texture fails to load,• BUG-003 · Auth API returns HTTP 400 on page load — invalid auth call fires before any user action • INFO · [DataHydrator] Auth event: INITIAL_SESSION — app initialising auth correctly Page 2 — Registration / Begin Creation (sva-rajya.vercel.app/start),Auth,P2,"Feature can work but may save, display, calculate, or connect data incorrectly.",Needs WD Verification,See source row/evidence; reproduce with dummy data only in isolated environment.,"User should authenticate, recover account, or complete auth callback through the intended route without unsafe session behavior.",• BUG-003 · Auth API returns HTTP 400 on page load — invalid auth call fires before any user action • INFO · [DataHydrator] Auth event: INITIAL_SESSION — app initialising auth correctly Page 2 — Registration / Begin Creation (sva-rajya.vercel.app/start),Yes,sha256:c94dc36a34d6,src/app/(dashboard)/foundation/page.tsx,userService; educationService; familyService; OnboardingStore,/api/profile; /api/education; /api/family,Prisma User/Education/FamilyMember; Supabase Auth metadata and profile-photos Storage; local Vault,Needs WD Verification,Authentication,No,No,No,Yes,Low,No,Parent Bug,,Unconfirmed,"Source row/report exists, but current live reproduction, code proof, or WD verification is missing.",Yes,Bug,[Authentication] • BUG-002 · noise.svg returns HTTP 403 Forbidden — background texture fails to load,Needs Auth Review,Pending WD Assignment,Draft,Triage: Report/fix-plan finding. Document-derived issue heading; screenshot/page-level evidence needs human review. No explicit Himanshu/Harsh verification evidence found.
BUG-AUTH-036,BUG-003,audit-input/06-additional-qa-ux-stress-evidence/Bug report.pdf,3,Authentication,/start,• BUG-003 · Auth API returns HTTP 400 on page load — invalid auth call fires before any user action,• INFO · [DataHydrator] Auth event: INITIAL_SESSION — app initialising auth correctly Page 2 — Registration / Begin Creation (sva-rajya.vercel.app/start) Tested: Creating a new account using a temporary email address from temp-mail.org. Various email,Auth,P2,"Feature can work but may save, display, calculate, or connect data incorrectly.",Needs WD Verification,See source row/evidence; reproduce with dummy data only in isolated environment.,"User should authenticate, recover account, or complete auth callback through the intended route without unsafe session behavior.",• INFO · [DataHydrator] Auth event: INITIAL_SESSION — app initialising auth correctly Page 2 — Registration / Begin Creation (sva-rajya.vercel.app/start) Tested: Creating a new account using a temporary email address from temp-mail.org. Various email,Yes,sha256:c94dc36a34d6,src/app/(dashboard)/foundation/page.tsx,userService; educationService; familyService; OnboardingStore,/api/profile; /api/education; /api/family,Prisma User/Education/FamilyMember; Supabase Auth metadata and profile-photos Storage; local Vault,Needs WD Verification,Authentication,No,No,No,Yes,Low,No,Parent Bug,,Unconfirmed,"Source row/report exists, but current live reproduction, code proof, or WD verification is missing.",Yes,Bug,[Authentication] • BUG-003 · Auth API returns HTTP 400 on page load — invalid auth call fires before any user action,Needs Auth Review,Pending WD Assignment,Draft,Triage: Report/fix-plan finding. Document-derived issue heading; screenshot/page-level evidence needs human review. No explicit Himanshu/Harsh verification evidence found.
BUG-AUTH-037,BUG-004,audit-input/06-additional-qa-ux-stress-evidence/Bug report.pdf,4,Authentication,Needs WD Verification,• BUG-004 [CRITICAL] · Registration form shows 'Invalid login credentials' — this is a login error,appearing on a sign-up form. New users cannot register via email. • INFO · 'Continue with Google' social login button is present as an alternative — not tested for failure in this screenshot,Auth,P2,"Feature can work but may save, display, calculate, or connect data incorrectly.",Needs WD Verification,See source row/evidence; reproduce with dummy data only in isolated environment.,"User should authenticate, recover account, or complete auth callback through the intended route without unsafe session behavior.",appearing on a sign-up form. New users cannot register via email. • INFO · 'Continue with Google' social login button is present as an alternative — not tested for failure in this screenshot,Yes,sha256:c94dc36a34d6,src/app/(dashboard)/foundation/page.tsx,userService; educationService; familyService; OnboardingStore,/api/profile; /api/education; /api/family,Prisma User/Education/FamilyMember; Supabase Auth metadata and profile-photos Storage; local Vault,Needs WD Verification,Needs WD Verification,No,No,No,Yes,Low,No,Unique,,Unconfirmed,"Source row/report exists, but current live reproduction, code proof, or WD verification is missing.",Yes,Bug,[Authentication] • BUG-004 [CRITICAL] · Registration form shows 'Invalid login credentials' — this is a login error,Needs Auth Review,Pending WD Assignment,Draft,Triage: Report/fix-plan finding. Document-derived issue heading; screenshot/page-level evidence needs human review. No explicit Himanshu/Harsh verification evidence found.
BUG-AUTH-005,BUG-006,audit-input/06-additional-qa-ux-stress-evidence/Bug report.pdf,5,Kar / Tax,Needs WD Verification,• BUG-006 · Document persists after browser close despite cloud sync being OFF — misleading UX,• BUG-007 [HIGH] · No visible delete option for saved document — users cannot remove uploaded files • BUG-008 · Reason field for name mismatch — unclear if mandatory or optional,Save/Create,P2,"Feature can work but may save, display, calculate, or connect data incorrectly.",Needs WD Verification,See source row/evidence; reproduce with dummy data only in isolated environment.,Record should save once to the authoritative persistence layer and be visible after refresh/re-login.,• BUG-007 [HIGH] · No visible delete option for saved document — users cannot remove uploaded files • BUG-008 · Reason field for name mismatch — unclear if mandatory or optional,Yes,sha256:c94dc36a34d6,src/app/(dashboard)/kar/page.tsx,taxService; gstService; dinService; FileUploader,/api/kar/summary; /api/kar/insights; /api/kar/tax; /api/kar/gst; /api/kar/din; /api/tax/records; /api/gst/records; /api/din/records,Prisma TaxRecord/GstRecord/DinRecord; local Vault,assessmentYear,Foundation profile; Rajya; Doot; Foundation family; bank; insurance; property; investment; Succession; Rajya; Foundation family; Sampatti; Bhoomi; Beej; Raksha; Rajya readiness views; Document Vault,Possible,Possible,Possible,No,High,No,Possible Duplicate,BUG-AUTH-005,Unconfirmed,"Source row/report exists, but current live reproduction, code proof, or WD verification is missing.",Yes,Bug,[Kar / Tax] • BUG-006 · Document persists after browser close despite cloud sync being OFF — misleading UX,Needs WD Reproduction,Pending WD Assignment,Draft,Triage: Report/fix-plan finding. Document-derived issue heading; screenshot/page-level evidence needs human review. No explicit Himanshu/Harsh verification evidence found.
BUG-AUTH-006,BUG-007,audit-input/06-additional-qa-ux-stress-evidence/Bug report.pdf,6,Pehchaan / Identity Vault,Needs WD Verification,• BUG-007 [HIGH] · No visible delete option for saved document — users cannot remove uploaded,files • BUG-008 · Reason field for name mismatch — unclear if mandatory or optional Page 4 — Identity Vault — PAN Format Validation,Save/Create,P2,"Feature can work but may save, display, calculate, or connect data incorrectly.",Needs WD Verification,See source row/evidence; reproduce with dummy data only in isolated environment.,Record should save once to the authoritative persistence layer and be visible after refresh/re-login.,files • BUG-008 · Reason field for name mismatch — unclear if mandatory or optional Page 4 — Identity Vault — PAN Format Validation,Yes,sha256:c94dc36a34d6,● Confirmed - pehchaan/records/add/page.tsx (create); pehchaan/records/[id]/edit/page.tsx (edit),● Confirmed - PUT /api/identity/{id},"● Confirmed - POST /api/identity -> identityService, also syncs document_meta + moves the Google Drive file",● Confirmed - identity_records (+ document_meta sync),idType,Foundation family; Rajya; Doot; Vault; Document Vault,Possible,Possible,Possible,No,High,No,Possible Duplicate,BUG-AUTH-006,Unconfirmed,"Source row/report exists, but current live reproduction, code proof, or WD verification is missing.",Yes,Bug,[Pehchaan / Identity Vault] • BUG-007 [HIGH] · No visible delete option for saved document — users cannot remove uploaded,Needs WD Reproduction,Pending WD Assignment,Draft,Triage: Report/fix-plan finding. Document-derived issue heading; screenshot/page-level evidence needs human review. No explicit Himanshu/Harsh verification evidence found.
BUG-PROFILE-001,BUG-008,audit-input/06-additional-qa-ux-stress-evidence/Bug report.pdf,7,Pehchaan / Identity Vault,Needs WD Verification,• BUG-008 · Reason field for name mismatch — unclear if mandatory or optional,Page 4 — Identity Vault — PAN Format Validation Tested: Entering an invalid PAN number to verify the app's input validation. Also tested the cloud sync toggle label text.,Document Upload,P2,"Feature can work but may save, display, calculate, or connect data incorrectly.",Needs WD Verification,See source row/evidence; reproduce with dummy data only in isolated environment.,"Document should upload, link, display, and delete through the intended vault/storage flow.",Page 4 — Identity Vault — PAN Format Validation Tested: Entering an invalid PAN number to verify the app's input validation. Also tested the cloud sync toggle label text.,Yes,sha256:c94dc36a34d6,● Confirmed - pehchaan/records/add/page.tsx (create); pehchaan/records/[id]/edit/page.tsx (edit),● Confirmed - PUT /api/identity/{id},"● Confirmed - POST /api/identity -> identityService, also syncs document_meta + moves the Google Drive file",● Confirmed - identity_records (+ document_meta sync),idType,Foundation family; Rajya; Doot; Vault,Possible,Possible,Yes,No,Possible,No,Possible Duplicate,BUG-PROFILE-001,Unconfirmed,"Source row/report exists, but current live reproduction, code proof, or WD verification is missing.",Yes,Bug,[Pehchaan / Identity Vault] • BUG-008 · Reason field for name mismatch — unclear if mandatory or optional,Needs WD Reproduction,Pending WD Assignment,Draft,Triage: Report/fix-plan finding. Document-derived issue heading; screenshot/page-level evidence needs human review. No explicit Himanshu/Harsh verification evidence found.
BUG-AUTH-005,BUG-006,audit-input/06-additional-qa-ux-stress-evidence/Bug report.pdf,8,Pehchaan / Identity Vault,Needs WD Verification,• INFO · Cloud sync info text is visible — however the wording could be clearer (see BUG-006),Page 5 — Identity Vault — Valid PAN Entry (ABCDE789K) Tested: Entering a valid-format PAN number and uploading a second document (10th.pdf). Observed the file save behaviour.,Save/Create,P2,"Feature can work but may save, display, calculate, or connect data incorrectly.",Needs WD Verification,See source row/evidence; reproduce with dummy data only in isolated environment.,Record should save once to the authoritative persistence layer and be visible after refresh/re-login.,Page 5 — Identity Vault — Valid PAN Entry (ABCDE789K) Tested: Entering a valid-format PAN number and uploading a second document (10th.pdf). Observed the file save behaviour.,Yes,sha256:c94dc36a34d6,● Confirmed - pehchaan/records/add/page.tsx (create); pehchaan/records/[id]/edit/page.tsx (edit),● Confirmed - PUT /api/identity/{id},"● Confirmed - POST /api/identity -> identityService, also syncs document_meta + moves the Google Drive file",● Confirmed - identity_records (+ document_meta sync),idType,Foundation family; Rajya; Doot; Vault; Document Vault,Possible,Possible,Possible,No,Low,No,Possible Duplicate,BUG-AUTH-005,Unconfirmed,"Source row/report exists, but current live reproduction, code proof, or WD verification is missing.",Yes,Bug,[Pehchaan / Identity Vault] • INFO · Cloud sync info text is visible — however the wording could be clearer (see BUG-006),Needs WD Reproduction,Pending WD Assignment,Draft,Triage: Report/fix-plan finding. Document-derived issue heading; screenshot/page-level evidence needs human review. No explicit Himanshu/Harsh verification evidence found.
BUG-IDENTITY-003,BUG-009,audit-input/06-additional-qa-ux-stress-evidence/Bug report.pdf,9,Pehchaan / Identity Vault,Needs WD Verification,"• BUG-009 · After saving, this file later appeared twice in the Nidhi Vault file list (duplicate entry)","SVA-RAJYA | Stress Testing Report | Disha Siroya | April 15, 2026 Page 7 of 16 Page 6 — Dashboard Sidebar — Identity Docs Count",Dashboard Calculation,P2,"Feature can work but may save, display, calculate, or connect data incorrectly.",Needs WD Verification,See source row/evidence; reproduce with dummy data only in isolated environment.,Expected behavior requires PM/WD confirmation.,"SVA-RAJYA | Stress Testing Report | Disha Siroya | April 15, 2026 Page 7 of 16 Page 6 — Dashboard Sidebar — Identity Docs Count",Yes,sha256:c94dc36a34d6,● Confirmed - pehchaan/records/add/page.tsx (create); pehchaan/records/[id]/edit/page.tsx (edit),● Confirmed - PUT /api/identity/{id},"● Confirmed - POST /api/identity -> identityService, also syncs document_meta + moves the Google Drive file",● Confirmed - identity_records (+ document_meta sync),idType,Foundation family; Rajya; Doot; Vault; Dashboard,Yes,Possible,Possible,No,Low,Yes,Parent Bug,,Unconfirmed,"Source row/report exists, but current live reproduction, code proof, or WD verification is missing.",Yes,Bug,"[Pehchaan / Identity Vault] • BUG-009 · After saving, this file later appeared twice in the Nidhi Vault file list (duplicate entry)",Needs WD Reproduction,Pending WD Assignment,Draft,Triage: Report/fix-plan finding. Document-derived issue heading; screenshot/page-level evidence needs human review. No explicit Himanshu/Harsh verification evidence found.
BUG-IDENTITY-003,BUG-009,audit-input/06-additional-qa-ux-stress-evidence/Bug report.pdf,10,Kar / Tax,Needs WD Verification,"• BUG-009 (related) · After uploading 2 documents, count showed inflated number due to duplicate",file entries Page 7 — Nidhi Vault — Uploaded Files List Tested: Navigating to the Nidhi Vault to view all stored files. Checked whether files persist after browser,Data Persistence,P2,"Feature can work but may save, display, calculate, or connect data incorrectly.",Needs WD Verification,See source row/evidence; reproduce with dummy data only in isolated environment.,Expected behavior requires PM/WD confirmation.,file entries Page 7 — Nidhi Vault — Uploaded Files List Tested: Navigating to the Nidhi Vault to view all stored files. Checked whether files persist after browser,Yes,sha256:c94dc36a34d6,src/app/(dashboard)/kar/page.tsx,taxService; gstService; dinService; FileUploader,/api/kar/summary; /api/kar/insights; /api/kar/tax; /api/kar/gst; /api/kar/din; /api/tax/records; /api/gst/records; /api/din/records,Prisma TaxRecord/GstRecord/DinRecord; local Vault,assessmentYear,Foundation profile; Rajya; Doot; Foundation family; bank; insurance; property; investment; Succession; Rajya; Foundation family; Sampatti; Bhoomi; Beej; Raksha; Rajya readiness views; Document Vault,Possible,Possible,Possible,No,Possible,No,Possible Duplicate,BUG-IDENTITY-003,Unconfirmed,"Source row/report exists, but current live reproduction, code proof, or WD verification is missing.",Yes,Bug,"[Kar / Tax] • BUG-009 (related) · After uploading 2 documents, count showed inflated number due to duplicate",Needs WD Reproduction,Pending WD Assignment,Draft,Triage: Report/fix-plan finding. Document-derived issue heading; screenshot/page-level evidence needs human review. No explicit Himanshu/Harsh verification evidence found.
BUG-IDENTITY-003,BUG-009,audit-input/06-additional-qa-ux-stress-evidence/Bug report.pdf,11,Rajya / Dashboard,Needs WD Verification,• BUG-009 [MEDIUM] · 10th.pdf appears twice with the same date — duplicate file entry created by,"the system SVA-RAJYA | Stress Testing Report | Disha Siroya | April 15, 2026 Page 8 of 16",Save/Create,P2,"Feature can work but may save, display, calculate, or connect data incorrectly.",Needs WD Verification,See source row/evidence; reproduce with dummy data only in isolated environment.,Record should save once to the authoritative persistence layer and be visible after refresh/re-login.,"the system SVA-RAJYA | Stress Testing Report | Disha Siroya | April 15, 2026 Page 8 of 16",Yes,sha256:c94dc36a34d6,src/app/(dashboard)/lakshya/page.tsx,None,None,Prisma Goal model exists but no route integration was found for this page,Needs WD Verification,Foundation; Pehchaan; Kosh; Vyaya; Khate; Raksha; Rin; others; Read-only aggregation intended,Yes,No,No,No,Low,No,Possible Duplicate,BUG-IDENTITY-003,Unconfirmed,"Source row/report exists, but current live reproduction, code proof, or WD verification is missing.",Yes,Bug,[Rajya / Dashboard] • BUG-009 [MEDIUM] · 10th.pdf appears twice with the same date — duplicate file entry created by,Needs WD Reproduction,Pending WD Assignment,Draft,Triage: Report/fix-plan finding. Document-derived issue heading; screenshot/page-level evidence needs human review. No explicit Himanshu/Harsh verification evidence found.
BUG-AUTH-005,BUG-006,audit-input/06-additional-qa-ux-stress-evidence/Bug report.pdf,12,Document Vault,/4/2026,• BUG-006 (confirmed) · Disha Siroya Resume.pdf persists even after browser was closed and,reopened — stored permanently in OPFS despite cloud sync OFF • ✅ PASS · X button visible on each file card — delete functionality appears to exist at file list level • INFO · Files are date-stamped correctly (15/4/2026),Delete,P2,"Feature can work but may save, display, calculate, or connect data incorrectly.",Needs WD Verification,See source row/evidence; reproduce with dummy data only in isolated environment.,Deletion should remove or safely unlink dependent records according to product rules.,reopened — stored permanently in OPFS despite cloud sync OFF • ✅ PASS · X button visible on each file card — delete functionality appears to exist at file list level • INFO · Files are date-stamped correctly (15/4/2026),Yes,sha256:c94dc36a34d6,● Confirmed - granthagaar/page.tsx uses the shared FileUploader component for uploads (folder-based),"● Confirmed - No edit action exists - files can only be uploaded or deleted, not renamed/modified in place (no update/rename method found in documentService.ts)","● Confirmed - Save = file upload via documentService.ts (@/lib/services/documentService.ts), stored to browser IndexedDB. FileUploader itself also calls /api/family and /api/google-drive/upload for the family-linking and Drive-backup parts of an upload",● Confirmed - No server table for the file content itself (IndexedDB only); family_members touched indirectly via FileUploader's /api/family call,Needs WD Verification,All upload-capable modules,Possible,Possible,No,No,High,No,Possible Duplicate,BUG-AUTH-005,Unconfirmed,"Source row/report exists, but current live reproduction, code proof, or WD verification is missing.",Yes,Bug,[Document Vault] • BUG-006 (confirmed) · Disha Siroya Resume.pdf persists even after browser was closed and,Needs WD Reproduction,Pending WD Assignment,Draft,Triage: Report/fix-plan finding. Document-derived issue heading; screenshot/page-level evidence needs human review. No explicit Himanshu/Harsh verification evidence found.
BUG-IDENTITY-003,3,audit-input/06-additional-qa-ux-stress-evidence/Bug report.pdf,13,Sthapana / Foundation,Needs WD Verification,• INFO · Identity category correctly shows 3 FILES (though 1 is a duplicate — see BUG-009),"• INFO · All other categories (Education, Insurance, Loans, Property, Other) correctly show 0 FILES • BUG (UX) · Orange dot on Identity card — no tooltip or explanation of what this dot means — users would be confused",Document Upload,P2,"Feature can work but may save, display, calculate, or connect data incorrectly.",Needs WD Verification,See source row/evidence; reproduce with dummy data only in isolated environment.,"Document should upload, link, display, and delete through the intended vault/storage flow.","• INFO · All other categories (Education, Insurance, Loans, Property, Other) correctly show 0 FILES • BUG (UX) · Orange dot on Identity card — no tooltip or explanation of what this dot means — users would be confused",Yes,sha256:c94dc36a34d6,src/app/(dashboard)/dwaar/portals/page.tsx,credentialService; CredentialStore; IdentityStore,/api/credentials; /api/credentials/[id]; /api/profile,Prisma CredentialRecord; browser client stores,name,Auth; Rin; Raksha; Most user-owned modules,Possible,Possible,Yes,No,Possible,Possible,Possible Duplicate,BUG-IDENTITY-003,Unconfirmed,"Source row/report exists, but current live reproduction, code proof, or WD verification is missing.",Yes,Bug,[Sthapana / Foundation] • INFO · Identity category correctly shows 3 FILES (though 1 is a duplicate — see BUG-009),Needs WD Reproduction,Pending WD Assignment,Draft,Triage: Report/fix-plan finding. Document-derived issue heading; screenshot/page-level evidence needs human review. No explicit Himanshu/Harsh verification evidence found.
BUG-PROFILE-002,BUG-010,audit-input/06-additional-qa-ux-stress-evidence/Bug report.pdf,14,Authentication,Needs WD Verification,BUG-010,"SVA-RAJYA | Stress Testing Report | Disha Siroya | April 15, 2026 Page 9 of 16 Page 9 — Dashboard Console — Post-Login Errors (sva-",Auth,P2,"Feature can work but may save, display, calculate, or connect data incorrectly.",Needs WD Verification,See source row/evidence; reproduce with dummy data only in isolated environment.,"User should authenticate, recover account, or complete auth callback through the intended route without unsafe session behavior.","SVA-RAJYA | Stress Testing Report | Disha Siroya | April 15, 2026 Page 9 of 16 Page 9 — Dashboard Console — Post-Login Errors (sva-",Yes,sha256:c94dc36a34d6,src/app/(dashboard)/foundation/page.tsx,userService; educationService; familyService; OnboardingStore,/api/profile; /api/education; /api/family,Prisma User/Education/FamilyMember; Supabase Auth metadata and profile-photos Storage; local Vault,Needs WD Verification,Dashboard,No,No,No,Yes,Low,No,Possible Duplicate,BUG-PROFILE-002,Unconfirmed,"Source row/report exists, but current live reproduction, code proof, or WD verification is missing.",Yes,Bug,[Authentication] BUG-010,Needs Auth Review,Pending WD Assignment,Draft,Triage: Report/fix-plan finding. Document-derived issue heading; screenshot/page-level evidence needs human review. No explicit Himanshu/Harsh verification evidence found.
BUG-AUTH-038,BUG-005,audit-input/06-additional-qa-ux-stress-evidence/Bug report.pdf,15,Authentication,Needs WD Verification,• BUG-005 [HIGH] · [DataHydrator] Auth event: SIGNED_IN appears 3 times — auth listener,"registered multiple times, causes duplicate API calls • BUG-001 (confirmed) · Manifest syntax error persists on dashboard page — app-wide issue • INFO · [IncomeStore] Hydration complete — no records in DB — confirms fresh account, store",Auth,P2,"Feature can work but may save, display, calculate, or connect data incorrectly.",Needs WD Verification,See source row/evidence; reproduce with dummy data only in isolated environment.,"User should authenticate, recover account, or complete auth callback through the intended route without unsafe session behavior.","registered multiple times, causes duplicate API calls • BUG-001 (confirmed) · Manifest syntax error persists on dashboard page — app-wide issue • INFO · [IncomeStore] Hydration complete — no records in DB — confirms fresh account, store",Yes,sha256:c94dc36a34d6,src/app/(dashboard)/foundation/page.tsx,userService; educationService; familyService; OnboardingStore,/api/profile; /api/education; /api/family,Prisma User/Education/FamilyMember; Supabase Auth metadata and profile-photos Storage; local Vault,Needs WD Verification,Dashboard; Authentication,No,No,No,Yes,Low,Possible,Unique,,Unconfirmed,"Source row/report exists, but current live reproduction, code proof, or WD verification is missing.",Yes,Bug,[Authentication] • BUG-005 [HIGH] · [DataHydrator] Auth event: SIGNED_IN appears 3 times — auth listener,Needs Auth Review,Pending WD Assignment,Draft,Triage: Report/fix-plan finding. Document-derived issue heading; screenshot/page-level evidence needs human review. No explicit Himanshu/Harsh verification evidence found.
BUG-AUTH-001,BUG-001,audit-input/06-additional-qa-ux-stress-evidence/Bug report.pdf,16,Authentication,Needs WD Verification,• BUG-001 (confirmed) · Manifest syntax error persists on dashboard page — app-wide issue,"• INFO · [IncomeStore] Hydration complete — no records in DB — confirms fresh account, store hydration working • INFO · [AuthSync] DB profile fetched — auth sync to database working correctly",Auth,P2,"Feature can work but may save, display, calculate, or connect data incorrectly.",Needs WD Verification,See source row/evidence; reproduce with dummy data only in isolated environment.,"User should authenticate, recover account, or complete auth callback through the intended route without unsafe session behavior.","• INFO · [IncomeStore] Hydration complete — no records in DB — confirms fresh account, store hydration working • INFO · [AuthSync] DB profile fetched — auth sync to database working correctly",Yes,sha256:c94dc36a34d6,src/app/(dashboard)/foundation/page.tsx,userService; educationService; familyService; OnboardingStore,/api/profile; /api/education; /api/family,Prisma User/Education/FamilyMember; Supabase Auth metadata and profile-photos Storage; local Vault,Needs WD Verification,Dashboard; Authentication,No,No,No,Yes,Low,Possible,Possible Duplicate,BUG-AUTH-001,Unconfirmed,"Source row/report exists, but current live reproduction, code proof, or WD verification is missing.",Yes,Bug,[Authentication] • BUG-001 (confirmed) · Manifest syntax error persists on dashboard page — app-wide issue,Needs Auth Review,Pending WD Assignment,Draft,Triage: Report/fix-plan finding. Document-derived issue heading; screenshot/page-level evidence needs human review. No explicit Himanshu/Harsh verification evidence found.
BUG-AUTH-008,BUG-011,audit-input/06-additional-qa-ux-stress-evidence/Bug report.pdf,17,General UX,Needs WD Verification,• BUG-011 [CRITICAL — Accessibility] · Buttons must have discernible text — 1 button element has,"no aria-label, no title, no visible text. Blind users cannot identify this button. • BUG-012 [SERIOUS — Accessibility] · 2 elements fail WCAG 2.1 AA minimum color contrast ratio (4.5:1) — text may be unreadable for users with low vision",Responsive/UI,P3,"Primarily UI, wording, layout, or lower-risk usability issue unless WD evidence shows deeper impact.",Needs WD Verification,See source row/evidence; reproduce with dummy data only in isolated environment.,"UI should remain clear, usable, and accessible on target viewports.","no aria-label, no title, no visible text. Blind users cannot identify this button. • BUG-012 [SERIOUS — Accessibility] · 2 elements fail WCAG 2.1 AA minimum color contrast ratio (4.5:1) — text may be unreadable for users with low vision",Yes,sha256:c94dc36a34d6,"4 - Sthapana, Pehchaan, Kunji, Kosh",Needs WD Verification,Needs WD Verification,users,Needs WD Verification,Needs WD Verification,No,No,No,No,Low,No,Possible Duplicate,BUG-AUTH-008,Unconfirmed,"Source row/report exists, but current live reproduction, code proof, or WD verification is missing.",Yes,Bug,[General UX] • BUG-011 [CRITICAL — Accessibility] · Buttons must have discernible text — 1 button element has,Needs WD Reproduction,Pending WD Assignment,Draft,Triage: Report/fix-plan finding. Document-derived issue heading; screenshot/page-level evidence needs human review. No explicit Himanshu/Harsh verification evidence found.
BUG-PROFILE-003,BUG-012,audit-input/06-additional-qa-ux-stress-evidence/Bug report.pdf,18,General UX,Needs WD Verification,• BUG-012 [SERIOUS — Accessibility] · 2 elements fail WCAG 2.1 AA minimum color contrast ratio,(4.5:1) — text may be unreadable for users with low vision • ✅ PASS · 0 Moderate or Minor issues found • ✅ PASS · Guided Issues: 0 · Manual Issues: 0,Responsive/UI,P3,"Primarily UI, wording, layout, or lower-risk usability issue unless WD evidence shows deeper impact.",Needs WD Verification,See source row/evidence; reproduce with dummy data only in isolated environment.,"UI should remain clear, usable, and accessible on target viewports.",(4.5:1) — text may be unreadable for users with low vision • ✅ PASS · 0 Moderate or Minor issues found • ✅ PASS · Guided Issues: 0 · Manual Issues: 0,Yes,sha256:c94dc36a34d6,"4 - Sthapana, Pehchaan, Kunji, Kosh",Needs WD Verification,Needs WD Verification,users,Needs WD Verification,Needs WD Verification,No,No,No,No,Low,No,Possible Duplicate,BUG-PROFILE-003,Unconfirmed,"Source row/report exists, but current live reproduction, code proof, or WD verification is missing.",Yes,Bug,[General UX] • BUG-012 [SERIOUS — Accessibility] · 2 elements fail WCAG 2.1 AA minimum color contrast ratio,Needs WD Reproduction,Pending WD Assignment,Draft,Triage: Report/fix-plan finding. Document-derived issue heading; screenshot/page-level evidence needs human review. No explicit Himanshu/Harsh verification evidence found.
BUG-AUTH-001,73,audit-input/06-additional-qa-ux-stress-evidence/Bug report.pdf,19,Rin / Loans,/403,"• Best Practices score of 73 is driven by: manifest.json error (BUG-001), HTTP 400/403 errors on load","(BUG-002, BUG-003), and possible deprecated API usage • Fixing the 3 load-time errors is expected to bring Best Practices above 85 • Lighthouse note: 'There may be stored data affecting loading performance — IndexedDB present' —",Data Persistence,P2,"Feature can work but may save, display, calculate, or connect data incorrectly.",Needs WD Verification,See source row/evidence; reproduce with dummy data only in isolated environment.,Expected behavior requires PM/WD confirmation.,"(BUG-002, BUG-003), and possible deprecated API usage • Fixing the 3 load-time errors is expected to bring Best Practices above 85 • Lighthouse note: 'There may be stored data affecting loading performance — IndexedDB present' —",Yes,sha256:c94dc36a34d6,src/app/(dashboard)/bhoomi/page.tsx,bhoomiService; NotificationStore; Vault,/api/bhoomi/properties; /api/bhoomi/properties/[id]; /api/loans,Prisma PropertyAsset; local Vault,type,Bhoomi; Foundation family; Khate; Rajya; education/property context,Possible,Possible,Possible,No,Possible,Possible,Possible Duplicate,BUG-AUTH-001,Unconfirmed,"Source row/report exists, but current live reproduction, code proof, or WD verification is missing.",Yes,Bug,"[Rin / Loans] • Best Practices score of 73 is driven by: manifest.json error (BUG-001), HTTP 400/403 errors on load",Needs WD Reproduction,Pending WD Assignment,Draft,Triage: Report/fix-plan finding. Document-derived issue heading; screenshot/page-level evidence needs human review. No explicit Himanshu/Harsh verification evidence found.
BUG-AUTH-035,BUG-002,audit-input/06-additional-qa-ux-stress-evidence/Bug report.pdf,20,Rin / Loans,Needs WD Verification,"(BUG-002, BUG-003), and possible deprecated API usage",• Fixing the 3 load-time errors is expected to bring Best Practices above 85 • Lighthouse note: 'There may be stored data affecting loading performance — IndexedDB present' — run in Incognito for clean score,Data Persistence,P2,"Feature can work but may save, display, calculate, or connect data incorrectly.",Needs WD Verification,See source row/evidence; reproduce with dummy data only in isolated environment.,Expected behavior requires PM/WD confirmation.,• Fixing the 3 load-time errors is expected to bring Best Practices above 85 • Lighthouse note: 'There may be stored data affecting loading performance — IndexedDB present' — run in Incognito for clean score,Yes,sha256:c94dc36a34d6,src/app/(dashboard)/bhoomi/page.tsx,bhoomiService; NotificationStore; Vault,/api/bhoomi/properties; /api/bhoomi/properties/[id]; /api/loans,Prisma PropertyAsset; local Vault,type,Bhoomi; Foundation family; Khate; Rajya; education/property context,Possible,Possible,Possible,No,Possible,Possible,Possible Duplicate,BUG-AUTH-035,Unconfirmed,"Source row/report exists, but current live reproduction, code proof, or WD verification is missing.",Yes,Bug,"[Rin / Loans] (BUG-002, BUG-003), and possible deprecated API usage",Needs WD Reproduction,Pending WD Assignment,Draft,Triage: Report/fix-plan finding. Document-derived issue heading; screenshot/page-level evidence needs human review. No explicit Himanshu/Harsh verification evidence found.
BUG-AUTH-036,BUG-003,audit-input/06-additional-qa-ux-stress-evidence/Bugs Fix walkthrough 27-4-26.2 (1).md,1,Authentication,/004,**Issue (BUG-003/004)**: The `start/page.tsx` was throwing HTTP 400 errors immediately after sign-up because it was trying to unconditionally auto-login users before they could confirm their email or without validating the session.,"**Fix**: `start/page.tsx` was refactored to verify `data?.session` before invoking the immediate route push so it fails gracefully to a ""Please check your email"" notice when `confirm_email` is toggled on in Supabase. ### 2. Safeguarding iOS Local Data Storage **Issue (BUG-008)**: Apple devices evict Safari/PWA storage after 7 days by default unless explicitly persisted. Because the Nidhi Vault uses OPFS/IndexedDB locally, user data would suddenly disappear.",Auth,P2,"Feature can work but may save, display, calculate, or connect data incorrectly.",Needs WD Verification,See source row/evidence; reproduce with dummy data only in isolated environment.,"User should authenticate, recover account, or complete auth callback through the intended route without unsafe session behavior.","**Fix**: `start/page.tsx` was refactored to verify `data?.session` before invoking the immediate route push so it fails gracefully to a ""Please check your email"" notice when `confirm_email` is toggled on in Supabase. ### 2. Safeguarding iOS Local Data Storage **Issue (BUG-008)**: Apple devices evict Safari/PWA storage after 7 days by default unless explicitly persisted. Because the Nidhi Vault uses OPFS/IndexedDB locally, user data would suddenly disappear.",Yes,sha256:a2b5e267d3e3,src/app/(dashboard)/foundation/page.tsx,userService; educationService; familyService; OnboardingStore,/api/profile; /api/education; /api/family,Prisma User/Education/FamilyMember; Supabase Auth metadata and profile-photos Storage; local Vault,Needs WD Verification,Needs WD Verification,No,No,No,Yes,Low,No,Possible Duplicate,BUG-AUTH-036,Probable,"Static mapping or pattern suggests a risk, but reproduction or direct root-cause proof is incomplete.",Yes,Bug,[Authentication] **Issue (BUG-003/004)**: The `start/page.tsx` was throwing HTTP 400 errors immediately after sign-up because it was trying to unconditionally auto-login users befo,Needs Auth Review,Pending WD Assignment,Draft,Triage: Report/fix-plan finding. Document-derived issue heading; screenshot/page-level evidence needs human review. No explicit Himanshu/Harsh verification evidence found.
BUG-PROFILE-001,BUG-008,audit-input/06-additional-qa-ux-stress-evidence/Bugs Fix walkthrough 27-4-26.2 (1).md,2,Rin / Loans,/PWA,"**Issue (BUG-008)**: Apple devices evict Safari/PWA storage after 7 days by default unless explicitly persisted. Because the Nidhi Vault uses OPFS/IndexedDB locally, user data would suddenly disappear.","**Fix**: Implemented `navigator.storage.persist()` on app initialization in `LayoutClient.tsx` to lock down storage, marking it exempt from automated UA pressure eviction. ### 3. Preventing Duplicate Nidhi Vault Files **Issue (BUG-009)**: Files like `10th.pdf` were duplicating during detail saves (e.g., adding `docName` and `notes` to an already safely written OPFS Blob).",Save/Create,P2,"Feature can work but may save, display, calculate, or connect data incorrectly.",Needs WD Verification,See source row/evidence; reproduce with dummy data only in isolated environment.,Record should save once to the authoritative persistence layer and be visible after refresh/re-login.,"**Fix**: Implemented `navigator.storage.persist()` on app initialization in `LayoutClient.tsx` to lock down storage, marking it exempt from automated UA pressure eviction. ### 3. Preventing Duplicate Nidhi Vault Files **Issue (BUG-009)**: Files like `10th.pdf` were duplicating during detail saves (e.g., adding `docName` and `notes` to an already safely written OPFS Blob).",Yes,sha256:a2b5e267d3e3,src/app/(dashboard)/bhoomi/page.tsx,bhoomiService; NotificationStore; Vault,/api/bhoomi/properties; /api/bhoomi/properties/[id]; /api/loans,Prisma PropertyAsset; local Vault,type,Bhoomi; Foundation family; Khate; Rajya; education/property context,Possible,Possible,Possible,No,Low,No,Possible Duplicate,BUG-PROFILE-001,Probable,"Static mapping or pattern suggests a risk, but reproduction or direct root-cause proof is incomplete.",Yes,Bug,"[Rin / Loans] **Issue (BUG-008)**: Apple devices evict Safari/PWA storage after 7 days by default unless explicitly persisted. Because the Nidhi Vault uses OPFS/IndexedDB locally,",Needs WD Reproduction,Pending WD Assignment,Draft,Triage: Report/fix-plan finding. Document-derived issue heading; screenshot/page-level evidence needs human review. No explicit Himanshu/Harsh verification evidence found.
BUG-IDENTITY-003,BUG-009,audit-input/06-additional-qa-ux-stress-evidence/Bugs Fix walkthrough 27-4-26.2 (1).md,3,Sthapana / Foundation,/page,"**Issue (BUG-009)**: Files like `10th.pdf` were duplicating during detail saves (e.g., adding `docName` and `notes` to an already safely written OPFS Blob).",**Fix**: Patched the `FileUploader.tsx` React architecture to explicitly pass an `isUpdate` flag. `vault/page.tsx` now correctly routes the `updateFile` IDB merge without continuously pushing visually redundant elements to the parent's `uploadedCerts` array state mappings in `education/page.tsx` and `identity/add/page.tsx`. ### 4. Stopping Float Conversion Breakages **Issue**: Number inputs in Vyaya Modules occasionally lost track of accurate decimals resulting in 7999 formatting quirks from inputs of 8000.,Save/Create,P2,"Feature can work but may save, display, calculate, or connect data incorrectly.",Needs WD Verification,See source row/evidence; reproduce with dummy data only in isolated environment.,Record should save once to the authoritative persistence layer and be visible after refresh/re-login.,**Fix**: Patched the `FileUploader.tsx` React architecture to explicitly pass an `isUpdate` flag. `vault/page.tsx` now correctly routes the `updateFile` IDB merge without continuously pushing visually redundant elements to the parent's `uploadedCerts` array state mappings in `education/page.tsx` and `identity/add/page.tsx`. ### 4. Stopping Float Conversion Breakages **Issue**: Number inputs in Vyaya Modules occasionally lost track of accurate decimals resulting in 7999 formatting quirks from inputs of 8000.,Yes,sha256:a2b5e267d3e3,src/app/(dashboard)/dwaar/portals/page.tsx,credentialService; CredentialStore; IdentityStore,/api/credentials; /api/credentials/[id]; /api/profile,Prisma CredentialRecord; browser client stores,name,Auth; Rin; Raksha; Most user-owned modules,Possible,Possible,Possible,No,High,No,Possible Duplicate,BUG-IDENTITY-003,Probable,"Static mapping or pattern suggests a risk, but reproduction or direct root-cause proof is incomplete.",Yes,Bug,"[Sthapana / Foundation] **Issue (BUG-009)**: Files like `10th.pdf` were duplicating during detail saves (e.g., adding `docName` and `notes` to an already safely written OPFS Blob).",Needs WD Reproduction,Pending WD Assignment,Draft,Triage: Report/fix-plan finding. Document-derived issue heading; screenshot/page-level evidence needs human review. No explicit Himanshu/Harsh verification evidence found.
BUG-PROFILE-033,DOC-SUMMARY,audit-input/06-additional-qa-ux-stress-evidence/Money_App_Module_Dependency_Report (1).docx,1,Sthapana / Foundation,Needs WD Verification,Money App — Module Dependency Report,"""Depends on"" is what a module needs data from to work. ""Feeds into"" is who reads it afterwards. Module | Depends on | Feeds into M1 — User, Family & Profile Management | — (foundation module) | M2, M3, M4, M8, M12, M17 M2 — Digital Identity & KYC Vault | M1 | M3, M11",Document Upload,P2,"Feature can work but may save, display, calculate, or connect data incorrectly.",Needs WD Verification,See source row/evidence; reproduce with dummy data only in isolated environment.,"Document should upload, link, display, and delete through the intended vault/storage flow.","""Depends on"" is what a module needs data from to work. ""Feeds into"" is who reads it afterwards. Module | Depends on | Feeds into M1 — User, Family & Profile Management | — (foundation module) | M2, M3, M4, M8, M12, M17 M2 — Digital Identity & KYC Vault | M1 | M3, M11",Yes,sha256:3743ae56801b,src/app/(dashboard)/dwaar/portals/page.tsx,credentialService; CredentialStore; IdentityStore,/api/credentials; /api/credentials/[id]; /api/profile,Prisma CredentialRecord; browser client stores,name,Auth; Rin; Raksha; Most user-owned modules,Possible,Possible,Yes,No,Possible,No,Unique,,Unconfirmed,"Source row/report exists, but current live reproduction, code proof, or WD verification is missing.",Yes,Bug,[Sthapana / Foundation] Money App — Module Dependency Report,Needs WD Reproduction,Pending WD Assignment,Draft,Triage: Report/fix-plan finding. Document-derived issue heading; screenshot/page-level evidence needs human review. No explicit Himanshu/Harsh verification evidence found.
BUG-INCOME-005,DOC-001,audit-input/06-additional-qa-ux-stress-evidence/Rajya Simulator.pdf,1,Kosh / Income,Needs WD Verification,"Issue: Visual Hierarchy. The ""Build Your Rajya"" button is",perfect and highly visible. The text in the background listing categories (DOCUMENTS • INCOME • BANKS...) is slightly hard to read due to low visibility on the dark background.,Document Upload,P2,"Feature can work but may save, display, calculate, or connect data incorrectly.",Needs WD Verification,See source row/evidence; reproduce with dummy data only in isolated environment.,"Document should upload, link, display, and delete through the intended vault/storage flow.",perfect and highly visible. The text in the background listing categories (DOCUMENTS • INCOME • BANKS...) is slightly hard to read due to low visibility on the dark background.,Yes,sha256:150f0d7b6f0d,"● Confirmed - kosh/add/page.tsx (OLD store); kosh/sources/add/page.tsx (NEW store, official config route); kosh/income/[id]/edit/page.tsx",● Confirmed - PUT /api/income/{id},● Confirmed - POST /api/income -> IncomeStore updates its in-memory array and fires the request,● Confirmed - income_streams table,Not mapped,Foundation family; Khate; Rajya; Suchak; Vyaya; notifications; Document Vault,Possible,Possible,Yes,No,Possible,Possible,Unique,,Probable,"Static mapping or pattern suggests a risk, but reproduction or direct root-cause proof is incomplete.",Yes,Bug,"[Kosh / Income] Issue: Visual Hierarchy. The ""Build Your Rajya"" button is",Needs WD Reproduction,Pending WD Assignment,Draft,Triage: Report/fix-plan finding. Document-derived issue heading; screenshot/page-level evidence needs human review. No explicit Himanshu/Harsh verification evidence found.
BUG-INCOME-006,DOC-002,audit-input/06-additional-qa-ux-stress-evidence/Rajya Simulator.pdf,2,Kosh / Income,Needs WD Verification,"The Issue: The text ""This helps us understand dependents and","future legacy planning"" is extremely difficult to read and ""Primary income source"" is almost invisible on the screen due to the dark background. Cause: The text color is a dark gray color on a near-black",Validation,P2,"Feature can work but may save, display, calculate, or connect data incorrectly.",Needs WD Verification,See source row/evidence; reproduce with dummy data only in isolated environment.,Invalid input should be blocked with clear field-level feedback.,"future legacy planning"" is extremely difficult to read and ""Primary income source"" is almost invisible on the screen due to the dark background. Cause: The text color is a dark gray color on a near-black",Yes,sha256:150f0d7b6f0d,"● Confirmed - kosh/add/page.tsx (OLD store); kosh/sources/add/page.tsx (NEW store, official config route); kosh/income/[id]/edit/page.tsx",● Confirmed - PUT /api/income/{id},● Confirmed - POST /api/income -> IncomeStore updates its in-memory array and fires the request,● Confirmed - income_streams table,Not mapped,Foundation family; Khate; Rajya; Suchak; Vyaya; notifications,Possible,Possible,No,No,Low,Possible,Unique,,Probable,"Static mapping or pattern suggests a risk, but reproduction or direct root-cause proof is incomplete.",Yes,Bug,"[Kosh / Income] The Issue: The text ""This helps us understand dependents and",Needs WD Reproduction,Pending WD Assignment,Draft,Triage: Report/fix-plan finding. Document-derived issue heading; screenshot/page-level evidence needs human review. No explicit Himanshu/Harsh verification evidence found.
BUG-ONBOARD-006,DOC-003,audit-input/06-additional-qa-ux-stress-evidence/Rajya Simulator.pdf,3,Onboarding,Needs WD Verification,"Issue: The text at the bottom of the screen, ""Skip","Verification,"" is very small and doesn't look like a button, making the user feel ""trapped"" into entering their phone number immediately.",Responsive/UI,P3,"Primarily UI, wording, layout, or lower-risk usability issue unless WD evidence shows deeper impact.",Needs WD Verification,See source row/evidence; reproduce with dummy data only in isolated environment.,"UI should remain clear, usable, and accessible on target viewports.","Verification,"" is very small and doesn't look like a button, making the user feel ""trapped"" into entering their phone number immediately.",Yes,sha256:150f0d7b6f0d,src/app/(dashboard)/suchak/page.tsx,IdentityStore/IncomeStore/ExpenseStore/BankStore/OnboardingStore/ThemeStore under src/lib/stores,/api/bank through bankApi,Browser stores plus bank API summary,Needs WD Verification,Needs WD Verification,No,No,No,No,Low,No,Unique,,Probable,"Static mapping or pattern suggests a risk, but reproduction or direct root-cause proof is incomplete.",Yes,Bug,"[Onboarding] Issue: The text at the bottom of the screen, ""Skip",Needs WD Reproduction,Pending WD Assignment,Draft,Triage: Report/fix-plan finding. Document-derived issue heading; screenshot/page-level evidence needs human review. No explicit Himanshu/Harsh verification evidence found.
BUG-GEN-009,DOC-004,audit-input/06-additional-qa-ux-stress-evidence/Rajya Simulator.pdf,4,"The Issue: Massive Negative Space. The Issue: Massive Negative Space. The area in the middle of the screen is blank. Even though it is a clean look, it does not give the user a ""Value Hook"" or a reason to proceed. The Issue: Massive Negative Space. The area in the middle of the screen is blank. Even though it is a clean look, it does not give the user a ""Value Hook"" or a reason to proceed.",Needs WD Verification,The Issue: Massive Negative Space.,"The area in the middle of the screen is blank. Even though it is a clean look, it does not give the user a ""Value Hook"" or a reason to proceed.",Unknown,P2,"Feature can work but may save, display, calculate, or connect data incorrectly.",Needs WD Verification,See source row/evidence; reproduce with dummy data only in isolated environment.,Expected behavior requires PM/WD confirmation.,"The area in the middle of the screen is blank. Even though it is a clean look, it does not give the user a ""Value Hook"" or a reason to proceed.",Yes,sha256:150f0d7b6f0d,Needs WD Verification,Needs WD Verification,Needs WD Verification,users,Needs WD Verification,Needs WD Verification,No,No,No,No,Low,No,Unique,,Probable,"Static mapping or pattern suggests a risk, but reproduction or direct root-cause proof is incomplete.",Yes,Bug,"[The Issue: Massive Negative Space. The Issue: Massive Negative Space. The area in the middle of the screen is blank. Even though it is a clean look, it does not give the user a ""V",Needs WD Reproduction,Pending WD Assignment,Draft,Triage: Report/fix-plan finding. Document-derived issue heading; screenshot/page-level evidence needs human review. No explicit Himanshu/Harsh verification evidence found.
BUG-INCOME-007,DOC-005,audit-input/06-additional-qa-ux-stress-evidence/Rajya Simulator.pdf,5,Kosh / Income,Needs WD Verification,The Issue: Inefficient Use of Space.,"Currently using large cards to represent each Mandal (Income, Banks, Expenses, etc.). On a standard mobile screen size, the user is only able to see 3 or 4 of these before having",Responsive/UI,P3,"Primarily UI, wording, layout, or lower-risk usability issue unless WD evidence shows deeper impact.",Needs WD Verification,See source row/evidence; reproduce with dummy data only in isolated environment.,"UI should remain clear, usable, and accessible on target viewports.","Currently using large cards to represent each Mandal (Income, Banks, Expenses, etc.). On a standard mobile screen size, the user is only able to see 3 or 4 of these before having",Yes,sha256:150f0d7b6f0d,"● Confirmed - kosh/add/page.tsx (OLD store); kosh/sources/add/page.tsx (NEW store, official config route); kosh/income/[id]/edit/page.tsx",● Confirmed - PUT /api/income/{id},● Confirmed - POST /api/income -> IncomeStore updates its in-memory array and fires the request,● Confirmed - income_streams table,Not mapped,Foundation family; Khate; Rajya; Suchak; Vyaya; notifications,Possible,Possible,No,No,Low,Possible,Unique,,Probable,"Static mapping or pattern suggests a risk, but reproduction or direct root-cause proof is incomplete.",Yes,Bug,[Kosh / Income] The Issue: Inefficient Use of Space.,Needs WD Reproduction,Pending WD Assignment,Draft,Triage: Report/fix-plan finding. Document-derived issue heading; screenshot/page-level evidence needs human review. No explicit Himanshu/Harsh verification evidence found.
BUG-LOAN-017,DOC-006,audit-input/06-additional-qa-ux-stress-evidence/Rajya Simulator.pdf,6,Rin / Loans,Needs WD Verification,The Issue: Notification Badge Mismatch.,"This is a critical functional issue from a User Experience point of view. The user is currently on the ""Alerts"" tab, and the red notification badge with the count ""3"" is on the ""Nidhi"" (Vault)",Reminder,P2,"Feature can work but may save, display, calculate, or connect data incorrectly.",Needs WD Verification,See source row/evidence; reproduce with dummy data only in isolated environment.,"Relevant reminder should be created, updated, or removed consistently.","This is a critical functional issue from a User Experience point of view. The user is currently on the ""Alerts"" tab, and the red notification badge with the count ""3"" is on the ""Nidhi"" (Vault)",Yes,sha256:150f0d7b6f0d,src/app/(dashboard)/bhoomi/page.tsx,bhoomiService; NotificationStore; Vault,/api/bhoomi/properties; /api/bhoomi/properties/[id]; /api/loans,Prisma PropertyAsset; local Vault,type,Bhoomi; Foundation family; Khate; Rajya; education/property context,Possible,Yes,Possible,No,Low,No,Unique,,Probable,"Static mapping or pattern suggests a risk, but reproduction or direct root-cause proof is incomplete.",Yes,Bug,[Rin / Loans] The Issue: Notification Badge Mismatch.,Needs WD Reproduction,Pending WD Assignment,Draft,Triage: Report/fix-plan finding. Document-derived issue heading; screenshot/page-level evidence needs human review. No explicit Himanshu/Harsh verification evidence found.
BUG-TAX-015,DOC-007,audit-input/06-additional-qa-ux-stress-evidence/Rajya Simulator.pdf,7,Kar / Tax,Needs WD Verification,The Issue: Too Much Promotional Material vs. Functionality.,"Tutorial Dominance: The top half of the screen is dominated by a large YouTube video. While great for a first-time user, it poses a ""visual barrier"" for a user wanting to access their files quickly.",Document Upload,P2,"Feature can work but may save, display, calculate, or connect data incorrectly.",Needs WD Verification,See source row/evidence; reproduce with dummy data only in isolated environment.,"Document should upload, link, display, and delete through the intended vault/storage flow.","Tutorial Dominance: The top half of the screen is dominated by a large YouTube video. While great for a first-time user, it poses a ""visual barrier"" for a user wanting to access their files quickly.",Yes,sha256:150f0d7b6f0d,src/app/(dashboard)/kar/page.tsx,taxService; gstService; dinService; FileUploader,/api/kar/summary; /api/kar/insights; /api/kar/tax; /api/kar/gst; /api/kar/din; /api/tax/records; /api/gst/records; /api/din/records,Prisma TaxRecord/GstRecord/DinRecord; local Vault,assessmentYear,Foundation profile; Rajya; Doot; Foundation family; bank; insurance; property; investment; Succession; Rajya; Foundation family; Sampatti; Bhoomi; Beej; Raksha; Rajya readiness views,Possible,Possible,Yes,No,Possible,No,Unique,,Probable,"Static mapping or pattern suggests a risk, but reproduction or direct root-cause proof is incomplete.",Yes,Bug,[Kar / Tax] The Issue: Too Much Promotional Material vs. Functionality.,Needs WD Reproduction,Pending WD Assignment,Draft,Triage: Report/fix-plan finding. Document-derived issue heading; screenshot/page-level evidence needs human review. No explicit Himanshu/Harsh verification evidence found.
BUG-UX-005,DOC-008,audit-input/06-additional-qa-ux-stress-evidence/Rajya Simulator.pdf,8,General UX,Needs WD Verification,The Issue: Prominence of Secondary CTA.,"The ""Cancel"" button is placed right next to the ""Light up the Treasury"" (Submit) button. On a mobile screen, a user might click ""Cancel"" instead of ""Light up the Treasury.""",Save/Create,P2,"Feature can work but may save, display, calculate, or connect data incorrectly.",Needs WD Verification,See source row/evidence; reproduce with dummy data only in isolated environment.,Record should save once to the authoritative persistence layer and be visible after refresh/re-login.,"The ""Cancel"" button is placed right next to the ""Light up the Treasury"" (Submit) button. On a mobile screen, a user might click ""Cancel"" instead of ""Light up the Treasury.""",Yes,sha256:150f0d7b6f0d,"4 - Sthapana, Pehchaan, Kunji, Kosh",Needs WD Verification,Needs WD Verification,users,Needs WD Verification,Needs WD Verification,No,No,No,No,Low,No,Unique,,Probable,"Static mapping or pattern suggests a risk, but reproduction or direct root-cause proof is incomplete.",Yes,Bug,[General UX] The Issue: Prominence of Secondary CTA.,Needs WD Reproduction,Pending WD Assignment,Draft,Triage: Report/fix-plan finding. Document-derived issue heading; screenshot/page-level evidence needs human review. No explicit Himanshu/Harsh verification evidence found.
BUG-PROFILE-034,DOC-009,audit-input/06-additional-qa-ux-stress-evidence/Rajya Simulator.pdf,9,Sthapana / Foundation,Needs WD Verification,The Issue: Lack of Visual Definition.,"The top section where the ""Back"" arrow and the title (""Profile Settings"") are located is blending in too much with the background. There is a lack of",Document Upload,P2,"Feature can work but may save, display, calculate, or connect data incorrectly.",Needs WD Verification,See source row/evidence; reproduce with dummy data only in isolated environment.,"Document should upload, link, display, and delete through the intended vault/storage flow.","The top section where the ""Back"" arrow and the title (""Profile Settings"") are located is blending in too much with the background. There is a lack of",Yes,sha256:150f0d7b6f0d,src/app/(dashboard)/dwaar/portals/page.tsx,credentialService; CredentialStore; IdentityStore,/api/credentials; /api/credentials/[id]; /api/profile,Prisma CredentialRecord; browser client stores,name,Auth; Rin; Raksha; Most user-owned modules,Possible,Possible,Yes,No,Possible,No,Unique,,Probable,"Static mapping or pattern suggests a risk, but reproduction or direct root-cause proof is incomplete.",Yes,Bug,[Sthapana / Foundation] The Issue: Lack of Visual Definition.,Needs WD Reproduction,Pending WD Assignment,Draft,Triage: Report/fix-plan finding. Document-derived issue heading; screenshot/page-level evidence needs human review. No explicit Himanshu/Harsh verification evidence found.
BUG-AUTH-039,Issue #1,audit-input/06-additional-qa-ux-stress-evidence/SVA_RAJYA_Stress_Test_Report.pdf,1,Authentication,Needs WD Verification,Issue #1,Login Page Performance & Google OAuth CRITICAL Section:,Auth,P2,"Feature can work but may save, display, calculate, or connect data incorrectly.",Needs WD Verification,See source row/evidence; reproduce with dummy data only in isolated environment.,"User should authenticate, recover account, or complete auth callback through the intended route without unsafe session behavior.",Login Page Performance & Google OAuth CRITICAL Section:,Yes,sha256:1c8a5e2a22df,src/app/(dashboard)/foundation/page.tsx,userService; educationService; familyService; OnboardingStore,/api/profile; /api/education; /api/family,Prisma User/Education/FamilyMember; Supabase Auth metadata and profile-photos Storage; local Vault,Needs WD Verification,Authentication,No,No,No,Yes,Low,No,Unique,,Unconfirmed,"Source row/report exists, but current live reproduction, code proof, or WD verification is missing.",Yes,Bug,[Authentication] Issue #1,Needs Auth Review,Pending WD Assignment,Draft,Triage: Report/fix-plan finding. Document-derived issue heading; screenshot/page-level evidence needs human review. No explicit Himanshu/Harsh verification evidence found.
BUG-LOAN-018,Issue #2,audit-input/06-additional-qa-ux-stress-evidence/SVA_RAJYA_Stress_Test_Report.pdf,2,Rin / Loans,Needs WD Verification,Issue #2,Document Upload Stuck in Buffering State CRITICAL Section:,Document Upload,P2,"Feature can work but may save, display, calculate, or connect data incorrectly.",Needs WD Verification,See source row/evidence; reproduce with dummy data only in isolated environment.,"Document should upload, link, display, and delete through the intended vault/storage flow.",Document Upload Stuck in Buffering State CRITICAL Section:,Yes,sha256:1c8a5e2a22df,src/app/(dashboard)/bhoomi/page.tsx,bhoomiService; NotificationStore; Vault,/api/bhoomi/properties; /api/bhoomi/properties/[id]; /api/loans,Prisma PropertyAsset; local Vault,type,Bhoomi; Foundation family; Khate; Rajya; education/property context; Document Vault,Possible,Possible,Yes,No,Possible,No,Unique,,Unconfirmed,"Source row/report exists, but current live reproduction, code proof, or WD verification is missing.",Yes,Bug,[Rin / Loans] Issue #2,Needs WD Reproduction,Pending WD Assignment,Draft,Triage: Report/fix-plan finding. Document-derived issue heading; screenshot/page-level evidence needs human review. No explicit Himanshu/Harsh verification evidence found.
BUG-LOAN-019,Issue #3,audit-input/06-additional-qa-ux-stress-evidence/SVA_RAJYA_Stress_Test_Report.pdf,3,Rin / Loans,Needs WD Verification,Issue #3,Rin (Debt Burden) Section — Glitches & Unwanted Warnings WARNING,Unknown,P2,"Feature can work but may save, display, calculate, or connect data incorrectly.",Needs WD Verification,See source row/evidence; reproduce with dummy data only in isolated environment.,Expected behavior requires PM/WD confirmation.,Rin (Debt Burden) Section — Glitches & Unwanted Warnings WARNING,Yes,sha256:1c8a5e2a22df,src/app/(dashboard)/bhoomi/page.tsx,bhoomiService; NotificationStore; Vault,/api/bhoomi/properties; /api/bhoomi/properties/[id]; /api/loans,Prisma PropertyAsset; local Vault,type,Bhoomi; Foundation family; Khate; Rajya; education/property context,Possible,Possible,Possible,No,Low,No,Unique,,Unconfirmed,"Source row/report exists, but current live reproduction, code proof, or WD verification is missing.",Yes,Bug,[Rin / Loans] Issue #3,Needs WD Reproduction,Pending WD Assignment,Draft,Triage: Report/fix-plan finding. Document-derived issue heading; screenshot/page-level evidence needs human review. No explicit Himanshu/Harsh verification evidence found.
BUG-DASH-003,Issue #4,audit-input/06-additional-qa-ux-stress-evidence/SVA_RAJYA_Stress_Test_Report.pdf,4,Rajya / Dashboard,Needs WD Verification,Issue #4,SVA-RAJYA Logo Does Not Navigate to Home & Dashboard Lag WARNING,Dashboard Calculation,P2,"Feature can work but may save, display, calculate, or connect data incorrectly.",Needs WD Verification,See source row/evidence; reproduce with dummy data only in isolated environment.,Expected behavior requires PM/WD confirmation.,SVA-RAJYA Logo Does Not Navigate to Home & Dashboard Lag WARNING,Yes,sha256:1c8a5e2a22df,src/app/(dashboard)/lakshya/page.tsx,None,None,Prisma Goal model exists but no route integration was found for this page,Needs WD Verification,Foundation; Pehchaan; Kosh; Vyaya; Khate; Raksha; Rin; others; Read-only aggregation intended; Dashboard,Yes,No,No,No,Low,Yes,Unique,,Unconfirmed,"Source row/report exists, but current live reproduction, code proof, or WD verification is missing.",Yes,Bug,[Rajya / Dashboard] Issue #4,Needs WD Reproduction,Pending WD Assignment,Draft,Triage: Report/fix-plan finding. Document-derived issue heading; screenshot/page-level evidence needs human review. No explicit Himanshu/Harsh verification evidence found.
BUG-INSURANCE-005,Issue #5,audit-input/06-additional-qa-ux-stress-evidence/SVA_RAJYA_Stress_Test_Report.pdf,5,Raksha / Insurance,Needs WD Verification,Issue #5,Terms & Conditions / Policy Outdated + UI Responsiveness Glitches MINOR,Responsive/UI,P3,"Primarily UI, wording, layout, or lower-risk usability issue unless WD evidence shows deeper impact.",Needs WD Verification,See source row/evidence; reproduce with dummy data only in isolated environment.,"UI should remain clear, usable, and accessible on target viewports.",Terms & Conditions / Policy Outdated + UI Responsiveness Glitches MINOR,Yes,sha256:1c8a5e2a22df,src/app/(dashboard)/suraksha/page.tsx,None,None,None,type,Foundation family; Mitra; Succession; Rajya; Doot; Auth/security concepts only; None confirmed,Possible,Possible,Possible,No,Low,No,Unique,,Unconfirmed,"Source row/report exists, but current live reproduction, code proof, or WD verification is missing.",Yes,Bug,[Raksha / Insurance] Issue #5,Needs WD Reproduction,Pending WD Assignment,Draft,Triage: Report/fix-plan finding. Document-derived issue heading; screenshot/page-level evidence needs human review. No explicit Himanshu/Harsh verification evidence found.
BUG-AUTH-040,1,audit-input/06-additional-qa-ux-stress-evidence/SVA_Rajya_Stress_Test_v2.docx,1,Authentication,Needs WD Verification,1. Landing page is missing a Back button [Medium],Users who accidentally select the wrong login or sign-up option have no way to go back without using the browser's native controls. A Back button should be added to the landing page to support standard navigation. 2. Privacy Policy and Terms of Service are listed as separate sidebar pages [Low] Both are legal documents that are rarely visited independently. Combining them into a single page would reduce sidebar clutter and make navigation cleaner.,Auth,P2,"Feature can work but may save, display, calculate, or connect data incorrectly.",Needs WD Verification,See source row/evidence; reproduce with dummy data only in isolated environment.,"User should authenticate, recover account, or complete auth callback through the intended route without unsafe session behavior.",Users who accidentally select the wrong login or sign-up option have no way to go back without using the browser's native controls. A Back button should be added to the landing page to support standard navigation. 2. Privacy Policy and Terms of Service are listed as separate sidebar pages [Low] Both are legal documents that are rarely visited independently. Combining them into a single page would reduce sidebar clutter and make navigation cleaner.,Yes,sha256:7fa990ab6b09,src/app/(dashboard)/foundation/page.tsx,userService; educationService; familyService; OnboardingStore,/api/profile; /api/education; /api/family,Prisma User/Education/FamilyMember; Supabase Auth metadata and profile-photos Storage; local Vault,Needs WD Verification,Document Vault,No,No,No,Yes,Low,No,Unique,,Probable,"Static mapping or pattern suggests a risk, but reproduction or direct root-cause proof is incomplete.",Yes,Bug,[Authentication] 1. Landing page is missing a Back button [Medium],Needs Auth Review,Pending WD Assignment,Draft,Triage: Report/fix-plan finding. Document-derived issue heading; screenshot/page-level evidence needs human review. No explicit Himanshu/Harsh verification evidence found.
BUG-EXPENSE-019,2,audit-input/06-additional-qa-ux-stress-evidence/SVA_Rajya_Stress_Test_v2.docx,2,Vyaya / Expenses,Needs WD Verification,2. Privacy Policy and Terms of Service are listed as separate sidebar pages [Low],"Both are legal documents that are rarely visited independently. Combining them into a single page would reduce sidebar clutter and make navigation cleaner. 3. Multiple modules are missing a Back button [High] Raksha Kavach, Nivesh Sabha, Pravah, Rin, and Vyaya all lack an in-app Back button. Users are forced to rely on the browser's back function, which can cause unexpected reloads or loss of in-progress data in a single-page application.",Document Upload,P2,"Feature can work but may save, display, calculate, or connect data incorrectly.",Needs WD Verification,See source row/evidence; reproduce with dummy data only in isolated environment.,"Document should upload, link, display, and delete through the intended vault/storage flow.","Both are legal documents that are rarely visited independently. Combining them into a single page would reduce sidebar clutter and make navigation cleaner. 3. Multiple modules are missing a Back button [High] Raksha Kavach, Nivesh Sabha, Pravah, Rin, and Vyaya all lack an in-app Back button. Users are forced to rely on the browser's back function, which can cause unexpected reloads or loss of in-progress data in a single-page application.",Yes,sha256:7fa990ab6b09,src/app/(dashboard)/vyaya/entry/page.tsx,expenseService; expenseCategoryService; budgetService; ExpenseStore in two paths,/api/expenses; /api/expenses/[id]; /api/expense-categories; /api/budget; /api/subscriptions,Prisma ExpenseEntry/ExpenseCategory/BudgetPlan/Subscription; browser stores,date,Khate; Foundation family; Rajya; Suchak; Leakage; Vyaya; Khate; Rajya; Doot; Document Vault,Possible,Possible,Yes,No,Possible,No,Unique,,Probable,"Static mapping or pattern suggests a risk, but reproduction or direct root-cause proof is incomplete.",Yes,Bug,[Vyaya / Expenses] 2. Privacy Policy and Terms of Service are listed as separate sidebar pages [Low],Needs WD Reproduction,Pending WD Assignment,Draft,Triage: Report/fix-plan finding. Document-derived issue heading; screenshot/page-level evidence needs human review. No explicit Himanshu/Harsh verification evidence found.
BUG-PROFILE-035,3,audit-input/06-additional-qa-ux-stress-evidence/SVA_Rajya_Stress_Test_v2.docx,3,Sthapana / Foundation,Needs WD Verification,3. Multiple modules are missing a Back button [High],"Raksha Kavach, Nivesh Sabha, Pravah, Rin, and Vyaya all lack an in-app Back button. Users are forced to rely on the browser's back function, which can cause unexpected reloads or loss of in-progress data in a single-page application. Data Validation Issues 4. Sthapana — Mobile number field has no digit limit [High]",Navigation,P2,"Feature can work but may save, display, calculate, or connect data incorrectly.",Needs WD Verification,See source row/evidence; reproduce with dummy data only in isolated environment.,Expected behavior requires PM/WD confirmation.,"Raksha Kavach, Nivesh Sabha, Pravah, Rin, and Vyaya all lack an in-app Back button. Users are forced to rely on the browser's back function, which can cause unexpected reloads or loss of in-progress data in a single-page application. Data Validation Issues 4. Sthapana — Mobile number field has no digit limit [High]",Yes,sha256:7fa990ab6b09,src/app/(dashboard)/dwaar/portals/page.tsx,credentialService; CredentialStore; IdentityStore,/api/credentials; /api/credentials/[id]; /api/profile,Prisma CredentialRecord; browser client stores,name,Auth; Rin; Raksha; Most user-owned modules,Possible,Possible,Possible,No,Low,No,Unique,,Probable,"Static mapping or pattern suggests a risk, but reproduction or direct root-cause proof is incomplete.",Yes,Bug,[Sthapana / Foundation] 3. Multiple modules are missing a Back button [High],Needs WD Reproduction,Pending WD Assignment,Draft,Triage: Report/fix-plan finding. Document-derived issue heading; screenshot/page-level evidence needs human review. No explicit Himanshu/Harsh verification evidence found.
BUG-PROFILE-036,4,audit-input/06-additional-qa-ux-stress-evidence/SVA_Rajya_Stress_Test_v2.docx,4,Sthapana / Foundation,Needs WD Verification,4. Sthapana — Mobile number field has no digit limit [High],"The Add Family Members form allows entry of any number of digits, making it possible to save invalid phone numbers. The field should be restricted to 10 digits with numeric-only input. 5. Nivesh Sabha — Zero and decimal values are not accepted for investments [High] Entering a decimal amount (e.g. ₹78.888) triggers a browser-level error pointing to the nearest integers. This prevents logging of fractional investment units and edge cases like zero-investment ROI, which are valid financial scenarios.",Save/Create,P2,"Feature can work but may save, display, calculate, or connect data incorrectly.",Needs WD Verification,See source row/evidence; reproduce with dummy data only in isolated environment.,Record should save once to the authoritative persistence layer and be visible after refresh/re-login.,"The Add Family Members form allows entry of any number of digits, making it possible to save invalid phone numbers. The field should be restricted to 10 digits with numeric-only input. 5. Nivesh Sabha — Zero and decimal values are not accepted for investments [High] Entering a decimal amount (e.g. ₹78.888) triggers a browser-level error pointing to the nearest integers. This prevents logging of fractional investment units and edge cases like zero-investment ROI, which are valid financial scenarios.",Yes,sha256:7fa990ab6b09,src/app/(dashboard)/dwaar/portals/page.tsx,credentialService; CredentialStore; IdentityStore,/api/credentials; /api/credentials/[id]; /api/profile,Prisma CredentialRecord; browser client stores,name,Auth; Rin; Raksha; Most user-owned modules,Possible,Possible,Possible,No,Low,Possible,Unique,,Probable,"Static mapping or pattern suggests a risk, but reproduction or direct root-cause proof is incomplete.",Yes,Bug,[Sthapana / Foundation] 4. Sthapana — Mobile number field has no digit limit [High],Needs WD Reproduction,Pending WD Assignment,Draft,Triage: Report/fix-plan finding. Document-derived issue heading; screenshot/page-level evidence needs human review. No explicit Himanshu/Harsh verification evidence found.
BUG-EXPENSE-020,5,audit-input/06-additional-qa-ux-stress-evidence/SVA_Rajya_Stress_Test_v2.docx,5,Vyaya / Expenses,Needs WD Verification,5. Nivesh Sabha — Zero and decimal values are not accepted for investments [High],"Entering a decimal amount (e.g. ₹78.888) triggers a browser-level error pointing to the nearest integers. This prevents logging of fractional investment units and edge cases like zero-investment ROI, which are valid financial scenarios. 6. Vyaya — Decimal values are not accepted for expenses [High] Expense amounts are restricted to whole numbers, forcing rounding on entries that include paise. This introduces inaccuracies in net savings calculations and overall financial summaries.",Dashboard Calculation,P2,"Feature can work but may save, display, calculate, or connect data incorrectly.",Needs WD Verification,See source row/evidence; reproduce with dummy data only in isolated environment.,Expected behavior requires PM/WD confirmation.,"Entering a decimal amount (e.g. ₹78.888) triggers a browser-level error pointing to the nearest integers. This prevents logging of fractional investment units and edge cases like zero-investment ROI, which are valid financial scenarios. 6. Vyaya — Decimal values are not accepted for expenses [High] Expense amounts are restricted to whole numbers, forcing rounding on entries that include paise. This introduces inaccuracies in net savings calculations and overall financial summaries.",Yes,sha256:7fa990ab6b09,src/app/(dashboard)/vyaya/entry/page.tsx,expenseService; expenseCategoryService; budgetService; ExpenseStore in two paths,/api/expenses; /api/expenses/[id]; /api/expense-categories; /api/budget; /api/subscriptions,Prisma ExpenseEntry/ExpenseCategory/BudgetPlan/Subscription; browser stores,date,Khate; Foundation family; Rajya; Suchak; Leakage; Vyaya; Khate; Rajya; Doot,Yes,Possible,No,No,Low,Yes,Unique,,Probable,"Static mapping or pattern suggests a risk, but reproduction or direct root-cause proof is incomplete.",Yes,Bug,[Vyaya / Expenses] 5. Nivesh Sabha — Zero and decimal values are not accepted for investments [High],Needs WD Reproduction,Pending WD Assignment,Draft,Triage: Report/fix-plan finding. Document-derived issue heading; screenshot/page-level evidence needs human review. No explicit Himanshu/Harsh verification evidence found.
BUG-EXPENSE-021,6,audit-input/06-additional-qa-ux-stress-evidence/SVA_Rajya_Stress_Test_v2.docx,6,Vyaya / Expenses,Needs WD Verification,6. Vyaya — Decimal values are not accepted for expenses [High],"Expense amounts are restricted to whole numbers, forcing rounding on entries that include paise. This introduces inaccuracies in net savings calculations and overall financial summaries. Data Handling / Logic Issues 7. Nidhi Vault stores files locally with no cloud backup [Critical]",Dashboard Calculation,P2,"Feature can work but may save, display, calculate, or connect data incorrectly.",Needs WD Verification,See source row/evidence; reproduce with dummy data only in isolated environment.,Expected behavior requires PM/WD confirmation.,"Expense amounts are restricted to whole numbers, forcing rounding on entries that include paise. This introduces inaccuracies in net savings calculations and overall financial summaries. Data Handling / Logic Issues 7. Nidhi Vault stores files locally with no cloud backup [Critical]",Yes,sha256:7fa990ab6b09,src/app/(dashboard)/vyaya/entry/page.tsx,expenseService; expenseCategoryService; budgetService; ExpenseStore in two paths,/api/expenses; /api/expenses/[id]; /api/expense-categories; /api/budget; /api/subscriptions,Prisma ExpenseEntry/ExpenseCategory/BudgetPlan/Subscription; browser stores,date,Khate; Foundation family; Rajya; Suchak; Leakage; Vyaya; Khate; Rajya; Doot,Yes,Possible,No,No,Low,Yes,Unique,,Probable,"Static mapping or pattern suggests a risk, but reproduction or direct root-cause proof is incomplete.",Yes,Bug,[Vyaya / Expenses] 6. Vyaya — Decimal values are not accepted for expenses [High],Needs WD Reproduction,Pending WD Assignment,Draft,Triage: Report/fix-plan finding. Document-derived issue heading; screenshot/page-level evidence needs human review. No explicit Himanshu/Harsh verification evidence found.
BUG-INCOME-008,7,audit-input/06-additional-qa-ux-stress-evidence/SVA_Rajya_Stress_Test_v2.docx,7,Kosh / Income,Needs WD Verification,7. Nidhi Vault stores files locally with no cloud backup [Critical],"Documents uploaded to Nidhi Vault are saved in browser storage only. Clearing browser data permanently deletes them with no recovery option. For a financial app handling sensitive documents, cloud storage should be the default. 8. Kosh — Deductions exceeding gross income show a vague message [High] When deductions are greater than gross income, the Estimated Monthly Net field displays ""Not included in monthly"" instead of a negative value or a clear error. The system should either compute and show the negative net, or explain why the entry is invalid.",Save/Create,P2,"Feature can work but may save, display, calculate, or connect data incorrectly.",Needs WD Verification,See source row/evidence; reproduce with dummy data only in isolated environment.,Record should save once to the authoritative persistence layer and be visible after refresh/re-login.,"Documents uploaded to Nidhi Vault are saved in browser storage only. Clearing browser data permanently deletes them with no recovery option. For a financial app handling sensitive documents, cloud storage should be the default. 8. Kosh — Deductions exceeding gross income show a vague message [High] When deductions are greater than gross income, the Estimated Monthly Net field displays ""Not included in monthly"" instead of a negative value or a clear error. The system should either compute and show the negative net, or explain why the entry is invalid.",Yes,sha256:7fa990ab6b09,"● Confirmed - kosh/add/page.tsx (OLD store); kosh/sources/add/page.tsx (NEW store, official config route); kosh/income/[id]/edit/page.tsx",● Confirmed - PUT /api/income/{id},● Confirmed - POST /api/income -> IncomeStore updates its in-memory array and fires the request,● Confirmed - income_streams table,Not mapped,Foundation family; Khate; Rajya; Suchak; Vyaya; notifications; Document Vault,Possible,Possible,No,No,High,Possible,Unique,,Probable,"Static mapping or pattern suggests a risk, but reproduction or direct root-cause proof is incomplete.",Yes,Bug,[Kosh / Income] 7. Nidhi Vault stores files locally with no cloud backup [Critical],Needs WD Reproduction,Pending WD Assignment,Draft,Triage: Report/fix-plan finding. Document-derived issue heading; screenshot/page-level evidence needs human review. No explicit Himanshu/Harsh verification evidence found.
BUG-INCOME-009,8,audit-input/06-additional-qa-ux-stress-evidence/SVA_Rajya_Stress_Test_v2.docx,8,Kosh / Income,Needs WD Verification,8. Kosh — Deductions exceeding gross income show a vague message [High],"When deductions are greater than gross income, the Estimated Monthly Net field displays ""Not included in monthly"" instead of a negative value or a clear error. The system should either compute and show the negative net, or explain why the entry is invalid. Severity key: Critical · High · Medium · Low",Dashboard Calculation,P2,"Feature can work but may save, display, calculate, or connect data incorrectly.",Needs WD Verification,See source row/evidence; reproduce with dummy data only in isolated environment.,Expected behavior requires PM/WD confirmation.,"When deductions are greater than gross income, the Estimated Monthly Net field displays ""Not included in monthly"" instead of a negative value or a clear error. The system should either compute and show the negative net, or explain why the entry is invalid. Severity key: Critical · High · Medium · Low",Yes,sha256:7fa990ab6b09,"● Confirmed - kosh/add/page.tsx (OLD store); kosh/sources/add/page.tsx (NEW store, official config route); kosh/income/[id]/edit/page.tsx",● Confirmed - PUT /api/income/{id},● Confirmed - POST /api/income -> IncomeStore updates its in-memory array and fires the request,● Confirmed - income_streams table,Not mapped,Foundation family; Khate; Rajya; Suchak; Vyaya; notifications,Yes,Possible,No,No,Low,Yes,Unique,,Probable,"Static mapping or pattern suggests a risk, but reproduction or direct root-cause proof is incomplete.",Yes,Bug,[Kosh / Income] 8. Kosh — Deductions exceeding gross income show a vague message [High],Needs WD Reproduction,Pending WD Assignment,Draft,Triage: Report/fix-plan finding. Document-derived issue heading; screenshot/page-level evidence needs human review. No explicit Himanshu/Harsh verification evidence found.
BUG-UX-006,DOC-001,audit-input/06-additional-qa-ux-stress-evidence/Sav-Rajya (1).docx,1,General UX,Needs WD Verification,UX Issue: Unclear Value Proposition,The tagline “Your financial command centre” does not explain what the application actually does. PROBLEM: Users cannot immediately understand:,Responsive/UI,P3,"Primarily UI, wording, layout, or lower-risk usability issue unless WD evidence shows deeper impact.",Needs WD Verification,See source row/evidence; reproduce with dummy data only in isolated environment.,"UI should remain clear, usable, and accessible on target viewports.",The tagline “Your financial command centre” does not explain what the application actually does. PROBLEM: Users cannot immediately understand:,Yes,sha256:801bd5a86302,"4 - Sthapana, Pehchaan, Kunji, Kosh",Needs WD Verification,Needs WD Verification,users,Needs WD Verification,Needs WD Verification,No,No,No,No,Low,No,Unique,,Probable,"Static mapping or pattern suggests a risk, but reproduction or direct root-cause proof is incomplete.",Yes,Bug,[General UX] UX Issue: Unclear Value Proposition,Needs WD Reproduction,Pending WD Assignment,Draft,Triage: Report/fix-plan finding. Document-derived issue heading; screenshot/page-level evidence needs human review. No explicit Himanshu/Harsh verification evidence found.
BUG-TAX-016,Issue 1,audit-input/06-additional-qa-ux-stress-evidence/Sav-Rajya (1).docx,2,Kar / Tax,Needs WD Verification,Issue 1 – Ambiguous Terminology,UX Issue: Ambiguous CTA Wording The term “Rajya” is not intuitive for new users. Users must interpret its meaning before interacting.,Responsive/UI,P3,"Primarily UI, wording, layout, or lower-risk usability issue unless WD evidence shows deeper impact.",Needs WD Verification,See source row/evidence; reproduce with dummy data only in isolated environment.,"UI should remain clear, usable, and accessible on target viewports.",UX Issue: Ambiguous CTA Wording The term “Rajya” is not intuitive for new users. Users must interpret its meaning before interacting.,Yes,sha256:801bd5a86302,src/app/(dashboard)/kar/page.tsx,taxService; gstService; dinService; FileUploader,/api/kar/summary; /api/kar/insights; /api/kar/tax; /api/kar/gst; /api/kar/din; /api/tax/records; /api/gst/records; /api/din/records,Prisma TaxRecord/GstRecord/DinRecord; local Vault,assessmentYear,Foundation profile; Rajya; Doot; Foundation family; bank; insurance; property; investment; Succession; Rajya; Foundation family; Sampatti; Bhoomi; Beej; Raksha; Rajya readiness views,Possible,Possible,Possible,No,Low,No,Unique,,Probable,"Static mapping or pattern suggests a risk, but reproduction or direct root-cause proof is incomplete.",Yes,Bug,[Kar / Tax] Issue 1 – Ambiguous Terminology,Needs WD Reproduction,Pending WD Assignment,Draft,Triage: Report/fix-plan finding. Document-derived issue heading; screenshot/page-level evidence needs human review. No explicit Himanshu/Harsh verification evidence found.
BUG-TAX-017,DOC-003,audit-input/06-additional-qa-ux-stress-evidence/Sav-Rajya (1).docx,3,Kar / Tax,Needs WD Verification,UX Issue: Ambiguous CTA Wording,The term “Rajya” is not intuitive for new users. Users must interpret its meaning before interacting. RECOMMEMDED FIX:,Responsive/UI,P3,"Primarily UI, wording, layout, or lower-risk usability issue unless WD evidence shows deeper impact.",Needs WD Verification,See source row/evidence; reproduce with dummy data only in isolated environment.,"UI should remain clear, usable, and accessible on target viewports.",The term “Rajya” is not intuitive for new users. Users must interpret its meaning before interacting. RECOMMEMDED FIX:,Yes,sha256:801bd5a86302,src/app/(dashboard)/kar/page.tsx,taxService; gstService; dinService; FileUploader,/api/kar/summary; /api/kar/insights; /api/kar/tax; /api/kar/gst; /api/kar/din; /api/tax/records; /api/gst/records; /api/din/records,Prisma TaxRecord/GstRecord/DinRecord; local Vault,assessmentYear,Foundation profile; Rajya; Doot; Foundation family; bank; insurance; property; investment; Succession; Rajya; Foundation family; Sampatti; Bhoomi; Beej; Raksha; Rajya readiness views,Possible,Possible,Possible,No,Low,No,Unique,,Probable,"Static mapping or pattern suggests a risk, but reproduction or direct root-cause proof is incomplete.",Yes,Bug,[Kar / Tax] UX Issue: Ambiguous CTA Wording,Needs WD Reproduction,Pending WD Assignment,Draft,Triage: Report/fix-plan finding. Document-derived issue heading; screenshot/page-level evidence needs human review. No explicit Himanshu/Harsh verification evidence found.
BUG-UX-007,Issue 2,audit-input/06-additional-qa-ux-stress-evidence/Sav-Rajya (1).docx,4,General UX,Needs WD Verification,Issue 2 – Weak Button Affordance,UI Issue: Weak button emphasis Buttons do not visually stand out strongly as primary actions. User should immediately recognise the main actions.,Responsive/UI,P3,"Primarily UI, wording, layout, or lower-risk usability issue unless WD evidence shows deeper impact.",Needs WD Verification,See source row/evidence; reproduce with dummy data only in isolated environment.,"UI should remain clear, usable, and accessible on target viewports.",UI Issue: Weak button emphasis Buttons do not visually stand out strongly as primary actions. User should immediately recognise the main actions.,Yes,sha256:801bd5a86302,"4 - Sthapana, Pehchaan, Kunji, Kosh",Needs WD Verification,Needs WD Verification,users,Needs WD Verification,Needs WD Verification,No,No,No,No,Low,No,Unique,,Probable,"Static mapping or pattern suggests a risk, but reproduction or direct root-cause proof is incomplete.",Yes,Bug,[General UX] Issue 2 – Weak Button Affordance,Needs WD Reproduction,Pending WD Assignment,Draft,Triage: Report/fix-plan finding. Document-derived issue heading; screenshot/page-level evidence needs human review. No explicit Himanshu/Harsh verification evidence found.
BUG-UX-008,DOC-005,audit-input/06-additional-qa-ux-stress-evidence/Sav-Rajya (1).docx,5,General UX,Needs WD Verification,UI Issue: Weak button emphasis,Buttons do not visually stand out strongly as primary actions. User should immediately recognise the main actions. RECOMMENDED FIX:,Responsive/UI,P3,"Primarily UI, wording, layout, or lower-risk usability issue unless WD evidence shows deeper impact.",Needs WD Verification,See source row/evidence; reproduce with dummy data only in isolated environment.,"UI should remain clear, usable, and accessible on target viewports.",Buttons do not visually stand out strongly as primary actions. User should immediately recognise the main actions. RECOMMENDED FIX:,Yes,sha256:801bd5a86302,"4 - Sthapana, Pehchaan, Kunji, Kosh",Needs WD Verification,Needs WD Verification,users,Needs WD Verification,Needs WD Verification,No,No,No,No,Low,No,Unique,,Probable,"Static mapping or pattern suggests a risk, but reproduction or direct root-cause proof is incomplete.",Yes,Bug,[General UX] UI Issue: Weak button emphasis,Needs WD Reproduction,Pending WD Assignment,Draft,Triage: Report/fix-plan finding. Document-derived issue heading; screenshot/page-level evidence needs human review. No explicit Himanshu/Harsh verification evidence found.
BUG-UX-009,Issue 3,audit-input/06-additional-qa-ux-stress-evidence/Sav-Rajya (1).docx,6,General UX,Needs WD Verification,Issue 3 – Touch Target Size,UI Issue: Small touch target Buttons may not meet recommended mobile touch target sizes. RECOMMENDED FIX:,Responsive/UI,P3,"Primarily UI, wording, layout, or lower-risk usability issue unless WD evidence shows deeper impact.",Needs WD Verification,See source row/evidence; reproduce with dummy data only in isolated environment.,"UI should remain clear, usable, and accessible on target viewports.",UI Issue: Small touch target Buttons may not meet recommended mobile touch target sizes. RECOMMENDED FIX:,Yes,sha256:801bd5a86302,"4 - Sthapana, Pehchaan, Kunji, Kosh",Needs WD Verification,Needs WD Verification,Needs WD Verification,Needs WD Verification,Needs WD Verification,No,No,No,No,Low,No,Unique,,Probable,"Static mapping or pattern suggests a risk, but reproduction or direct root-cause proof is incomplete.",Yes,Bug,[General UX] Issue 3 – Touch Target Size,Needs WD Reproduction,Pending WD Assignment,Draft,Triage: Report/fix-plan finding. Document-derived issue heading; screenshot/page-level evidence needs human review. No explicit Himanshu/Harsh verification evidence found.
BUG-UX-010,DOC-007,audit-input/06-additional-qa-ux-stress-evidence/Sav-Rajya (1).docx,7,General UX,Needs WD Verification,UI Issue: Small touch target,Buttons may not meet recommended mobile touch target sizes. RECOMMENDED FIX: 44×44px minimum,Responsive/UI,P3,"Primarily UI, wording, layout, or lower-risk usability issue unless WD evidence shows deeper impact.",Needs WD Verification,See source row/evidence; reproduce with dummy data only in isolated environment.,"UI should remain clear, usable, and accessible on target viewports.",Buttons may not meet recommended mobile touch target sizes. RECOMMENDED FIX: 44×44px minimum,Yes,sha256:801bd5a86302,"4 - Sthapana, Pehchaan, Kunji, Kosh",Needs WD Verification,Needs WD Verification,Needs WD Verification,Needs WD Verification,Needs WD Verification,No,No,No,No,Low,No,Unique,,Probable,"Static mapping or pattern suggests a risk, but reproduction or direct root-cause proof is incomplete.",Yes,Bug,[General UX] UI Issue: Small touch target,Needs WD Reproduction,Pending WD Assignment,Draft,Triage: Report/fix-plan finding. Document-derived issue heading; screenshot/page-level evidence needs human review. No explicit Himanshu/Harsh verification evidence found.
BUG-GEN-010,Issue 1,audit-input/06-additional-qa-ux-stress-evidence/Sav-Rajya (1).docx,8,Issue 1 – Weak Visual Trust Signals Issue 1 – Weak Visual Trust Signals Security claims appear as plain text without visual credibility indicators. Fintech apps must establish strong trust immediately Issue 2 – Missing Iconography Issue 1 – Weak Visual Trust Signals Security claims appear as plain text without visual credibility indicators. Fintech apps must establish strong trust immediately Issue 2 – Missing Iconography,Needs WD Verification,Issue 1 – Weak Visual Trust Signals,Security claims appear as plain text without visual credibility indicators. Fintech apps must establish strong trust immediately Issue 2 – Missing Iconography,Unknown,P2,"Feature can work but may save, display, calculate, or connect data incorrectly.",Needs WD Verification,See source row/evidence; reproduce with dummy data only in isolated environment.,Expected behavior requires PM/WD confirmation.,Security claims appear as plain text without visual credibility indicators. Fintech apps must establish strong trust immediately Issue 2 – Missing Iconography,Yes,sha256:801bd5a86302,Needs WD Verification,Needs WD Verification,Needs WD Verification,Needs WD Verification,Needs WD Verification,Needs WD Verification,No,No,No,Possible,Low,No,Unique,,Probable,"Static mapping or pattern suggests a risk, but reproduction or direct root-cause proof is incomplete.",Yes,Bug,[Issue 1 – Weak Visual Trust Signals Issue 1 – Weak Visual Trust Signals Security claims appear as plain text without visual credibility indicators. Fintech apps must establish str,Needs WD Reproduction,Pending WD Assignment,Draft,Triage: Report/fix-plan finding. Document-derived issue heading; screenshot/page-level evidence needs human review. No explicit Himanshu/Harsh verification evidence found.
BUG-UX-011,Issue 2,audit-input/06-additional-qa-ux-stress-evidence/Sav-Rajya (1).docx,9,General UX,Needs WD Verification,Issue 2 – Missing Iconography,UI Issue: Missing icon support Security statements rely only on text. Icons would improve scanning and comprehension.,Responsive/UI,P3,"Primarily UI, wording, layout, or lower-risk usability issue unless WD evidence shows deeper impact.",Needs WD Verification,See source row/evidence; reproduce with dummy data only in isolated environment.,"UI should remain clear, usable, and accessible on target viewports.",UI Issue: Missing icon support Security statements rely only on text. Icons would improve scanning and comprehension.,Yes,sha256:801bd5a86302,"4 - Sthapana, Pehchaan, Kunji, Kosh",Needs WD Verification,Needs WD Verification,Needs WD Verification,Needs WD Verification,Needs WD Verification,No,No,No,Possible,Low,No,Unique,,Probable,"Static mapping or pattern suggests a risk, but reproduction or direct root-cause proof is incomplete.",Yes,Bug,[General UX] Issue 2 – Missing Iconography,Needs WD Reproduction,Pending WD Assignment,Draft,Triage: Report/fix-plan finding. Document-derived issue heading; screenshot/page-level evidence needs human review. No explicit Himanshu/Harsh verification evidence found.
BUG-UX-012,DOC-010,audit-input/06-additional-qa-ux-stress-evidence/Sav-Rajya (1).docx,10,General UX,Needs WD Verification,UI Issue: Missing icon support,Security statements rely only on text. Icons would improve scanning and comprehension. RECOMMEMDED FIX:,Responsive/UI,P3,"Primarily UI, wording, layout, or lower-risk usability issue unless WD evidence shows deeper impact.",Needs WD Verification,See source row/evidence; reproduce with dummy data only in isolated environment.,"UI should remain clear, usable, and accessible on target viewports.",Security statements rely only on text. Icons would improve scanning and comprehension. RECOMMEMDED FIX:,Yes,sha256:801bd5a86302,"4 - Sthapana, Pehchaan, Kunji, Kosh",Needs WD Verification,Needs WD Verification,Needs WD Verification,Needs WD Verification,Needs WD Verification,No,No,No,Possible,Low,No,Unique,,Probable,"Static mapping or pattern suggests a risk, but reproduction or direct root-cause proof is incomplete.",Yes,Bug,[General UX] UI Issue: Missing icon support,Needs WD Reproduction,Pending WD Assignment,Draft,Triage: Report/fix-plan finding. Document-derived issue heading; screenshot/page-level evidence needs human review. No explicit Himanshu/Harsh verification evidence found.
BUG-UX-013,Issue 1,audit-input/06-additional-qa-ux-stress-evidence/Sav-Rajya (1).docx,11,General UX,Needs WD Verification,Issue 1 – Flat Visual Hierarchy,"UI Issue: Weak visual hierarchy All elements have similar visual weight, making it difficult to identify the primary action. Issue 2 – Layout Imbalance",Responsive/UI,P3,"Primarily UI, wording, layout, or lower-risk usability issue unless WD evidence shows deeper impact.",Needs WD Verification,See source row/evidence; reproduce with dummy data only in isolated environment.,"UI should remain clear, usable, and accessible on target viewports.","UI Issue: Weak visual hierarchy All elements have similar visual weight, making it difficult to identify the primary action. Issue 2 – Layout Imbalance",Yes,sha256:801bd5a86302,"4 - Sthapana, Pehchaan, Kunji, Kosh",Needs WD Verification,Needs WD Verification,Needs WD Verification,Needs WD Verification,Needs WD Verification,No,No,No,No,Low,No,Unique,,Probable,"Static mapping or pattern suggests a risk, but reproduction or direct root-cause proof is incomplete.",Yes,Bug,[General UX] Issue 1 – Flat Visual Hierarchy,Needs WD Reproduction,Pending WD Assignment,Draft,Triage: Report/fix-plan finding. Document-derived issue heading; screenshot/page-level evidence needs human review. No explicit Himanshu/Harsh verification evidence found.
BUG-UX-014,DOC-012,audit-input/06-additional-qa-ux-stress-evidence/Sav-Rajya (1).docx,12,General UX,Needs WD Verification,UI Issue: Weak visual hierarchy,"All elements have similar visual weight, making it difficult to identify the primary action. Issue 2 – Layout Imbalance UI Issue: Poor visual balance",Responsive/UI,P3,"Primarily UI, wording, layout, or lower-risk usability issue unless WD evidence shows deeper impact.",Needs WD Verification,See source row/evidence; reproduce with dummy data only in isolated environment.,"UI should remain clear, usable, and accessible on target viewports.","All elements have similar visual weight, making it difficult to identify the primary action. Issue 2 – Layout Imbalance UI Issue: Poor visual balance",Yes,sha256:801bd5a86302,"4 - Sthapana, Pehchaan, Kunji, Kosh",Needs WD Verification,Needs WD Verification,Needs WD Verification,Needs WD Verification,Needs WD Verification,No,No,No,No,Low,No,Unique,,Probable,"Static mapping or pattern suggests a risk, but reproduction or direct root-cause proof is incomplete.",Yes,Bug,[General UX] UI Issue: Weak visual hierarchy,Needs WD Reproduction,Pending WD Assignment,Draft,Triage: Report/fix-plan finding. Document-derived issue heading; screenshot/page-level evidence needs human review. No explicit Himanshu/Harsh verification evidence found.
BUG-UX-015,Issue 2,audit-input/06-additional-qa-ux-stress-evidence/Sav-Rajya (1).docx,13,General UX,Needs WD Verification,Issue 2 – Layout Imbalance,UI Issue: Poor visual balance Large empty areas do not communicate product functionality. Issue 3 – Missing Grid Alignment,Responsive/UI,P3,"Primarily UI, wording, layout, or lower-risk usability issue unless WD evidence shows deeper impact.",Needs WD Verification,See source row/evidence; reproduce with dummy data only in isolated environment.,"UI should remain clear, usable, and accessible on target viewports.",UI Issue: Poor visual balance Large empty areas do not communicate product functionality. Issue 3 – Missing Grid Alignment,Yes,sha256:801bd5a86302,"4 - Sthapana, Pehchaan, Kunji, Kosh",Needs WD Verification,Needs WD Verification,Needs WD Verification,Needs WD Verification,Needs WD Verification,No,No,No,No,Low,No,Unique,,Probable,"Static mapping or pattern suggests a risk, but reproduction or direct root-cause proof is incomplete.",Yes,Bug,[General UX] Issue 2 – Layout Imbalance,Needs WD Reproduction,Pending WD Assignment,Draft,Triage: Report/fix-plan finding. Document-derived issue heading; screenshot/page-level evidence needs human review. No explicit Himanshu/Harsh verification evidence found.
BUG-UX-016,DOC-014,audit-input/06-additional-qa-ux-stress-evidence/Sav-Rajya (1).docx,14,General UX,Needs WD Verification,UI Issue: Poor visual balance,Large empty areas do not communicate product functionality. Issue 3 – Missing Grid Alignment UI Issue: No visible layout grid system,Responsive/UI,P3,"Primarily UI, wording, layout, or lower-risk usability issue unless WD evidence shows deeper impact.",Needs WD Verification,See source row/evidence; reproduce with dummy data only in isolated environment.,"UI should remain clear, usable, and accessible on target viewports.",Large empty areas do not communicate product functionality. Issue 3 – Missing Grid Alignment UI Issue: No visible layout grid system,Yes,sha256:801bd5a86302,"4 - Sthapana, Pehchaan, Kunji, Kosh",Needs WD Verification,Needs WD Verification,Needs WD Verification,Needs WD Verification,Needs WD Verification,No,No,No,No,Low,No,Unique,,Probable,"Static mapping or pattern suggests a risk, but reproduction or direct root-cause proof is incomplete.",Yes,Bug,[General UX] UI Issue: Poor visual balance,Needs WD Reproduction,Pending WD Assignment,Draft,Triage: Report/fix-plan finding. Document-derived issue heading; screenshot/page-level evidence needs human review. No explicit Himanshu/Harsh verification evidence found.
BUG-UX-017,Issue 3,audit-input/06-additional-qa-ux-stress-evidence/Sav-Rajya (1).docx,15,General UX,Needs WD Verification,Issue 3 – Missing Grid Alignment,UI Issue: No visible layout grid system Elements do not clearly follow a grid structure. Consistent grid systems improve visual clarity.,Responsive/UI,P3,"Primarily UI, wording, layout, or lower-risk usability issue unless WD evidence shows deeper impact.",Needs WD Verification,See source row/evidence; reproduce with dummy data only in isolated environment.,"UI should remain clear, usable, and accessible on target viewports.",UI Issue: No visible layout grid system Elements do not clearly follow a grid structure. Consistent grid systems improve visual clarity.,Yes,sha256:801bd5a86302,"4 - Sthapana, Pehchaan, Kunji, Kosh",Needs WD Verification,Needs WD Verification,Needs WD Verification,Needs WD Verification,Needs WD Verification,No,No,No,No,Low,No,Unique,,Probable,"Static mapping or pattern suggests a risk, but reproduction or direct root-cause proof is incomplete.",Yes,Bug,[General UX] Issue 3 – Missing Grid Alignment,Needs WD Reproduction,Pending WD Assignment,Draft,Triage: Report/fix-plan finding. Document-derived issue heading; screenshot/page-level evidence needs human review. No explicit Himanshu/Harsh verification evidence found.
BUG-UX-018,DOC-016,audit-input/06-additional-qa-ux-stress-evidence/Sav-Rajya (1).docx,16,General UX,Needs WD Verification,UI Issue: No visible layout grid system,Elements do not clearly follow a grid structure. Consistent grid systems improve visual clarity. RECOMMENDED FIX:,Responsive/UI,P3,"Primarily UI, wording, layout, or lower-risk usability issue unless WD evidence shows deeper impact.",Needs WD Verification,See source row/evidence; reproduce with dummy data only in isolated environment.,"UI should remain clear, usable, and accessible on target viewports.",Elements do not clearly follow a grid structure. Consistent grid systems improve visual clarity. RECOMMENDED FIX:,Yes,sha256:801bd5a86302,"4 - Sthapana, Pehchaan, Kunji, Kosh",Needs WD Verification,Needs WD Verification,Needs WD Verification,Needs WD Verification,Needs WD Verification,No,No,No,No,Low,No,Unique,,Probable,"Static mapping or pattern suggests a risk, but reproduction or direct root-cause proof is incomplete.",Yes,Bug,[General UX] UI Issue: No visible layout grid system,Needs WD Reproduction,Pending WD Assignment,Draft,Triage: Report/fix-plan finding. Document-derived issue heading; screenshot/page-level evidence needs human review. No explicit Himanshu/Harsh verification evidence found.
BUG-UX-019,Issue 1,audit-input/06-additional-qa-ux-stress-evidence/Sav-Rajya (1).docx,17,General UX,Needs WD Verification,Issue 1 – Weak Typography Hierarchy,UI Issue: Weak typography hierarchy Headline and supporting text appear too similar in visual weight.,Responsive/UI,P3,"Primarily UI, wording, layout, or lower-risk usability issue unless WD evidence shows deeper impact.",Needs WD Verification,See source row/evidence; reproduce with dummy data only in isolated environment.,"UI should remain clear, usable, and accessible on target viewports.",UI Issue: Weak typography hierarchy Headline and supporting text appear too similar in visual weight.,Yes,sha256:801bd5a86302,"4 - Sthapana, Pehchaan, Kunji, Kosh",Needs WD Verification,Needs WD Verification,Needs WD Verification,Needs WD Verification,Needs WD Verification,No,No,No,No,Low,No,Parent Bug,,Probable,"Static mapping or pattern suggests a risk, but reproduction or direct root-cause proof is incomplete.",Yes,Bug,[General UX] Issue 1 – Weak Typography Hierarchy,Needs WD Reproduction,Pending WD Assignment,Draft,Triage: Report/fix-plan finding. Document-derived issue heading; screenshot/page-level evidence needs human review. No explicit Himanshu/Harsh verification evidence found.
BUG-UX-019,DOC-018,audit-input/06-additional-qa-ux-stress-evidence/Sav-Rajya (1).docx,18,General UX,Needs WD Verification,UI Issue: Weak typography hierarchy,Headline and supporting text appear too similar in visual weight. Issue 2 – Readability Concerns,Responsive/UI,P3,"Primarily UI, wording, layout, or lower-risk usability issue unless WD evidence shows deeper impact.",Needs WD Verification,See source row/evidence; reproduce with dummy data only in isolated environment.,"UI should remain clear, usable, and accessible on target viewports.",Headline and supporting text appear too similar in visual weight. Issue 2 – Readability Concerns,Yes,sha256:801bd5a86302,"4 - Sthapana, Pehchaan, Kunji, Kosh",Needs WD Verification,Needs WD Verification,Needs WD Verification,Needs WD Verification,Needs WD Verification,No,No,No,No,Low,No,Possible Duplicate,BUG-UX-019,Probable,"Static mapping or pattern suggests a risk, but reproduction or direct root-cause proof is incomplete.",Yes,Bug,[General UX] UI Issue: Weak typography hierarchy,Needs WD Reproduction,Pending WD Assignment,Draft,Triage: Report/fix-plan finding. Document-derived issue heading; screenshot/page-level evidence needs human review. No explicit Himanshu/Harsh verification evidence found.
BUG-ONBOARD-007,Issue 2,audit-input/06-additional-qa-ux-stress-evidence/Sav-Rajya (1).docx,19,Onboarding,Needs WD Verification,Issue 2 – Readability Concerns,UI Issue: Text readability could be improve Font size and spacing may reduce readability on smaller screens. 6. Onboarding and User Guidance,Responsive/UI,P3,"Primarily UI, wording, layout, or lower-risk usability issue unless WD evidence shows deeper impact.",Needs WD Verification,See source row/evidence; reproduce with dummy data only in isolated environment.,"UI should remain clear, usable, and accessible on target viewports.",UI Issue: Text readability could be improve Font size and spacing may reduce readability on smaller screens. 6. Onboarding and User Guidance,Yes,sha256:801bd5a86302,src/app/(dashboard)/suchak/page.tsx,IdentityStore/IncomeStore/ExpenseStore/BankStore/OnboardingStore/ThemeStore under src/lib/stores,/api/bank through bankApi,Browser stores plus bank API summary,Needs WD Verification,Needs WD Verification,No,No,No,No,Low,No,Unique,,Probable,"Static mapping or pattern suggests a risk, but reproduction or direct root-cause proof is incomplete.",Yes,Bug,[Onboarding] Issue 2 – Readability Concerns,Needs WD Reproduction,Pending WD Assignment,Draft,Triage: Report/fix-plan finding. Document-derived issue heading; screenshot/page-level evidence needs human review. No explicit Himanshu/Harsh verification evidence found.
BUG-ONBOARD-008,DOC-020,audit-input/06-additional-qa-ux-stress-evidence/Sav-Rajya (1).docx,20,Onboarding,Needs WD Verification,UI Issue: Text readability could be improve,Font size and spacing may reduce readability on smaller screens. 6. Onboarding and User Guidance Issue 1 – Missing Onboarding Flow,Responsive/UI,P3,"Primarily UI, wording, layout, or lower-risk usability issue unless WD evidence shows deeper impact.",Needs WD Verification,See source row/evidence; reproduce with dummy data only in isolated environment.,"UI should remain clear, usable, and accessible on target viewports.",Font size and spacing may reduce readability on smaller screens. 6. Onboarding and User Guidance Issue 1 – Missing Onboarding Flow,Yes,sha256:801bd5a86302,src/app/(dashboard)/suchak/page.tsx,IdentityStore/IncomeStore/ExpenseStore/BankStore/OnboardingStore/ThemeStore under src/lib/stores,/api/bank through bankApi,Browser stores plus bank API summary,Needs WD Verification,Needs WD Verification,No,No,No,No,Low,No,Unique,,Probable,"Static mapping or pattern suggests a risk, but reproduction or direct root-cause proof is incomplete.",Yes,Bug,[Onboarding] UI Issue: Text readability could be improve,Needs WD Reproduction,Pending WD Assignment,Draft,Triage: Report/fix-plan finding. Document-derived issue heading; screenshot/page-level evidence needs human review. No explicit Himanshu/Harsh verification evidence found.
BUG-UX-020,DOC-001,audit-input/06-additional-qa-ux-stress-evidence/Stess-Test_ Report.pdf,1,General UX,Needs WD Verification,UX Issue:,Even fast actions,Responsive/UI,P3,"Primarily UI, wording, layout, or lower-risk usability issue unless WD evidence shows deeper impact.",Needs WD Verification,See source row/evidence; reproduce with dummy data only in isolated environment.,"UI should remain clear, usable, and accessible on target viewports.",Even fast actions,Yes,sha256:c8f686afbd8a,"4 - Sthapana, Pehchaan, Kunji, Kosh",Needs WD Verification,Needs WD Verification,Needs WD Verification,Needs WD Verification,Needs WD Verification,No,No,No,No,Low,No,Unique,,Unconfirmed,"Source row/report exists, but current live reproduction, code proof, or WD verification is missing.",Yes,Bug,[General UX] UX Issue:,Needs WD Reproduction,Pending WD Assignment,Draft,Triage: Report/fix-plan finding. Document-derived issue heading; screenshot/page-level evidence needs human review. No explicit Himanshu/Harsh verification evidence found.
BUG-GEN-011,DOC-001,audit-input/06-additional-qa-ux-stress-evidence/Stress Test.pdf,1,issue: issue: the uppercase link issue: the uppercase link,Needs WD Verification,issue:,the uppercase link,Unknown,P2,"Feature can work but may save, display, calculate, or connect data incorrectly.",Needs WD Verification,See source row/evidence; reproduce with dummy data only in isolated environment.,Expected behavior requires PM/WD confirmation.,the uppercase link,Yes,sha256:0dbd0911c1a9,Needs WD Verification,Needs WD Verification,Needs WD Verification,Needs WD Verification,Needs WD Verification,Needs WD Verification,No,No,No,No,Low,No,Unique,,Probable,"Static mapping or pattern suggests a risk, but reproduction or direct root-cause proof is incomplete.",Yes,Bug,[issue: issue: the uppercase link issue: the uppercase link] issue:,Needs WD Reproduction,Pending WD Assignment,Draft,Triage: Report/fix-plan finding. Document-derived issue heading; screenshot/page-level evidence needs human review. No explicit Himanshu/Harsh verification evidence found.
BUG-GEN-012,DOC-001,audit-input/06-additional-qa-ux-stress-evidence/Svarajya_UX_Audit_Analysis_Samiksha_V1 (1).pdf,1,"Issue : A ccess le v el options ( V ie w er , E x ecut or , E mer gency- Issue : A ccess le v el options ( V ie w er , E x ecut or , E mer gency- only) ha v e no descriptions, making it impossible f or ne w users t o diff er entiat e t hem. R ecommendation : A dd an inline "" ⓘ "" t ooltip per option and Issue : A ccess le v el options ( V ie w er , E x ecut or , E mer gency- only) ha v e no descriptions, making it impossible f or ne w users t o diff er entiat e t hem. R ecommendation : A dd an inline "" ⓘ "" t ooltip per option and",Needs WD Verification,"Issue : A ccess le v el options ( V ie w er , E x ecut or , E mer gency-","only) ha v e no descriptions, making it impossible f or ne w users t o diff er entiat e t hem. R ecommendation : A dd an inline "" ⓘ "" t ooltip per option and",Unknown,P2,"Feature can work but may save, display, calculate, or connect data incorrectly.",Needs WD Verification,See source row/evidence; reproduce with dummy data only in isolated environment.,Expected behavior requires PM/WD confirmation.,"only) ha v e no descriptions, making it impossible f or ne w users t o diff er entiat e t hem. R ecommendation : A dd an inline "" ⓘ "" t ooltip per option and",Yes,sha256:38dfd215afbd,Needs WD Verification,Needs WD Verification,Needs WD Verification,users,Needs WD Verification,Needs WD Verification,No,No,No,No,Low,No,Unique,,Probable,"Static mapping or pattern suggests a risk, but reproduction or direct root-cause proof is incomplete.",Yes,Bug,"[Issue : A ccess le v el options ( V ie w er , E x ecut or , E mer gency- Issue : A ccess le v el options ( V ie w er , E x ecut or , E mer gency- only) ha v e no descriptions, mak",Needs WD Reproduction,Pending WD Assignment,Draft,Triage: Report/fix-plan finding. Document-derived issue heading; screenshot/page-level evidence needs human review. No explicit Himanshu/Harsh verification evidence found.
BUG-GEN-013,DOC-002,audit-input/06-additional-qa-ux-stress-evidence/Svarajya_UX_Audit_Analysis_Samiksha_V1 (1).pdf,2,"Issue : T apping t he ✕ on a f amily member r emo v es t hem Issue : T apping t he ✕ on a f amily member r emo v es t hem instant ly wit h no confirmation, making accidental deletion easy . R ecommendation : Sho w a confirmation dialog ( "" Ar e y ou Issue : T apping t he ✕ on a f amily member r emo v es t hem instant ly wit h no confirmation, making accidental deletion easy . R ecommendation : Sho w a confirmation dialog ( "" Ar e y ou",Needs WD Verification,Issue : T apping t he ✕ on a f amily member r emo v es t hem,"instant ly wit h no confirmation, making accidental deletion easy . R ecommendation : Sho w a confirmation dialog ( "" Ar e y ou",Unknown,P2,"Feature can work but may save, display, calculate, or connect data incorrectly.",Needs WD Verification,See source row/evidence; reproduce with dummy data only in isolated environment.,Expected behavior requires PM/WD confirmation.,"instant ly wit h no confirmation, making accidental deletion easy . R ecommendation : Sho w a confirmation dialog ( "" Ar e y ou",Yes,sha256:38dfd215afbd,Needs WD Verification,Needs WD Verification,Needs WD Verification,Needs WD Verification,Needs WD Verification,Needs WD Verification,No,No,No,No,Low,No,Unique,,Probable,"Static mapping or pattern suggests a risk, but reproduction or direct root-cause proof is incomplete.",Yes,Bug,"[Issue : T apping t he ✕ on a f amily member r emo v es t hem Issue : T apping t he ✕ on a f amily member r emo v es t hem instant ly wit h no confirmation, making accidental delet",Needs WD Reproduction,Pending WD Assignment,Draft,Triage: Report/fix-plan finding. Document-derived issue heading; screenshot/page-level evidence needs human review. No explicit Himanshu/Harsh verification evidence found.
BUG-GEN-014,DOC-003,audit-input/06-additional-qa-ux-stress-evidence/Svarajya_UX_Audit_Analysis_Samiksha_V1 (1).pdf,3,Issue : D egr ee options ar e not visible until Issue : D egr ee options ar e not visible until ho v er ed ; complet ely non-functional on mobile (same issue flagged earlier in K un j i ). R ecommendation : R eplace wit h a nativ e Issue : D egr ee options ar e not visible until ho v er ed ; complet ely non-functional on mobile (same issue flagged earlier in K un j i ). R ecommendation : R eplace wit h a nativ e,Needs WD Verification,Issue : D egr ee options ar e not visible until,ho v er ed ; complet ely non-functional on mobile (same issue flagged earlier in K un j i ). R ecommendation : R eplace wit h a nativ e,Responsive/UI,P3,"Primarily UI, wording, layout, or lower-risk usability issue unless WD evidence shows deeper impact.",Needs WD Verification,See source row/evidence; reproduce with dummy data only in isolated environment.,"UI should remain clear, usable, and accessible on target viewports.",ho v er ed ; complet ely non-functional on mobile (same issue flagged earlier in K un j i ). R ecommendation : R eplace wit h a nativ e,Yes,sha256:38dfd215afbd,Needs WD Verification,Needs WD Verification,Needs WD Verification,Needs WD Verification,Needs WD Verification,Needs WD Verification,No,No,No,No,Low,No,Unique,,Probable,"Static mapping or pattern suggests a risk, but reproduction or direct root-cause proof is incomplete.",Yes,Bug,[Issue : D egr ee options ar e not visible until Issue : D egr ee options ar e not visible until ho v er ed ; complet ely non-functional on mobile (same issue flagged earlier in K,Needs WD Reproduction,Pending WD Assignment,Draft,Triage: Report/fix-plan finding. Document-derived issue heading; screenshot/page-level evidence needs human review. No explicit Himanshu/Harsh verification evidence found.
BUG-TAX-018,DOC-004,audit-input/06-additional-qa-ux-stress-evidence/Svarajya_UX_Audit_Analysis_Samiksha_V1 (1).pdf,4,Kar / Tax,Needs WD Verification,Issue : F eatur e pills appear pur ely decor ativ e,"wit h no tap functionality . R ecommendation : M ak e t hem tappable shor t cut s t o t heir r espectiv e actions, lik e",Unknown,P2,"Feature can work but may save, display, calculate, or connect data incorrectly.",Needs WD Verification,See source row/evidence; reproduce with dummy data only in isolated environment.,Expected behavior requires PM/WD confirmation.,"wit h no tap functionality . R ecommendation : M ak e t hem tappable shor t cut s t o t heir r espectiv e actions, lik e",Yes,sha256:38dfd215afbd,src/app/(dashboard)/kar/page.tsx,taxService; gstService; dinService; FileUploader,/api/kar/summary; /api/kar/insights; /api/kar/tax; /api/kar/gst; /api/kar/din; /api/tax/records; /api/gst/records; /api/din/records,Prisma TaxRecord/GstRecord/DinRecord; local Vault,assessmentYear,Foundation profile; Rajya; Doot; Foundation family; bank; insurance; property; investment; Succession; Rajya; Foundation family; Sampatti; Bhoomi; Beej; Raksha; Rajya readiness views,Possible,Possible,Possible,No,Low,No,Unique,,Probable,"Static mapping or pattern suggests a risk, but reproduction or direct root-cause proof is incomplete.",Yes,Bug,[Kar / Tax] Issue : F eatur e pills appear pur ely decor ativ e,Needs WD Reproduction,Pending WD Assignment,Draft,Triage: Report/fix-plan finding. Document-derived issue heading; screenshot/page-level evidence needs human review. No explicit Himanshu/Harsh verification evidence found.
BUG-GEN-015,DOC-005,audit-input/06-additional-qa-ux-stress-evidence/Svarajya_UX_Audit_Analysis_Samiksha_V1 (1).pdf,5,"Issue : "" V erified : Y es "" displa ys wit hout an y Issue : "" V erified : Y es "" displa ys wit hout an y v erification action being tak en — a logic bug t hat er odes user trust. R ecommendation : U pdat e status only aft er Issue : "" V erified : Y es "" displa ys wit hout an y v erification action being tak en — a logic bug t hat er odes user trust. R ecommendation : U pdat e status only aft er",Needs WD Verification,"Issue : "" V erified : Y es "" displa ys wit hout an y",v erification action being tak en — a logic bug t hat er odes user trust. R ecommendation : U pdat e status only aft er,Unknown,P2,"Feature can work but may save, display, calculate, or connect data incorrectly.",Needs WD Verification,See source row/evidence; reproduce with dummy data only in isolated environment.,Expected behavior requires PM/WD confirmation.,v erification action being tak en — a logic bug t hat er odes user trust. R ecommendation : U pdat e status only aft er,Yes,sha256:38dfd215afbd,Needs WD Verification,Needs WD Verification,Needs WD Verification,users,Needs WD Verification,Needs WD Verification,No,No,No,No,Low,No,Unique,,Probable,"Static mapping or pattern suggests a risk, but reproduction or direct root-cause proof is incomplete.",Yes,Bug,"[Issue : "" V erified : Y es "" displa ys wit hout an y Issue : "" V erified : Y es "" displa ys wit hout an y v erification action being tak en — a logic bug t hat er odes user trust.",Needs WD Reproduction,Pending WD Assignment,Draft,Triage: Report/fix-plan finding. Document-derived issue heading; screenshot/page-level evidence needs human review. No explicit Himanshu/Harsh verification evidence found.
BUG-GEN-016,DOC-006,audit-input/06-additional-qa-ux-stress-evidence/Svarajya_UX_Audit_Analysis_Samiksha_V1 (1).pdf,6,"Issue : D OB field f eels r ead-only ; users must Issue : D OB field f eels r ead-only ; users must na vigat e t o t he separ at e E dit butt on t o change it. R ecommendation : T apping t he field dir ect ly should open a dat e pick er , as seen on CR ED and Issue : D OB field f eels r ead-only ; users must na vigat e t o t he separ at e E dit butt on t o change it. R ecommendation : T apping t he field dir ect ly should open a dat e pick er , as seen on CR ED and",Needs WD Verification,Issue : D OB field f eels r ead-only ; users must,"na vigat e t o t he separ at e E dit butt on t o change it. R ecommendation : T apping t he field dir ect ly should open a dat e pick er , as seen on CR ED and",Edit/Update,P2,"Feature can work but may save, display, calculate, or connect data incorrectly.",Needs WD Verification,See source row/evidence; reproduce with dummy data only in isolated environment.,Edits should persist and update dependent modules consistently.,"na vigat e t o t he separ at e E dit butt on t o change it. R ecommendation : T apping t he field dir ect ly should open a dat e pick er , as seen on CR ED and",Yes,sha256:38dfd215afbd,Needs WD Verification,Needs WD Verification,Needs WD Verification,users,Needs WD Verification,Needs WD Verification,No,No,No,No,Low,No,Unique,,Probable,"Static mapping or pattern suggests a risk, but reproduction or direct root-cause proof is incomplete.",Yes,Bug,[Issue : D OB field f eels r ead-only ; users must Issue : D OB field f eels r ead-only ; users must na vigat e t o t he separ at e E dit butt on t o change it. R ecommendation : T,Needs WD Reproduction,Pending WD Assignment,Draft,Triage: Report/fix-plan finding. Document-derived issue heading; screenshot/page-level evidence needs human review. No explicit Himanshu/Harsh verification evidence found.
BUG-TAX-019,DOC-007,audit-input/06-additional-qa-ux-stress-evidence/Svarajya_UX_Audit_Analysis_Samiksha_V1 (1).pdf,7,Kar / Tax,Needs WD Verification,"Issue : "" A dd por tals "" , "" A ssign access "" , and",""" T r ack healt h "" pills ar e non-tappable, missing a guided onboar ding oppor tunity . R ecommendation : L ink each pill t o it s",Responsive/UI,P3,"Primarily UI, wording, layout, or lower-risk usability issue unless WD evidence shows deeper impact.",Needs WD Verification,See source row/evidence; reproduce with dummy data only in isolated environment.,"UI should remain clear, usable, and accessible on target viewports.",""" T r ack healt h "" pills ar e non-tappable, missing a guided onboar ding oppor tunity . R ecommendation : L ink each pill t o it s",Yes,sha256:38dfd215afbd,src/app/(dashboard)/kar/page.tsx,taxService; gstService; dinService; FileUploader,/api/kar/summary; /api/kar/insights; /api/kar/tax; /api/kar/gst; /api/kar/din; /api/tax/records; /api/gst/records; /api/din/records,Prisma TaxRecord/GstRecord/DinRecord; local Vault,assessmentYear,Foundation profile; Rajya; Doot; Foundation family; bank; insurance; property; investment; Succession; Rajya; Foundation family; Sampatti; Bhoomi; Beej; Raksha; Rajya readiness views,Possible,Possible,Possible,No,Low,No,Unique,,Probable,"Static mapping or pattern suggests a risk, but reproduction or direct root-cause proof is incomplete.",Yes,Bug,"[Kar / Tax] Issue : "" A dd por tals "" , "" A ssign access "" , and",Needs WD Reproduction,Pending WD Assignment,Draft,Triage: Report/fix-plan finding. Document-derived issue heading; screenshot/page-level evidence needs human review. No explicit Himanshu/Harsh verification evidence found.
BUG-LOAN-020,DOC-008,audit-input/06-additional-qa-ux-stress-evidence/Svarajya_UX_Audit_Analysis_Samiksha_V1 (1).pdf,8,Rin / Loans,Needs WD Verification,"Issue : "" R egist er ed M obile "" dr opdo wn","options ar e not visible until ho v er ed ; same r ecurring ho v er bug, complet ely br ok en on mobile.",Responsive/UI,P3,"Primarily UI, wording, layout, or lower-risk usability issue unless WD evidence shows deeper impact.",Needs WD Verification,See source row/evidence; reproduce with dummy data only in isolated environment.,"UI should remain clear, usable, and accessible on target viewports.","options ar e not visible until ho v er ed ; same r ecurring ho v er bug, complet ely br ok en on mobile.",Yes,sha256:38dfd215afbd,src/app/(dashboard)/bhoomi/page.tsx,bhoomiService; NotificationStore; Vault,/api/bhoomi/properties; /api/bhoomi/properties/[id]; /api/loans,Prisma PropertyAsset; local Vault,type,Bhoomi; Foundation family; Khate; Rajya; education/property context,Possible,Possible,Possible,No,Low,No,Unique,,Probable,"Static mapping or pattern suggests a risk, but reproduction or direct root-cause proof is incomplete.",Yes,Bug,"[Rin / Loans] Issue : "" R egist er ed M obile "" dr opdo wn",Needs WD Reproduction,Pending WD Assignment,Draft,Triage: Report/fix-plan finding. Document-derived issue heading; screenshot/page-level evidence needs human review. No explicit Himanshu/Harsh verification evidence found.
BUG-GEN-017,DOC-009,audit-input/06-additional-qa-ux-stress-evidence/Svarajya_UX_Audit_Analysis_Samiksha_V1 (1).pdf,9,"Issue : D r opdo wn options ar e in visible until Issue : D r opdo wn options ar e in visible until ho v er ed ( critical mobile bug) and "" 2 F A E nabled "" has no e xplanation f or non- t echnical users. Issue : D r opdo wn options ar e in visible until ho v er ed ( critical mobile bug) and "" 2 F A E nabled "" has no e xplanation f or non- t echnical users.",Needs WD Verification,Issue : D r opdo wn options ar e in visible until,"ho v er ed ( critical mobile bug) and "" 2 F A E nabled "" has no e xplanation f or non- t echnical users.",Responsive/UI,P3,"Primarily UI, wording, layout, or lower-risk usability issue unless WD evidence shows deeper impact.",Needs WD Verification,See source row/evidence; reproduce with dummy data only in isolated environment.,"UI should remain clear, usable, and accessible on target viewports.","ho v er ed ( critical mobile bug) and "" 2 F A E nabled "" has no e xplanation f or non- t echnical users.",Yes,sha256:38dfd215afbd,Needs WD Verification,Needs WD Verification,Needs WD Verification,users,Needs WD Verification,Needs WD Verification,No,No,No,No,Low,No,Unique,,Probable,"Static mapping or pattern suggests a risk, but reproduction or direct root-cause proof is incomplete.",Yes,Bug,"[Issue : D r opdo wn options ar e in visible until Issue : D r opdo wn options ar e in visible until ho v er ed ( critical mobile bug) and "" 2 F A E nabled "" has no e xplanation f",Needs WD Reproduction,Pending WD Assignment,Draft,Triage: Report/fix-plan finding. Document-derived issue heading; screenshot/page-level evidence needs human review. No explicit Himanshu/Harsh verification evidence found.
BUG-GEN-018,DOC-010,audit-input/06-additional-qa-ux-stress-evidence/Svarajya_UX_Audit_Analysis_Samiksha_V1 (1).pdf,10,Issue : Plain t e xt link wit h no visual Issue : Plain t e xt link wit h no visual aff or dance ; users w on ' t r ecognise it as tappable. R ecommendation : Style it as a Issue : Plain t e xt link wit h no visual aff or dance ; users w on ' t r ecognise it as tappable. R ecommendation : Style it as a,Needs WD Verification,Issue : Plain t e xt link wit h no visual,aff or dance ; users w on ' t r ecognise it as tappable. R ecommendation : Style it as a,Unknown,P2,"Feature can work but may save, display, calculate, or connect data incorrectly.",Needs WD Verification,See source row/evidence; reproduce with dummy data only in isolated environment.,Expected behavior requires PM/WD confirmation.,aff or dance ; users w on ' t r ecognise it as tappable. R ecommendation : Style it as a,Yes,sha256:38dfd215afbd,Needs WD Verification,Needs WD Verification,Needs WD Verification,users,Needs WD Verification,Needs WD Verification,No,No,No,No,Low,No,Unique,,Probable,"Static mapping or pattern suggests a risk, but reproduction or direct root-cause proof is incomplete.",Yes,Bug,[Issue : Plain t e xt link wit h no visual Issue : Plain t e xt link wit h no visual aff or dance ; users w on ' t r ecognise it as tappable. R ecommendation : Style it as a Issue,Needs WD Reproduction,Pending WD Assignment,Draft,Triage: Report/fix-plan finding. Document-derived issue heading; screenshot/page-level evidence needs human review. No explicit Himanshu/Harsh verification evidence found.
BUG-TAX-020,DOC-011,audit-input/06-additional-qa-ux-stress-evidence/Svarajya_UX_Audit_Analysis_Samiksha_V1 (1).pdf,11,Kar / Tax,Needs WD Verification,Issue : No edit or delet e aff or dance on t he,por tal car d aft er adding ; users cannot corr ect mistak es. R ecommendation : A dd a t hr ee-dot menu or,Edit/Update,P2,"Feature can work but may save, display, calculate, or connect data incorrectly.",Needs WD Verification,See source row/evidence; reproduce with dummy data only in isolated environment.,Edits should persist and update dependent modules consistently.,por tal car d aft er adding ; users cannot corr ect mistak es. R ecommendation : A dd a t hr ee-dot menu or,Yes,sha256:38dfd215afbd,src/app/(dashboard)/kar/page.tsx,taxService; gstService; dinService; FileUploader,/api/kar/summary; /api/kar/insights; /api/kar/tax; /api/kar/gst; /api/kar/din; /api/tax/records; /api/gst/records; /api/din/records,Prisma TaxRecord/GstRecord/DinRecord; local Vault,assessmentYear,Foundation profile; Rajya; Doot; Foundation family; bank; insurance; property; investment; Succession; Rajya; Foundation family; Sampatti; Bhoomi; Beej; Raksha; Rajya readiness views,Possible,Possible,Possible,No,Low,No,Unique,,Probable,"Static mapping or pattern suggests a risk, but reproduction or direct root-cause proof is incomplete.",Yes,Bug,[Kar / Tax] Issue : No edit or delet e aff or dance on t he,Needs WD Reproduction,Pending WD Assignment,Draft,Triage: Report/fix-plan finding. Document-derived issue heading; screenshot/page-level evidence needs human review. No explicit Himanshu/Harsh verification evidence found.
BUG-INSURANCE-006,DOC-012,audit-input/06-additional-qa-ux-stress-evidence/Svarajya_UX_Audit_Analysis_Samiksha_V1 (1).pdf,12,Raksha / Insurance,Needs WD Verification,"Issue : No back butt on on t he Raksha scr een,",lea ving users str anded if t he y landed t her e b y mistak e. R ecommendation : A dd a standar d back,Unknown,P2,"Feature can work but may save, display, calculate, or connect data incorrectly.",Needs WD Verification,See source row/evidence; reproduce with dummy data only in isolated environment.,Expected behavior requires PM/WD confirmation.,lea ving users str anded if t he y landed t her e b y mistak e. R ecommendation : A dd a standar d back,Yes,sha256:38dfd215afbd,src/app/(dashboard)/suraksha/page.tsx,None,None,None,type,Foundation family; Mitra; Succession; Rajya; Doot; Auth/security concepts only; None confirmed,Possible,Possible,Possible,No,Low,No,Unique,,Probable,"Static mapping or pattern suggests a risk, but reproduction or direct root-cause proof is incomplete.",Yes,Bug,"[Raksha / Insurance] Issue : No back butt on on t he Raksha scr een,",Needs WD Reproduction,Pending WD Assignment,Draft,Triage: Report/fix-plan finding. Document-derived issue heading; screenshot/page-level evidence needs human review. No explicit Himanshu/Harsh verification evidence found.
BUG-GEN-019,DOC-013,audit-input/06-additional-qa-ux-stress-evidence/Svarajya_UX_Audit_Analysis_Samiksha_V1 (1).pdf,13,Issue : U sers can select multiple Issue : U sers can select multiple insur ance types but not hing on t he scr een indicat es t his which is lik ely t o cause confusion. Issue : U sers can select multiple insur ance types but not hing on t he scr een indicat es t his which is lik ely t o cause confusion.,Needs WD Verification,Issue : U sers can select multiple,insur ance types but not hing on t he scr een indicat es t his which is lik ely t o cause confusion.,Unknown,P2,"Feature can work but may save, display, calculate, or connect data incorrectly.",Needs WD Verification,See source row/evidence; reproduce with dummy data only in isolated environment.,Expected behavior requires PM/WD confirmation.,insur ance types but not hing on t he scr een indicat es t his which is lik ely t o cause confusion.,Yes,sha256:38dfd215afbd,Needs WD Verification,Needs WD Verification,Needs WD Verification,Needs WD Verification,Needs WD Verification,Needs WD Verification,No,No,No,No,Low,No,Unique,,Probable,"Static mapping or pattern suggests a risk, but reproduction or direct root-cause proof is incomplete.",Yes,Bug,[Issue : U sers can select multiple Issue : U sers can select multiple insur ance types but not hing on t he scr een indicat es t his which is lik ely t o cause confusion. Issue :,Needs WD Reproduction,Pending WD Assignment,Draft,Triage: Report/fix-plan finding. Document-derived issue heading; screenshot/page-level evidence needs human review. No explicit Himanshu/Harsh verification evidence found.
BUG-INSURANCE-007,DOC-014,audit-input/06-additional-qa-ux-stress-evidence/Svarajya_UX_Audit_Analysis_Samiksha_V1 (1).pdf,14,Raksha / Insurance,Needs WD Verification,Issue : Completing t he Raksha task,doesn ' t updat e it s pr ogr ess bar on t he home dashboar d - users get no sense of accomplishment.,Unknown,P2,"Feature can work but may save, display, calculate, or connect data incorrectly.",Needs WD Verification,See source row/evidence; reproduce with dummy data only in isolated environment.,Expected behavior requires PM/WD confirmation.,doesn ' t updat e it s pr ogr ess bar on t he home dashboar d - users get no sense of accomplishment.,Yes,sha256:38dfd215afbd,src/app/(dashboard)/suraksha/page.tsx,None,None,None,type,Foundation family; Mitra; Succession; Rajya; Doot; Auth/security concepts only; None confirmed,Possible,Possible,Possible,No,Low,No,Unique,,Probable,"Static mapping or pattern suggests a risk, but reproduction or direct root-cause proof is incomplete.",Yes,Bug,[Raksha / Insurance] Issue : Completing t he Raksha task,Needs WD Reproduction,Pending WD Assignment,Draft,Triage: Report/fix-plan finding. Document-derived issue heading; screenshot/page-level evidence needs human review. No explicit Himanshu/Harsh verification evidence found.
BUG-INCOME-010,DOC-015,audit-input/06-additional-qa-ux-stress-evidence/Svarajya_UX_Audit_Analysis_Samiksha_V1 (1).pdf,15,Kosh / Income,Needs WD Verification,"Issue : "" A dd Income "" , "" Analytics "" , and","""D isposable "" pills appear decor ativ e wit h no tap action. R ecommendation : L ink each pill dir ect ly t o",Unknown,P2,"Feature can work but may save, display, calculate, or connect data incorrectly.",Needs WD Verification,See source row/evidence; reproduce with dummy data only in isolated environment.,Expected behavior requires PM/WD confirmation.,"""D isposable "" pills appear decor ativ e wit h no tap action. R ecommendation : L ink each pill dir ect ly t o",Yes,sha256:38dfd215afbd,"● Confirmed - kosh/add/page.tsx (OLD store); kosh/sources/add/page.tsx (NEW store, official config route); kosh/income/[id]/edit/page.tsx",● Confirmed - PUT /api/income/{id},● Confirmed - POST /api/income -> IncomeStore updates its in-memory array and fires the request,● Confirmed - income_streams table,Not mapped,Foundation family; Khate; Rajya; Suchak; Vyaya; notifications,Possible,Possible,No,No,Low,Possible,Unique,,Probable,"Static mapping or pattern suggests a risk, but reproduction or direct root-cause proof is incomplete.",Yes,Bug,"[Kosh / Income] Issue : "" A dd Income "" , "" Analytics "" , and",Needs WD Reproduction,Pending WD Assignment,Draft,Triage: Report/fix-plan finding. Document-derived issue heading; screenshot/page-level evidence needs human review. No explicit Himanshu/Harsh verification evidence found.
BUG-INCOME-011,DOC-016,audit-input/06-additional-qa-ux-stress-evidence/Svarajya_UX_Audit_Analysis_Samiksha_V1 (1).pdf,16,Kosh / Income,Needs WD Verification,"Issue : "" Skip f or no w "" is unstyled plain t e xt wit h no","ho v er / tap indicat or ; also, once income is added t her e ' s no wa y t o edit it. R ecommendation : Style "" Skip f or no w "" as a ghost /",Edit/Update,P2,"Feature can work but may save, display, calculate, or connect data incorrectly.",Needs WD Verification,See source row/evidence; reproduce with dummy data only in isolated environment.,Edits should persist and update dependent modules consistently.,"ho v er / tap indicat or ; also, once income is added t her e ' s no wa y t o edit it. R ecommendation : Style "" Skip f or no w "" as a ghost /",Yes,sha256:38dfd215afbd,"● Confirmed - kosh/add/page.tsx (OLD store); kosh/sources/add/page.tsx (NEW store, official config route); kosh/income/[id]/edit/page.tsx",● Confirmed - PUT /api/income/{id},● Confirmed - POST /api/income -> IncomeStore updates its in-memory array and fires the request,● Confirmed - income_streams table,Not mapped,Foundation family; Khate; Rajya; Suchak; Vyaya; notifications,Possible,Possible,No,No,Low,Possible,Unique,,Probable,"Static mapping or pattern suggests a risk, but reproduction or direct root-cause proof is incomplete.",Yes,Bug,"[Kosh / Income] Issue : "" Skip f or no w "" is unstyled plain t e xt wit h no",Needs WD Reproduction,Pending WD Assignment,Draft,Triage: Report/fix-plan finding. Document-derived issue heading; screenshot/page-level evidence needs human review. No explicit Himanshu/Harsh verification evidence found.
BUG-INCOME-012,DOC-017,audit-input/06-additional-qa-ux-stress-evidence/Svarajya_UX_Audit_Analysis_Samiksha_V1 (1).pdf,17,Kosh / Income,Needs WD Verification,"Issue : Once an income sour ce is added,",t her e is no wa y t o edit it ; users ar e stuck wit h incorr ect entries. R ecommendation : A dd an edit icon or,Edit/Update,P2,"Feature can work but may save, display, calculate, or connect data incorrectly.",Needs WD Verification,See source row/evidence; reproduce with dummy data only in isolated environment.,Edits should persist and update dependent modules consistently.,t her e is no wa y t o edit it ; users ar e stuck wit h incorr ect entries. R ecommendation : A dd an edit icon or,Yes,sha256:38dfd215afbd,"● Confirmed - kosh/add/page.tsx (OLD store); kosh/sources/add/page.tsx (NEW store, official config route); kosh/income/[id]/edit/page.tsx",● Confirmed - PUT /api/income/{id},● Confirmed - POST /api/income -> IncomeStore updates its in-memory array and fires the request,● Confirmed - income_streams table,Not mapped,Foundation family; Khate; Rajya; Suchak; Vyaya; notifications,Possible,Possible,No,No,Low,Possible,Unique,,Probable,"Static mapping or pattern suggests a risk, but reproduction or direct root-cause proof is incomplete.",Yes,Bug,"[Kosh / Income] Issue : Once an income sour ce is added,",Needs WD Reproduction,Pending WD Assignment,Draft,Triage: Report/fix-plan finding. Document-derived issue heading; screenshot/page-level evidence needs human review. No explicit Himanshu/Harsh verification evidence found.
BUG-GEN-020,DOC-018,audit-input/06-additional-qa-ux-stress-evidence/Svarajya_UX_Audit_Analysis_Samiksha_V1 (1).pdf,18,"Issue : No back butt on pr esent ; ne w users also Issue : No back butt on pr esent ; ne w users also ha v e no description of what K osh & Pr a v ah means or does. R ecommendation : A dd a back arr o w and a "" W hat Issue : No back butt on pr esent ; ne w users also ha v e no description of what K osh & Pr a v ah means or does. R ecommendation : A dd a back arr o w and a "" W hat",Needs WD Verification,Issue : No back butt on pr esent ; ne w users also,"ha v e no description of what K osh & Pr a v ah means or does. R ecommendation : A dd a back arr o w and a "" W hat",Unknown,P2,"Feature can work but may save, display, calculate, or connect data incorrectly.",Needs WD Verification,See source row/evidence; reproduce with dummy data only in isolated environment.,Expected behavior requires PM/WD confirmation.,"ha v e no description of what K osh & Pr a v ah means or does. R ecommendation : A dd a back arr o w and a "" W hat",Yes,sha256:38dfd215afbd,Needs WD Verification,Needs WD Verification,Needs WD Verification,users,Needs WD Verification,Needs WD Verification,No,No,No,No,Low,No,Unique,,Probable,"Static mapping or pattern suggests a risk, but reproduction or direct root-cause proof is incomplete.",Yes,Bug,[Issue : No back butt on pr esent ; ne w users also Issue : No back butt on pr esent ; ne w users also ha v e no description of what K osh & Pr a v ah means or does. R ecommendatio,Needs WD Reproduction,Pending WD Assignment,Draft,Triage: Report/fix-plan finding. Document-derived issue heading; screenshot/page-level evidence needs human review. No explicit Himanshu/Harsh verification evidence found.
BUG-BANK-013,DOC-019,audit-input/06-additional-qa-ux-stress-evidence/Svarajya_UX_Audit_Analysis_Samiksha_V1 (1).pdf,19,Pravah / Banking,Needs WD Verification,Issue : The sa v e / submit butt on is pushed out of,vie w b y t he k e yboar d when filling in account details. R ecommendation : Pin t he butt on abo v e t he,Save/Create,P2,"Feature can work but may save, display, calculate, or connect data incorrectly.",Needs WD Verification,See source row/evidence; reproduce with dummy data only in isolated environment.,Record should save once to the authoritative persistence layer and be visible after refresh/re-login.,vie w b y t he k e yboar d when filling in account details. R ecommendation : Pin t he butt on abo v e t he,Yes,sha256:38dfd215afbd,src/app/(dashboard)/khate/accounts/page.tsx,bankService; bankApi; BankStore in src/lib and src/lib/stores,/api/bank; /api/bank/[id],Prisma BankAccount/CashWallet/BalanceHistory; browser stores,bankName,Kosh; Vyaya; Rajya; Suchak; Leakage,Possible,Possible,No,No,Low,No,Unique,,Probable,"Static mapping or pattern suggests a risk, but reproduction or direct root-cause proof is incomplete.",Yes,Bug,[Pravah / Banking] Issue : The sa v e / submit butt on is pushed out of,Needs WD Reproduction,Pending WD Assignment,Draft,Triage: Report/fix-plan finding. Document-derived issue heading; screenshot/page-level evidence needs human review. No explicit Himanshu/Harsh verification evidence found.
BUG-TAX-021,DOC-020,audit-input/06-additional-qa-ux-stress-evidence/Svarajya_UX_Audit_Analysis_Samiksha_V1 (1).pdf,20,Kar / Tax,Needs WD Verification,"Issue : Completing tasks wit hin modules ( e.g.,","M itr a, K osh) doesn ' t updat e t heir pr ogr ess bars on t he home dashboar d ; all car ds still sho w W ARNIN G / CRITIC A L r egar dless of actions tak en.",Unknown,P2,"Feature can work but may save, display, calculate, or connect data incorrectly.",Needs WD Verification,See source row/evidence; reproduce with dummy data only in isolated environment.,Expected behavior requires PM/WD confirmation.,"M itr a, K osh) doesn ' t updat e t heir pr ogr ess bars on t he home dashboar d ; all car ds still sho w W ARNIN G / CRITIC A L r egar dless of actions tak en.",Yes,sha256:38dfd215afbd,src/app/(dashboard)/kar/page.tsx,taxService; gstService; dinService; FileUploader,/api/kar/summary; /api/kar/insights; /api/kar/tax; /api/kar/gst; /api/kar/din; /api/tax/records; /api/gst/records; /api/din/records,Prisma TaxRecord/GstRecord/DinRecord; local Vault,assessmentYear,Foundation profile; Rajya; Doot; Foundation family; bank; insurance; property; investment; Succession; Rajya; Foundation family; Sampatti; Bhoomi; Beej; Raksha; Rajya readiness views,Possible,Possible,Possible,No,Low,No,Unique,,Probable,"Static mapping or pattern suggests a risk, but reproduction or direct root-cause proof is incomplete.",Yes,Bug,"[Kar / Tax] Issue : Completing tasks wit hin modules ( e.g.,",Needs WD Reproduction,Pending WD Assignment,Draft,Triage: Report/fix-plan finding. Document-derived issue heading; screenshot/page-level evidence needs human review. No explicit Himanshu/Harsh verification evidence found.
BUG-AUTH-001,BUG-001,audit-input/06-additional-qa-ux-stress-evidence/bugs_fix_implementation_plan (1).md,1,Rajya / Dashboard,/public,* **BUG-001 (Manifest error)**:,* **Diagnosis**: Next.js 404s the manifest because `manifest.json` does not exist in `rajya-simulator/public`. * **Fix**: Copy the valid manifest from `apps/rajya-simulator/public/manifest.json` to the correct public directory. * **BUG-002 (noise.svg 403 Forbidden)**:,Navigation,P1,Important user journey or shared module behavior may be blocked or materially degraded.,Needs WD Verification,See source row/evidence; reproduce with dummy data only in isolated environment.,Expected behavior requires PM/WD confirmation.,* **Diagnosis**: Next.js 404s the manifest because `manifest.json` does not exist in `rajya-simulator/public`. * **Fix**: Copy the valid manifest from `apps/rajya-simulator/public/manifest.json` to the correct public directory. * **BUG-002 (noise.svg 403 Forbidden)**:,Yes,sha256:e554cf3400b8,src/app/(dashboard)/lakshya/page.tsx,None,None,Prisma Goal model exists but no route integration was found for this page,Needs WD Verification,Foundation; Pehchaan; Kosh; Vyaya; Khate; Raksha; Rin; others; Read-only aggregation intended,Yes,No,No,No,Low,No,Possible Duplicate,BUG-AUTH-001,Probable,"Static mapping or pattern suggests a risk, but reproduction or direct root-cause proof is incomplete.",Yes,Bug,[Rajya / Dashboard] * **BUG-001 (Manifest error)**:,Move to P0/P1 Impact Report,Pending WD Assignment,Draft,Triage: Report/fix-plan finding. Document-derived issue heading; screenshot/page-level evidence needs human review. No explicit Himanshu/Harsh verification evidence found.
BUG-AUTH-035,BUG-002,audit-input/06-additional-qa-ux-stress-evidence/bugs_fix_implementation_plan (1).md,2,"* **BUG-002 (noise.svg 403 Forbidden)**: * **BUG-002 (noise.svg 403 Forbidden)**: * **Diagnosis**: `src/app/intro/page.tsx` relies on an external Vercel app URL (`https://grainy-gradients.vercel.app/noise.svg`) which has been rate-limited or taken down. * **Fix**: Implement a standard CSS radial gradient/noise filter fallback or generate a local `noise.svg` data URI. * **BUG-003, BUG-004 & Supabase Rate Limiting**: * **BUG-002 (noise.svg 403 Forbidden)**: * **Diagnosis**: `src/app/intro/page.tsx` relies on an external Vercel app URL (`https://grainy-gradients.vercel.app/noise.svg`) which has been rate-limited or taken down. * **Fix**: Implement a standard CSS radial gradient/noise filter fallback or generate a local `noise.svg` data URI. * **BUG-003, BUG-004 & Supabase Rate Limiting**:",/app/intro/page,* **BUG-002 (noise.svg 403 Forbidden)**:,"* **Diagnosis**: `src/app/intro/page.tsx` relies on an external Vercel app URL (`https://grainy-gradients.vercel.app/noise.svg`) which has been rate-limited or taken down. * **Fix**: Implement a standard CSS radial gradient/noise filter fallback or generate a local `noise.svg` data URI. * **BUG-003, BUG-004 & Supabase Rate Limiting**:",Configuration,P2,"Feature can work but may save, display, calculate, or connect data incorrectly.",Needs WD Verification,See source row/evidence; reproduce with dummy data only in isolated environment.,Expected behavior requires PM/WD confirmation.,"* **Diagnosis**: `src/app/intro/page.tsx` relies on an external Vercel app URL (`https://grainy-gradients.vercel.app/noise.svg`) which has been rate-limited or taken down. * **Fix**: Implement a standard CSS radial gradient/noise filter fallback or generate a local `noise.svg` data URI. * **BUG-003, BUG-004 & Supabase Rate Limiting**:",Yes,sha256:e554cf3400b8,Needs WD Verification,Needs WD Verification,Needs WD Verification,Needs WD Verification,Needs WD Verification,Needs WD Verification,No,No,No,Yes,Low,No,Possible Duplicate,BUG-AUTH-035,Probable,"Static mapping or pattern suggests a risk, but reproduction or direct root-cause proof is incomplete.",Yes,Bug,[* **BUG-002 (noise.svg 403 Forbidden)**: * **BUG-002 (noise.svg 403 Forbidden)**: * **Diagnosis**: `src/app/intro/page.tsx` relies on an external Vercel app URL (`https://grainy-g,Needs Supabase Verification,Pending WD Assignment,Draft,Triage: Report/fix-plan finding. Document-derived issue heading; screenshot/page-level evidence needs human review. No explicit Himanshu/Harsh verification evidence found.
BUG-AUTH-036,BUG-003,audit-input/06-additional-qa-ux-stress-evidence/bugs_fix_implementation_plan (1).md,3,Authentication,/page,"* **BUG-003, BUG-004 & Supabase Rate Limiting**:","* **Diagnosis**: `start/page.tsx` forcibly attempts `signInWithPassword` immediately after `signUp`. If email confirmation is enabled, this throws a HTTP 400 error. Duplicate `onAuthStateChange` listeners or the `AuthSync` loop also lead to 400s. * **Fix**: Update `handleAuth` in `start/page.tsx` to explicitly handle the `signUp` confirmation state gracefully instead of failing login natively. * **iOS Safari Data Loss (OPFS/IndexedDB)**:",Auth,P2,"Feature can work but may save, display, calculate, or connect data incorrectly.",Needs WD Verification,See source row/evidence; reproduce with dummy data only in isolated environment.,"User should authenticate, recover account, or complete auth callback through the intended route without unsafe session behavior.","* **Diagnosis**: `start/page.tsx` forcibly attempts `signInWithPassword` immediately after `signUp`. If email confirmation is enabled, this throws a HTTP 400 error. Duplicate `onAuthStateChange` listeners or the `AuthSync` loop also lead to 400s. * **Fix**: Update `handleAuth` in `start/page.tsx` to explicitly handle the `signUp` confirmation state gracefully instead of failing login natively. * **iOS Safari Data Loss (OPFS/IndexedDB)**:",Yes,sha256:e554cf3400b8,src/app/(dashboard)/foundation/page.tsx,userService; educationService; familyService; OnboardingStore,/api/profile; /api/education; /api/family,Prisma User/Education/FamilyMember; Supabase Auth metadata and profile-photos Storage; local Vault,Needs WD Verification,Authentication,No,No,No,Yes,High,No,Possible Duplicate,BUG-AUTH-036,Probable,"Static mapping or pattern suggests a risk, but reproduction or direct root-cause proof is incomplete.",Yes,Bug,"[Authentication] * **BUG-003, BUG-004 & Supabase Rate Limiting**:",Needs Auth Review,Pending WD Assignment,Draft,Triage: Report/fix-plan finding. Document-derived issue heading; screenshot/page-level evidence needs human review. No explicit Himanshu/Harsh verification evidence found.
BUG-IDENTITY-003,BUG-009,audit-input/06-additional-qa-ux-stress-evidence/bugs_fix_implementation_plan (1).md,4,Authentication,/components/vault/FileUploader,* **BUG-009 (Duplicate files in Nidhi Vault)**:,"* **Diagnosis**: In `src/components/vault/FileUploader.tsx`, the `onUploaded` callback fires twice (once in `handleFile` and again in `handleSaveDetails`), appending duplicates to the state array. * **Fix**: Update `handleSaveDetails` to pass an `isUpdate` flag to `onUploaded` so the parent component overrides the entry instead of pushing a duplicate. * **BUG-010 (Alert cards non-functional) & Session Logout**:",Auth,P2,"Feature can work but may save, display, calculate, or connect data incorrectly.",Needs WD Verification,See source row/evidence; reproduce with dummy data only in isolated environment.,"User should authenticate, recover account, or complete auth callback through the intended route without unsafe session behavior.","* **Diagnosis**: In `src/components/vault/FileUploader.tsx`, the `onUploaded` callback fires twice (once in `handleFile` and again in `handleSaveDetails`), appending duplicates to the state array. * **Fix**: Update `handleSaveDetails` to pass an `isUpdate` flag to `onUploaded` so the parent component overrides the entry instead of pushing a duplicate. * **BUG-010 (Alert cards non-functional) & Session Logout**:",Yes,sha256:e554cf3400b8,src/app/(dashboard)/foundation/page.tsx,userService; educationService; familyService; OnboardingStore,/api/profile; /api/education; /api/family,Prisma User/Education/FamilyMember; Supabase Auth metadata and profile-photos Storage; local Vault,Needs WD Verification,Needs WD Verification,No,No,No,Yes,Low,No,Possible Duplicate,BUG-IDENTITY-003,Probable,"Static mapping or pattern suggests a risk, but reproduction or direct root-cause proof is incomplete.",Yes,Bug,[Authentication] * **BUG-009 (Duplicate files in Nidhi Vault)**:,Needs Auth Review,Pending WD Assignment,Draft,Triage: Report/fix-plan finding. Document-derived issue heading; screenshot/page-level evidence needs human review. No explicit Himanshu/Harsh verification evidence found.
BUG-PROFILE-002,BUG-010,audit-input/06-additional-qa-ux-stress-evidence/bugs_fix_implementation_plan (1).md,5,Authentication,/links,* **BUG-010 (Alert cards non-functional) & Session Logout**:,* **Diagnosis**: Missing `<Link>` wrapping around alert cards and missing click propagation on the logout bounds. * **Fix**: Replace non-interactive `div` wrappers with semantic buttons/links in `Dashboard/Alerts`. * **Data Inconsistency (8000 -> 7999)**:,Auth,P2,"Feature can work but may save, display, calculate, or connect data incorrectly.",Needs WD Verification,See source row/evidence; reproduce with dummy data only in isolated environment.,"User should authenticate, recover account, or complete auth callback through the intended route without unsafe session behavior.",* **Diagnosis**: Missing `<Link>` wrapping around alert cards and missing click propagation on the logout bounds. * **Fix**: Replace non-interactive `div` wrappers with semantic buttons/links in `Dashboard/Alerts`. * **Data Inconsistency (8000 -> 7999)**:,Yes,sha256:e554cf3400b8,src/app/(dashboard)/foundation/page.tsx,userService; educationService; familyService; OnboardingStore,/api/profile; /api/education; /api/family,Prisma User/Education/FamilyMember; Supabase Auth metadata and profile-photos Storage; local Vault,Needs WD Verification,Dashboard,No,No,No,Yes,Low,No,Possible Duplicate,BUG-PROFILE-002,Probable,"Static mapping or pattern suggests a risk, but reproduction or direct root-cause proof is incomplete.",Yes,Bug,[Authentication] * **BUG-010 (Alert cards non-functional) & Session Logout**:,Needs Auth Review,Pending WD Assignment,Draft,Triage: Report/fix-plan finding. Document-derived issue heading; screenshot/page-level evidence needs human review. No explicit Himanshu/Harsh verification evidence found.
BUG-AUTH-008,BUG-011,audit-input/06-additional-qa-ux-stress-evidence/bugs_fix_implementation_plan (1).md,6,Sthapana / Foundation,/20,* **BUG-011 & BUG-012 (Accessibility)**:,"* **Fix**: Inject native `aria-label` tags into interactive icon buttons. Bump contrast opacities from `text-white/20` up to `text-white/50` for dim typography. * **Missing Digit Limits & Decimal Rejection**: * **Fix**: Add strict `maxLength={10}` on mobile number inputs in Sthapana. Allow `.01` step size for `type=""number""` inputs in Vyaya (Expenses) and Nivesh (Investments).",Save/Create,P2,"Feature can work but may save, display, calculate, or connect data incorrectly.",Needs WD Verification,See source row/evidence; reproduce with dummy data only in isolated environment.,Record should save once to the authoritative persistence layer and be visible after refresh/re-login.,"* **Fix**: Inject native `aria-label` tags into interactive icon buttons. Bump contrast opacities from `text-white/20` up to `text-white/50` for dim typography. * **Missing Digit Limits & Decimal Rejection**: * **Fix**: Add strict `maxLength={10}` on mobile number inputs in Sthapana. Allow `.01` step size for `type=""number""` inputs in Vyaya (Expenses) and Nivesh (Investments).",Yes,sha256:e554cf3400b8,src/app/(dashboard)/dwaar/portals/page.tsx,credentialService; CredentialStore; IdentityStore,/api/credentials; /api/credentials/[id]; /api/profile,Prisma CredentialRecord; browser client stores,name,Auth; Rin; Raksha; Most user-owned modules,Possible,Possible,Possible,No,Low,Possible,Possible Duplicate,BUG-AUTH-008,Probable,"Static mapping or pattern suggests a risk, but reproduction or direct root-cause proof is incomplete.",Yes,Bug,[Sthapana / Foundation] * **BUG-011 & BUG-012 (Accessibility)**:,Needs WD Reproduction,Pending WD Assignment,Draft,Triage: Report/fix-plan finding. Document-derived issue heading; screenshot/page-level evidence needs human review. No explicit Himanshu/Harsh verification evidence found.
BUG-PERF-002,DOC-SUMMARY,audit-input/06-additional-qa-ux-stress-evidence/k6_stress_test_report.pdf,1,Performance / Stress,Needs WD Verification,Stress Testing Report (k6),1. Overview A stress test was conducted on the target website using k6 to evaluate system performance under increasing user load. - Tool Used: k6,Performance,P2,"Feature can work but may save, display, calculate, or connect data incorrectly.",Needs WD Verification,See source row/evidence; reproduce with dummy data only in isolated environment.,Expected behavior requires PM/WD confirmation.,1. Overview A stress test was conducted on the target website using k6 to evaluate system performance under increasing user load. - Tool Used: k6,Yes,sha256:0a4d5ae8a225,Needs WD Verification,Needs WD Verification,Needs WD Verification,users,Needs WD Verification,Needs WD Verification,No,No,No,No,Low,No,Unique,,Unconfirmed,"Source row/report exists, but current live reproduction, code proof, or WD verification is missing.",Yes,Bug,[Performance / Stress] Stress Testing Report (k6),Needs WD Reproduction,Pending WD Assignment,Draft,Triage: Report/fix-plan finding. Document-derived issue heading; screenshot/page-level evidence needs human review. No explicit Himanshu/Harsh verification evidence found.
