Raw Source Row ID,Source Name,Source File / Sheet,Owner Team,Source Row / Evidence ID,Source Bug ID,Module,Screen / Route,Title,Description / Finding,Raw Severity / Priority,Raw Status,Evidence Reference,Triage Outcome,Triage Reason,Include In Master,Master Candidate ID,Duplicate Candidate
RAW-0001,PM verified bug register,audit-input/03-bug-and-evidence/PM_VERIFIED_BUGS.csv,PM,2,PM-1,Authentication,/password,Google login restricted to test users (app unverified in Google Cloud),"Standing restriction hit every session: non-test Google accounts get Error 403 access_denied (report screenshot). Entire test effort has run on the registered test account (dummyuser@example.com, email/password) + Skip Verification BECAUSE of this gate. | Re-confirmed as the active operating constraint across 08-07 -> 11-07 sessions; Journey A step 1 records it still blocks NEW Google accounts (2026-07-12). Environmental/config (Google Cloud OAuth consent screen unverified / testers allow-list), not app code. | Config-level, not code. Fix = complete Google OAuth verification / publish consent screen (or keep an explicit testers allow-list). Workaround IN USE: email/password signup works, so the app is still enterable -> P1, not P0. NB: a reviewer reading login=P0 strictly may escalate. Do NOT edit Google auth settings (ground rule 4); route via Jira.",P1,Confirmed,—,Valid bug,PM verified register row retained; WD verification still required.,Yes,BUG-AUTH-001,BUG-AUTH-001
RAW-0002,PM verified bug register,audit-input/03-bug-and-evidence/PM_VERIFIED_BUGS.csv,PM,3,PM-2,Authentication,/api/auth/send-reset,Password reset link errors; auto-logs-in without resetting,"Run 1 (12-07): send-reset OK (POST /api/auth/send-reset 200). Opened recovery link — token ACCEPTED (Supabase minted a valid session), redirect landed on www.svarajya.com root. Inconclusive on end-state: navigated away too quickly and consumed the single-use token. | Run 2 (12-07, fresh link, clean): followed the link WITHOUT navigating away. (a) Token ACCEPTED — valid session JWT minted for the account (NOT the report's 'Invalid token' error). (b) redirect_to (svarajya.vercel.app/reset-password) IGNORED -> landed on the www.svarajya.com MARKETING landing page (Home/Features/Story/Login), not /reset-password and not /rajya. (c) Tokens sit in the URL fragment but are NEVER consumed: network shows NO token-exchange call, localStorage has no auth keys, UI is logged-out -> NO auto-login. (d) Password never resettable (no reset screen reached). | REPORTED SYMPTOMS NOT REPRODUCED on current production: no 'invalid token' error (token is accepted), and no auto-login/redirect-to-/rajya (the minted session is never consumed at the marketing landing). SECURITY FRAMING CORRECTED: my earlier 'possible auth-bypass / P0' concern does NOT hold — a clean run shows the recovery link does not establish a session on the landing page (no Supabase client there to consume the fragment). Residual security note is minor: a valid bearer JWT is briefly exposed in the URL fragment (history/referrer) — hygiene, not account takeover. THE REAL, REPRODUCIBLE DEFECT is that email password reset is broken end-to-end because the link lands on the marketing root instead of /reset-password — tracked and confirmed as NB-018 (upgraded to P1). Kept at P1 as a cluster member with NB-018 (one fix). Do NOT edit Supabase/auth config (ground rule 4); route via Jira.",P1,Behaviour changed,Same cluster as NB-018 (the live reset-broken defect),Valid bug,PM verified register row retained; WD verification still required.,Yes,BUG-AUTH-002,BUG-AUTH-002
RAW-0003,PM verified bug register,audit-input/03-bug-and-evidence/PM_VERIFIED_BUGS.csv,PM,4,PM-3,Authentication,/OTP,Hide button spacing off,| | Onboarding step-0 Hide button reachable only via profile-EDIT wizard replay (NB-003) ending at broken OTP (NB-001) — access path itself defective. Retest after wizard/OTP fixes.,Low,Blocked — cannot test,,Valid bug,PM verified register row retained; WD verification still required.,Yes,BUG-AUTH-003,BUG-AUTH-003
RAW-0004,PM verified bug register,audit-input/03-bug-and-evidence/PM_VERIFIED_BUGS.csv,PM,5,PM-4,Onboarding,/NB-001,Future DOB shows wrong error message,| | Future-DOB message requires wizard DOB step; same defective access path (NB-003/NB-001). Retest after fixes.,Medium,Blocked — cannot test,,Valid bug,PM verified register row retained; WD verification still required.,Yes,BUG-AUTH-003,BUG-AUTH-003
RAW-0005,PM verified bug register,audit-input/03-bug-and-evidence/PM_VERIFIED_BUGS.csv,PM,6,PM-5,Authentication,/billing-not-enabled,Mobile OTP was static '1234' (dev mode),"Send OTP now fails with Firebase auth/billing-not-enabled (tester-reproduced 08-07, NB-001); static-1234 path unreachable. | Standing state across 08-07 to 11-07 sessions; no dev-mode code observable. | Report described dev-mode static OTP; current build fails earlier at the send step. Verification journey still broken, differently.",P1,Behaviour changed,,Valid bug,PM verified register row retained; WD verification still required.,Yes,BUG-AUTH-004,BUG-AUTH-004
RAW-0006,PM verified bug register,audit-input/03-bug-and-evidence/PM_VERIFIED_BUGS.csv,PM,7,PM-6,Authentication,/5,Duplicate save buttons in add-member form,"Add-member form open: BOTH Link to Profile and Save & Continue (1/5 members) rendered together (10-07). | Same dual-button state observed and logged 09-07 (prior session, documented). | Two dated observations across two days.",P3,Confirmed,,Valid bug,PM verified register row retained; WD verification still required.,Yes,BUG-AUTH-005,BUG-AUTH-005
RAW-0007,PM verified bug register,audit-input/03-bug-and-evidence/PM_VERIFIED_BUGS.csv,PM,8,PM-7,Authentication,/5,Duplicate buttons after adding member,"Tree view with 1 member: BOTH Forge New Link (Max 5) and Save & Continue (1/5 members) rendered together (10-07). | Same state observed and logged 09-07 (prior session, documented). |",P3,Confirmed,,Valid bug,PM verified register row retained; WD verification still required.,Yes,BUG-AUTH-006,BUG-AUTH-006
RAW-0008,PM verified bug register,audit-input/03-bug-and-evidence/PM_VERIFIED_BUGS.csv,PM,9,PM-8,Sthapana / Foundation,/blur,Email accepts only @gmail.com,REVERSAL: tester attempted family member with dummyuser@example.com -> Link to Profile blocked with Only @gmail.com email addresses are allowed (11-07). | Earlier change/blur events produced no message — validation fires at SUBMIT (the exact caveat recorded on 10-07). Original verdict corrected. | INTEGRITY NOTE: previous Behaviour-changed verdict reversed with new evidence; validation is submit-time only (itself a UX note: no inline feedback until submit).,P2,Confirmed,,Valid bug,PM verified register row retained; WD verification still required.,Yes,BUG-PROFILE-001,BUG-PROFILE-001
RAW-0009,PM verified bug register,audit-input/03-bug-and-evidence/PM_VERIFIED_BUGS.csv,PM,10,PM-9,Authentication,/already-registered,Duplicate/already-registered emails accepted,"| | Duplicate-email scenario currently unconstructible: gmail-only gate (Bug 8) blocks the registered login email, and NB-002 loses stored member emails so no in-system duplicate exists to collide with. Retest after Bug 8/NB-002 fixes.",Medium,Blocked — cannot test,,Valid bug,PM verified register row retained; WD verification still required.,Yes,BUG-AUTH-007,BUG-AUTH-007
RAW-0010,PM verified bug register,audit-input/03-bug-and-evidence/PM_VERIFIED_BUGS.csv,PM,11,PM-10,Sthapana / Foundation,Needs WD Verification,'Add Another' and 'Save & Continue' shown together,"Both Add Another Qualification and Save & Continue to Dashboard rendered together (11-07, 1 qualification present). | Same dual-button state observed and logged 09-07 after qualification save. | Two dated observations.",P3,Confirmed,,Valid bug,PM verified register row retained; WD verification still required.,Yes,BUG-PROFILE-002,BUG-PROFILE-002
RAW-0011,PM verified bug register,audit-input/03-bug-and-evidence/PM_VERIFIED_BUGS.csv,PM,12,PM-11,Authentication,/relink,Google Drive link redirects to Pehchaan,| | Post-OAuth redirect target not observed during the single one-time Drive grant; reproducing requires unlink/relink of Google account. Retest on a fresh account or after unlink.,Medium,Blocked — cannot test,,Valid bug,PM verified register row retained; WD verification still required.,Yes,BUG-AUTH-008,BUG-AUTH-008
RAW-0012,PM verified bug register,audit-input/03-bug-and-evidence/PM_VERIFIED_BUGS.csv,PM,13,PM-12,Sthapana / Foundation,Needs WD Verification,Education-loan toggle not saving to DB,Toggle switched ON during Add by tester; saved record stores linkedLoanId: null (API) and loan indicator absent after save. | Consistent with report Bug 12 description and 06-06 evidence. | Silent-field-loss family. Data-level proof: toggle ON -> null.,P2,Confirmed,,Valid bug,PM verified register row retained; WD verification still required.,Yes,BUG-PROFILE-003,BUG-PROFILE-003
RAW-0013,PM verified bug register,audit-input/03-bug-and-evidence/PM_VERIFIED_BUGS.csv,PM,14,PM-13,Sthapana / Foundation,Needs WD Verification,Doc doesn't move to new member's Drive folder on ownership change,"| | Folder-move behavior requires real Drive storage; NB-013 shows no files reach Drive on this account (no consent, no folder, fabricated URLs). Untestable until storage layer exists.",Medium,Blocked — cannot test,,Valid bug,PM verified register row retained; WD verification still required.,Yes,BUG-PROFILE-004,BUG-PROFILE-004
RAW-0014,PM verified bug register,audit-input/03-bug-and-evidence/PM_VERIFIED_BUGS.csv,PM,15,PM-14,Sthapana / Foundation,/Edit,Education-loan toggle missing on edit page,Tester opened edit form on existing qualification: NO Education Loan toggle present (Add form has it). | Matches report exactly; deterministic UI structure. | Add/Edit field parity defect; compounds Bug 12 (even a persisted flag would be uneditable).,P2,Confirmed,,Valid bug,PM verified register row retained; WD verification still required.,Yes,BUG-PROFILE-003,BUG-PROFILE-003
RAW-0015,PM verified bug register,audit-input/03-bug-and-evidence/PM_VERIFIED_BUGS.csv,PM,16,PM-15,Sthapana / Foundation,/foundation,Foundation dashboard card UI inconsistent,"DOM measurement run 1 (fresh load in test tab, 1470px viewport / clientWidth 1464): Foundation header info-card = 790px wide (x 328->1118), p-4. Reference: Bhoomi header card, IDENTICAL full class string AND identical row composition (36px back button + 12px gap inside the same 872px header row) = 808px (x 328->1136). 18px width inconsistency between the two modules sharing the card recipe. | Run 2 (independent loads: Bhoomi measured in the already-open tester tab AND re-measured on a fresh load in the test tab; Foundation re-probed after a navigation round-trip): deterministic — 790 vs 808 again. Parent chains identical on both pages (header row 872px @ x280; content column 920px @ x256; margin-right 0 on both cards). | ROOT CAUSE (fix-ready): the header info-card has NO width constraint (no flex-1 / w-full; margin-right 0), so as a plain flex item it is CONTENT-SIZED — each module's card width floats with its description text length (790 vs 808 inside identical 872px rows). One-line fix: add flex-1 to the shared header-card component. This also explains Bug 31 AND why the 10-07 automation found 'no difference' (it measured the fixed-width 872px title ROW, not the card). Report says 'on the dashboard'; the element actually sits at the top of /foundation and matches the report screenshot exactly (back arrow + info icon + Profile/Family/Education chips). Human visual pass now optional — a deterministic DOM delta exists; screenshot captured for a reporter's-eye check anyway.",P3,Confirmed,Same root cause as Bug 31 (module header-card family) — one Jira ticket,Valid bug,PM verified register row retained; WD verification still required.,Yes,BUG-PROFILE-005,BUG-PROFILE-005
RAW-0016,PM verified bug register,audit-input/03-bug-and-evidence/PM_VERIFIED_BUGS.csv,PM,17,PM-16,Kunji / Credentials,Needs WD Verification,Reveal Password button does nothing,"| | Created portal (HDFC test, encrypted mode, master-password vault set up) does not appear in the portal list (NB-016) — no portal can be opened, so Reveal Password is unreachable. Retest after NB-016 fix.",Medium,Blocked — cannot test,,Valid bug,PM verified register row retained; WD verification still required.,Yes,BUG-CREDENTIAL-001,BUG-CREDENTIAL-001
RAW-0017,PM verified bug register,audit-input/03-bug-and-evidence/PM_VERIFIED_BUGS.csv,PM,18,PM-17,Kunji / Credentials,/dwaar/portals/add,Registration date accepts future dates,"Route /dwaar/portals/add, step 2: Registration Date set to 12/12/2030 (far future) by tester -> ACCEPTED, no validation message. | Consistent with report; single tester observation (P3 cosmetic-adjacent, low reproduction risk). | Kunji route = /dwaar/portals; add form is 2-step (step1 category/platform/URL, step2 credentials + registration date). Reg date is optional per PRD 3.2.",P3,Confirmed,,Valid bug,PM verified register row retained; WD verification still required.,Yes,BUG-CREDENTIAL-002,BUG-CREDENTIAL-002
RAW-0018,PM verified bug register,audit-input/03-bug-and-evidence/PM_VERIFIED_BUGS.csv,PM,19,PM-18,Rin / Loans,/12000,"Amount fields: stuck leading 0, no rupee symbol","Typed 8000 into Premium Amount → field showed 80000 (default 0 merged at caret-start) — a plausible-looking 10x corruption of a financial amount. | Caret at end → 08000 (exact reported symptom). Select-all + Delete snaps field back to 0 — cannot be emptied. | SEVERITY NUANCE FINAL: leading-zero display variant is cosmetic at rest (API stored 1000000/12000 correctly, zeros stripped). Caret-at-start variant (tester-corroborated 10-07/11-07) produces value x10 which parses as legitimate and WOULD store wrong — the real data risk. Rupee in label only.",P2,Confirmed,,Valid bug,PM verified register row retained; WD verification still required.,Yes,BUG-LOAN-001,BUG-LOAN-001
RAW-0019,PM verified bug register,audit-input/03-bug-and-evidence/PM_VERIFIED_BUGS.csv,PM,20,PM-19,Raksha / Insurance,/01/2024,Next due date accepts past dates,"Set Next Due Date = 01/01/2024 (2.5 yrs past) → accepted; NO validation message anywhere in form; 'SEAL SHIELD' save button remained enabled. | Fresh form: 2025-06-15 set via React change handler -> accepted; no validation message; tester visual corroboration on screen. | Attempt 1 keyboard, attempt 2 change-handler. Human corroboration 10-07: submit attempt was blocked ONLY by native required validation on Insurer Name — the past date raised nothing. Native validation exists on the form; dates are exempt.",P2,Confirmed,,Valid bug,PM verified register row retained; WD verification still required.,Yes,BUG-INSURANCE-001,BUG-INSURANCE-001
RAW-0020,PM verified bug register,audit-input/03-bug-and-evidence/PM_VERIFIED_BUGS.csv,PM,21,PM-20,Sthapana / Foundation,/raksha/policies/add,Doc upload missing in Add form (present in Edit),"Inspected /raksha/policies/add: no file input; zero upload/attach/document mentions (sections: Policy Foundation, Financial Cover, Beneficiaries & Coverage only). | Fresh-load re-inspection: hasFileInput=false, zero upload/attach/document mentions. | Full form human-scrolled 10-07: Policy Foundation, Financial Cover, Beneficiaries & Coverage (covered members, primary nominee, agent/contact) — no upload block anywhere. Nominee helper text confirms filter on Nominee Eligible flag (see NB-004).",P3,Confirmed,,Valid bug,PM verified register row retained; WD verification still required.,Yes,BUG-PROFILE-006,BUG-PROFILE-006
RAW-0021,PM verified bug register,audit-input/03-bug-and-evidence/PM_VERIFIED_BUGS.csv,PM,22,PM-21,Sthapana / Foundation,Needs WD Verification,Uploaded doc -> Drive 'file not found',"Tester uploaded doc to policy TEST-POL-1234; View -> same phantom Drive URL failure as Bug 25. | Root cause established (internal ID in Drive URL, DUP-1); occurred even AFTER Drive account was linked — Raksha view-URL bug independent of Drive state. | DUP-1 family complete: 21+25 confirmed, 34 expected identical.",P2,Confirmed,,Valid bug,PM verified register row retained; WD verification still required.,Yes,BUG-PROFILE-007,BUG-PROFILE-007
RAW-0022,PM verified bug register,audit-input/03-bug-and-evidence/PM_VERIFIED_BUGS.csv,PM,23,PM-22,Pravah / Banking,Needs WD Verification,Multiple accounts can be marked primary,"Tester created two accounts, checked Make this my primary on BOTH — no warning or validation appeared (reported defect confirmed). | Post-save list shows NO primary badge on either account — primary status either undisplayed or not persisted (silent-loss suspicion; account API route not discoverable to verify). | Core (no validation on multiple primaries) confirmed; badge absence adds possible flag-loss — verify at data layer when API route known.",P2,Confirmed,,Valid bug,PM verified register row retained; WD verification still required.,Yes,BUG-BANK-001,BUG-BANK-001
RAW-0023,PM verified bug register,audit-input/03-bug-and-evidence/PM_VERIFIED_BUGS.csv,PM,24,PM-23,Pravah / Banking,/change,Loan start date accepts future dates,Start Date set to 2027-09-05 through React input/change handlers -> accepted; NO validation message; Create Loan Account stayed enabled. | 2028-01-15 -> identical result. | Method: programmatic value + change events (keyboard entry blocked by pre-filled field); optional human calendar-picker pass for completeness.,P2,Confirmed,,Valid bug,PM verified register row retained; WD verification still required.,Yes,BUG-BANK-002,BUG-BANK-002
RAW-0024,PM verified bug register,audit-input/03-bug-and-evidence/PM_VERIFIED_BUGS.csv,PM,25,PM-24,Rin / Loans,/attach/document,Doc upload missing in Add form,Fresh Add Loan form: hasFileInput=false; zero upload/attach/document mentions. | Reload re-inspection: identical. | Edit-page presence (other half of report) re-checkable once a loan exists.,P3,Confirmed,,Valid bug,PM verified register row retained; WD verification still required.,Yes,BUG-LOAN-002,BUG-LOAN-002
RAW-0025,PM verified bug register,audit-input/03-bug-and-evidence/PM_VERIFIED_BUGS.csv,PM,26,PM-25,Authentication,/file/d/1783760246043-w8a1ivyxz/view,Loan doc -> Drive 'file not found',"Uploaded dummy PDF to loan; View opens drive.google.com/file/d/1783760246043-w8a1ivyxz/view -> Sorry, file does not exist. | Deterministic: the URL embeds the apps INTERNAL documentId (timestamp-random format, API-verified identical) — not a Drive file ID. Same broken URL on every view. | Tester was never asked for Drive consent on this account — file may never reach Drive at all (placeholder ID + fabricated URL). Verify: check Google Drive for Svarajya_Nidhi folder contents.",P2,Confirmed,,Valid bug,PM verified register row retained; WD verification still required.,Yes,BUG-PROFILE-007,BUG-PROFILE-007
RAW-0026,PM verified bug register,audit-input/03-bug-and-evidence/PM_VERIFIED_BUGS.csv,PM,27,PM-26,Rin / Loans,/Edit,End date shown in View but absent in Add/Edit,"Add form has NO End Date field. Full field list: loan type, lender, principal, outstanding, EMI, interest %, tenure, start date. | COMPLETED 11-07: schema holds endDate:null (API); loan view page displays END DATE N/A while no Add/Edit form offers the field. All three halves verified. | Add-form absence 2x (10-07); schema + view-page display (11-07, loan b00496c8). Also: repayment-progress math correct (20.0%); Add Document section present on view page (Bug 24 counterpart consistent).",P3,Confirmed,,Valid bug,PM verified register row retained; WD verification still required.,Yes,BUG-LOAN-002,BUG-LOAN-002
RAW-0027,PM verified bug register,audit-input/03-bug-and-evidence/PM_VERIFIED_BUGS.csv,PM,28,PM-27,Vyaya / Expenses,/vyaya/add,Expense date accepts future dates,"Expense date set to 2026-08-20 (6 weeks future) at /vyaya/add via React change handler -> accepted; no validation; Save Expense enabled. | 2026-12-31 -> identical: accepted, 0 messages, save enabled. | Vyaya module has Categories/Budget/Subscriptions/Analytics tabs — Subscriptions-inside-Vyaya UI-confirmed; Budget tab exists (PRD 5.3 present).",P2,Confirmed,,Valid bug,PM verified register row retained; WD verification still required.,Yes,BUG-EXPENSE-001,BUG-EXPENSE-001
RAW-0028,PM verified bug register,audit-input/03-bug-and-evidence/PM_VERIFIED_BUGS.csv,PM,29,PM-28,Sthapana / Foundation,Needs WD Verification,Recurring frequency not saved (NULL),"Tester set Recurring ON with Monthly frequency; stored record (API d31b62e1) has isRecurring:true but NO frequency field present at all — frequency lost. | Second expense (1200, subscriptions, Monthly chosen): frequency field ABSENT again — 2 independent records, 0 frequencies persisted. | Both expense records have 10 keys, no recurringFrequency. Silent-field-loss family. NB-012 compounds: no expense edit to correct it.",P2,Confirmed,,Valid bug,PM verified register row retained; WD verification still required.,Yes,BUG-PROFILE-008,BUG-PROFILE-008
RAW-0029,PM verified bug register,audit-input/03-bug-and-evidence/PM_VERIFIED_BUGS.csv,PM,30,PM-29,Vyaya / Expenses,/renewal,Last-used/renewal date validations missing,"| | All subscription operations blocked by NB-014 (/api/subscriptions 500, Prisma P2022). Retest after schema fix. UI shows empty state, not error — saved subscription invisible.",Medium,Blocked — cannot test,,Valid bug,PM verified register row retained; WD verification still required.,Yes,BUG-EXPENSE-002,BUG-EXPENSE-002
RAW-0030,PM verified bug register,audit-input/03-bug-and-evidence/PM_VERIFIED_BUGS.csv,PM,31,PM-30,Sthapana / Foundation,/Update,Will last-review date accepts future dates,"Last Review/Update Date on /mitra/will set to 2026-09-01 (future) -> accepted, zero validation messages (toggle flipped by tester; field revealed). | 2027-01-15 -> identical acceptance, no messages. | Will toggle itself resists synthetic clicks (human flip required) — same widget family as chapter gates.",P2,Confirmed,,Valid bug,PM verified register row retained; WD verification still required.,Yes,BUG-PROFILE-009,BUG-PROFILE-009
RAW-0031,PM verified bug register,audit-input/03-bug-and-evidence/PM_VERIFIED_BUGS.csv,PM,32,PM-31,Sthapana / Foundation,/time-dependent,Header card size inconsistent,"Measured at ~1470px viewport: Bhoomi header card = 872px wide (bounds 280-1152). Raksha header card = IDENTICAL 872px, same bounds. No width difference found between these two. | Kar comparison inconclusive (differently-structured wrapper prevented like-for-like automated measurement). | HONEST NOTE: automated width check did NOT reproduce a Bhoomi-vs-Raksha difference. Report may refer to a different viewport, the tab-strip area, or inner padding. Recommend a human side-by-side visual pass + screenshot at the reporters viewport before final verdict — do not mark Confirmed on automation alone. || UPDATE 12-07 (via Bug 15): mechanism found — the header info-card is CONTENT-SIZED (no flex-1), so relative card widths float with description text. Today Bhoomi=808px vs Foundation=790px inside identical 872px rows — Bhoomi is currently the WIDER card, so the report's 'shorter' claim is content/time-dependent; verdict stays Partially reproduced. The 10-07 automation compared the fixed 872px title ROW, not the card — that is why it found no difference. Same one-line fix + same Jira ticket as Bug 15 (width constraint on the shared header-card component).",P3,Partially reproduced,,Valid bug,PM verified register row retained; WD verification still required.,Yes,BUG-PROFILE-010,BUG-PROFILE-010
RAW-0032,PM verified bug register,audit-input/03-bug-and-evidence/PM_VERIFIED_BUGS.csv,PM,33,PM-32,Kar / Tax,Needs WD Verification,"Year fields free-text, no picker","Free-text year fields confirmed (no picker). Character mask NOW blocks letters (banana rejected) — improvement since report — but 99- survives as a value with no format message. | Nonsense year 3000-99 accepted with zero format messages; no picker element anywhere in form. | Behaviour improved since 06-06 (letter mask added) but core stands: no picker, no YYYY-YY format enforcement, nonsense years pass.",P3,Partially reproduced,,Valid bug,PM verified register row retained; WD verification still required.,Yes,BUG-TAX-001,BUG-TAX-001
RAW-0033,PM verified bug register,audit-input/03-bug-and-evidence/PM_VERIFIED_BUGS.csv,PM,34,PM-33,Rin / Loans,/Rin,Future filing date silently disables Save,"Baseline: all fields valid + past filing date -> Save ENABLED, 0 messages. Changed ONLY filing date to 2026-07-15 -> Save DISABLED, 0 visible validation messages. | Toggled back to valid (Save re-enabled) then to 2026-08-01 -> Save disabled again, 0 messages. Causality proven both directions. | Kar DOES validate the date (unlike Raksha/Rin) but communicates nothing. Also noted: Kar has an in-app, completion-tracked Tax Awareness Primer (Step 1 of 3, Mark-as-watched) — the PRD tutorial spec exists in the codebase but only Kar uses it.",P2,Confirmed,,Valid bug,PM verified register row retained; WD verification still required.,Yes,BUG-LOAN-003,BUG-LOAN-003
RAW-0034,PM verified bug register,audit-input/03-bug-and-evidence/PM_VERIFIED_BUGS.csv,PM,35,PM-34,Pravah / Banking,/Rin,ITR doc -> Drive 'file not found',"Tester saved ITR record, uploaded doc WITH sync-to-Drive checkbox ticked (Drive linked): View OPENS the document successfully. | Deterministic in current state; contrast: Raksha doc still phantoms after linking (Bug 21). | Kar implements local-save + explicit opt-in Drive sync + real file IDs — the PRD local-first model, working. Recommend porting Kar document handling to Raksha/Rin. Pre-linking ITR state untested (report may reflect unlinked account).",P3,Not reproducible,,Valid bug,PM verified register row retained; WD verification still required.,Yes,BUG-BANK-003,BUG-BANK-003
RAW-0035,PM verified bug register,audit-input/03-bug-and-evidence/PM_VERIFIED_BUGS.csv,PM,36,PM-35,Kar / Tax,Needs WD Verification,One field error triggers all-field validation storm,"Set ONLY last-filing-date to future (2026-08-01) on pristine form -> NINE errors erupted simultaneously (all required-field messages + the date error). Full list captured verbatim. | Fresh form, 2026-09-15 -> identical 9-error storm. | GST is the ONLY form in the app that shows a date-validation MESSAGE (last filing date cannot be in the future) — but validates all fields on any single change.",P3,Confirmed,,Valid bug,PM verified register row retained; WD verification still required.,Yes,BUG-TAX-002,BUG-TAX-002
RAW-0036,PM verified bug register,audit-input/03-bug-and-evidence/PM_VERIFIED_BUGS.csv,PM,37,PM-36,Kar / Tax,Needs WD Verification,GST next due date accepts past dates,"Next due date -> 2026-05-01 (past): accepted; its required-error simply cleared (storm 9->8); NO past-date message — while the future-date error sits beside it on the same form. | Fresh form, 2026-03-10 -> identical acceptance, no past message. | Same form validates one date field with a message and sanity-checks the neighbour not at all.",P2,Confirmed,,Valid bug,PM verified register row retained; WD verification still required.,Yes,BUG-TAX-003,BUG-TAX-003
RAW-0037,PM verified bug register,audit-input/03-bug-and-evidence/PM_VERIFIED_BUGS.csv,PM,38,PM-37,Kar / Tax,/dates,"Invalid data silently disables Save, no messages","Baseline valid -> Save enabled. DIN set to 9 digits (123456789) -> Save STILL enabled, value accepted, 0 messages. | Director Since -> future (2027-01-01): Save enabled, 0 msgs. Expiry -> past (2024-01-01): Save enabled, 0 msgs. | Reported silent-disable is GONE because validation was removed entirely — invalid DIN/dates now pass client-side checks with Save enabled (Save not clicked; server-side unverified). Regression in the opposite direction since 06-06.",P2,Behaviour changed,,Valid bug,PM verified register row retained; WD verification still required.,Yes,BUG-TAX-004,BUG-TAX-004
RAW-0038,PM verified bug register,audit-input/03-bug-and-evidence/PM_VERIFIED_BUGS.csv,PM,39,PM-38,Rin / Loans,/succession/will,Executor contact accepts >10 digits,"Executor contact accepted a 32-character digit string in full; zero validation messages. | 20-character number: identical acceptance, no messages. | Route: /succession/will. Same executor name/contact fields ALSO exist on /mitra/will — Mitra/Uttaradhikar overlap now field-level confirmed (feeds GAP duplication finding).",P2,Confirmed,,Valid bug,PM verified register row retained; WD verification still required.,Yes,BUG-LOAN-004,BUG-LOAN-004
RAW-0039,PM verified bug register,audit-input/03-bug-and-evidence/PM_VERIFIED_BUGS.csv,PM,40,PM-39,Authentication,/succession/emergency,Emergency phones accept letters,"Primary contact phone accepted letters (ersdtfgyhuijo, 13 chars); no validation message (only unrelated OTP note on page). | Secondary contact phone accepted letters + special characters (werdtfygh!@#); zero validation messages. | Route: /succession/emergency. Page mentions 6-digit OTP via EMAIL for emergency access — email OTP flow exists while mobile OTP (NB-001) is broken; note for auth epic.",P2,Confirmed,,Valid bug,PM verified register row retained; WD verification still required.,Yes,BUG-AUTH-004,BUG-AUTH-004
RAW-0040,Existing/NB bug report,audit-input/03-bug-and-evidence/EXISTING_BUG_REPORT.csv,QA/PM,2,NB-001,Authentication,/onboarding/contact-info,Send OTP fails: Firebase auth/billing-not-enabled,OTP send errors out; mobile verification impossible. Skip Verification works so onboarding is not fully blocked.,P1,Draft — reproduce 2x,Bug 5 (behaviour changed),Valid bug,Existing bug report row retained; duplicate linkage resolved in master.,Yes,BUG-AUTH-004,BUG-AUTH-004
RAW-0041,Existing/NB bug report,audit-input/03-bug-and-evidence/EXISTING_BUG_REPORT.csv,QA/PM,3,NB-002,Sthapana / Foundation,/foundation/family,Family member mobile & email lost after save,Mobile and email entered on add-member form are absent from the stored record returned by /api/family. Same pattern as Bug 28.,P2,Reproduced 2x,Bug 28 (pattern),Valid bug,Existing bug report row retained; duplicate linkage resolved in master.,Yes,BUG-AUTH-007,BUG-AUTH-007
RAW-0042,Existing/NB bug report,audit-input/03-bug-and-evidence/EXISTING_BUG_REPORT.csv,QA/PM,4,NB-003,Authentication,/foundation -> EDIT,"Profile editing replays full onboarding, gated behind broken OTP",No dedicated edit form. EDIT re-enters the 5-step onboarding wizard ending at the OTP step that errors (NB-001).,P1,Draft — reproduce 2x,—,Valid bug,Existing bug report row retained; duplicate linkage resolved in master.,Yes,BUG-AUTH-004,BUG-AUTH-004
RAW-0043,Existing/NB bug report,audit-input/03-bug-and-evidence/EXISTING_BUG_REPORT.csv,QA/PM,5,NB-004,Sthapana / Foundation,Add-member form / backend,nomineeEligible not in UI; backend silently defaults TRUE,"Field exists in schema, absent from form; every member becomes nominee-eligible without user choice. Insurance nominee dropdown filters on this flag.",P2,"Reproduced 2x (UI flow end-to-end: silent default -> nominee dropdown -> stored nomineeId, 11-07)",—,Valid bug,Existing bug report row retained; duplicate linkage resolved in master.,Yes,BUG-PROFILE-006,BUG-PROFILE-006
RAW-0044,Existing/NB bug report,audit-input/03-bug-and-evidence/EXISTING_BUG_REPORT.csv,QA/PM,6,NB-005,Sthapana / Foundation,/foundation/family,No visible path to view/edit members after save,Post-save summary shows dependency stats but no member list; no edit/remove control found.,P3,Draft — reproduce 2x,—,Valid bug,Existing bug report row retained; duplicate linkage resolved in master.,Yes,BUG-PROFILE-011,BUG-PROFILE-011
RAW-0045,Existing/NB bug report,audit-input/03-bug-and-evidence/EXISTING_BUG_REPORT.csv,QA/PM,7,NB-006,Sthapana / Foundation,/foundation/*,Wizard force-routing causes unexpected redirects,/foundation/profile redirects to current wizard step; multiple spontaneous navigations observed during passive inspection.,P3,Draft — reproduce 2x,—,Valid bug,Existing bug report row retained; duplicate linkage resolved in master.,Yes,BUG-PROFILE-012,BUG-PROFILE-012
RAW-0046,Existing/NB bug report,audit-input/03-bug-and-evidence/EXISTING_BUG_REPORT.csv,QA/PM,8,NB-007,Rajya / Dashboard,/rajya,Icon-only buttons lack accessible names (17 of 20),Most dashboard buttons expose no accessible name; unusable via screen readers.,P3,Draft — reproduce 2x,—,Valid bug,Existing bug report row retained; duplicate linkage resolved in master.,Yes,BUG-DASH-001,BUG-DASH-001
RAW-0047,Existing/NB bug report,audit-input/03-bug-and-evidence/EXISTING_BUG_REPORT.csv,QA/PM,9,NB-008,Sthapana / Foundation,/rajya sidebar + module pages,Stale alert: 'No family members registered' persists after member exists,Recent Alerts still shows 'Your Family Tree is currently empty' while the DB holds a member (1/5 in sync) and the same member appears as a Covered Member chip on the insurance form — one screenshot contradicts itself.,P3,"Reproduced 2x (stale alert persists 2d in full notifications feed while member exists and is policy-covered, 11-07)",—,Valid bug,Existing bug report row retained; duplicate linkage resolved in master.,Yes,BUG-PROFILE-013,BUG-PROFILE-013
RAW-0048,Existing/NB bug report,audit-input/03-bug-and-evidence/EXISTING_BUG_REPORT.csv,QA/PM,10,NB-009,Authentication,/onboarding/contact-info -> /api/profile,Entered mobile number silently discarded when using Skip Verification,"User typed a mobile on the contact-info step; OTP send fails (NB-001) so Skip Verification is the only path; after onboarding, /api/profile shows mobile/primaryMobile/secondaryMobile all null. The persistent Profile-incomplete alert is a downstream symptom.",P2,Draft — reproduce 2x,NB-001; pattern with NB-002 and Bug 28 (silent field loss),Valid bug,Existing bug report row retained; duplicate linkage resolved in master.,Yes,BUG-AUTH-004,BUG-AUTH-004
RAW-0049,Existing/NB bug report,audit-input/03-bug-and-evidence/EXISTING_BUG_REPORT.csv,QA/PM,11,NB-010,Raksha / Insurance,/succession/nominees,Nominee saved on policy not reflected in Succession Nominee Matrix,"Policy TEST-POL-1234 has nomineeId stored (API-verified, Test Spouse One) yet the Nominee Mapping Matrix shows the same policy as Insurance missing nominee, Mapped 0/Unmapped 1, no mappings. Two disconnected nominee systems; succession registry contradicts insurance data.",P2,Reproduced 1x — verify once more after next policy,GAP-013 duplication; NB-004 family,Valid bug,Existing bug report row retained; duplicate linkage resolved in master.,Yes,BUG-INSURANCE-002,BUG-INSURANCE-002
RAW-0050,Existing/NB bug report,audit-input/03-bug-and-evidence/EXISTING_BUG_REPORT.csv,QA/PM,12,NB-011,Kosh / Income,/kosh/add multi-step flow,Premature success screen; Skip-for-now after it silently discards all entered income data,Mid-flow screen shows TREASURY UPDATED / Income source saved with green check BEFORE any record exists (API empty at that point; record created only at final Save Details 9 min later; lastReviewedAt precedes createdAt). Skip for now after the success screen loses gross/deductions/net silently.,P2,Reproduced 1x — flow re-run for 2x when convenient,"Silent-loss family (NB-002/009, Bug 28); false-confirmation flavour",Valid bug,Existing bug report row retained; duplicate linkage resolved in master.,Yes,BUG-INCOME-001,BUG-INCOME-001
RAW-0051,Existing/NB bug report,audit-input/03-bug-and-evidence/EXISTING_BUG_REPORT.csv,QA/PM,13,NB-012,Vyaya / Expenses,/vyaya expense list,Expenses cannot be edited — no edit affordance anywhere,Journey step Edit expense (task-doc Journey B5) cannot be executed; tester found no edit control on expense entries. Also blocks user correction of Bug 28 frequency loss.,P2,Reproduced 1x — second look for hidden edit path advised,Bug 28 (compounds),Valid bug,Existing bug report row retained; duplicate linkage resolved in master.,Yes,BUG-PROFILE-008,BUG-PROFILE-008
RAW-0052,Existing/NB bug report,audit-input/03-bug-and-evidence/EXISTING_BUG_REPORT.csv,QA/PM,14,NB-013,Authentication,Loan doc upload -> Drive URL,"Uploads claim Google Drive storage; no consent asked, no folder/file created, Drive URL fabricated from internal ID","UPDATED 11-07: Behaviour depends on Drive-link state. PRE-CONSENT: loan doc upload claimed success, no Drive artifacts, fabricated URL (original finding). Education upload showed cloud upload failed, local copy saved (honest warning — inconsistent messaging vs loan silent success). POST-CONSENT (tester granted OAuth): education uploads DO reach Drive (Svarajya_Nidhi visible) but first certificate still would not open; Raksha policy doc STILL phantom (Bug 21) — view-URL defect independent of storage state in Raksha/Rin.",P1,Reproduced 1x — re-run with Raksha policy doc for 2x,Root cause of Bugs 21/25/34 (DUP-1); escalates GAP-004,Valid bug,Existing bug report row retained; duplicate linkage resolved in master.,Yes,BUG-PROFILE-004,BUG-PROFILE-004
RAW-0053,Existing/NB bug report,audit-input/03-bug-and-evidence/EXISTING_BUG_REPORT.csv,QA/PM,15,NB-014,Vyaya / Expenses,/api/subscriptions,Subscriptions API returns 500 DATABASE_ERROR (Prisma P2022 - missing column),GET /api/subscriptions AND by-id both 500 (Prisma P2022 missing column). CASCADE: save reports SUCCESS (false confirmation); list renders EMPTY STATE (Add your first subscription) rather than an error — saved data invisible and failure fully silent to the user; edit impossible (loads via same 500).,P1,"Reproduced 2x (list + by-id, deterministic 500). Save-side false-success corroborated by tester.","Blocks Bug 29 save-side, Journey F; relates to Bug 28 (expense/subscription domain)",Valid bug,Existing bug report row retained; duplicate linkage resolved in master.,Yes,BUG-EXPENSE-002,BUG-EXPENSE-002
RAW-0054,Existing/NB bug report,audit-input/03-bug-and-evidence/EXISTING_BUG_REPORT.csv,QA/PM,16,NB-015,Sthapana / Foundation,Add-member form,Family member mobile accepts fewer than 10 digits,"Mobile field accepts short numbers without validation (tester, 11-07). Same phone-validation gap family as Bugs 38/39.",P3,Reproduced 1x,Bugs 38/39 family,Valid bug,Existing bug report row retained; duplicate linkage resolved in master.,Yes,BUG-PROFILE-014,BUG-PROFILE-014
RAW-0055,Existing/NB bug report,audit-input/03-bug-and-evidence/EXISTING_BUG_REPORT.csv,QA/PM,17,NB-016,Kunji / Credentials,/dwaar/portals,Created portal never appears in portal list (save lost or list broken),"Tester completed 2-step portal creation (HDFC test, Store Encrypted, master-password vault initialised) — list still shows Add First Portal empty state, Credential Health 0%. Same save-then-invisible pattern as NB-014 (subscriptions) but without an observable 500 (API route unknown).",P2,Reproduced 1x (both observers),Pattern kin: NB-014; blocks Bug 16,Valid bug,Existing bug report row retained; duplicate linkage resolved in master.,Yes,BUG-EXPENSE-002,BUG-EXPENSE-002
RAW-0056,Existing/NB bug report,audit-input/03-bug-and-evidence/EXISTING_BUG_REPORT.csv,QA/PM,18,NB-017,Authentication,/pravah,/pravah returns 404 — route regression vs 10-07 verified-working list,"/pravah returns the app 404 page ('Page Not Found'). This route was on the verified working-routes list from the 10-07 sessions, so it is a regression. Bank module (Pravah = PRD M6) is unreachable via its known route.",P1,"Reproduced 2x (404 both loads, 12-07). CONTROL PASSED: /kosh and /foundation both redirect to /start?redirectTo=... (normal auth gate, HTTP-level not a 404) while logged out-state was equal — so the 404 is specific to /pravah, not a session/redirect artifact. Bank data entry & cash-flow journey blocked at the route. Recommend confirming the current correct route in code (possible rename) and restoring or redirecting /pravah.",Routing family (NB-006 adjacent),Valid bug,Existing bug report row retained; duplicate linkage resolved in master.,Yes,BUG-AUTH-009,BUG-AUTH-009
RAW-0057,Existing/NB bug report,audit-input/03-bug-and-evidence/EXISTING_BUG_REPORT.csv,QA/PM,19,NB-018,Authentication,Supabase /auth/v1/verify -> redirect_to,Password-reset redirect_to is ignored; user is sent to production Site URL root instead of /reset-password (Set-New-Password screen never reached),"The emailed recovery link carries redirect_to=https://svarajya.vercel.app/reset-password, but Supabase redirects to the project Site URL root https://www.svarajya.com/#access_token=[redacted]&type=recovery instead. The /reset-password page is never loaded, so a user following the email link has no screen on which to set a new password. Root cause is a Supabase Auth config mismatch: svarajya.vercel.app/reset-password is not in the Redirect-URLs allow-list, so Supabase falls back to the Site URL. Also surfaces a two-deployment setup (staging svarajya.vercel.app vs production www.svarajya.com) that the reset flow crosses.",P1,"Status: CONFIRMED, reproduced 2x (12-07). This is the effective root defect behind the Bug 2 report — email-based password reset is non-functional end-to-end (no reset screen reachable, no workaround) = P1. Clean run detail: Supabase Site URL = https://www.svarajya.com (a marketing site) and svarajya.vercel.app/reset-password is not in the Redirect-URLs allow-list, so Supabase falls back to Site URL root. Also confirms a two-deployment setup (staging svarajya.vercel.app vs production www.svarajya.com marketing) that the reset flow crosses. Minor security-hygiene note: a valid bearer JWT is briefly exposed in the URL fragment. Fix = add the correct reset URL to the Supabase Redirect-URLs allow-list AND align Site URL + the app's reset-link generation to one canonical domain that actually renders /reset-password. Do NOT change Supabase settings directly (ground rule 4) — route via Jira.",Bug 2 (same cluster — together the email-reset journey is P1-critical),Valid bug,Existing bug report row retained; duplicate linkage resolved in master.,Yes,BUG-AUTH-002,BUG-AUTH-002
RAW-0058,DA bug verification journeys,audit-input/03-bug-and-evidence/DA_BUG_VERIFICATION.csv,DA,2,DA-JOURNEY-A-1,Onboarding,/password,New user onboarding step 1: Create account,"Test account exists (dummyuser@example.com, email/password)",Pass,Pass,Bug 1 still restricts NEW Google accounts to registered test users,Excluded - Passed journey,DA journey passed; retained in raw merge only.,No,,
RAW-0059,DA bug verification journeys,audit-input/03-bug-and-evidence/DA_BUG_VERIFICATION.csv,DA,3,DA-JOURNEY-A-2,Authentication,Needs WD Verification,New user onboarding step 2: Log in,Login lands on Rajya Map,Pass,Pass,,Excluded - Passed journey,DA journey passed; retained in raw merge only.,No,,
RAW-0060,DA bug verification journeys,audit-input/03-bug-and-evidence/DA_BUG_VERIFICATION.csv,DA,4,"NB-001, NB-009",Onboarding,/DOB/occupation,New user onboarding step 3: Complete profile,Wizard completes via Skip Verification; name/DOB/occupation saved BUT entered mobile discarded silently,Partial,Partial,Profile mobile null in /api/profile after onboarding (NB-009),Valid bug,Non-pass DA journey triaged as bug/verification item.,Yes,BUG-AUTH-004,BUG-AUTH-004
RAW-0061,DA bug verification journeys,audit-input/03-bug-and-evidence/DA_BUG_VERIFICATION.csv,DA,5,"NB-002, NB-004",Onboarding,/api/family,New user onboarding step 4: Add family member,Member 'Test Spouse One' saved; visible in DB via /api/family; appears in downstream dropdowns,Partial,Partial,PASS with caveats: mobile & email lost (NB-002); nomineeEligible silently true (NB-004). Duplicate buttons (Bugs 6/7) seen.,Valid bug,Non-pass DA journey triaged as bug/verification item.,Yes,BUG-AUTH-007,BUG-AUTH-007
RAW-0062,DA bug verification journeys,audit-input/03-bug-and-evidence/DA_BUG_VERIFICATION.csv,DA,6,DA-JOURNEY-A-5,Authentication,/start,New user onboarding step 5: Log out,Session ended across all tabs; protected routes redirect to /start?redirectTo=... login screen,Pass,Pass,,Excluded - Passed journey,DA journey passed; retained in raw merge only.,No,,
RAW-0063,DA bug verification journeys,audit-input/03-bug-and-evidence/DA_BUG_VERIFICATION.csv,DA,7,DA-JOURNEY-A-6,Authentication,Needs WD Verification,New user onboarding step 6: Log in again,Password login succeeded after logout,Pass,Pass,,Excluded - Passed journey,DA journey passed; retained in raw merge only.,No,,
RAW-0064,DA bug verification journeys,audit-input/03-bug-and-evidence/DA_BUG_VERIFICATION.csv,DA,8,"NB-002, NB-009",Authentication,/login,New user onboarding step 7: Verify whether the data remains,"Profile, family member, education ALL intact after logout/login (API-verified: /api/profile, /api/family, /api/education)",Partial,Partial,Core entities persist. Exceptions: profile mobile null (NB-009); family mobile/email still absent post-relogin = NB-002 attempt 2.,Valid bug,Non-pass DA journey triaged as bug/verification item.,Yes,BUG-AUTH-007,BUG-AUTH-007
RAW-0065,DA bug verification journeys,audit-input/03-bug-and-evidence/DA_BUG_VERIFICATION.csv,DA,9,NB-011,Kosh / Income,Needs WD Verification,Income and expenses step 1: Add income,"Income saved end-to-end (multi-step Kosh flow); API-verified: salary, MONTHLY, gross 100000 / deductions 20000 / net 80000, risk LOW, growth 5%",Pass,Pass,Record commits ONLY at final Save Details; mid-flow success screen is premature (NB-011).,Excluded - Passed journey,DA journey passed; retained in raw merge only.,No,,
RAW-0066,DA bug verification journeys,audit-input/03-bug-and-evidence/DA_BUG_VERIFICATION.csv,DA,10,Bug 28,Kosh / Income,Needs WD Verification,Income and expenses step 2: Add expense,"Expense saved and API-verified: 2500, household, UPI, date today, isRecurring true",Partial,Partial,Saved correctly EXCEPT recurring frequency lost (Bug 28 attempt 1).,Valid bug,Non-pass DA journey triaged as bug/verification item.,Yes,BUG-INCOME-002,BUG-INCOME-002
RAW-0067,DA bug verification journeys,audit-input/03-bug-and-evidence/DA_BUG_VERIFICATION.csv,DA,11,DA-JOURNEY-B-3,Kosh / Income,Needs WD Verification,Income and expenses step 3: Check dashboard,"Kingdom Snapshot shows Monthly Income ₹80,000 immediately after income save",Pass,Pass,,Excluded - Passed journey,DA journey passed; retained in raw merge only.,No,,
RAW-0068,DA bug verification journeys,audit-input/03-bug-and-evidence/DA_BUG_VERIFICATION.csv,DA,12,DA-JOURNEY-B-4,Kosh / Income,Needs WD Verification,Income and expenses step 4: Edit income,Income gross edited 100000->120000; net auto-recalced 100000; updatedAt fresh (API),Pass,Pass,,Excluded - Passed journey,DA journey passed; retained in raw merge only.,No,,
RAW-0069,DA bug verification journeys,audit-input/03-bug-and-evidence/DA_BUG_VERIFICATION.csv,DA,13,NB-012,Kosh / Income,Needs WD Verification,Income and expenses step 5: Edit expense,NO edit affordance exists for expenses — step cannot be executed,Fail,Fail,Tester searched Vyaya list; no edit control. Compounds Bug 28 (frequency unfixable by user).,Valid bug,Non-pass DA journey triaged as bug/verification item.,Yes,BUG-PROFILE-008,BUG-PROFILE-008
RAW-0070,DA bug verification journeys,audit-input/03-bug-and-evidence/DA_BUG_VERIFICATION.csv,DA,14,DA-JOURNEY-B-6,Kosh / Income,Needs WD Verification,Income and expenses step 6: Check whether dashboard values change,"Sidebar Monthly Income moved ₹80,000 -> ₹1,00,000 after income edit",Pass,Pass,,Excluded - Passed journey,DA journey passed; retained in raw merge only.,No,,
RAW-0071,DA bug verification journeys,audit-input/03-bug-and-evidence/DA_BUG_VERIFICATION.csv,DA,15,"NB-002, NB-004",Sthapana / Foundation,Needs WD Verification,Insurance and nominee step 1: Add family member,Same member reused,Partial,Partial,Same caveats as Journey A step 4.,Valid bug,Non-pass DA journey triaged as bug/verification item.,Yes,BUG-AUTH-007,BUG-AUTH-007
RAW-0072,DA bug verification journeys,audit-input/03-bug-and-evidence/DA_BUG_VERIFICATION.csv,DA,16,Bug 18 (display),Raksha / Insurance,Needs WD Verification,Insurance and nominee step 2: Add insurance policy,"Policy TEST-POL-1234 saved; API-verified: amounts stored correctly (leading zeros stripped), status ACTIVE, stats computed",Pass,Pass,Bug 18 hit live during entry (01000000/012000 display); stored values correct. Tester independently reproduced caret-start 10x variant.,Excluded - Passed journey,DA journey passed; retained in raw merge only.,No,,
RAW-0073,DA bug verification journeys,audit-input/03-bug-and-evidence/DA_BUG_VERIFICATION.csv,DA,17,DA-JOURNEY-C-3,Raksha / Insurance,Needs WD Verification,Insurance and nominee step 3: Select covered person,Test Spouse One selectable and stored in coverage[],Pass,Pass,,Excluded - Passed journey,DA journey passed; retained in raw merge only.,No,,
RAW-0074,DA bug verification journeys,audit-input/03-bug-and-evidence/DA_BUG_VERIFICATION.csv,DA,18,NB-004,Raksha / Insurance,Needs WD Verification,Insurance and nominee step 4: Add nominee,Nominee dropdown listed Test Spouse One (only member); selected; stored as nomineeId,Pass,Pass,Member never explicitly marked nominee-eligible — silent default made them selectable (NB-004 UI-flow confirmed end-to-end).,Excluded - Passed journey,DA journey passed; retained in raw merge only.,No,,
RAW-0075,DA bug verification journeys,audit-input/03-bug-and-evidence/DA_BUG_VERIFICATION.csv,DA,19,NB-010,Raksha / Insurance,/Nominee,Insurance and nominee step 5: Check Legacy/Nominee module,Policy visible as asset in Nominee Matrix BUT flagged Insurance missing nominee; Mapped 0 / Unmapped 1 — despite API-verified nomineeId on the policy,Fail,Fail,Raksha nomineeId and Succession nominee mappings are two disconnected systems. First hard journey failure. Feeds Mitra/Uttaradhikar duplication finding + PM3 dependency map (Raksha->Succession BROKEN).,Valid bug,Non-pass DA journey triaged as bug/verification item.,Yes,BUG-INSURANCE-002,BUG-INSURANCE-002
RAW-0076,DA bug verification journeys,audit-input/03-bug-and-evidence/DA_BUG_VERIFICATION.csv,DA,20,DA-JOURNEY-C-6,Rin / Loans,Needs WD Verification,Insurance and nominee step 6: Check reminders,"Creation notification fired instantly (Shield Erected). No renewal reminder visible — due date 11 months out, lead-time reminder not yet expected.",Partial,Partial,Cannot distinguish not-implemented from not-yet-due. Test design: next data round should include a policy due in ~2 weeks to force reminder generation.,Valid bug,Non-pass DA journey triaged as bug/verification item.,Yes,BUG-LOAN-005,BUG-LOAN-005
RAW-0077,DA bug verification journeys,audit-input/03-bug-and-evidence/DA_BUG_VERIFICATION.csv,DA,21,DA-JOURNEY-D-1,Kosh / Income,Needs WD Verification,Loan and cash flow step 1: Add income,Income prerequisite completed (see B1),Pass,Pass,,Excluded - Passed journey,DA journey passed; retained in raw merge only.,No,,
RAW-0078,DA bug verification journeys,audit-input/03-bug-and-evidence/DA_BUG_VERIFICATION.csv,DA,22,Bug 28 (via B2),Vyaya / Expenses,Needs WD Verification,Loan and cash flow step 2: Add expenses,"Expense prerequisite completed via Journey B step 2 — expense saved and API-verified there (Rs 2,500, household, UPI). Plain expense-add works; recurring-frequency loss is the B2 issue.",Partial,Partial,Cross-ref B2. Marked Partial only because B2 carries Bug 28 (recurring frequency); the base expense entry itself passed.,Valid bug,Non-pass DA journey triaged as bug/verification item.,Yes,BUG-INCOME-002,BUG-INCOME-002
RAW-0079,DA bug verification journeys,audit-input/03-bug-and-evidence/DA_BUG_VERIFICATION.csv,DA,23,DA-JOURNEY-D-3,Pravah / Banking,Needs WD Verification,Loan and cash flow step 3: Add loan,"Loan saved via form by tester; API-verified: principal 500000, outstanding 400000, EMI 10000, 10%, 60mo, start 2025-01-01, ACTIVE",Pass,Pass,OBSERVATION: metrics show emiBurdenRatio 0 with EMI 10000 and income 0 — zero-income edge renders as 0% burden (misleadingly rosy). Recheck after income exists; NB candidate if formula otherwise sane.,Excluded - Passed journey,DA journey passed; retained in raw merge only.,No,,
RAW-0080,DA bug verification journeys,audit-input/03-bug-and-evidence/DA_BUG_VERIFICATION.csv,DA,24,DA-JOURNEY-D-4,Kosh / Income,/80000,Loan and cash flow step 4: Check EMI burden,EMI burden recomputed to 12.5% = 10000/80000 exactly — formula correct with income present,Pass,Pass,Zero-income edge shows 0% (misleading) — observation stands from D3 note.,Excluded - Passed journey,DA journey passed; retained in raw merge only.,No,,
RAW-0081,DA bug verification journeys,audit-input/03-bug-and-evidence/DA_BUG_VERIFICATION.csv,DA,25,DA-JOURNEY-D-5,Pravah / Banking,Needs WD Verification,Loan and cash flow step 5: Check dashboard and alerts,"Dashboard metrics reflect loan (EMI burden 12.5%, outstanding in stats); no loan-specific alert generated",Partial,Partial,Data reflected; alert generation for new loans not observed — reminder-engine coverage question for the near-due-date test round.,Valid bug,Non-pass DA journey triaged as bug/verification item.,Yes,BUG-BANK-004,BUG-BANK-004
RAW-0082,DA bug verification journeys,audit-input/03-bug-and-evidence/DA_BUG_VERIFICATION.csv,DA,26,DA-JOURNEY-E-1,Rin / Loans,Needs WD Verification,Documents step 1: Upload a dummy document,Dummy PDF uploaded; documentId registered on loan (API),Pass,Pass,"Architecture note: Drive-based, not PRD local-first",Excluded - Passed journey,DA journey passed; retained in raw merge only.,No,,
RAW-0083,DA bug verification journeys,audit-input/03-bug-and-evidence/DA_BUG_VERIFICATION.csv,DA,27,DA-JOURNEY-E-2,Rin / Loans,Needs WD Verification,Documents step 2: Link it to a module,documentId linked to loan record,Pass,Pass,,Excluded - Passed journey,DA journey passed; retained in raw merge only.,No,,
RAW-0084,DA bug verification journeys,audit-input/03-bug-and-evidence/DA_BUG_VERIFICATION.csv,DA,28,Bug 25,Document Vault,Needs WD Verification,Documents step 3: View it in Document Vault,View opens fabricated Drive URL -> file does not exist,Fail,Fail,Root cause identified: internal ID in Drive URL.,Valid bug,Non-pass DA journey triaged as bug/verification item.,Yes,BUG-PROFILE-007,BUG-PROFILE-007
RAW-0085,DA bug verification journeys,audit-input/03-bug-and-evidence/DA_BUG_VERIFICATION.csv,DA,29,DA-JOURNEY-E-4,Rin / Loans,Needs WD Verification,Documents step 4: Edit the related record,Loan outstanding edited 400000->390000 via form; API-verified,Pass,Pass,Bug 13: file doesn't move folders on ownership change,Excluded - Passed journey,DA journey passed; retained in raw merge only.,No,,
RAW-0086,DA bug verification journeys,audit-input/03-bug-and-evidence/DA_BUG_VERIFICATION.csv,DA,30,DA-JOURNEY-E-5,Document Vault,/after,Documents step 5: Check whether the document link remains,documentId reference SURVIVED the record edit (API identical before/after),Pass,Pass,Reference durable; underlying file never existed (NB-013). Bug 13 folder-move family untestable until real storage exists.,Excluded - Passed journey,DA journey passed; retained in raw merge only.,No,,
RAW-0087,DA bug verification journeys,audit-input/03-bug-and-evidence/DA_BUG_VERIFICATION.csv,DA,31,NB-014,Vyaya / Expenses,/api/subscriptions,Subscription and reminders step 1: Add subscription,"Add-subscription form reached and submitted, but save fails at the data layer — /api/subscriptions returns HTTP 500 (Prisma P2022, missing column); subscription never persists. Full failure detail at step 3.",Fail,Fail,Same root failure recorded at F3; step 1 is the save action itself.,Valid bug,Non-pass DA journey triaged as bug/verification item.,Yes,BUG-EXPENSE-002,BUG-EXPENSE-002
RAW-0088,DA bug verification journeys,audit-input/03-bug-and-evidence/DA_BUG_VERIFICATION.csv,DA,32,Bug 29,Vyaya / Expenses,Needs WD Verification,Subscription and reminders step 2: Add renewal date,"Renewal-date / last-used-date fields accept invalid values with no client-side validation (future last-used AND past renewal both accepted) — Bug 29 confirmed at the input. Save-side persistence untestable (subscriptions API 500, NB-014).",Fail,Fail,Bug 29: last-used future / renewal past accepted,Valid bug,Non-pass DA journey triaged as bug/verification item.,Yes,BUG-EXPENSE-002,BUG-EXPENSE-002
RAW-0089,DA bug verification journeys,audit-input/03-bug-and-evidence/DA_BUG_VERIFICATION.csv,DA,33,NB-014,Vyaya / Expenses,/api/subscriptions,Subscription and reminders step 3: Check expense connection,Subscription save attempted; /api/subscriptions returns HTTP 500 DATABASE_ERROR (Prisma P2022 - column missing in DB schema),Fail,Fail,Feature broken at data layer; cannot read subscriptions back.,Valid bug,Non-pass DA journey triaged as bug/verification item.,Yes,BUG-EXPENSE-002,BUG-EXPENSE-002
RAW-0090,DA bug verification journeys,audit-input/03-bug-and-evidence/DA_BUG_VERIFICATION.csv,DA,34,DA-JOURNEY-F-4,Vyaya / Expenses,Needs WD Verification,Subscription and reminders step 4: Check reminder creation,Not observed — step blocked (see Notes).,Blocked,Blocked,Renewal date validation (Bug 29 save-side) untestable while subscriptions API is 500.,Valid bug,Non-pass DA journey triaged as bug/verification item.,Yes,BUG-EXPENSE-003,BUG-EXPENSE-003
RAW-0091,DA bug verification journeys,audit-input/03-bug-and-evidence/DA_BUG_VERIFICATION.csv,DA,35,DA-JOURNEY-F-5,Vyaya / Expenses,Needs WD Verification,Subscription and reminders step 5: Edit or deactivate subscription,Second recurring expense (subscriptions category) did NOT create a subscription entry — expense and subscription are unlinked,Fail,Fail,Tester noted Add Expense with subscriptions category does not populate the Subscriptions list. Expense<->Subscription link absent (PRD 13 expects connection).,Valid bug,Non-pass DA journey triaged as bug/verification item.,Yes,BUG-EXPENSE-004,BUG-EXPENSE-004
RAW-0092,DA bug verification journeys,audit-input/03-bug-and-evidence/DA_BUG_VERIFICATION.csv,DA,36,DA-JOURNEY-F-6,Vyaya / Expenses,Needs WD Verification,Subscription and reminders step 6: Check reminder behaviour,Not observed — step blocked (see Notes).,Blocked,Blocked,Reminder-creation check blocked by subscriptions 500.,Valid bug,Non-pass DA journey triaged as bug/verification item.,Yes,BUG-EXPENSE-005,BUG-EXPENSE-005
RAW-0093,DA bug verification journeys,audit-input/03-bug-and-evidence/DA_BUG_VERIFICATION.csv,DA,37,NB-014,Vyaya / Expenses,/api/subscriptions,Subscription and reminders step 5b: Open subscription edit view,Cannot edit subscription: edit view loads via the same /api/subscriptions endpoint that 500s (P2022). Blocked by NB-014 root cause.,Fail,Fail,,Valid bug,Non-pass DA journey triaged as bug/verification item.,Yes,BUG-EXPENSE-002,BUG-EXPENSE-002
RAW-0094,P0/P1 bug report draft,audit-input/03-bug-and-evidence/P0_P1_BUG_REPORT_DRAFT.csv,QA/AI,2,1,Authentication,/password,Google login restricted to test users (app unverified in Google Cloud),"Standing restriction hit every session: non-test Google accounts get Error 403 access_denied (report screenshot). Entire test effort has run on the registered test account (dummyuser@example.com, email/password) + Skip Verification BECAUSE of this gate. | Re-confirmed as the active operating constraint across 08-07 -> 11-07 sessions; Journey A step 1 records it still blocks NEW Google accounts (2026-07-12). Environmental/config (Google Cloud OAuth consent screen unverified / testers allow-list), not app code. | Config-level, not code. Fix = complete Google OAuth verification / publish consent screen (or keep an explicit testers allow-list). Workaround IN USE: email/password signup works, so the app is still enterable -> P1, not P0. NB: a reviewer reading login=P0 strictly may escalate. Do NOT edit Google auth settings (ground rule 4); route via Jira.",P1,Confirmed,,Duplicate/supporting source,P0/P1 draft is a severity handoff source; rows are retained and linked to parent master bugs.,Yes,BUG-AUTH-001,BUG-AUTH-001
RAW-0095,P0/P1 bug report draft,audit-input/03-bug-and-evidence/P0_P1_BUG_REPORT_DRAFT.csv,QA/AI,3,2,Authentication,/api/auth/send-reset,Password reset link errors; auto-logs-in without resetting,"Run 1 (12-07): send-reset OK (POST /api/auth/send-reset 200). Opened recovery link — token ACCEPTED (Supabase minted a valid session), redirect landed on www.svarajya.com root. Inconclusive on end-state: navigated away too quickly and consumed the single-use token. | Run 2 (12-07, fresh link, clean): followed the link WITHOUT navigating away. (a) Token ACCEPTED — valid session JWT minted for the account (NOT the report's 'Invalid token' error). (b) redirect_to (svarajya.vercel.app/reset-password) IGNORED -> landed on the www.svarajya.com MARKETING landing page (Home/Features/Story/Login), not /reset-password and not /rajya. (c) Tokens sit in the URL fragment but are NEVER consumed: network shows NO token-exchange call, localStorage has no auth keys, UI is logged-out -> NO auto-login. (d) Password never resettable (no reset screen reached). | REPORTED SYMPTOMS NOT REPRODUCED on current production: no 'invalid token' error (token is accepted), and no auto-login/redirect-to-/rajya (the minted session is never consumed at the marketing landing). SECURITY FRAMING CORRECTED: my earlier 'possible auth-bypass / P0' concern does NOT hold — a clean run shows the recovery link does not establish a session on the landing page (no Supabase client there to consume the fragment). Residual security note is minor: a valid bearer JWT is briefly exposed in the URL fragment (history/referrer) — hygiene, not account takeover. THE REAL, REPRODUCIBLE DEFECT is that email password reset is broken end-to-end because the link lands on the marketing root instead of /reset-password — tracked and confirmed as NB-018 (upgraded to P1). Kept at P1 as a cluster member with NB-018 (one fix). Do NOT edit Supabase/auth config (ground rule 4); route via Jira.",P1,Behaviour changed,,Duplicate/supporting source,P0/P1 draft is a severity handoff source; rows are retained and linked to parent master bugs.,Yes,BUG-AUTH-002,BUG-AUTH-002
RAW-0096,P0/P1 bug report draft,audit-input/03-bug-and-evidence/P0_P1_BUG_REPORT_DRAFT.csv,QA/AI,4,5,Authentication,/billing-not-enabled,Mobile OTP was static '1234' (dev mode),"Send OTP now fails with Firebase auth/billing-not-enabled (tester-reproduced 08-07, NB-001); static-1234 path unreachable. | Standing state across 08-07 to 11-07 sessions; no dev-mode code observable. | Report described dev-mode static OTP; current build fails earlier at the send step. Verification journey still broken, differently.",P1,Behaviour changed,,Duplicate/supporting source,P0/P1 draft is a severity handoff source; rows are retained and linked to parent master bugs.,Yes,BUG-AUTH-004,BUG-AUTH-004
RAW-0097,P0/P1 bug report draft,audit-input/03-bug-and-evidence/P0_P1_BUG_REPORT_DRAFT.csv,QA/AI,5,NB-001,Authentication,/billing-not-enabled,Send OTP fails: Firebase auth/billing-not-enabled,Enter any mobile -> click 'Send OTP to mobile' | OTP send errors out; mobile verification impossible. Skip Verification works so onboarding is not fully blocked.,P1,Draft — reproduce 2x,,Duplicate/supporting source,P0/P1 draft is a severity handoff source; rows are retained and linked to parent master bugs.,Yes,BUG-AUTH-004,BUG-AUTH-004
RAW-0098,P0/P1 bug report draft,audit-input/03-bug-and-evidence/P0_P1_BUG_REPORT_DRAFT.csv,QA/AI,6,NB-003,Authentication,/foundation,"Profile editing replays full onboarding, gated behind broken OTP",Open /foundation -> click EDIT on profile card | No dedicated edit form. EDIT re-enters the 5-step onboarding wizard ending at the OTP step that errors (NB-001).,P1,Draft — reproduce 2x,,Duplicate/supporting source,P0/P1 draft is a severity handoff source; rows are retained and linked to parent master bugs.,Yes,BUG-AUTH-004,BUG-AUTH-004
RAW-0099,P0/P1 bug report draft,audit-input/03-bug-and-evidence/P0_P1_BUG_REPORT_DRAFT.csv,QA/AI,7,NB-013,Authentication,/file,"Uploads claim Google Drive storage; no consent asked, no folder/file created, Drive URL fabricated from internal ID","Upload doc to loan -> check Drive for Svarajya_Nidhi -> click View | UPDATED 11-07: Behaviour depends on Drive-link state. PRE-CONSENT: loan doc upload claimed success, no Drive artifacts, fabricated URL (original finding). Education upload showed cloud upload failed, local copy saved (honest warning — inconsistent messaging vs loan silent success). POST-CONSENT (tester granted OAuth): education uploads DO reach Drive (Svarajya_Nidhi visible) but first certificate still would not open; Raksha policy doc STILL phantom (Bug 21) — view-URL defect independent of storage state in Raksha/Rin.",P1,Reproduced 1x — re-run with Raksha policy doc for 2x,,Duplicate/supporting source,P0/P1 draft is a severity handoff source; rows are retained and linked to parent master bugs.,Yes,BUG-PROFILE-004,BUG-PROFILE-004
RAW-0100,P0/P1 bug report draft,audit-input/03-bug-and-evidence/P0_P1_BUG_REPORT_DRAFT.csv,QA/AI,8,NB-014,Vyaya / Expenses,/api/subscriptions,Subscriptions API returns 500 DATABASE_ERROR (Prisma P2022 - missing column),Open Vyaya Subscriptions / GET /api/subscriptions | GET /api/subscriptions AND by-id both 500 (Prisma P2022 missing column). CASCADE: save reports SUCCESS (false confirmation); list renders EMPTY STATE (Add your first subscription) rather than an error — saved data invisible and failure fully silent to the user; edit impossible (loads via same 500).,P1,"Reproduced 2x (list + by-id, deterministic 500). Save-side false-success corroborated by tester.",,Duplicate/supporting source,P0/P1 draft is a severity handoff source; rows are retained and linked to parent master bugs.,Yes,BUG-EXPENSE-002,BUG-EXPENSE-002
RAW-0101,P0/P1 bug report draft,audit-input/03-bug-and-evidence/P0_P1_BUG_REPORT_DRAFT.csv,QA/AI,9,NB-017,Authentication,/pravah,/pravah returns 404 — route regression vs 10-07 verified-working list,"While logged in, navigate to https://svarajya.vercel.app/pravah | /pravah returns the app 404 page ('Page Not Found'). This route was on the verified working-routes list from the 10-07 sessions, so it is a regression. Bank module (Pravah = PRD M6) is unreachable via its known route.",P1,"Reproduced 2x (404 both loads, 12-07). CONTROL PASSED: /kosh and /foundation both redirect to /start?redirectTo=... (normal auth gate, HTTP-level not a 404) while logged out-state was equal — so the 404 is specific to /pravah, not a session/redirect artifact. Bank data entry & cash-flow journey blocked at the route. Recommend confirming the current correct route in code (possible rename) and restoring or redirecting /pravah.",,Duplicate/supporting source,P0/P1 draft is a severity handoff source; rows are retained and linked to parent master bugs.,Yes,BUG-AUTH-009,BUG-AUTH-009
RAW-0102,P0/P1 bug report draft,audit-input/03-bug-and-evidence/P0_P1_BUG_REPORT_DRAFT.csv,QA/AI,10,NB-018,Authentication,/reset-password,Password-reset redirect_to is ignored; user is sent to production Site URL root instead of /reset-password (Set-New-Password screen never reached),"Trigger a password reset for any account and open the emailed link; observe the landing URL | The emailed recovery link carries redirect_to=https://svarajya.vercel.app/reset-password, but Supabase redirects to the project Site URL root https://www.svarajya.com/#access_token=[redacted]&type=recovery instead. The /reset-password page is never loaded, so a user following the email link has no screen on which to set a new password. Root cause is a Supabase Auth config mismatch: svarajya.vercel.app/reset-password is not in the Redirect-URLs allow-list, so Supabase falls back to the Site URL. Also surfaces a two-deployment setup (staging svarajya.vercel.app vs production www.svarajya.com) that the reset flow crosses.",P1,"Status: CONFIRMED, reproduced 2x (12-07). This is the effective root defect behind the Bug 2 report — email-based password reset is non-functional end-to-end (no reset screen reachable, no workaround) = P1. Clean run detail: Supabase Site URL = https://www.svarajya.com (a marketing site) and svarajya.vercel.app/reset-password is not in the Redirect-URLs allow-list, so Supabase falls back to Site URL root. Also confirms a two-deployment setup (staging svarajya.vercel.app vs production www.svarajya.com marketing) that the reset flow crosses. Minor security-hygiene note: a valid bearer JWT is briefly exposed in the URL fragment. Fix = add the correct reset URL to the Supabase Redirect-URLs allow-list AND align Site URL + the app's reset-link generation to one canonical domain that actually renders /reset-password. Do NOT change Supabase settings directly (ground rule 4) — route via Jira.",,Duplicate/supporting source,P0/P1 draft is a severity handoff source; rows are retained and linked to parent master bugs.,Yes,BUG-AUTH-002,BUG-AUTH-002
RAW-0103,DA suspected missing connections,audit-input/02-existing-team-outputs/DA_SUSPECTED_MISSING_CONNECTIONS.csv,DA,2,DA10-007,Sthapana / Foundation,Needs WD Verification,Sthapana - Family to Sthapana - Qualification: Deletion and unlinking lifecycle,"Family member with an associated qualification deleted | Deleting the family member should remove the linked qualification or place it in a clearly defined unassigned state. | The family member was deleted, but the associated qualification remained available. | A qualification may remain visible without a clear family-member owner.",P2,No,Evidence folder: https://drive.google.com/drive/folders/1E8MdrtREzzU7c_XYLfj8cehN50Liq3Ik,Valid bug,Dependency issue retained; connection ownership needs WD confirmation.,Yes,BUG-PROFILE-015,BUG-PROFILE-015
RAW-0104,DA suspected missing connections,audit-input/02-existing-team-outputs/DA_SUSPECTED_MISSING_CONNECTIONS.csv,DA,3,DA10-006,Vyaya / Expenses,Needs WD Verification,Vyaya - Expenses to Reminders: Reminder-related connections,"Future-dated recurring expense of Rs. 9,999 for July 27, 2027 entered | The application should accept a valid future-dated recurring expense and create the corresponding upcoming reminder. | The application blocked the future date with an error, so the expense-to-reminder connection could not occur. The dependency test recorded this result twice. | Users cannot schedule a future recurring expense and may not receive the expected upcoming reminder.",P1,No,Cross-Module evidence: https://drive.google.com/file/d/1qktNvbUx8Ni2RPUDMopt6Wa-X16bYAOD/view?usp=sharing,Valid bug,Dependency issue retained; connection ownership needs WD confirmation.,Yes,BUG-EXPENSE-006,BUG-EXPENSE-006
RAW-0105,DA suspected missing connections,audit-input/02-existing-team-outputs/DA_SUSPECTED_MISSING_CONNECTIONS.csv,DA,4,DA10-001,Onboarding,Needs WD Verification,Sthapana - Family to Raksha - Insurance: Family-related connections,"Family member added or family name or date of birth updated | The family member should be selectable in the Covered Person control, and later family updates should appear in the linked Insurance view. | Dependency row 7 recorded that the Covered Person dropdown did not render in two attempts. Other dependency rows recorded successful Insurance updates for a changed name, changed date of birth, and an emoji-containing name. | Users may be unable to select a covered family member consistently when creating a policy, even though later updates can appear correctly in other tests.",P1,Partly,Cross-Module evidence: https://drive.google.com/file/d/1dd_ee2-i84w-YqnnXmN7W8RGMMcPN4gZ/view?usp=drive_link | Evidence folder: https://drive.google.com/drive/folders/1E8MdrtREzzU7c_XYLfj8cehN50Liq3Ik | Evidence folder: https://drive.google.com/drive/folders/1A8JOsapnj954EKJApEH6eKGFyeuWD-0A,Valid bug,Dependency issue retained; connection ownership needs WD confirmation.,Yes,BUG-ONBOARD-001,BUG-ONBOARD-001
RAW-0106,DA suspected missing connections,audit-input/02-existing-team-outputs/DA_SUSPECTED_MISSING_CONNECTIONS.csv,DA,5,DA10-004A,Vyaya / Expenses,Needs WD Verification,Leakage - Subscriptions to Vyaya - Expenses: Subscription-related connections,"Subscription added or billing frequency set to yearly | A saved subscription should appear in Vyaya as a recurring expense using the selected billing frequency. | Dependency row 12 recorded that the Subscriptions module loaded but had no Save or Submit control, so the record could not be added. Dependency row 37 and the User Journey subscription tests later recorded yearly recurring-expense behaviour working when records could be managed. | A user may be unable to add a subscription, so the corresponding recurring expense may not appear in Vyaya.",P2,Partly,Cross-Module evidence: https://drive.google.com/file/d/1Xyg7eXPv4jD5ijrlLD1o4gxFaWMZK9lB/view?usp=drive_link | Evidence folder: https://drive.google.com/drive/folders/18HshI1Hreb71VkTNDbpTZ8-oaeDtus4i,Valid bug,Dependency issue retained; connection ownership needs WD confirmation.,Yes,BUG-EXPENSE-007,BUG-EXPENSE-007
RAW-0107,DA suspected missing connections,audit-input/02-existing-team-outputs/DA_SUSPECTED_MISSING_CONNECTIONS.csv,DA,6,DA10-004B,Authentication,Needs WD Verification,Leakage - Subscriptions to Reminders: Subscription-related connections,"Subscription billing date, cost, status, or record lifecycle changed | A saved billing date should create a payment reminder, edits should update it, and cancellation or deletion should remove future reminders. | The missing Save or Submit control in dependency row 12 blocked subscription creation in one test. Other dependency tests recorded reminder creation, amount updates, and reminder removal after deletion or cancellation. | Users may miss a payment reminder or retain an outdated reminder when subscription creation is unavailable in their session.",P1,Partly,Cross-Module evidence: https://drive.google.com/file/d/1Xyg7eXPv4jD5ijrlLD1o4gxFaWMZK9lB/view?usp=drive_link | Evidence folder: https://drive.google.com/drive/folders/18HshI1Hreb71VkTNDbpTZ8-oaeDtus4i,Valid bug,Dependency issue retained; connection ownership needs WD confirmation.,Yes,BUG-AUTH-010,BUG-AUTH-010
RAW-0108,DA suspected missing connections,audit-input/02-existing-team-outputs/DA_SUSPECTED_MISSING_CONNECTIONS.csv,DA,7,DA10-008,Onboarding,Needs WD Verification,Pehchaan Vault - Identity Documents to Niddhi Vault - Documents: Document-related connections,"Saved identity document selected for deletion | The permitted deletion location should be clear, and deleting the document should update all linked identity and document-vault views. | No delete option was available inside Pehchaan. The confirmed Bug Verification record states that deletion was available only through the X icon in Niddhi Vault's general file list. | Users may not know where to delete an identity document and may leave an unwanted document in place.",P2,Partly,Evidence folder: https://drive.google.com/drive/folders/15klJ7BbcIUacWh_77-48iSJ90lxEub5D | Evidence folder: https://drive.google.com/drive/folders/1D2pJlHZ6Ok2qHfqS40m_h4LDzz00S0t_?usp=sharing,Valid bug,Dependency issue retained; connection ownership needs WD confirmation.,Yes,BUG-ONBOARD-002,BUG-ONBOARD-002
RAW-0109,DA suspected missing connections,audit-input/02-existing-team-outputs/DA_SUSPECTED_MISSING_CONNECTIONS.csv,DA,8,DA10-009A,Sthapana / Foundation,Needs WD Verification,Sthapana - Family to Mitra - Nominee: Deletion and unlinking lifecycle,Family member used in the nominee list deleted | The deleted family member should be removed from the available nominee list and should not remain as a stale visible reference. | The name disappeared from the nominee list UI. The source requested technical confirmation of the lasting deletion or unlinking behaviour. | A stale nominee reference could remain or reappear even though the current UI no longer shows the deleted name.,P2,Needs WD Confirmation,Evidence missing - follow-up required,Valid bug,Dependency issue retained; connection ownership needs WD confirmation.,Yes,BUG-PROFILE-016,BUG-PROFILE-016
RAW-0110,DA suspected missing connections,audit-input/02-existing-team-outputs/DA_SUSPECTED_MISSING_CONNECTIONS.csv,DA,9,DA10-009B,Rin / Loans,Needs WD Verification,Bhoomi - Property to Rin - Loans: Deletion and unlinking lifecycle,Property linked as loan collateral deleted | The property link should be removed safely while the loan record remains available. | The Loan Details view changed the collateral value to None without deleting the loan. The source requested confirmation of the lasting unlinking behaviour. | A deleted property could remain linked or reappear in a loan record after the visible UI has updated.,P2,Needs WD Confirmation,Evidence folder: https://drive.google.com/drive/folders/1Q3CraAUq1MRGFRH-uX6wQPWZO-2PWSZC,Valid bug,Dependency issue retained; connection ownership needs WD confirmation.,Yes,BUG-LOAN-006,BUG-LOAN-006
RAW-0111,DA suspected missing connections,audit-input/02-existing-team-outputs/DA_SUSPECTED_MISSING_CONNECTIONS.csv,DA,10,DA10-009C,Vyaya / Expenses,Needs WD Verification,Pravah - Bank Accounts to Vyaya - Expenses: Deletion and unlinking lifecycle,Bank account used as an expense payment account deleted | The deleted bank account should be removed from the expense record and the payment account should change to a safe empty value. | The expense UI removed the bank name and changed Paid From Account to None. The source requested confirmation of the lasting unlinking behaviour. | An expense could retain or later display a stale payment-account reference after the bank account is deleted.,P2,Needs WD Confirmation,Evidence folder: https://drive.google.com/drive/folders/1aBgDi9Lx5q5_Bj1QeM1AKwkh6OSmJtb3,Valid bug,Dependency issue retained; connection ownership needs WD confirmation.,Yes,BUG-EXPENSE-008,BUG-EXPENSE-008
RAW-0112,DA suspected missing connections,audit-input/02-existing-team-outputs/DA_SUSPECTED_MISSING_CONNECTIONS.csv,DA,11,DA10-010A,Authentication,Needs WD Verification,Raksha - Insurance to Reminders: Deletion and unlinking lifecycle,Insurance policy deleted | Renewal reminders associated with the deleted policy should be removed and should not return after refresh or re-login. | The linked reminders disappeared immediately from the Reminders list. The dependency source requested confirmation of the lasting cleanup behaviour. | A stale renewal reminder could reappear for a policy that the user has already deleted.,P2,Needs WD Confirmation,Evidence folder: https://drive.google.com/drive/folders/1A8JOsapnj954EKJApEH6eKGFyeuWD-0A,Valid bug,Dependency issue retained; connection ownership needs WD confirmation.,Yes,BUG-AUTH-011,BUG-AUTH-011
RAW-0113,DA suspected missing connections,audit-input/02-existing-team-outputs/DA_SUSPECTED_MISSING_CONNECTIONS.csv,DA,12,DA10-010B,Raksha / Insurance,Needs WD Verification,Raksha - Insurance to Niddhi Vault - Documents: Deletion and unlinking lifecycle,Insurance policy with a linked PDF deleted | The policy PDF should remain available in Niddhi Vault and should display an Unlinked status after policy deletion. | The document remained visible in the Document Vault and its status changed to Unlinked. The dependency source requested confirmation of lasting document availability. | A user may later be unable to find a policy document that appeared available immediately after the policy was deleted.,P2,Needs WD Confirmation,Evidence folder: https://drive.google.com/drive/folders/1A8JOsapnj954EKJApEH6eKGFyeuWD-0A | Evidence folder: https://drive.google.com/drive/folders/18ugMGXhe8AgktLa_qsOWhqpfoMKJ3o3A,Valid bug,Dependency issue retained; connection ownership needs WD confirmation.,Yes,BUG-INSURANCE-003,BUG-INSURANCE-003
RAW-0114,DA suspected missing connections,audit-input/02-existing-team-outputs/DA_SUSPECTED_MISSING_CONNECTIONS.csv,DA,13,DA10-010C,Vyaya / Expenses,Needs WD Verification,Leakage - Subscriptions to Reminders: Deletion and unlinking lifecycle,Subscription cancelled or deleted | Future payment reminders for the cancelled or deleted subscription should be removed and should not return. | Dependency tests recorded the reminder clearing after deletion and future reminders disappearing after status changed to CANCELLED. The cancellation test requested confirmation of lasting cleanup. | A stale payment reminder could reappear for a subscription the user has cancelled or deleted.,P2,Needs WD Confirmation,Evidence folder: https://drive.google.com/drive/folders/18HshI1Hreb71VkTNDbpTZ8-oaeDtus4i,Valid bug,Dependency issue retained; connection ownership needs WD confirmation.,Yes,BUG-EXPENSE-009,BUG-EXPENSE-009
RAW-0115,DA suspected missing connections,audit-input/02-existing-team-outputs/DA_SUSPECTED_MISSING_CONNECTIONS.csv,DA,14,DA10-005,Kunji / Credentials,Needs WD Verification,Kunji Vault - Credentials to Dashboard: Credential-related connections,"Portal or credential record added or deleted | Adding a portal should positively affect the Dashboard Health Score, and deleting a portal should update the relevant Dashboard total or score according to a defined rule. | Dependency row 15 recorded that the Add Portal button was unresponsive in two attempts, so the Health Score effect could not be tested. The User Journey later recorded portal creation and deletion working and stated that a Dashboard total updated after deletion, but the specific Health Score rule was not verified. | The Dashboard may not communicate credential coverage consistently, and users may be unable to verify how portal changes affect the score.",P2,Needs WD Confirmation,Cross-Module evidence: https://drive.google.com/file/d/1aIDSJ_fHQWm2wqSUzwsgDcOjogV9BNNa/view?usp=drive_link | Evidence folder: https://drive.google.com/drive/folders/1Zs2gbEVc612ZYZqd4JC33ShQSQXTyoTS,Valid bug,Dependency issue retained; connection ownership needs WD confirmation.,Yes,BUG-CREDENTIAL-003,BUG-CREDENTIAL-003
RAW-0116,DA unclear/conflicting fields,audit-input/02-existing-team-outputs/DA_UNCLEAR_AND_CONFLICTING_FIELDS.csv,DA,2,DA09-001,Authentication,/profile,Occupation / phase display; YOUR CURRENT PHASE mapping unclear,"Multiple possible database matches | No database column named phase was identified. The display may relate to users occupation/profile data, rank fields, or a value derived from date of birth, but the source is not confirmed. | Confirm the exact source and logic for the phase display, including whether it is stored or computed and which table/field is authoritative. | Possible DB: users; rajya_scores; gamification_state occupationType or profileType; rank; Not found",High,Needs technical confirmation,Frontend vs Database Comparison,Code risk,All DA unclear-field findings triaged as code risk unless duplicate-table wording is present.,Yes,BUG-AUTH-012,BUG-AUTH-012
RAW-0117,DA unclear/conflicting fields,audit-input/02-existing-team-outputs/DA_UNCLEAR_AND_CONFLICTING_FIELDS.csv,DA,3,DA09-002,Sthapana / Foundation,Needs WD Verification,Profile photo circle mapping unclear,"No database match found | No photo or avatar field was identified in the inventoried tables. | Confirm whether the profile photo is persisted, where it is stored, and which database reference links it to the user. | Possible DB: Not found Not found",High,Needs technical confirmation,Frontend vs Database Comparison,Code risk,All DA unclear-field findings triaged as code risk unless duplicate-table wording is present.,Yes,BUG-PROFILE-017,BUG-PROFILE-017
RAW-0118,DA unclear/conflicting fields,audit-input/02-existing-team-outputs/DA_UNCLEAR_AND_CONFLICTING_FIELDS.csv,DA,4,DA09-003,Sthapana / Foundation,/table,Primary income source mapping unclear,"Technical mapping unclear | The frontend asks for an income source, while the candidate database field records occupation type; these concepts are not necessarily equivalent. | Confirm whether Primary income source writes to users.occupationType or to another field/table. | Possible DB: users occupationType",High,Needs technical confirmation,Frontend vs Database Comparison,Code risk,All DA unclear-field findings triaged as code risk unless duplicate-table wording is present.,Yes,BUG-PROFILE-018,BUG-PROFILE-018
RAW-0119,DA unclear/conflicting fields,audit-input/02-existing-team-outputs/DA_UNCLEAR_AND_CONFLICTING_FIELDS.csv,DA,5,DA09-004,Authentication,/write,MOBILE NUMBER; EMAIL mapping unclear,"Multiple possible database matches | Two candidate fields exist for each frontend contact value, and the read/write field is not identified. | Confirm which user field is authoritative for mobile number and which is authoritative for email, including whether the alternate fields serve a different purpose. | Possible DB: users phone or primaryMobile; email or primaryEmail",High,Needs technical confirmation,Frontend vs Database Comparison,Code risk,All DA unclear-field findings triaged as code risk unless duplicate-table wording is present.,Yes,BUG-AUTH-013,BUG-AUTH-013
RAW-0120,DA unclear/conflicting fields,audit-input/02-existing-team-outputs/DA_UNCLEAR_AND_CONFLICTING_FIELDS.csv,DA,6,DA09-005,Sthapana / Foundation,Needs WD Verification,Enable WhatsApp reminders mapping unclear,"Technical mapping unclear | Channel fields exist on notification tables, but no user-level WhatsApp preference field was identified. | Confirm whether this toggle is persisted per user, where it is stored, or whether it only affects channel selection during notification delivery. | Possible DB: notifications; notification_templates channel",High,Needs technical confirmation,Frontend vs Database Comparison,Code risk,All DA unclear-field findings triaged as code risk unless duplicate-table wording is present.,Yes,BUG-PROFILE-019,BUG-PROFILE-019
RAW-0121,DA unclear/conflicting fields,audit-input/02-existing-team-outputs/DA_UNCLEAR_AND_CONFLICTING_FIELDS.csv,DA,7,DA09-006,Onboarding,Needs WD Verification,Janma Tithi (DOB); Relationship mapping unclear,"Different naming | The frontend labels differ from the candidate database field names, although the concepts appear aligned. | Confirm that Janma Tithi (DOB) maps to family_members.dob and Relationship maps to family_members.relation, with no separate fields used. | Possible DB: family_members dob; relation",Medium,Needs technical confirmation,Frontend vs Database Comparison,Code risk,All DA unclear-field findings triaged as code risk unless duplicate-table wording is present.,Yes,BUG-ONBOARD-003,BUG-ONBOARD-003
RAW-0122,DA unclear/conflicting fields,audit-input/02-existing-team-outputs/DA_UNCLEAR_AND_CONFLICTING_FIELDS.csv,DA,8,DA09-007,Sthapana / Foundation,Needs WD Verification,Rajya Access Level mapping unclear,"Technical mapping unclear | family_members.accessLevel is the closest match, but a separate module_access_permissions table also exists for access control. | Confirm that this family-member frontend field maps only to family_members.accessLevel and is not sourced from or written to module_access_permissions. | Possible DB: family_members; module_access_permissions accessLevel; module permission fields not specified",High,Needs technical confirmation,Frontend vs Database Comparison,Code risk,All DA unclear-field findings triaged as code risk unless duplicate-table wording is present.,Yes,BUG-PROFILE-020,BUG-PROFILE-020
RAW-0123,DA unclear/conflicting fields,audit-input/02-existing-team-outputs/DA_UNCLEAR_AND_CONFLICTING_FIELDS.csv,DA,9,DA09-008,Sthapana / Foundation,Needs WD Verification,Certificate belongs to mapping unclear,Different naming | The frontend person selector appears to correspond to a family member reference rather than a similarly named database field. | Confirm that Certificate belongs to stores the selected person in education.familyMemberId. | Possible DB: education familyMemberId,Medium,Needs technical confirmation,Frontend vs Database Comparison,Code risk,All DA unclear-field findings triaged as code risk unless duplicate-table wording is present.,Yes,BUG-PROFILE-021,BUG-PROFILE-021
RAW-0124,DA unclear/conflicting fields,audit-input/02-existing-team-outputs/DA_UNCLEAR_AND_CONFLICTING_FIELDS.csv,DA,10,DA09-009,Sthapana / Foundation,Needs WD Verification,Institution / University; Year mapping unclear,Different naming | The frontend labels use broader or shorter wording than the candidate database fields. | Confirm that Institution / University maps to education.institute and Year maps to education.yearCompleted. | Possible DB: education institute; yearCompleted,Medium,Needs technical confirmation,Frontend vs Database Comparison,Code risk,All DA unclear-field findings triaged as code risk unless duplicate-table wording is present.,Yes,BUG-PROFILE-022,BUG-PROFILE-022
RAW-0125,DA unclear/conflicting fields,audit-input/02-existing-team-outputs/DA_UNCLEAR_AND_CONFLICTING_FIELDS.csv,DA,11,DA09-010,Sthapana / Foundation,/No,Education Loan? mapping unclear,"Technical mapping unclear | The frontend is a Yes/No control, while linkedLoanId stores a loan reference rather than a boolean value. | Confirm how the Yes/No control is represented, when linkedLoanId is populated, and whether any separate boolean field exists. | Possible DB: education linkedLoanId",High,Needs technical confirmation,Frontend vs Database Comparison,Code risk,All DA unclear-field findings triaged as code risk unless duplicate-table wording is present.,Yes,BUG-PROFILE-023,BUG-PROFILE-023
RAW-0126,DA unclear/conflicting fields,audit-input/02-existing-team-outputs/DA_UNCLEAR_AND_CONFLICTING_FIELDS.csv,DA,12,DA09-011,Pehchaan / Identity Vault,/write,Document Number mapping unclear,"Multiple possible database matches | Both masked and full document-number fields exist, and the frontend read/write mapping is not identified. | Confirm which field receives user input, which field is displayed, and how masking is applied. | Possible DB: identity_records numberMasked or numberFull",High,Needs technical confirmation,Frontend vs Database Comparison,Code risk,All DA unclear-field findings triaged as code risk unless duplicate-table wording is present.,Yes,BUG-IDENTITY-001,BUG-IDENTITY-001
RAW-0127,DA unclear/conflicting fields,audit-input/02-existing-team-outputs/DA_UNCLEAR_AND_CONFLICTING_FIELDS.csv,DA,13,DA09-012,Pehchaan / Identity Vault,Needs WD Verification,Issue Date mapping unclear,Different naming | The frontend and database use different labels for the same apparent date value. | Confirm that Issue Date maps to identity_records.issuedDate. | Possible DB: identity_records issuedDate,Medium,Needs technical confirmation,Frontend vs Database Comparison,Code risk,All DA unclear-field findings triaged as code risk unless duplicate-table wording is present.,Yes,BUG-IDENTITY-002,BUG-IDENTITY-002
RAW-0128,DA unclear/conflicting fields,audit-input/02-existing-team-outputs/DA_UNCLEAR_AND_CONFLICTING_FIELDS.csv,DA,14,DA09-013,Authentication,Needs WD Verification,Document belongs to; Upload document; Loan document belongs to mapping unclear,"Multiple possible database matches | Module-specific tables contain document references, while document_meta contains explicit ownership links. The authoritative location for file metadata and document ownership is not confirmed across these modules. | Confirm, for each module, which table stores the uploaded file reference, which table stores the selected owner, and whether document_meta or the module-specific table is authoritative. | Possible DB: identity_records; insurance_policies; loan_accounts; document_meta familyMemberId or userId; vaultFileId; documentId; linkedPersonId or linkedFamilyMemberId",High,Needs technical confirmation,Frontend vs Database Comparison,Code risk,All DA unclear-field findings triaged as code risk unless duplicate-table wording is present.,Yes,BUG-AUTH-014,BUG-AUTH-014
RAW-0129,DA unclear/conflicting fields,audit-input/02-existing-team-outputs/DA_UNCLEAR_AND_CONFLICTING_FIELDS.csv,DA,15,DA09-014,Kunji / Credentials,Needs WD Verification,Category; Platform Name; Website URL mapping unclear,"Different naming | The frontend labels differ from the corresponding portal-oriented database field names. | Confirm the three mappings: Category to portalType, Platform Name to portalName, and Website URL to portalUrl. | Possible DB: credential_records portalType; portalName; portalUrl",Medium,Needs technical confirmation,Frontend vs Database Comparison,Code risk,All DA unclear-field findings triaged as code risk unless duplicate-table wording is present.,Yes,BUG-CREDENTIAL-004,BUG-CREDENTIAL-004
RAW-0130,DA unclear/conflicting fields,audit-input/02-existing-team-outputs/DA_UNCLEAR_AND_CONFLICTING_FIELDS.csv,DA,16,DA09-015,Kunji / Credentials,Needs WD Verification,App Link mapping unclear,"No database match found | No separate App Link field was identified in credential_records; portalUrl is the only related URL field noted. | Confirm whether App Link shares credential_records.portalUrl, is stored elsewhere, or is not persisted. | Possible DB: Not found Not found",High,Needs technical confirmation,Frontend vs Database Comparison,Code risk,All DA unclear-field findings triaged as code risk unless duplicate-table wording is present.,Yes,BUG-CREDENTIAL-005,BUG-CREDENTIAL-005
RAW-0131,DA unclear/conflicting fields,audit-input/02-existing-team-outputs/DA_UNCLEAR_AND_CONFLICTING_FIELDS.csv,DA,17,DA09-016,Rin / Loans,Needs WD Verification,Premium Amount; Next Due Date; Primary Nominee mapping unclear,"Different naming | The frontend labels differ from the corresponding database field names. | Confirm the mappings to insurance_policies.premium, dueDate, and nomineeId. | Possible DB: insurance_policies premium; dueDate; nomineeId",Medium,Needs technical confirmation,Frontend vs Database Comparison,Code risk,All DA unclear-field findings triaged as code risk unless duplicate-table wording is present.,Yes,BUG-LOAN-007,BUG-LOAN-007
RAW-0132,DA unclear/conflicting fields,audit-input/02-existing-team-outputs/DA_UNCLEAR_AND_CONFLICTING_FIELDS.csv,DA,18,DA09-017,Raksha / Insurance,Needs WD Verification,Covered Members mapping unclear,"Technical mapping unclear | The frontend field is on the policy flow, but the candidate data is stored in a separate insurance_coverage table rather than insurance_policies. | Confirm that covered-member selections are stored in insurance_coverage.memberId and explain the policy-to-coverage relationship used by this screen. | Possible DB: insurance_coverage memberId",High,Needs technical confirmation,Frontend vs Database Comparison,Code risk,All DA unclear-field findings triaged as code risk unless duplicate-table wording is present.,Yes,BUG-INSURANCE-004,BUG-INSURANCE-004
RAW-0133,DA unclear/conflicting fields,audit-input/02-existing-team-outputs/DA_UNCLEAR_AND_CONFLICTING_FIELDS.csv,DA,19,DA09-018,Kosh / Income,Needs WD Verification,Source Name; Gross Income; Credited Bank Account mapping unclear,"Different naming | The frontend labels differ from the candidate database field names. | Confirm the mappings to income_streams.source, amountGross, and creditedAccountId. | Possible DB: income_streams source; amountGross; creditedAccountId",Medium,Needs technical confirmation,Frontend vs Database Comparison,Code risk,All DA unclear-field findings triaged as code risk unless duplicate-table wording is present.,Yes,BUG-INCOME-003,BUG-INCOME-003
RAW-0134,DA unclear/conflicting fields,audit-input/02-existing-team-outputs/DA_UNCLEAR_AND_CONFLICTING_FIELDS.csv,DA,20,DA09-019,Pravah / Banking,Needs WD Verification,Account Last 4 Digits; Balance As Of; Total physical cash mapping unclear,Different naming | The frontend labels differ from the corresponding database field names. | Confirm each listed frontend-to-database mapping. | Possible DB: bank_accounts; cash_wallets accountLast4; latestBalanceAsOf; cashInHand,Medium,Needs technical confirmation,Frontend vs Database Comparison,Code risk,All DA unclear-field findings triaged as code risk unless duplicate-table wording is present.,Yes,BUG-BANK-005,BUG-BANK-005
RAW-0135,DA unclear/conflicting fields,audit-input/02-existing-team-outputs/DA_UNCLEAR_AND_CONFLICTING_FIELDS.csv,DA,21,DA09-020,Pravah / Banking,Needs WD Verification,Joint Account Holder mapping unclear,"Technical mapping unclear | The frontend appears to capture a single holder, while the database field name suggests multiple holders or a collection. | Confirm the data type and structure of bank_accounts.holders and how the single frontend control maps to it. | Possible DB: bank_accounts holders",High,Needs technical confirmation,Frontend vs Database Comparison,Code risk,All DA unclear-field findings triaged as code risk unless duplicate-table wording is present.,Yes,BUG-BANK-006,BUG-BANK-006
RAW-0136,DA unclear/conflicting fields,audit-input/02-existing-team-outputs/DA_UNCLEAR_AND_CONFLICTING_FIELDS.csv,DA,22,DA09-021,Authentication,/portal,Linked Identity; Linked Portal mapping unclear,"No database match found | No direct bank_accounts field was identified for linking an identity record or a credential/portal record. identity_links is only a possible candidate for the identity link. | Confirm whether and where bank-account-to-identity and bank-account-to-portal relationships are stored, including the authoritative table and foreign-key fields. | Possible DB: bank_accounts; identity_links; Not found No direct field found; possible identity_links mapping",High,Needs technical confirmation,Frontend vs Database Comparison,Code risk,All DA unclear-field findings triaged as code risk unless duplicate-table wording is present.,Yes,BUG-AUTH-015,BUG-AUTH-015
RAW-0137,DA unclear/conflicting fields,audit-input/02-existing-team-outputs/DA_UNCLEAR_AND_CONFLICTING_FIELDS.csv,DA,23,DA09-022,Pravah / Banking,Needs WD Verification,Monthly EMI mapping unclear,Different naming | The frontend label differs from the abbreviated database field name. | Confirm that Monthly EMI maps to loan_accounts.emi. | Possible DB: loan_accounts emi,Medium,Needs technical confirmation,Frontend vs Database Comparison,Code risk,All DA unclear-field findings triaged as code risk unless duplicate-table wording is present.,Yes,BUG-BANK-007,BUG-BANK-007
RAW-0138,DA unclear/conflicting fields,audit-input/02-existing-team-outputs/DA_UNCLEAR_AND_CONFLICTING_FIELDS.csv,DA,24,DA09-023,Vyaya / Expenses,/not,Search lender or type; Search ledger entries; Search by asset name or details mapping unclear,"UI field may be computed/not stored | These controls are described as search or filter inputs over existing records, with no storage field identified. | Confirm that these controls are UI-only and do not require database persistence. | Possible DB: Not found Not found",Low,Needs technical confirmation,Frontend vs Database Comparison,Code risk,All DA unclear-field findings triaged as code risk unless duplicate-table wording is present.,Yes,BUG-EXPENSE-010,BUG-EXPENSE-010
RAW-0139,DA unclear/conflicting fields,audit-input/02-existing-team-outputs/DA_UNCLEAR_AND_CONFLICTING_FIELDS.csv,DA,25,DA09-024,Vyaya / Expenses,Needs WD Verification,Payment Mode mapping unclear,Different naming | The frontend label differs from the database field name. | Confirm that Payment Mode maps to expense_entries.mode. | Possible DB: expense_entries mode,Medium,Needs technical confirmation,Frontend vs Database Comparison,Code risk,All DA unclear-field findings triaged as code risk unless duplicate-table wording is present.,Yes,BUG-EXPENSE-011,BUG-EXPENSE-011
RAW-0140,DA unclear/conflicting fields,audit-input/02-existing-team-outputs/DA_UNCLEAR_AND_CONFLICTING_FIELDS.csv,DA,26,DA09-025,Vyaya / Expenses,Needs WD Verification,Budget; Category target spend mapping unclear,"Technical mapping unclear | Both frontend concepts appear to rely on budget_plans.categories, which is described as a combined JSON field; its structure and per-category value mapping are not confirmed. | Confirm the schema of budget_plans.categories and identify how overall category data and each category target amount are stored and retrieved. | Possible DB: budget_plans categories",High,Needs technical confirmation,Frontend vs Database Comparison,Code risk,All DA unclear-field findings triaged as code risk unless duplicate-table wording is present.,Yes,BUG-EXPENSE-012,BUG-EXPENSE-012
RAW-0141,DA unclear/conflicting fields,audit-input/02-existing-team-outputs/DA_UNCLEAR_AND_CONFLICTING_FIELDS.csv,DA,27,DA09-026,Vyaya / Expenses,Needs WD Verification,Monthly Spending Limit mapping unclear,Different naming | The frontend label differs from the database field name. | Confirm that Monthly Spending Limit maps to budget_plans.totalMonthly. | Possible DB: budget_plans totalMonthly,Medium,Needs technical confirmation,Frontend vs Database Comparison,Code risk,All DA unclear-field findings triaged as code risk unless duplicate-table wording is present.,Yes,BUG-EXPENSE-013,BUG-EXPENSE-013
RAW-0142,DA unclear/conflicting fields,audit-input/02-existing-team-outputs/DA_UNCLEAR_AND_CONFLICTING_FIELDS.csv,DA,28,DA09-027,Vyaya / Expenses,Needs WD Verification,Service Name; Subscription Name mapping unclear,"Technical mapping unclear | The same subscription name field appears through both Vyaya and Leakage screens, suggesting two entry points to the same table; module ownership and record lifecycle are not confirmed. | Confirm whether both screens create and edit the same subscriptions records and which module owns validation, updates, and deletion. | Possible DB: subscriptions name",High,Needs technical confirmation,Frontend vs Database Comparison,Code risk,All DA unclear-field findings triaged as code risk unless duplicate-table wording is present.,Yes,BUG-EXPENSE-014,BUG-EXPENSE-014
RAW-0143,DA unclear/conflicting fields,audit-input/02-existing-team-outputs/DA_UNCLEAR_AND_CONFLICTING_FIELDS.csv,DA,29,DA09-028,Onboarding,/not,Do you know how many subscriptions you pay monthly?; Any auto-debits active?; Any unused OTT or app subscriptions? mapping unclear,"UI field may be computed/not stored | These appear to be onboarding or awareness questions. One has no field, while others may be derived from subscription records or analytics rather than stored as direct answers. | Confirm whether these responses are persisted, computed from subscriptions/subscription_analytics, or used only for UI onboarding. | Possible DB: subscriptions; subscription_analytics; Not found autoDebit; unusedSubscriptions; Not found",Low,Needs technical confirmation,Frontend vs Database Comparison,Code risk,All DA unclear-field findings triaged as code risk unless duplicate-table wording is present.,Yes,BUG-ONBOARD-004,BUG-ONBOARD-004
RAW-0144,DA unclear/conflicting fields,audit-input/02-existing-team-outputs/DA_UNCLEAR_AND_CONFLICTING_FIELDS.csv,DA,30,DA09-029,Vyaya / Expenses,Needs WD Verification,Monthly Cost; Billing Frequency; Paid From Account; Mark as essential mapping unclear,Different naming | The frontend labels differ from the corresponding database field names. | Confirm each listed frontend-to-database mapping. | Possible DB: subscriptions amount; billingCycle; linkedBankAccountId; isEssential,Medium,Needs technical confirmation,Frontend vs Database Comparison,Code risk,All DA unclear-field findings triaged as code risk unless duplicate-table wording is present.,Yes,BUG-EXPENSE-015,BUG-EXPENSE-015
RAW-0145,DA unclear/conflicting fields,audit-input/02-existing-team-outputs/DA_UNCLEAR_AND_CONFLICTING_FIELDS.csv,DA,31,DA09-030,Authentication,Needs WD Verification,Category mapping unclear,"Multiple possible database matches | Both a plain category field and a custom-category reference exist, and the dropdown target is not identified. | Confirm when the frontend writes to subscriptions.category versus customCategoryId and which field is authoritative for display and filtering. | Possible DB: subscriptions category or customCategoryId",High,Needs technical confirmation,Frontend vs Database Comparison,Code risk,All DA unclear-field findings triaged as code risk unless duplicate-table wording is present.,Yes,BUG-AUTH-016,BUG-AUTH-016
RAW-0146,DA unclear/conflicting fields,audit-input/02-existing-team-outputs/DA_UNCLEAR_AND_CONFLICTING_FIELDS.csv,DA,32,DA09-031,Kunji / Credentials,Needs WD Verification,Portal Linked mapping unclear,"No database match found | No subscription field was identified for linking a portal or credential record. | Confirm whether this relationship is stored elsewhere, derived through another linking table, or not persisted. | Possible DB: Not found Not found",High,Needs technical confirmation,Frontend vs Database Comparison,Code risk,All DA unclear-field findings triaged as code risk unless duplicate-table wording is present.,Yes,BUG-CREDENTIAL-006,BUG-CREDENTIAL-006
RAW-0147,DA unclear/conflicting fields,audit-input/02-existing-team-outputs/DA_UNCLEAR_AND_CONFLICTING_FIELDS.csv,DA,33,DA09-032,Authentication,Needs WD Verification,Do you have a legally signed Will?; I have a legally signed will document. mapping unclear,"Possible duplicate table | Two tables appear to store whether a will exists, using different field names, and the authoritative source is not identified. | Confirm which table and field are authoritative for will-existence status and whether the other table is duplicate, legacy, derived, or used for a separate purpose. | Possible DB: succession_wills; will_status willExists; existsFlag",High,Needs technical confirmation,Frontend vs Database Comparison,Duplicate/code risk,All DA unclear-field findings triaged as code risk unless duplicate-table wording is present.,Yes,BUG-AUTH-017,BUG-AUTH-017
RAW-0148,DA unclear/conflicting fields,audit-input/02-existing-team-outputs/DA_UNCLEAR_AND_CONFLICTING_FIELDS.csv,DA,34,DA09-033,Kar / Tax,/Emergency,Special/Emergency Instructions mapping unclear,"Different naming | The frontend label differs from will_status.instructions, and no equivalent field was noted on succession_wills. | Confirm that this field is stored only in will_status.instructions and clarify its relationship to succession_wills. | Possible DB: will_status instructions",Medium,Needs technical confirmation,Frontend vs Database Comparison,Code risk,All DA unclear-field findings triaged as code risk unless duplicate-table wording is present.,Yes,BUG-TAX-005,BUG-TAX-005
RAW-0149,DA unclear/conflicting fields,audit-input/02-existing-team-outputs/DA_UNCLEAR_AND_CONFLICTING_FIELDS.csv,DA,35,DA09-034,Bhoomi / Property,/address,Property title mapping unclear,"No database match found | No explicit title field was identified on property_assets. | Confirm whether property title is stored, derived from type/address, or not persisted, and identify the exact source used by the UI. | Possible DB: property_assets Not found; closest fields type and address",High,Needs technical confirmation,Frontend vs Database Comparison,Code risk,All DA unclear-field findings triaged as code risk unless duplicate-table wording is present.,Yes,BUG-PROPERTY-001,BUG-PROPERTY-001
RAW-0150,DA unclear/conflicting fields,audit-input/02-existing-team-outputs/DA_UNCLEAR_AND_CONFLICTING_FIELDS.csv,DA,36,DA09-035,Bhoomi / Property,Needs WD Verification,Ownership; Market value; Purchase price mapping unclear,Different naming | The frontend labels differ from the corresponding database field names. | Confirm each listed frontend-to-database mapping. | Possible DB: property_assets ownershipType; currentValue; purchaseAmount,Medium,Needs technical confirmation,Frontend vs Database Comparison,Code risk,All DA unclear-field findings triaged as code risk unless duplicate-table wording is present.,Yes,BUG-PROPERTY-002,BUG-PROPERTY-002
RAW-0151,DA unclear/conflicting fields,audit-input/02-existing-team-outputs/DA_UNCLEAR_AND_CONFLICTING_FIELDS.csv,DA,37,DA09-036,Bhoomi / Property,Needs WD Verification,Secret field mapping unclear,"Technical mapping unclear | The database field name suggests an identifier, while the frontend description suggests a hidden field; its purpose and handling are not clear. | Confirm what secretFieldId references or stores, how the frontend control uses it, and what access or security rules apply. | Possible DB: property_assets secretFieldId",High,Needs technical confirmation,Frontend vs Database Comparison,Code risk,All DA unclear-field findings triaged as code risk unless duplicate-table wording is present.,Yes,BUG-PROPERTY-003,BUG-PROPERTY-003
RAW-0152,DA unclear/conflicting fields,audit-input/02-existing-team-outputs/DA_UNCLEAR_AND_CONFLICTING_FIELDS.csv,DA,38,DA09-037,Bhoomi / Property,Needs WD Verification,Sale deed; Tax receipt mapping unclear,"Multiple possible database matches | Both document uploads appear to use the same multi-file field, with no identified field showing how document type is distinguished. | Confirm how sale deeds and tax receipts are separately classified, retrieved, and updated when both use property_assets.vaultFileIds. | Possible DB: property_assets vaultFileIds",High,Needs technical confirmation,Frontend vs Database Comparison,Code risk,All DA unclear-field findings triaged as code risk unless duplicate-table wording is present.,Yes,BUG-PROPERTY-004,BUG-PROPERTY-004
RAW-0153,DA unclear/conflicting fields,audit-input/02-existing-team-outputs/DA_UNCLEAR_AND_CONFLICTING_FIELDS.csv,DA,39,DA09-038,Onboarding,/DIN,Are you salaried?; Do you file GST?; Are you a company director?; Do you pay advance tax? mapping unclear,"Technical mapping unclear | No direct boolean fields were identified for these onboarding questions. Some may use occupation data or the presence of GST/DIN records as indirect indicators; advance-tax status has no identified field. | Confirm whether each answer is stored, derived from existing records, or used only for onboarding, and provide the exact field or rule for each. | Possible DB: users; gst_records; din_records; Not found occupationType; record presence; Not found",High,Needs technical confirmation,Frontend vs Database Comparison,Code risk,All DA unclear-field findings triaged as code risk unless duplicate-table wording is present.,Yes,BUG-ONBOARD-005,BUG-ONBOARD-005
RAW-0154,DA unclear/conflicting fields,audit-input/02-existing-team-outputs/DA_UNCLEAR_AND_CONFLICTING_FIELDS.csv,DA,40,DA09-039,Authentication,Needs WD Verification,Filing status; ITR Type mapping unclear,"Multiple possible database matches | Filing status may refer to either status or filingType, while ITR Type also maps to filingType, creating a possible overlap. | Confirm the distinct meaning and authoritative field for Filing status and ITR Type, including whether tax_records.status and filingType are both used. | Possible DB: tax_records status or filingType; filingType",High,Needs technical confirmation,Frontend vs Database Comparison,Code risk,All DA unclear-field findings triaged as code risk unless duplicate-table wording is present.,Yes,BUG-AUTH-018,BUG-AUTH-018
RAW-0155,DA unclear/conflicting fields,audit-input/02-existing-team-outputs/DA_UNCLEAR_AND_CONFLICTING_FIELDS.csv,DA,41,DA09-040,Kar / Tax,Needs WD Verification,Tax payable mapping unclear,Different naming | The frontend label differs from the database field name. | Confirm that Tax payable maps to tax_records.taxDue. | Possible DB: tax_records taxDue,Medium,Needs technical confirmation,Frontend vs Database Comparison,Code risk,All DA unclear-field findings triaged as code risk unless duplicate-table wording is present.,Yes,BUG-TAX-006,BUG-TAX-006
RAW-0156,DA unclear/conflicting fields,audit-input/02-existing-team-outputs/DA_UNCLEAR_AND_CONFLICTING_FIELDS.csv,DA,42,DA09-041,Kar / Tax,Needs WD Verification,Asset mapping unclear,"Multiple possible database matches | Both assetRef and assetType exist, and the frontend selection target is not identified. | Confirm which field stores the selected asset, how the other field is populated, and whether both are required. | Possible DB: nominee_mapping assetRef or assetType",High,Needs technical confirmation,Frontend vs Database Comparison,Code risk,All DA unclear-field findings triaged as code risk unless duplicate-table wording is present.,Yes,BUG-TAX-007,BUG-TAX-007
RAW-0157,DA unclear/conflicting fields,audit-input/02-existing-team-outputs/DA_UNCLEAR_AND_CONFLICTING_FIELDS.csv,DA,43,DA09-042,Authentication,Needs WD Verification,Nominee; Relationship; Share percentage mapping unclear,"Possible duplicate table | Nominee references and share values exist in two tables with different field names, while relationship exists only in succession_nominees. The screen's authoritative table is unclear. | Confirm which table this screen writes to for nominee, relationship, and share percentage, and whether the other table is duplicate, derived, or used for another workflow. | Possible DB: nominee_mapping; succession_nominees nomineeId; relationship; sharePercent or sharePercentage",High,Needs technical confirmation,Frontend vs Database Comparison,Duplicate/code risk,All DA unclear-field findings triaged as code risk unless duplicate-table wording is present.,Yes,BUG-AUTH-019,BUG-AUTH-019
RAW-0158,DA unclear/conflicting fields,audit-input/02-existing-team-outputs/DA_UNCLEAR_AND_CONFLICTING_FIELDS.csv,DA,44,DA09-043,Authentication,Needs WD Verification,Executor name; Executor contact mapping unclear,"Possible duplicate table | Both tables contain the same executor fields, and the authoritative source is not identified. | Confirm which table owns executor details and how duplicate or synchronized values are prevented. | Possible DB: succession_wills; will_status executorName; executorContact",High,Needs technical confirmation,Frontend vs Database Comparison,Duplicate/code risk,All DA unclear-field findings triaged as code risk unless duplicate-table wording is present.,Yes,BUG-AUTH-020,BUG-AUTH-020
RAW-0159,DA unclear/conflicting fields,audit-input/02-existing-team-outputs/DA_UNCLEAR_AND_CONFLICTING_FIELDS.csv,DA,45,DA09-044,Kar / Tax,Needs WD Verification,Upload document mapping unclear,Different naming | The generic frontend upload label maps to a URL-oriented database field name. | Confirm that the uploaded will document is stored or referenced through succession_wills.digitalCopyUrl. | Possible DB: succession_wills digitalCopyUrl,Medium,Needs technical confirmation,Frontend vs Database Comparison,Code risk,All DA unclear-field findings triaged as code risk unless duplicate-table wording is present.,Yes,BUG-TAX-008,BUG-TAX-008
RAW-0160,DA unclear/conflicting fields,audit-input/02-existing-team-outputs/DA_UNCLEAR_AND_CONFLICTING_FIELDS.csv,DA,46,DA09-045,Kar / Tax,Needs WD Verification,Primary contact name; Primary contact phone mapping unclear,"Different naming | The frontend uses Primary contact wording, while the database uses Emergency contact wording. | Confirm that the primary contact fields map to succession_emergency.emergencyContactName and emergencyContactPhone. | Possible DB: succession_emergency emergencyContactName; emergencyContactPhone",Medium,Needs technical confirmation,Frontend vs Database Comparison,Code risk,All DA unclear-field findings triaged as code risk unless duplicate-table wording is present.,Yes,BUG-TAX-009,BUG-TAX-009
RAW-0161,DA unclear/conflicting fields,audit-input/02-existing-team-outputs/DA_UNCLEAR_AND_CONFLICTING_FIELDS.csv,DA,47,DA09-046,Authentication,/table,Enter OTP code mapping unclear,"Technical mapping unclear | The candidate table stores email verification codes, but the frontend flow is for Emergency Protocol activation, so reuse of this table is not confirmed. | Confirm whether this OTP uses email_verification_codes.code or a separate OTP service/table, and identify the purpose and lifecycle of the stored code. | Possible DB: email_verification_codes (tentative) code",High,Needs technical confirmation,Frontend vs Database Comparison,Code risk,All DA unclear-field findings triaged as code risk unless duplicate-table wording is present.,Yes,BUG-AUTH-021,BUG-AUTH-021
RAW-0162,DA unclear/conflicting fields,audit-input/02-existing-team-outputs/DA_UNCLEAR_AND_CONFLICTING_FIELDS.csv,DA,48,DA09-047,Sthapana / Foundation,/not,Root mapping unclear,"UI field may be computed/not stored | The Root node appears in the family-lineage display, but no explicit database field was identified for it. | Confirm whether Root is a UI-only label derived from the current user or is stored in a specific table/field. | Possible DB: Not found Not found",Low,Needs technical confirmation,Frontend vs Database Comparison,Code risk,All DA unclear-field findings triaged as code risk unless duplicate-table wording is present.,Yes,BUG-PROFILE-024,BUG-PROFILE-024
RAW-0163,Jira export Jira.csv,audit-input/06-additional-qa-ux-stress-evidence/Jira.csv,Jira/PM,2,ISA1-99,Authentication,Needs WD Verification,Redirection to Onboarding,,Medium,To Do,Jira issue ISA1-99; parent ISA1-53,Excluded - Jira non-bug work item,Jira Issue Type is Subtask; retained in raw only.,No,,
RAW-0164,Jira export Jira.csv,audit-input/06-additional-qa-ux-stress-evidence/Jira.csv,Jira/PM,3,ISA1-98,Bhoomi / Property,Needs WD Verification,Emergency contact phone fields accept letters and invalid characters,"In the Emergency Protocol page, “Primary contact phone” and “Secondary contact phone” fields accept letters, special characters, and invalid inputs. *Acceptance criteria:* * Primary and secondary contact phone fields accept only 10‑digit numeric input. * Errors are shown when validation fails. * Records cannot be saved until contact numbers are valid.",Medium,To Do,Jira issue ISA1-98; parent ISA1-64,Valid bug,Jira bug row retained.,Yes,BUG-PROPERTY-005,BUG-PROPERTY-005
RAW-0165,Jira export Jira.csv,audit-input/06-additional-qa-ux-stress-evidence/Jira.csv,Jira/PM,4,ISA1-97,Bhoomi / Property,Needs WD Verification,Executor contact field accepts more than 10 digits,"In the Will & Executor page, the “Executor Contact” field accepts phone numbers longer than 10 digits. *Acceptance criteria:* * Executor contact must be a valid 10‑digit phone number. * Error messages appear when validation fails. * Save is blocked if contact is invalid.",Medium,To Do,Jira issue ISA1-97; parent ISA1-64,Valid bug,Jira bug row retained.,Yes,BUG-PROPERTY-006,BUG-PROPERTY-006
RAW-0166,Jira export Jira.csv,audit-input/06-additional-qa-ux-stress-evidence/Jira.csv,Jira/PM,5,ISA1-96,Kunji / Credentials,/width,Bhoomi module header card length is inconsistent,"The Bhoomi module header card has a different length/width compared to other module cards. *Acceptance criteria:* * Bhoomi header card visually aligns with cards from modules like Kunji, Raksha, Rin. * Header card sizing is consistent across the app.",Medium,To Do,Jira issue ISA1-96; parent ISA1-64,Valid bug,Jira bug row retained.,Yes,BUG-CREDENTIAL-007,BUG-CREDENTIAL-007
RAW-0167,Jira export Jira.csv,audit-input/06-additional-qa-ux-stress-evidence/Jira.csv,Jira/PM,6,ISA1-95,Bhoomi / Property,/Update,Last Review/Update Date accepts future dates,"In the Will & Succession page, “Last Review/Update Date” accepts future dates. *Acceptance criteria:* * Last review date is limited to past or present. * Will review timelines remain accurate.",Medium,To Do,Jira issue ISA1-95; parent ISA1-64,Valid bug,Jira bug row retained.,Yes,BUG-PROPERTY-007,BUG-PROPERTY-007
RAW-0168,Jira export Jira.csv,audit-input/06-additional-qa-ux-stress-evidence/Jira.csv,Jira/PM,7,ISA1-94,Rin / Loans,Needs WD Verification,Save button disabled without showing errors in DIN form,"In the DIN form, entering invalid values (e.g., DIN length, dates in wrong ranges) disables Save but shows no error messages. *Acceptance criteria:* * Users see explicit messages explaining what to fix in each field. * Save is enabled once all fields are valid. * No “silent failure” when validation fails.",Medium,To Do,Jira issue ISA1-94; parent ISA1-63,Valid bug,Jira bug row retained.,Yes,BUG-LOAN-008,BUG-LOAN-008
RAW-0169,Jira export Jira.csv,audit-input/06-additional-qa-ux-stress-evidence/Jira.csv,Jira/PM,8,ISA1-93,Rin / Loans,Needs WD Verification,Next due date accepts past dates without validation (GST),"In GST, the “Next Due Date” field accepts past dates without any error. *Acceptance criteria:* * Next due date must be today or a future date. * GST filing reminders remain accurate.",Medium,To Do,Jira issue ISA1-93; parent ISA1-63,Valid bug,Jira bug row retained.,Yes,BUG-LOAN-009,BUG-LOAN-009
RAW-0170,Jira export Jira.csv,audit-input/06-additional-qa-ux-stress-evidence/Jira.csv,Jira/PM,9,ISA1-92,Kar / Tax,Needs WD Verification,Validation errors for all fields appear when one field has error,"In the GST form, selecting a future “Last Filing Date” triggers validation errors for all required fields immediately, even before Save is clicked. *Acceptance criteria:* * Only fields with invalid values show error messages. * Errors appear on form submit or when the user leaves a field, not all at once.",Medium,To Do,Jira issue ISA1-92; parent ISA1-63,Valid bug,Jira bug row retained.,Yes,BUG-TAX-010,BUG-TAX-010
RAW-0171,Jira export Jira.csv,audit-input/06-additional-qa-ux-stress-evidence/Jira.csv,Jira/PM,10,ISA1-91,Authentication,/download,Uploaded ITR document cannot be viewed – Google Drive file not found,Uploaded ITR documents cannot be viewed; Google Drive shows a file not found message. *Acceptance criteria:* * ITR documents upload successfully and are accessible. * View/download links open the correct file.,Medium,To Do,Jira issue ISA1-91; parent ISA1-63,Valid bug,Jira bug row retained.,Yes,BUG-AUTH-022,BUG-AUTH-022
RAW-0172,Jira export Jira.csv,audit-input/06-additional-qa-ux-stress-evidence/Jira.csv,Jira/PM,11,ISA1-90,Kar / Tax,Needs WD Verification,Filing date future selection disables save button without error,"In ITR, when a future Filing Date is selected, the Save button is disabled but no error message is shown. *Acceptance criteria:* * Invalid future dates show a clear, inline error message. * Save button becomes enabled when date is valid. * No “silent” disabling without explanation.",Medium,To Do,Jira issue ISA1-90; parent ISA1-63,Valid bug,Jira bug row retained.,Yes,BUG-TAX-011,BUG-TAX-011
RAW-0173,Jira export Jira.csv,audit-input/06-additional-qa-ux-stress-evidence/Jira.csv,Jira/PM,12,ISA1-89,Rin / Loans,Needs WD Verification,Assessment year and financial year fields lack proper picker and validation,Assessment Year and Financial Year fields are plain text inputs requiring manual “YYYY-YY” entry with no picker and no format validation. *Acceptance criteria:* * Year selection is constrained to valid financial year options. * Format is enforced or validated as “YYYY-YY”. * Current financial year can be used as default.,Medium,To Do,Jira issue ISA1-89; parent ISA1-63,Valid bug,Jira bug row retained.,Yes,BUG-LOAN-010,BUG-LOAN-010
RAW-0174,Jira export Jira.csv,audit-input/06-additional-qa-ux-stress-evidence/Jira.csv,Jira/PM,13,ISA1-88,Vyaya / Expenses,Needs WD Verification,Last used date accepts future dates and next renewal date accepts past dates,"For subscriptions, “Last Used Date” accepts future dates, and “Next Renewal Date” accepts past dates. *Acceptance criteria:* * Last Used Date cannot be set in the future. * Next Renewal Date cannot be set in the past. * Subscription tracking and renewal reminders are accurate. * (Optional) Alert logic can highlight dormant subscriptions (last used > 90 days) and upcoming renewals (within 7 days).",Medium,To Do,Jira issue ISA1-88; parent ISA1-62,Valid bug,Jira bug row retained.,Yes,BUG-EXPENSE-016,BUG-EXPENSE-016
RAW-0175,Jira export Jira.csv,audit-input/06-additional-qa-ux-stress-evidence/Jira.csv,Jira/PM,14,ISA1-87,Vyaya / Expenses,/quarterly/annual,Recurring expense frequency not saving to database,"When an expense is marked as recurring with a frequency (monthly/quarterly/annual), the frequency value is not saved to the database. *Acceptance criteria:* * Frequency values for recurring expenses are correctly stored. * System can use frequency data to track or project future expenses.",Medium,To Do,Jira issue ISA1-87; parent ISA1-62,Valid bug,Jira bug row retained.,Yes,BUG-EXPENSE-017,BUG-EXPENSE-017
RAW-0176,Jira export Jira.csv,audit-input/06-additional-qa-ux-stress-evidence/Jira.csv,Jira/PM,15,ISA1-86,Vyaya / Expenses,Needs WD Verification,Expense date accepts future dates without validation,"When adding an expense, the date field accepts future dates. *Acceptance criteria:* * Expenses can only be recorded for past or present dates. * Future dates are blocked with a clear validation message. * Expense analytics are not distorted by future entries.",Medium,To Do,Jira issue ISA1-86; parent ISA1-62,Valid bug,Jira bug row retained.,Yes,BUG-EXPENSE-018,BUG-EXPENSE-018
RAW-0177,Jira export Jira.csv,audit-input/06-additional-qa-ux-stress-evidence/Jira.csv,Jira/PM,16,ISA1-85,Pravah / Banking,/edit,End date field missing in add/edit loan form,"When adding or editing a loan, there is no field for loan end date, but the view page shows an “End Date” field with “N/A”. *Acceptance criteria:* * Users can set or update the loan end date during creation or edit. * End date is stored and displayed correctly in the view page.",Medium,To Do,Jira issue ISA1-85; parent ISA1-61,Valid bug,Jira bug row retained.,Yes,BUG-BANK-008,BUG-BANK-008
RAW-0178,Jira export Jira.csv,audit-input/06-additional-qa-ux-stress-evidence/Jira.csv,Jira/PM,17,ISA1-84,Authentication,Needs WD Verification,Uploaded loan document cannot be viewed – Google Drive file not found,"When a user uploads a loan document and tries to view it, Google Drive returns “file does not exist”. *Acceptance criteria:* * Files are stored with valid IDs and correct URLs. * Users can view or download uploaded loan documents.",Medium,To Do,Jira issue ISA1-84; parent ISA1-61,Valid bug,Jira bug row retained.,Yes,BUG-AUTH-022,BUG-AUTH-022
RAW-0179,Jira export Jira.csv,audit-input/06-additional-qa-ux-stress-evidence/Jira.csv,Jira/PM,18,ISA1-83,Pravah / Banking,Needs WD Verification,Document upload field missing in add loan form,"When adding a new loan, there is no option to upload documents, although the edit page supports document upload. *Acceptance criteria:* * Users can upload loan documents at creation time. * Documents are linked to the loan record and visible later.",Medium,To Do,Jira issue ISA1-83; parent ISA1-61,Valid bug,Jira bug row retained.,Yes,BUG-BANK-009,BUG-BANK-009
RAW-0180,Jira export Jira.csv,audit-input/06-additional-qa-ux-stress-evidence/Jira.csv,Jira/PM,19,ISA1-82,Pravah / Banking,Needs WD Verification,Start date accepts future dates without validation,"When adding a new loan, the start date field accepts future dates. *Acceptance criteria:* * The system blocks future start dates and shows a clear message. * EMIs and analytics are not based on invalid future start dates.",Medium,To Do,Jira issue ISA1-82; parent ISA1-61,Valid bug,Jira bug row retained.,Yes,BUG-BANK-010,BUG-BANK-010
RAW-0181,Jira export Jira.csv,audit-input/06-additional-qa-ux-stress-evidence/Jira.csv,Jira/PM,20,ISA1-81,Pravah / Banking,Needs WD Verification,Multiple bank accounts can be marked as primary,"When the user adds multiple bank accounts and marks each as primary, the system accepts more than one primary account. *Acceptance criteria:* * Only one bank account is allowed to be primary at any time. * Users see an error message when trying to mark a second primary account. * Data remains consistent regarding which account is primary.",Medium,To Do,Jira issue ISA1-81; parent ISA1-61,Valid bug,Jira bug row retained.,Yes,BUG-BANK-001,BUG-BANK-001
RAW-0182,Jira export Jira.csv,audit-input/06-additional-qa-ux-stress-evidence/Jira.csv,Jira/PM,21,ISA1-80,Authentication,/download,Uploaded insurance document cannot be viewed – Google Drive file not found,"When a user uploads an insurance document and tries to view it, Google Drive returns “file does not exist”. The reference is saved but the file is not accessible. *Acceptance criteria:* * File is actually stored in Google Drive and the ID is valid. * View/download URLs work for uploaded insurance documents. * Different file types and sizes are tested successfully.",Medium,To Do,Jira issue ISA1-80; parent ISA1-60,Valid bug,Jira bug row retained.,Yes,BUG-AUTH-022,BUG-AUTH-022
RAW-0183,Jira export Jira.csv,audit-input/06-additional-qa-ux-stress-evidence/Jira.csv,Jira/PM,22,ISA1-79,Kunji / Credentials,/view,Document upload field missing in add insurance form,"When adding a new insurance policy, there is no option to upload a policy document, though the upload option appears on the edit/view page. *Acceptance criteria:* * Users can upload policy documents at the time of policy creation. * Uploaded documents are properly linked to the policy record.",Medium,To Do,Jira issue ISA1-79; parent ISA1-60,Valid bug,Jira bug row retained.,Yes,BUG-CREDENTIAL-008,BUG-CREDENTIAL-008
RAW-0184,Jira export Jira.csv,audit-input/06-additional-qa-ux-stress-evidence/Jira.csv,Jira/PM,23,ISA1-78,Kunji / Credentials,Needs WD Verification,Next due date field accepts past dates without validation,"When adding a new insurance policy, the “Next Due Date” field accepts past dates. *Acceptance criteria:* * The next due date must be today or a future date. * The system blocks saving when a past date is selected and shows a clear error.",Medium,To Do,Jira issue ISA1-78; parent ISA1-60,Valid bug,Jira bug row retained.,Yes,BUG-CREDENTIAL-009,BUG-CREDENTIAL-009
RAW-0185,Jira export Jira.csv,audit-input/06-additional-qa-ux-stress-evidence/Jira.csv,Jira/PM,24,ISA1-77,Kunji / Credentials,Needs WD Verification,Number input fields show default “0” and rupee symbol missing,"In the add insurance policy form, the Sum Assured and Premium Amount fields show a default “0” that cannot be cleared, and typing appends to this zero (e.g., 8000 becomes “08000”). The Indian Rupee symbol is also missing. *Acceptance criteria:* * Sum Assured and Premium fields can be cleared and do not force a leading zero. * The ₹ symbol is displayed in these fields. * Input behaves correctly without prefixing user input with “0”.",Medium,To Do,Jira issue ISA1-77; parent ISA1-60,Valid bug,Jira bug row retained.,Yes,BUG-CREDENTIAL-010,BUG-CREDENTIAL-010
RAW-0186,Jira export Jira.csv,audit-input/06-additional-qa-ux-stress-evidence/Jira.csv,Jira/PM,25,ISA1-76,Kunji / Credentials,Needs WD Verification,Registration date accepts future dates without validation,"When adding a new portal, the registration date field accepts future dates without any error. *Acceptance criteria:* * The system displays an error when a future registration date is selected. * Validation prevents saving a portal with a future registration date.",Medium,To Do,Jira issue ISA1-76; parent ISA1-60,Valid bug,Jira bug row retained.,Yes,BUG-CREDENTIAL-011,BUG-CREDENTIAL-011
RAW-0187,Jira export Jira.csv,audit-input/06-additional-qa-ux-stress-evidence/Jira.csv,Jira/PM,26,ISA1-75,Kunji / Credentials,Needs WD Verification,Reveal Password button does nothing when clicked,"When viewing a portal with a stored encrypted password, the “Reveal Password” button does nothing when clicked. *Acceptance criteria:* * User is prompted for the master passphrase when clicking “Reveal Password”. * On correct passphrase, the decrypted password is displayed. * Users can view their stored passwords as intended.",Medium,To Do,Jira issue ISA1-75; parent ISA1-60,Valid bug,Jira bug row retained.,Yes,BUG-CREDENTIAL-012,BUG-CREDENTIAL-012
RAW-0188,Jira export Jira.csv,audit-input/06-additional-qa-ux-stress-evidence/Jira.csv,Jira/PM,27,ISA1-74,Sthapana / Foundation,Needs WD Verification,Education loan toggle missing in edit qualification page,"The education loan toggle is available on the “Add” education qualification page, but is missing on the “Edit” page, so users cannot modify loan status after creation. *Acceptance criteria:* * Users can see and modify the loan status for existing education qualifications. * Updated loan status is saved and reflected correctly.",Medium,To Do,Jira issue ISA1-74; parent ISA1-59,Valid bug,Jira bug row retained.,Yes,BUG-PROFILE-025,BUG-PROFILE-025
RAW-0189,Jira export Jira.csv,audit-input/06-additional-qa-ux-stress-evidence/Jira.csv,Jira/PM,28,ISA1-73,Authentication,Needs WD Verification,Document does not move to new family member folder when ownership changes,"When editing an educational qualification and changing the “Certificate Belongs To” field to another family member, the database updates correctly but the document in Google Drive stays in the old family member’s folder. *Acceptance criteria:* * Documents are stored under the correct family member folder. * vaultFileId or similar references are updated if required. * Behavior is consistent with document move functionality in the Nidhi Vault module.",Medium,To Do,Jira issue ISA1-73; parent ISA1-59,Valid bug,Jira bug row retained.,Yes,BUG-AUTH-023,BUG-AUTH-023
RAW-0190,Jira export Jira.csv,audit-input/06-additional-qa-ux-stress-evidence/Jira.csv,Jira/PM,29,ISA1-72,Sthapana / Foundation,Needs WD Verification,Education loan toggle status not saving to database,"When the user enables the Education Loan toggle and adds education details, the loan status shows correctly after saving, but disappears after a page refresh because the status is not saved to the database. *Acceptance criteria:* * Database schema and APIs correctly store and return the education loan status. * The frontend loads and displays the saved status after page refresh.",Medium,To Do,Jira issue ISA1-72; parent ISA1-59,Valid bug,Jira bug row retained.,Yes,BUG-PROFILE-026,BUG-PROFILE-026
RAW-0191,Jira export Jira.csv,audit-input/06-additional-qa-ux-stress-evidence/Jira.csv,Jira/PM,30,ISA1-71,Authentication,/edit,Google Drive link redirects to Pehchaan module,"When a user links Google Drive to upload documents on the Education add/edit page, after successful linking the user is redirected to the Pehchaan module instead of returning to the Education page. *Acceptance criteria:* * The redirect preserves the user’s current context and form state. * Users do not lose progress on the Education form or have to navigate back manually.",Medium,To Do,Jira issue ISA1-71; parent ISA1-59,Valid bug,Jira bug row retained.,Yes,BUG-AUTH-008,BUG-AUTH-008
RAW-0192,Jira export Jira.csv,audit-input/06-additional-qa-ux-stress-evidence/Jira.csv,Jira/PM,31,ISA1-70,Sthapana / Foundation,Needs WD Verification,Multiple buttons displayed on education page,"On the education page, both “Add another qualification” and “Save & Continue to Dashboard” buttons are displayed together. *Acceptance criteria:* * Initially, only the “Add Qualification” button is shown. * After a qualification is added, the save button appears. * UI confusion and inconsistent user flow are resolved.",Medium,To Do,Jira issue ISA1-70; parent ISA1-59,Valid bug,Jira bug row retained.,Yes,BUG-PROFILE-027,BUG-PROFILE-027
RAW-0193,Jira export Jira.csv,audit-input/06-additional-qa-ux-stress-evidence/Jira.csv,Jira/PM,32,ISA1-69,Sthapana / Foundation,Needs WD Verification,Foundation card UI inconsistency,"The “Your Foundation (Sthapana)” card on the dashboard has inconsistent UI – the layout, spacing, or alignment of elements is not proper compared to other module cards. *Acceptance criteria:* * Padding, margins, and alignment are consistent with other module cards. * Visual consistency is restored and does not negatively affect the overall user experience or professional appearance.",Medium,To Do,Jira issue ISA1-69; parent ISA1-58,Valid bug,Jira bug row retained.,Yes,BUG-PROFILE-028,BUG-PROFILE-028
RAW-0194,Jira export Jira.csv,audit-input/06-additional-qa-ux-stress-evidence/Jira.csv,Jira/PM,33,ISA1-68,Sthapana / Foundation,Needs WD Verification,Duplicate email addresses accepted for family members,"When adding a family member, the system accepts email addresses that are already registered as a user in the database. *Acceptance criteria:* * The system prevents duplicate emails or shows a warning that the email is already associated with another user. * An appropriate error message is displayed when a duplicate is found. * Multiple family members cannot share the same email, avoiding confusion and data integrity issues.",Medium,To Do,Jira issue ISA1-68; parent ISA1-58,Valid bug,Jira bug row retained.,Yes,BUG-PROFILE-029,BUG-PROFILE-029
RAW-0195,Jira export Jira.csv,audit-input/06-additional-qa-ux-stress-evidence/Jira.csv,Jira/PM,34,ISA1-67,Sthapana / Foundation,Needs WD Verification,Email field only accepts @gmail.com addresses,"When adding a family member, the email field only accepts email addresses with the @gmail.com domain. *Acceptance criteria:* * The email field accepts all valid domains (e.g., @yahoo.com, @outlook.com, @labdox.in, etc.). * Users with non‑Gmail addresses can successfully add family members.",Medium,To Do,Jira issue ISA1-67; parent ISA1-58,Valid bug,Jira bug row retained.,Yes,BUG-PROFILE-001,BUG-PROFILE-001
RAW-0196,Jira export Jira.csv,audit-input/06-additional-qa-ux-stress-evidence/Jira.csv,Jira/PM,35,ISA1-66,Sthapana / Foundation,Needs WD Verification,Duplicate buttons displayed after adding family member,"After adding a family member, both “Forge new link” and “Save and continue” buttons are displayed together. *Acceptance criteria:* * Only the “Forge new link” button is shown after adding a family member. * UI inconsistency and user confusion are resolved.",Medium,To Do,Jira issue ISA1-66; parent ISA1-58,Valid bug,Jira bug row retained.,Yes,BUG-PROFILE-030,BUG-PROFILE-030
RAW-0197,Jira export Jira.csv,audit-input/06-additional-qa-ux-stress-evidence/Jira.csv,Jira/PM,36,ISA1-65,Sthapana / Foundation,Needs WD Verification,Duplicate save buttons in add family member form,"When adding a family member, both “Link to profile” and “Save and continue” buttons are displayed. *Acceptance criteria:* * Only one button, “Link to profile”, is shown on the add family member form. * The “Save and continue” button is removed to avoid UI inconsistency and user confusion.",Medium,To Do,Jira issue ISA1-65; parent ISA1-58,Valid bug,Jira bug row retained.,Yes,BUG-PROFILE-031,BUG-PROFILE-031
RAW-0198,Jira export Jira.csv,audit-input/06-additional-qa-ux-stress-evidence/Jira.csv,Jira/PM,37,ISA1-64,Bhoomi / Property,Needs WD Verification,"Mitra, Bhoomi & Uttaradhikar Form Validations","This epic aggregates validation and visual consistency fixes for estate, property, and succession modules. It addresses future date issues for will reviews, inconsistent card layout in Bhoomi, and strict numeric validation for executor and emergency contact phone numbers.",Medium,To Do,Jira issue ISA1-64; parent,Excluded - Jira non-bug work item,Jira Issue Type is Epic; retained in raw only.,No,,
RAW-0199,Jira export Jira.csv,audit-input/06-additional-qa-ux-stress-evidence/Jira.csv,Jira/PM,38,ISA1-63,Authentication,/view,Kar (Taxation) Formatting & Validation,"This epic organizes critical validation and input format issues across the Kar (Taxation) modules, including ITR, GST, and DIN. It covers adding proper year pickers, fixing Google Drive upload/view issues, smoothing aggressive validation behavior, and ensuring forms show clear field-level errors instead of silently disabling save actions.",Medium,To Do,Jira issue ISA1-63; parent,Excluded - Jira non-bug work item,Jira Issue Type is Epic; retained in raw only.,No,,
RAW-0200,Jira export Jira.csv,audit-input/06-additional-qa-ux-stress-evidence/Jira.csv,Jira/PM,39,ISA1-62,Vyaya / Expenses,Needs WD Verification,Vyaya (Expenses) & Subscriptions Accuracy,"This epic ensures that the Vyaya module reliably captures and validates expense-related data. It covers saving recurring frequencies correctly, enforcing valid expense dates, and validating subscription last-used and next renewal dates to avoid inverted or future‑incorrect timestamps.",Medium,To Do,Jira issue ISA1-62; parent,Excluded - Jira non-bug work item,Jira Issue Type is Epic; retained in raw only.,No,,
RAW-0201,Jira export Jira.csv,audit-input/06-additional-qa-ux-stress-evidence/Jira.csv,Jira/PM,40,ISA1-61,Authentication,Needs WD Verification,Pravah (Bank) & Rin (Loans) Updates,"This epic covers logic and synchronization fixes within the Bank (Pravah) and Loan (Rin) modules. Fixes address data consistency (such as preventing multiple primary bank accounts), validating start dates for accurate EMI calculations, adding missing end date and document upload fields, and resolving Google Drive access errors for loan documents.",Medium,To Do,Jira issue ISA1-61; parent,Excluded - Jira non-bug work item,Jira Issue Type is Epic; retained in raw only.,No,,
RAW-0202,Jira export Jira.csv,audit-input/06-additional-qa-ux-stress-evidence/Jira.csv,Jira/PM,41,ISA1-60,Authentication,Needs WD Verification,Kunji (Passwords) & Raksha (Insurance) Stability,"This epic targets critical functionality within the Kunji and Raksha modules. Fixes include restoring the ability to decrypt and reveal stored passwords, adding proper date validation for registration and due dates, fixing default numeric field behavior, and resolving Google Drive file access issues for uploaded insurance documents. It also includes adding missing document upload fields for new insurance policies.",Medium,To Do,Jira issue ISA1-60; parent,Excluded - Jira non-bug work item,Jira Issue Type is Epic; retained in raw only.,No,,
RAW-0203,Jira export Jira.csv,audit-input/06-additional-qa-ux-stress-evidence/Jira.csv,Jira/PM,42,ISA1-59,Authentication,Needs WD Verification,Education & Qualifications Management,"This epic focuses on resolving issues within the Education module forms and integrations. Tasks include fixing UI states, ensuring education loan data persists accurately to the database, maintaining proper Google Drive redirects during uploads, and logically moving Google Drive documents when certificate ownership is reassigned. These fixes ensure user progress is saved reliably and documents are properly organized.",Medium,To Do,Jira issue ISA1-59; parent,Excluded - Jira non-bug work item,Jira Issue Type is Epic; retained in raw only.,No,,
RAW-0204,Jira export Jira.csv,audit-input/06-additional-qa-ux-stress-evidence/Jira.csv,Jira/PM,43,ISA1-58,Sthapana / Foundation,Needs WD Verification,Sthapana (Foundation) Module Enhancements,"This epic groups UI consistency and data validation issues within the Sthapana (Foundation) module. It addresses confusing duplicate button displays, CSS layout formatting, and vital email validation rules for adding family members. Fixing these bugs ensures data integrity (preventing duplicate user emails) and provides a clean, consistent user interface.",Medium,To Do,Jira issue ISA1-58; parent,Excluded - Jira non-bug work item,Jira Issue Type is Epic; retained in raw only.,No,,
RAW-0205,Jira export Jira.csv,audit-input/06-additional-qa-ux-stress-evidence/Jira.csv,Jira/PM,44,ISA1-57,Authentication,Needs WD Verification,Mobile OTP verification using static code 1234 instead of sending actual OTP,"During mobile number verification, the system uses static OTP “1234” for testing instead of sending an actual OTP to the user’s mobile number. *Acceptance criteria:* * Mobile verification is fully functional in production so users can verify their mobile numbers. * The system is integrated with a real SMS service in production. * The static OTP fallback is removed in production mode.",Medium,To Do,Jira issue ISA1-57; parent ISA1-52,Valid bug,Jira bug row retained.,Yes,BUG-AUTH-024,BUG-AUTH-024
RAW-0206,Jira export Jira.csv,audit-input/06-additional-qa-ux-stress-evidence/Jira.csv,Jira/PM,45,ISA1-56,Authentication,Needs WD Verification,Invalid error message when user enters future date of birth,"When a user enters a future date of birth during onboarding, the system does not display a proper error message. *Acceptance criteria:* * The app shows a clear message that the date of birth cannot be in the future. * Validation is clearly communicated so users are not confused.",Medium,To Do,Jira issue ISA1-56; parent ISA1-52,Valid bug,Jira bug row retained.,Yes,BUG-AUTH-025,BUG-AUTH-025
RAW-0207,Jira export Jira.csv,audit-input/06-additional-qa-ux-stress-evidence/Jira.csv,Jira/PM,46,ISA1-55,Authentication,Needs WD Verification,Hide button spacing issue,"The hide button on the onboarding page has incorrect spacing or alignment, making it look out of place or improperly positioned. *Acceptance criteria:* * The hide button’s visual appearance is consistent with the overall design. * CSS spacing is adjusted so the button aligns properly with surrounding elements.",Medium,To Do,Jira issue ISA1-55; parent ISA1-52,Valid bug,Jira bug row retained.,Yes,BUG-AUTH-003,BUG-AUTH-003
RAW-0208,Jira export Jira.csv,audit-input/06-additional-qa-ux-stress-evidence/Jira.csv,Jira/PM,47,ISA1-54,Authentication,Needs WD Verification,Password reset link shows error and redirects without resetting password,"Requesting a password reset link results in an “Invalid token” error when clicked, automatically logging the user in and redirecting them without resetting the password. *Acceptance criteria:* * Token is properly verified before allowing any password change. * Automatic login during the reset flow is removed. * After successful reset, user is redirected to the login page.",Medium,To Do,Jira issue ISA1-54; parent ISA1-52,Valid bug,Jira bug row retained.,Yes,BUG-AUTH-026,BUG-AUTH-026
RAW-0209,Jira export Jira.csv,audit-input/06-additional-qa-ux-stress-evidence/Jira.csv,Jira/PM,48,ISA1-53,Authentication,Needs WD Verification,"Google login only allows test users, not all Google accounts","Google login is currently restricted to test users only, causing login failures for any Google account not added as a test user. *Acceptance criteria:* * The application is verified in Google Cloud Auth console. * Once verified, the test‑user restriction is removed automatically. * Regular users can log in with any valid Google account, not just developers and test users.",Medium,To Do,Jira issue ISA1-53; parent ISA1-52,Valid bug,Jira bug row retained.,Yes,BUG-AUTH-027,BUG-AUTH-027
RAW-0210,Jira export Jira.csv,audit-input/06-additional-qa-ux-stress-evidence/Jira.csv,Jira/PM,49,ISA1-52,Authentication,Needs WD Verification,Authentication & Onboarding,"This epic covers the core authentication and initial user onboarding flows of the Svarajya application. It addresses critical access blockers, including restrictive Google logins and broken password resets, as well as onboarding validation issues like incorrect dates of birth and static OTPs. Resolving these bugs is essential to ensure that all regular users can securely create accounts, log in, and verify their identities in a production environment.",Medium,To Do,Jira issue ISA1-52; parent,Excluded - Jira non-bug work item,Jira Issue Type is Epic; retained in raw only.,No,,
RAW-0211,Jira export Jira.csv,audit-input/06-additional-qa-ux-stress-evidence/Jira.csv,Jira/PM,50,ISA1-51,General UX,Needs WD Verification,Accidental Ledger Deletion Data Loss,"* {noformat}ACTUAL BEHAVIOR: Clicking ""Delete"" runs a hard SQL 'DELETE' statement. The record is permanently purged, leaving no audit history and making accidental clicks unrecoverable. IMPACT: Irreversible data loss on accidental clicks. {noformat} * *Acceptance Criteria:* {noformat}- Add a 'deleted_at' timestamp column to the database tables (defaulting to NULL). - Update UI actions to run an update setting 'deleted_at = NOW()' instead of physical removal. - Adjust default data queries to filter out records where 'deleted_at' is not null. - Provide an ""Undo"" option for 5 seconds after a user marks a record for deletion. {noformat}",Medium,To Do,Jira issue ISA1-51; parent ISA1-1,Valid bug,Jira bug row retained.,Yes,BUG-UX-001,BUG-UX-001
RAW-0212,Jira export Jira.csv,audit-input/06-additional-qa-ux-stress-evidence/Jira.csv,Jira/PM,51,ISA1-50,Sthapana / Foundation,/fetching,Stale Data on Multi-User Household Screens,* {noformat}AS A: Family member sharing a household budget ledger I WANT: My screen to update instantly when another member records a transaction SO THAT: We are always looking at the exact same up-to-date balances. {noformat} * *Acceptance Criteria:* {noformat}- Replace static polling/fetching with Supabase Realtime subscriptions ('supabase.channel()'). - Listen for 'postgres_changes' on the transactions table matching the active 'household_id'. - Automatically update page states without requiring manual page reloads. {noformat},Medium,To Do,Jira issue ISA1-50; parent ISA1-16,Valid bug,Jira bug row retained.,Yes,BUG-PROFILE-032,BUG-PROFILE-032
RAW-0213,Jira export Jira.csv,audit-input/06-additional-qa-ux-stress-evidence/Jira.csv,Jira/PM,52,ISA1-49,Performance / Stress,Needs WD Verification,Offline Transactions Dropped Silently,"* {noformat}ACTUAL BEHAVIOR: When users enter a transaction without internet connectivity, the application discards it silently without saving a local queue or warning the user. IMPACT: Data loss when tracking transactions while on the move (e.g., in subways or basements). {noformat} * *Acceptance Criteria:* {noformat}- Detect offline state using 'navigator.onLine'. - Queue transaction payloads in local browser storage (IndexedDB or cached queue) if offline. - Automatically sync queued items to Supabase when a connection is restored. {noformat}",Medium,To Do,Jira issue ISA1-49; parent ISA1-1,Valid bug,Jira bug row retained.,Yes,BUG-PERF-001,BUG-PERF-001
RAW-0214,Jira export Jira.csv,audit-input/06-additional-qa-ux-stress-evidence/Jira.csv,Jira/PM,53,ISA1-48,Kar / Tax,Needs WD Verification,Missing Optimistic UI Rollback Handler,"* {noformat}ACTUAL BEHAVIOR: To make the app feel fast, new entries are shown on screen immediately. If the backend write subsequently fails, the UI does not remove the item, leaving unsaved data on the screen. IMPACT: Data mismatch. Reloading the page makes the visual transaction disappear since it was never actually written. {noformat} * *Acceptance Criteria:* {noformat}- Cache the previous state before applying optimistic additions. - On API write rejection, trigger a catch block that reverts the visual state to the cached version and shows a retry notification. {noformat}",Medium,To Do,Jira issue ISA1-48; parent ISA1-1,Valid bug,Jira bug row retained.,Yes,BUG-TAX-012,BUG-TAX-012
RAW-0215,Jira export Jira.csv,audit-input/06-additional-qa-ux-stress-evidence/Jira.csv,Jira/PM,54,ISA1-47,Pravah / Banking,Needs WD Verification,Client-Side Calculations and DevTools Tampering,"* {noformat}ACTUAL BEHAVIOR: The application calculates account balances, metrics, and risk scores in the browser and then writes those values directly back to Supabase. This allows users to open browser DevTools, edit local variables, and save falsified numbers to the database. IMPACT: Severe security vulnerability; easy data manipulation. {noformat} * *Acceptance Criteria:* {noformat}- Stop allowing the client to write calculated metrics directly to the DB. - Calculate net balances and health scores dynamically via Postgres database views or Supabase Edge Functions / RPCs. {noformat}",Medium,To Do,Jira issue ISA1-47; parent ISA1-16,Valid bug,Jira bug row retained.,Yes,BUG-BANK-011,BUG-BANK-011
RAW-0216,Jira export Jira.csv,audit-input/06-additional-qa-ux-stress-evidence/Jira.csv,Jira/PM,55,ISA1-46,Authentication,Needs WD Verification,iOS Safari Session Inactivity Purge,"* {noformat}ACTUAL BEHAVIOR: iOS Safari clears localStorage after 7 days of user inactivity. Because Svarajya stores Supabase auth session tokens in localStorage, users are silently logged out with no explanation if they don't open the app for a week. IMPACT: Poor retention, frustrating logout user experience. {noformat} * *Acceptance Criteria:* {noformat}- Configure the Supabase Client to run with custom long-lived cookie storage or a secure storage provider that Safari's aggressive local storage cleanup policy does not affect. {noformat}",Medium,To Do,Jira issue ISA1-46; parent ISA1-1,Valid bug,Jira bug row retained.,Yes,BUG-AUTH-028,BUG-AUTH-028
RAW-0217,Jira export Jira.csv,audit-input/06-additional-qa-ux-stress-evidence/Jira.csv,Jira/PM,56,ISA1-45,Authentication,Needs WD Verification,Mobile Double-Trigger on Tap,"* {noformat}ACTUAL BEHAVIOR: On mobile touch screens, tapping a submit action triggers both the 'touchend' and 'click' events in rapid succession. Since the form submission logic listens to both, it triggers two identical writes back-to-back. IMPACT: Creates duplicate transaction rows on mobile devices even with a fast connection. {noformat} * *Acceptance Criteria:* {noformat}- Add 'e.preventDefault()' to the 'touchend' event handlers on all interactive buttons to stop click-event cascading on touch devices. {noformat} h3. Ticket 9: iOS Safari Session Inactivity Purge",Medium,To Do,Jira issue ISA1-45; parent ISA1-35,Valid bug,Jira bug row retained.,Yes,BUG-AUTH-029,BUG-AUTH-029
RAW-0218,Jira export Jira.csv,audit-input/06-additional-qa-ux-stress-evidence/Jira.csv,Jira/PM,57,ISA1-44,Pravah / Banking,Needs WD Verification,Aggregate Calculations Treated as Strings,"* {noformat}ACTUAL BEHAVIOR: Supabase aggregate responses (like SUM) return numbers formatted as strings. When the client-side code executes operations like 'total + 500', it performs string concatenation (e.g., yielding ""$45000500$"" instead of $45500$). IMPACT: Highly corrupted accounting reports and user balance calculations. {noformat} * *Acceptance Criteria:* {noformat}- Wrap all incoming aggregate values from Supabase queries in explicit Javascript 'Number()' casts before performing arithmetic. {noformat}",Medium,To Do,Jira issue ISA1-44; parent ISA1-41,Valid bug,Jira bug row retained.,Yes,BUG-BANK-012,BUG-BANK-012
RAW-0219,Jira export Jira.csv,audit-input/06-additional-qa-ux-stress-evidence/Jira.csv,Jira/PM,58,ISA1-43,Rin / Loans,Needs WD Verification,Floating Point Precision Storing Trash Values,,Medium,To Do,Jira issue ISA1-43; parent ISA1-41,Valid bug,Jira bug row retained.,Yes,BUG-LOAN-011,BUG-LOAN-011
RAW-0220,Jira export Jira.csv,audit-input/06-additional-qa-ux-stress-evidence/Jira.csv,Jira/PM,59,ISA1-41,Numeric & Calculation Precision Numeric & Calculation Precision,Needs WD Verification,Numeric & Calculation Precision,,Medium,To Do,Jira issue ISA1-41; parent,Excluded - Jira non-bug work item,Jira Issue Type is Epic; retained in raw only.,No,,
RAW-0221,Jira export Jira.csv,audit-input/06-additional-qa-ux-stress-evidence/Jira.csv,Jira/PM,60,ISA1-40,Rin / Loans,Needs WD Verification,Missing Transaction Idempotency Keys,"* {noformat}ACTUAL BEHAVIOR: If a network connection drops or experiences latency during a transaction write, client-side retry logic fires the insert payload again. Without unique constraints, Supabase commits duplicate identical rows to the ledger. IMPACT: Inaccurate financial balances, duplicate transaction entries. {noformat} * *Acceptance Criteria:* {noformat}- Add a unique 'idempotency_key' UUID column to the transactions table. - Generate a single UUID in the client view *when* the submit button is clicked. - Database rejects duplicate keys using a Postgres UNIQUE constraint, preventing secondary retry duplicates. {noformat}",Highest,To Do,Jira issue ISA1-40; parent ISA1-1,Valid bug,Jira bug row retained.,Yes,BUG-LOAN-012,BUG-LOAN-012
RAW-0222,Jira export Jira.csv,audit-input/06-additional-qa-ux-stress-evidence/Jira.csv,Jira/PM,61,ISA1-39,Authentication,Needs WD Verification,Silent JWT Expiry Data Loss,"* {noformat}ACTUAL BEHAVIOR: Supabase JSON Web Tokens (JWT) expire after exactly 1 hour. If a user attempts to save a transaction after this time, the write is silently rejected with a 401 error. The UI shows no failure notification; the user thinks the write succeeded. IMPACT: Direct data loss. Users lose complex transaction history without warning. {noformat} * *Acceptance Criteria:* {noformat}- Implement a client-side interceptor that validates token expiration before submitting database writes. - Trigger auto-refresh via 'supabase.auth.refreshSession()' if the token is expired or close to expiring (within a 30-second window). - If refresh fails, block the UI, prompt the user to re-authenticate, and cache the unsaved form state.{noformat}",Highest,To Do,Jira issue ISA1-39; parent ISA1-16,Valid bug,Jira bug row retained.,Yes,BUG-AUTH-030,BUG-AUTH-030
RAW-0223,Jira export Jira.csv,audit-input/06-additional-qa-ux-stress-evidence/Jira.csv,Jira/PM,62,ISA1-38,Authentication,/privacy,Missing Database Row-Level Security,"* {noformat}ACTUAL BEHAVIOR: The Supabase backend database has no RLS policies enabled. Any authenticated user can read, update, or delete all other households' transaction, income, and financial records. IMPACT: Critical security/privacy risk. Total lack of data isolation. TECHNICAL DETAILS: Users can query other tenant tables because the backend does not enforce 'auth.uid()' filtering rules. {noformat} * *Acceptance Criteria:* {noformat}- Execute 'ALTER TABLE transactions ENABLE ROW LEVEL SECURITY;' on all database tables. - Build and verify policies ensuring users can only READ/WRITE records where 'user_id = auth.uid()' or within their shared 'household_id'. - Attempting to query another user's household ID via API returns an empty dataset or access denied. {noformat}",Highest,To Do,Jira issue ISA1-38; parent ISA1-1,Valid bug,Jira bug row retained.,Yes,BUG-AUTH-031,BUG-AUTH-031
RAW-0224,Jira export Jira.csv,audit-input/06-additional-qa-ux-stress-evidence/Jira.csv,Jira/PM,63,ISA1-37,Authentication,/amounts,Logout State Data Clearance,"{noformat}ACTUAL BEHAVIOR: Once a user initiates a logout or their session is terminated, the ""Add income"" and ""Add expense"" elements/amounts do not clear gracefully. Stale or null values continue to linger on screen instead of safely dropping. IMPACT: Creates security issues (exposing financial numbers to unauthorized eyes on shared devices) and suggests a broken state sync. REPRODUCTION STEPS: 1. Log in to Svarajya and populate transaction data. 2. Click ""Log Out"". 3. Observe that income and expense elements/amounts are either showing stale cached data, blank states, or throwing inline page layout errors. Acceptance Criteria: - Logging out immediately wipes all in-memory financial states, cached transactions, and totals. - Redirect the user cleanly to the login screen upon logout. - No protected workspace dashboard elements are visible once the Supabase auth session is null. {noformat}",Medium,To Do,Jira issue ISA1-37; parent ISA1-35,Valid bug,Jira bug row retained.,Yes,BUG-AUTH-032,BUG-AUTH-032
RAW-0225,Jira export Jira.csv,audit-input/06-additional-qa-ux-stress-evidence/Jira.csv,Jira/PM,64,ISA1-36,Rin / Loans,/sidebar,Navigation 404 Route Fault,"{noformat}ACTUAL BEHAVIOR: When a user clicks on the second navigation option on the sidebar (e.g., Rajya Map or Nidhi Vault), the application fails to resolve the client route and instead serves a 404 ""Page Not Found"" screen. IMPACT: Users are locked out of critical subsections of the app. This is a severe blocker for basic application navigation. REPRODUCTION STEPS: 1. Open the Svarajya application. 2. Locate the navigation bar/sidebar. 3. Click the second option down from the top. 4. Notice the system instantly displays the custom purple/yellow 404 screen. {noformat} *Acceptance Criteria:* {noformat}- Clicking any item in the left sidebar menu successfully loads the targeted component or page without encountering a 404 error. - The browser URL path updates cleanly (e.g. /rajya-map or /nidhi-vault). - The ""Go Back"" button on any secondary view safely returns the user to the previous screen. {noformat}",Highest,To Do,Jira issue ISA1-36; parent ISA1-35,Valid bug,Jira bug row retained.,Yes,BUG-LOAN-013,BUG-LOAN-013
RAW-0226,Jira export Jira.csv,audit-input/06-additional-qa-ux-stress-evidence/Jira.csv,Jira/PM,65,ISA1-35,General UX,/UX,UI/UX & Mobile Interactions,,Medium,To Do,Jira issue ISA1-35; parent,Excluded - Jira non-bug work item,Jira Issue Type is Epic; retained in raw only.,No,,
RAW-0227,Jira export Jira.csv,audit-input/06-additional-qa-ux-stress-evidence/Jira.csv,Jira/PM,66,ISA1-34,Mobile vs Desktop Prevent multiple Supabase clients on mobile Client created inside component causes duplicate Realtime events.,Needs WD Verification,Prevent multiple Supabase clients on mobile,Client created inside component causes duplicate Realtime events.,Medium,To Do,Jira issue ISA1-34; parent ISA1-24,Valid bug,Jira bug row retained.,Yes,BUG-GEN-001,BUG-GEN-001
RAW-0228,Jira export Jira.csv,audit-input/06-additional-qa-ux-stress-evidence/Jira.csv,Jira/PM,67,ISA1-33,Mobile vs Desktop Persist unsaved form data on viewport resize Breakpoint change unmounts form component causing data loss.,Needs WD Verification,Persist unsaved form data on viewport resize,Breakpoint change unmounts form component causing data loss.,Medium,To Do,Jira issue ISA1-33; parent ISA1-24,Valid bug,Jira bug row retained.,Yes,BUG-GEN-002,BUG-GEN-002
RAW-0229,Jira export Jira.csv,audit-input/06-additional-qa-ux-stress-evidence/Jira.csv,Jira/PM,68,ISA1-32,Kar / Tax,Needs WD Verification,Fix virtual keyboard hiding submit button,Form cannot be submitted without dismissing keyboard.,Medium,To Do,Jira issue ISA1-32; parent ISA1-24,Valid bug,Jira bug row retained.,Yes,BUG-TAX-013,BUG-TAX-013
RAW-0230,Jira export Jira.csv,audit-input/06-additional-qa-ux-stress-evidence/Jira.csv,Jira/PM,69,ISA1-31,General UX,Needs WD Verification,Fix double insert on mobile touch events,"Touch tap fires both touchend and click, creating duplicate transactions.",Medium,To Do,Jira issue ISA1-31; parent ISA1-24,Valid bug,Jira bug row retained.,Yes,BUG-UX-002,BUG-UX-002
RAW-0231,Jira export Jira.csv,audit-input/06-additional-qa-ux-stress-evidence/Jira.csv,Jira/PM,70,ISA1-30,Mobile vs Desktop Synchronize storage between mobile and desktop localStorage fallback on mobile + Supabase on desktop causes divergent device data.,Needs WD Verification,Synchronize storage between mobile and desktop,localStorage fallback on mobile + Supabase on desktop causes divergent device data.,Medium,To Do,Jira issue ISA1-30; parent ISA1-24,Valid bug,Jira bug row retained.,Yes,BUG-GEN-003,BUG-GEN-003
RAW-0232,Jira export Jira.csv,audit-input/06-additional-qa-ux-stress-evidence/Jira.csv,Jira/PM,71,ISA1-24,Mobile vs Desktop Mobile vs Desktop,Needs WD Verification,Mobile vs Desktop,,Medium,To Do,Jira issue ISA1-24; parent,Excluded - Jira non-bug work item,Jira Issue Type is Epic; retained in raw only.,No,,
RAW-0233,Jira export Jira.csv,audit-input/06-additional-qa-ux-stress-evidence/Jira.csv,Jira/PM,72,ISA1-23,Rin / Loans,Needs WD Verification,Add loading state during data refetch,Stale financial figures shown while new data loads.,Low,To Do,Jira issue ISA1-23; parent ISA1-16,Valid bug,Jira bug row retained.,Yes,BUG-LOAN-014,BUG-LOAN-014
RAW-0234,Jira export Jira.csv,audit-input/06-additional-qa-ux-stress-evidence/Jira.csv,Jira/PM,73,ISA1-22,Vyaya / Expenses,Needs WD Verification,Add Realtime subscriptions for household data,Second household member sees stale data until manual refresh.,Medium,To Do,Jira issue ISA1-22; parent ISA1-16,Excluded - Jira non-bug work item,Jira Issue Type is Story; retained in raw only.,No,,
RAW-0235,Jira export Jira.csv,audit-input/06-additional-qa-ux-stress-evidence/Jira.csv,Jira/PM,74,ISA1-20,General UX,Needs WD Verification,Surface Supabase insertion errors to user UI,Failed inserts look like success to the user.,High,To Do,Jira issue ISA1-20; parent ISA1-16,Valid bug,Jira bug row retained.,Yes,BUG-UX-003,BUG-UX-003
RAW-0236,Jira export Jira.csv,audit-input/06-additional-qa-ux-stress-evidence/Jira.csv,Jira/PM,75,ISA1-19,Data Flow Resolve concurrent write conflicts across tabs Two tabs writing simultaneously results in last write winning and one silently discarded.,Needs WD Verification,Resolve concurrent write conflicts across tabs,Two tabs writing simultaneously results in last write winning and one silently discarded.,High,To Do,Jira issue ISA1-19; parent ISA1-16,Valid bug,Jira bug row retained.,Yes,BUG-GEN-004,BUG-GEN-004
RAW-0237,Jira export Jira.csv,audit-input/06-additional-qa-ux-stress-evidence/Jira.csv,Jira/PM,76,ISA1-18,Rajya / Dashboard,Needs WD Verification,Move derived value calculations to backend,"Totals and scores calculated client-side then written to DB, manipulable via devtools.",High,To Do,Jira issue ISA1-18; parent ISA1-16,Valid bug,Jira bug row retained.,Yes,BUG-DASH-002,BUG-DASH-002
RAW-0238,Jira export Jira.csv,audit-input/06-additional-qa-ux-stress-evidence/Jira.csv,Jira/PM,77,ISA1-17,"Data Flow Handle Supabase JWT 1-hour expiry *Data Loss Risk:* Supabase writes fail silently with 401, causing user data loss.",Needs WD Verification,Handle Supabase JWT 1-hour expiry,"*Data Loss Risk:* Supabase writes fail silently with 401, causing user data loss.",Highest,To Do,Jira issue ISA1-17; parent ISA1-16,Valid bug,Jira bug row retained.,Yes,BUG-GEN-005,BUG-GEN-005
RAW-0239,Jira export Jira.csv,audit-input/06-additional-qa-ux-stress-evidence/Jira.csv,Jira/PM,78,ISA1-16,Data Flow Data Flow,Needs WD Verification,Data Flow,,Medium,To Do,Jira issue ISA1-16; parent,Excluded - Jira non-bug work item,Jira Issue Type is Epic; retained in raw only.,No,,
RAW-0240,Jira export Jira.csv,audit-input/06-additional-qa-ux-stress-evidence/Jira.csv,Jira/PM,79,ISA1-15,Calculation Errors Standardize INR lakh formatting across screens Formatting is inconsistently applied to Supabase values.,Needs WD Verification,Standardize INR lakh formatting across screens,Formatting is inconsistently applied to Supabase values.,Low,To Do,Jira issue ISA1-15; parent ISA1-8,Valid bug,Jira bug row retained.,Yes,BUG-GEN-006,BUG-GEN-006
RAW-0241,Jira export Jira.csv,audit-input/06-additional-qa-ux-stress-evidence/Jira.csv,Jira/PM,80,ISA1-14,Rin / Loans,Needs WD Verification,Fix EMI installment row rounding mismatch,Sum of stored rows differs from original loan amount due to per-row rounding.,Medium,To Do,Jira issue ISA1-14; parent ISA1-8,Valid bug,Jira bug row retained.,Yes,BUG-LOAN-015,BUG-LOAN-015
RAW-0242,Jira export Jira.csv,audit-input/06-additional-qa-ux-stress-evidence/Jira.csv,Jira/PM,81,ISA1-13,Kar / Tax,Needs WD Verification,Fix toFixed() rounding errors on paise values,Wrong paise values stored permanently in DB due to rounding.,Medium,To Do,Jira issue ISA1-13; parent ISA1-8,Valid bug,Jira bug row retained.,Yes,BUG-TAX-014,BUG-TAX-014
RAW-0243,Jira export Jira.csv,audit-input/06-additional-qa-ux-stress-evidence/Jira.csv,Jira/PM,82,ISA1-12,"Calculation Errors Fix Supabase NUMERIC column precision issues Float values written directly (e.g., 0.1 + 0.2 = 0.30000000000000004 stored in DB).",Needs WD Verification,Fix Supabase NUMERIC column precision issues,"Float values written directly (e.g., 0.1 + 0.2 = 0.30000000000000004 stored in DB).",High,To Do,Jira issue ISA1-12; parent ISA1-8,Valid bug,Jira bug row retained.,Yes,BUG-GEN-007,BUG-GEN-007
RAW-0244,Jira export Jira.csv,audit-input/06-additional-qa-ux-stress-evidence/Jira.csv,Jira/PM,83,ISA1-11,Rin / Loans,Needs WD Verification,Parse Supabase aggregate string results,Aggregates return as strings causing concatenation instead of addition (e.g. '45000' + 500 = '45000500').,High,To Do,Jira issue ISA1-11; parent ISA1-8,Valid bug,Jira bug row retained.,Yes,BUG-LOAN-016,BUG-LOAN-016
RAW-0245,Jira export Jira.csv,audit-input/06-additional-qa-ux-stress-evidence/Jira.csv,Jira/PM,84,ISA1-10,Kosh / Income,Needs WD Verification,Handle division by zero for new users without income,Produces NaN which gets written back to the DB.,High,To Do,Jira issue ISA1-10; parent ISA1-8,Valid bug,Jira bug row retained.,Yes,BUG-INCOME-004,BUG-INCOME-004
RAW-0246,Jira export Jira.csv,audit-input/06-additional-qa-ux-stress-evidence/Jira.csv,Jira/PM,85,ISA1-8,Calculation Errors Calculation Errors,Needs WD Verification,Calculation Errors,,Medium,To Do,Jira issue ISA1-8; parent,Excluded - Jira non-bug work item,Jira Issue Type is Epic; retained in raw only.,No,,
RAW-0247,Jira export Jira.csv,audit-input/06-additional-qa-ux-stress-evidence/Jira.csv,Jira/PM,86,ISA1-7,Data Persistence Implement soft delete for transactions Deleted transactions are permanently unrecoverable.,Needs WD Verification,Implement soft delete for transactions,Deleted transactions are permanently unrecoverable.,Low,To Do,Jira issue ISA1-7; parent ISA1-1,Excluded - Jira non-bug work item,Jira Issue Type is Story; retained in raw only.,No,,
RAW-0248,Jira export Jira.csv,audit-input/06-additional-qa-ux-stress-evidence/Jira.csv,Jira/PM,87,ISA1-6,Data Persistence Implement offline queue for transactions Transactions entered offline are currently silently dropped.,Needs WD Verification,Implement offline queue for transactions,Transactions entered offline are currently silently dropped.,Medium,To Do,Jira issue ISA1-6; parent ISA1-1,Excluded - Jira non-bug work item,Jira Issue Type is Story; retained in raw only.,No,,
RAW-0249,Jira export Jira.csv,audit-input/06-additional-qa-ux-stress-evidence/Jira.csv,Jira/PM,88,ISA1-5,General UX,/Supabase,Rollback Optimistic UI updates on write failures,UI shows unsaved data when network/Supabase writes fail.,Medium,To Do,Jira issue ISA1-5; parent ISA1-1,Valid bug,Jira bug row retained.,Yes,BUG-UX-004,BUG-UX-004
RAW-0250,Jira export Jira.csv,audit-input/06-additional-qa-ux-stress-evidence/Jira.csv,Jira/PM,89,ISA1-4,Authentication,Needs WD Verification,Fix iOS Safari localStorage wipe for session,"Supabase session token stored in localStorage; iOS Safari wipes it after 7 days, causing silent logouts.",High,To Do,Jira issue ISA1-4; parent ISA1-1,Valid bug,Jira bug row retained.,Yes,BUG-AUTH-033,BUG-AUTH-033
RAW-0251,Jira export Jira.csv,audit-input/06-additional-qa-ux-stress-evidence/Jira.csv,Jira/PM,90,ISA1-3,Data Persistence Add idempotency keys to all Supabase inserts Network retries are creating duplicate transaction rows.,Needs WD Verification,Add idempotency keys to all Supabase inserts,Network retries are creating duplicate transaction rows.,Highest,To Do,Jira issue ISA1-3; parent ISA1-1,Valid bug,Jira bug row retained.,Yes,BUG-GEN-008,BUG-GEN-008
RAW-0252,Jira export Jira.csv,audit-input/06-additional-qa-ux-stress-evidence/Jira.csv,Jira/PM,91,ISA1-2,Authentication,Needs WD Verification,Implement RLS policies for household data isolation,*Critical Security Risk:* Currently any authenticated user can read all households' data.,Highest,To Do,Jira issue ISA1-2; parent ISA1-1,Valid bug,Jira bug row retained.,Yes,BUG-AUTH-034,BUG-AUTH-034
RAW-0253,Jira export Jira.csv,audit-input/06-additional-qa-ux-stress-evidence/Jira.csv,Jira/PM,92,ISA1-1,Data Persistence Data Persistence,Needs WD Verification,Data Persistence,,Medium,To Do,Jira issue ISA1-1; parent,Excluded - Jira non-bug work item,Jira Issue Type is Epic; retained in raw only.,No,,
RAW-0254,Jira export Jira (1).csv,audit-input/06-additional-qa-ux-stress-evidence/Jira (1).csv,Jira/PM,2,SAI2-13,Authentication,Needs WD Verification,Mobile OTP verification using static code 1234 instead of sending actual OTP,,Medium,Idea,Jira issue SAI2-13; parent SAI2-1,Valid bug,Jira bug row retained.,Yes,BUG-AUTH-024,BUG-AUTH-024
RAW-0255,Jira export Jira (1).csv,audit-input/06-additional-qa-ux-stress-evidence/Jira (1).csv,Jira/PM,3,SAI2-12,Authentication,Needs WD Verification,Invalid error message when user enters future date of birth,,Medium,Idea,Jira issue SAI2-12; parent SAI2-1,Valid bug,Jira bug row retained.,Yes,BUG-AUTH-025,BUG-AUTH-025
RAW-0256,Jira export Jira (1).csv,audit-input/06-additional-qa-ux-stress-evidence/Jira (1).csv,Jira/PM,4,SAI2-11,Authentication,Needs WD Verification,Hide button spacing issue,,Medium,Idea,Jira issue SAI2-11; parent SAI2-1,Valid bug,Jira bug row retained.,Yes,BUG-AUTH-003,BUG-AUTH-003
RAW-0257,Jira export Jira (1).csv,audit-input/06-additional-qa-ux-stress-evidence/Jira (1).csv,Jira/PM,5,SAI2-10,Authentication,Needs WD Verification,Password reset link shows error and redirects without resetting password,,Medium,Idea,Jira issue SAI2-10; parent SAI2-1,Valid bug,Jira bug row retained.,Yes,BUG-AUTH-026,BUG-AUTH-026
RAW-0258,Jira export Jira (1).csv,audit-input/06-additional-qa-ux-stress-evidence/Jira (1).csv,Jira/PM,6,SAI2-9,Authentication,Needs WD Verification,"Google login only allows test users, not all Google accounts",,Medium,Idea,Jira issue SAI2-9; parent SAI2-1,Valid bug,Jira bug row retained.,Yes,BUG-AUTH-027,BUG-AUTH-027
RAW-0259,Jira export Jira (1).csv,audit-input/06-additional-qa-ux-stress-evidence/Jira (1).csv,Jira/PM,7,SAI2-8,Bhoomi / Property,Needs WD Verification,"Mitra, Bhoomi & Uttaradhikar Form Validations",,Medium,Idea,Jira issue SAI2-8; parent,Excluded - Jira non-bug work item,Jira Issue Type is Epic; retained in raw only.,No,,
RAW-0260,Jira export Jira (1).csv,audit-input/06-additional-qa-ux-stress-evidence/Jira (1).csv,Jira/PM,8,SAI2-7,Kar / Tax,Needs WD Verification,Kar (Taxation) Formatting & Validation,,Medium,Idea,Jira issue SAI2-7; parent,Excluded - Jira non-bug work item,Jira Issue Type is Epic; retained in raw only.,No,,
RAW-0261,Jira export Jira (1).csv,audit-input/06-additional-qa-ux-stress-evidence/Jira (1).csv,Jira/PM,9,SAI2-6,Vyaya / Expenses,Needs WD Verification,Vyaya (Expenses) & Subscriptions Accuracy,,Medium,Idea,Jira issue SAI2-6; parent,Excluded - Jira non-bug work item,Jira Issue Type is Epic; retained in raw only.,No,,
RAW-0262,Jira export Jira (1).csv,audit-input/06-additional-qa-ux-stress-evidence/Jira (1).csv,Jira/PM,10,SAI2-5,Pravah / Banking,Needs WD Verification,Pravah (Bank) & Rin (Loans) Updates,,Medium,Idea,Jira issue SAI2-5; parent,Excluded - Jira non-bug work item,Jira Issue Type is Epic; retained in raw only.,No,,
RAW-0263,Jira export Jira (1).csv,audit-input/06-additional-qa-ux-stress-evidence/Jira (1).csv,Jira/PM,11,SAI2-4,Kunji / Credentials,Needs WD Verification,Kunji (Passwords) & Raksha (Insurance) Stability,,Medium,Idea,Jira issue SAI2-4; parent,Excluded - Jira non-bug work item,Jira Issue Type is Epic; retained in raw only.,No,,
RAW-0264,Jira export Jira (1).csv,audit-input/06-additional-qa-ux-stress-evidence/Jira (1).csv,Jira/PM,12,SAI2-3,Sthapana / Foundation,Needs WD Verification,Education & Qualifications Management,,Medium,Idea,Jira issue SAI2-3; parent,Excluded - Jira non-bug work item,Jira Issue Type is Epic; retained in raw only.,No,,
RAW-0265,Jira export Jira (1).csv,audit-input/06-additional-qa-ux-stress-evidence/Jira (1).csv,Jira/PM,13,SAI2-2,Sthapana / Foundation,Needs WD Verification,Sthapana (Foundation) Module Enhancements,,Medium,Idea,Jira issue SAI2-2; parent,Excluded - Jira non-bug work item,Jira Issue Type is Epic; retained in raw only.,No,,
RAW-0266,Jira export Jira (1).csv,audit-input/06-additional-qa-ux-stress-evidence/Jira (1).csv,Jira/PM,14,SAI2-1,Authentication,Needs WD Verification,Authentication & Onboarding,"This epic covers the core authentication and initial user onboarding flows of the Svarajya application. It addresses critical access blockers, including restrictive Google logins and broken password resets, as well as onboarding validation issues like incorrect dates of birth and static OTPs. Resolving these bugs is essential to ensure that all regular users can securely create accounts, log in, and verify their identities in a production environment.",Medium,Idea,Jira issue SAI2-1; parent,Excluded - Jira non-bug work item,Jira Issue Type is Epic; retained in raw only.,No,,
RAW-0267,Additional evidence document - Bug report.pdf,audit-input/06-additional-qa-ux-stress-evidence/Bug report.pdf,QA/UX/WD,1,BUG-001,Authentication,Needs WD Verification,"• BUG-001 · Manifest: Line 1, Column 1, Syntax error — manifest.json is malformed",• BUG-002 · noise.svg returns HTTP 403 Forbidden — background texture fails to load • BUG-003 · Auth API returns HTTP 400 on page load — invalid auth call fires before any user action • INFO · [DataHydrator] Auth event: INITIAL_SESSION — app initialising auth correctly,,Needs WD Verification,sha256:c94dc36a34d6,Report/fix-plan finding,Clear issue/fix-plan heading extracted from document; needs reconciliation with current app/source.,Yes,BUG-AUTH-001,BUG-AUTH-001
RAW-0268,Additional evidence document - Bug report.pdf,audit-input/06-additional-qa-ux-stress-evidence/Bug report.pdf,QA/UX/WD,2,BUG-002,Authentication,/start,• BUG-002 · noise.svg returns HTTP 403 Forbidden — background texture fails to load,• BUG-003 · Auth API returns HTTP 400 on page load — invalid auth call fires before any user action • INFO · [DataHydrator] Auth event: INITIAL_SESSION — app initialising auth correctly Page 2 — Registration / Begin Creation (sva-rajya.vercel.app/start),,Needs WD Verification,sha256:c94dc36a34d6,Report/fix-plan finding,Clear issue/fix-plan heading extracted from document; needs reconciliation with current app/source.,Yes,BUG-AUTH-035,BUG-AUTH-035
RAW-0269,Additional evidence document - Bug report.pdf,audit-input/06-additional-qa-ux-stress-evidence/Bug report.pdf,QA/UX/WD,3,BUG-003,Authentication,/start,• BUG-003 · Auth API returns HTTP 400 on page load — invalid auth call fires before any user action,• INFO · [DataHydrator] Auth event: INITIAL_SESSION — app initialising auth correctly Page 2 — Registration / Begin Creation (sva-rajya.vercel.app/start) Tested: Creating a new account using a temporary email address from temp-mail.org. Various email,,Needs WD Verification,sha256:c94dc36a34d6,Report/fix-plan finding,Clear issue/fix-plan heading extracted from document; needs reconciliation with current app/source.,Yes,BUG-AUTH-036,BUG-AUTH-036
RAW-0270,Additional evidence document - Bug report.pdf,audit-input/06-additional-qa-ux-stress-evidence/Bug report.pdf,QA/UX/WD,4,BUG-004,Authentication,Needs WD Verification,• BUG-004 [CRITICAL] · Registration form shows 'Invalid login credentials' — this is a login error,appearing on a sign-up form. New users cannot register via email. • INFO · 'Continue with Google' social login button is present as an alternative — not tested for failure in this screenshot,,Needs WD Verification,sha256:c94dc36a34d6,Report/fix-plan finding,Clear issue/fix-plan heading extracted from document; needs reconciliation with current app/source.,Yes,BUG-AUTH-037,BUG-AUTH-037
RAW-0271,Additional evidence document - Bug report.pdf,audit-input/06-additional-qa-ux-stress-evidence/Bug report.pdf,QA/UX/WD,5,BUG-006,Kar / Tax,Needs WD Verification,• BUG-006 · Document persists after browser close despite cloud sync being OFF — misleading UX,• BUG-007 [HIGH] · No visible delete option for saved document — users cannot remove uploaded files • BUG-008 · Reason field for name mismatch — unclear if mandatory or optional,,Needs WD Verification,sha256:c94dc36a34d6,Report/fix-plan finding,Clear issue/fix-plan heading extracted from document; needs reconciliation with current app/source.,Yes,BUG-AUTH-005,BUG-AUTH-005
RAW-0272,Additional evidence document - Bug report.pdf,audit-input/06-additional-qa-ux-stress-evidence/Bug report.pdf,QA/UX/WD,6,BUG-007,Pehchaan / Identity Vault,Needs WD Verification,• BUG-007 [HIGH] · No visible delete option for saved document — users cannot remove uploaded,files • BUG-008 · Reason field for name mismatch — unclear if mandatory or optional Page 4 — Identity Vault — PAN Format Validation,,Needs WD Verification,sha256:c94dc36a34d6,Report/fix-plan finding,Clear issue/fix-plan heading extracted from document; needs reconciliation with current app/source.,Yes,BUG-AUTH-006,BUG-AUTH-006
RAW-0273,Additional evidence document - Bug report.pdf,audit-input/06-additional-qa-ux-stress-evidence/Bug report.pdf,QA/UX/WD,7,BUG-008,Pehchaan / Identity Vault,Needs WD Verification,• BUG-008 · Reason field for name mismatch — unclear if mandatory or optional,Page 4 — Identity Vault — PAN Format Validation Tested: Entering an invalid PAN number to verify the app's input validation. Also tested the cloud sync toggle label text.,,Needs WD Verification,sha256:c94dc36a34d6,Report/fix-plan finding,Clear issue/fix-plan heading extracted from document; needs reconciliation with current app/source.,Yes,BUG-PROFILE-001,BUG-PROFILE-001
RAW-0274,Additional evidence document - Bug report.pdf,audit-input/06-additional-qa-ux-stress-evidence/Bug report.pdf,QA/UX/WD,8,BUG-006,Pehchaan / Identity Vault,Needs WD Verification,• INFO · Cloud sync info text is visible — however the wording could be clearer (see BUG-006),Page 5 — Identity Vault — Valid PAN Entry (ABCDE789K) Tested: Entering a valid-format PAN number and uploading a second document (10th.pdf). Observed the file save behaviour.,,Needs WD Verification,sha256:c94dc36a34d6,Report/fix-plan finding,Clear issue/fix-plan heading extracted from document; needs reconciliation with current app/source.,Yes,BUG-AUTH-005,BUG-AUTH-005
RAW-0275,Additional evidence document - Bug report.pdf,audit-input/06-additional-qa-ux-stress-evidence/Bug report.pdf,QA/UX/WD,9,BUG-009,Pehchaan / Identity Vault,Needs WD Verification,"• BUG-009 · After saving, this file later appeared twice in the Nidhi Vault file list (duplicate entry)","SVA-RAJYA | Stress Testing Report | Disha Siroya | April 15, 2026 Page 7 of 16 Page 6 — Dashboard Sidebar — Identity Docs Count",,Needs WD Verification,sha256:c94dc36a34d6,Report/fix-plan finding,Clear issue/fix-plan heading extracted from document; needs reconciliation with current app/source.,Yes,BUG-IDENTITY-003,BUG-IDENTITY-003
RAW-0276,Additional evidence document - Bug report.pdf,audit-input/06-additional-qa-ux-stress-evidence/Bug report.pdf,QA/UX/WD,10,BUG-009,Kar / Tax,Needs WD Verification,"• BUG-009 (related) · After uploading 2 documents, count showed inflated number due to duplicate",file entries Page 7 — Nidhi Vault — Uploaded Files List Tested: Navigating to the Nidhi Vault to view all stored files. Checked whether files persist after browser,,Needs WD Verification,sha256:c94dc36a34d6,Report/fix-plan finding,Clear issue/fix-plan heading extracted from document; needs reconciliation with current app/source.,Yes,BUG-IDENTITY-003,BUG-IDENTITY-003
RAW-0277,Additional evidence document - Bug report.pdf,audit-input/06-additional-qa-ux-stress-evidence/Bug report.pdf,QA/UX/WD,11,BUG-009,Rajya / Dashboard,Needs WD Verification,• BUG-009 [MEDIUM] · 10th.pdf appears twice with the same date — duplicate file entry created by,"the system SVA-RAJYA | Stress Testing Report | Disha Siroya | April 15, 2026 Page 8 of 16",,Needs WD Verification,sha256:c94dc36a34d6,Report/fix-plan finding,Clear issue/fix-plan heading extracted from document; needs reconciliation with current app/source.,Yes,BUG-IDENTITY-003,BUG-IDENTITY-003
RAW-0278,Additional evidence document - Bug report.pdf,audit-input/06-additional-qa-ux-stress-evidence/Bug report.pdf,QA/UX/WD,12,BUG-006,Document Vault,/4/2026,• BUG-006 (confirmed) · Disha Siroya Resume.pdf persists even after browser was closed and,reopened — stored permanently in OPFS despite cloud sync OFF • ✅ PASS · X button visible on each file card — delete functionality appears to exist at file list level • INFO · Files are date-stamped correctly (15/4/2026),,Needs WD Verification,sha256:c94dc36a34d6,Report/fix-plan finding,Clear issue/fix-plan heading extracted from document; needs reconciliation with current app/source.,Yes,BUG-AUTH-005,BUG-AUTH-005
RAW-0279,Additional evidence document - Bug report.pdf,audit-input/06-additional-qa-ux-stress-evidence/Bug report.pdf,QA/UX/WD,13,3,Sthapana / Foundation,Needs WD Verification,• INFO · Identity category correctly shows 3 FILES (though 1 is a duplicate — see BUG-009),"• INFO · All other categories (Education, Insurance, Loans, Property, Other) correctly show 0 FILES • BUG (UX) · Orange dot on Identity card — no tooltip or explanation of what this dot means — users would be confused",,Needs WD Verification,sha256:c94dc36a34d6,Report/fix-plan finding,Clear issue/fix-plan heading extracted from document; needs reconciliation with current app/source.,Yes,BUG-IDENTITY-003,BUG-IDENTITY-003
RAW-0280,Additional evidence document - Bug report.pdf,audit-input/06-additional-qa-ux-stress-evidence/Bug report.pdf,QA/UX/WD,14,BUG-010,Authentication,Needs WD Verification,BUG-010,"SVA-RAJYA | Stress Testing Report | Disha Siroya | April 15, 2026 Page 9 of 16 Page 9 — Dashboard Console — Post-Login Errors (sva-",,Needs WD Verification,sha256:c94dc36a34d6,Report/fix-plan finding,Clear issue/fix-plan heading extracted from document; needs reconciliation with current app/source.,Yes,BUG-PROFILE-002,BUG-PROFILE-002
RAW-0281,Additional evidence document - Bug report.pdf,audit-input/06-additional-qa-ux-stress-evidence/Bug report.pdf,QA/UX/WD,15,BUG-005,Authentication,Needs WD Verification,• BUG-005 [HIGH] · [DataHydrator] Auth event: SIGNED_IN appears 3 times — auth listener,"registered multiple times, causes duplicate API calls • BUG-001 (confirmed) · Manifest syntax error persists on dashboard page — app-wide issue • INFO · [IncomeStore] Hydration complete — no records in DB — confirms fresh account, store",,Needs WD Verification,sha256:c94dc36a34d6,Report/fix-plan finding,Clear issue/fix-plan heading extracted from document; needs reconciliation with current app/source.,Yes,BUG-AUTH-038,BUG-AUTH-038
RAW-0282,Additional evidence document - Bug report.pdf,audit-input/06-additional-qa-ux-stress-evidence/Bug report.pdf,QA/UX/WD,16,BUG-001,Authentication,Needs WD Verification,• BUG-001 (confirmed) · Manifest syntax error persists on dashboard page — app-wide issue,"• INFO · [IncomeStore] Hydration complete — no records in DB — confirms fresh account, store hydration working • INFO · [AuthSync] DB profile fetched — auth sync to database working correctly",,Needs WD Verification,sha256:c94dc36a34d6,Report/fix-plan finding,Clear issue/fix-plan heading extracted from document; needs reconciliation with current app/source.,Yes,BUG-AUTH-001,BUG-AUTH-001
RAW-0283,Additional evidence document - Bug report.pdf,audit-input/06-additional-qa-ux-stress-evidence/Bug report.pdf,QA/UX/WD,17,BUG-011,General UX,Needs WD Verification,• BUG-011 [CRITICAL — Accessibility] · Buttons must have discernible text — 1 button element has,"no aria-label, no title, no visible text. Blind users cannot identify this button. • BUG-012 [SERIOUS — Accessibility] · 2 elements fail WCAG 2.1 AA minimum color contrast ratio (4.5:1) — text may be unreadable for users with low vision",,Needs WD Verification,sha256:c94dc36a34d6,Report/fix-plan finding,Clear issue/fix-plan heading extracted from document; needs reconciliation with current app/source.,Yes,BUG-AUTH-008,BUG-AUTH-008
RAW-0284,Additional evidence document - Bug report.pdf,audit-input/06-additional-qa-ux-stress-evidence/Bug report.pdf,QA/UX/WD,18,BUG-012,General UX,Needs WD Verification,• BUG-012 [SERIOUS — Accessibility] · 2 elements fail WCAG 2.1 AA minimum color contrast ratio,(4.5:1) — text may be unreadable for users with low vision • ✅ PASS · 0 Moderate or Minor issues found • ✅ PASS · Guided Issues: 0 · Manual Issues: 0,,Needs WD Verification,sha256:c94dc36a34d6,Report/fix-plan finding,Clear issue/fix-plan heading extracted from document; needs reconciliation with current app/source.,Yes,BUG-PROFILE-003,BUG-PROFILE-003
RAW-0285,Additional evidence document - Bug report.pdf,audit-input/06-additional-qa-ux-stress-evidence/Bug report.pdf,QA/UX/WD,19,73,Rin / Loans,/403,"• Best Practices score of 73 is driven by: manifest.json error (BUG-001), HTTP 400/403 errors on load","(BUG-002, BUG-003), and possible deprecated API usage • Fixing the 3 load-time errors is expected to bring Best Practices above 85 • Lighthouse note: 'There may be stored data affecting loading performance — IndexedDB present' —",,Needs WD Verification,sha256:c94dc36a34d6,Report/fix-plan finding,Clear issue/fix-plan heading extracted from document; needs reconciliation with current app/source.,Yes,BUG-AUTH-001,BUG-AUTH-001
RAW-0286,Additional evidence document - Bug report.pdf,audit-input/06-additional-qa-ux-stress-evidence/Bug report.pdf,QA/UX/WD,20,BUG-002,Rin / Loans,Needs WD Verification,"(BUG-002, BUG-003), and possible deprecated API usage",• Fixing the 3 load-time errors is expected to bring Best Practices above 85 • Lighthouse note: 'There may be stored data affecting loading performance — IndexedDB present' — run in Incognito for clean score,,Needs WD Verification,sha256:c94dc36a34d6,Report/fix-plan finding,Clear issue/fix-plan heading extracted from document; needs reconciliation with current app/source.,Yes,BUG-AUTH-035,BUG-AUTH-035
RAW-0287,Additional evidence document - Bugs Fix walkthrough 27-4-26.2 (1).md,audit-input/06-additional-qa-ux-stress-evidence/Bugs Fix walkthrough 27-4-26.2 (1).md,QA/UX/WD,1,BUG-003,Authentication,/004,**Issue (BUG-003/004)**: The `start/page.tsx` was throwing HTTP 400 errors immediately after sign-up because it was trying to unconditionally auto-login users before they could confirm their email or without validating the session.,"**Fix**: `start/page.tsx` was refactored to verify `data?.session` before invoking the immediate route push so it fails gracefully to a ""Please check your email"" notice when `confirm_email` is toggled on in Supabase. ### 2. Safeguarding iOS Local Data Storage **Issue (BUG-008)**: Apple devices evict Safari/PWA storage after 7 days by default unless explicitly persisted. Because the Nidhi Vault uses OPFS/IndexedDB locally, user data would suddenly disappear.",,Needs WD Verification,sha256:a2b5e267d3e3,Report/fix-plan finding,Clear issue/fix-plan heading extracted from document; needs reconciliation with current app/source.,Yes,BUG-AUTH-036,BUG-AUTH-036
RAW-0288,Additional evidence document - Bugs Fix walkthrough 27-4-26.2 (1).md,audit-input/06-additional-qa-ux-stress-evidence/Bugs Fix walkthrough 27-4-26.2 (1).md,QA/UX/WD,2,BUG-008,Rin / Loans,/PWA,"**Issue (BUG-008)**: Apple devices evict Safari/PWA storage after 7 days by default unless explicitly persisted. Because the Nidhi Vault uses OPFS/IndexedDB locally, user data would suddenly disappear.","**Fix**: Implemented `navigator.storage.persist()` on app initialization in `LayoutClient.tsx` to lock down storage, marking it exempt from automated UA pressure eviction. ### 3. Preventing Duplicate Nidhi Vault Files **Issue (BUG-009)**: Files like `10th.pdf` were duplicating during detail saves (e.g., adding `docName` and `notes` to an already safely written OPFS Blob).",,Needs WD Verification,sha256:a2b5e267d3e3,Report/fix-plan finding,Clear issue/fix-plan heading extracted from document; needs reconciliation with current app/source.,Yes,BUG-PROFILE-001,BUG-PROFILE-001
RAW-0289,Additional evidence document - Bugs Fix walkthrough 27-4-26.2 (1).md,audit-input/06-additional-qa-ux-stress-evidence/Bugs Fix walkthrough 27-4-26.2 (1).md,QA/UX/WD,3,BUG-009,Sthapana / Foundation,/page,"**Issue (BUG-009)**: Files like `10th.pdf` were duplicating during detail saves (e.g., adding `docName` and `notes` to an already safely written OPFS Blob).",**Fix**: Patched the `FileUploader.tsx` React architecture to explicitly pass an `isUpdate` flag. `vault/page.tsx` now correctly routes the `updateFile` IDB merge without continuously pushing visually redundant elements to the parent's `uploadedCerts` array state mappings in `education/page.tsx` and `identity/add/page.tsx`. ### 4. Stopping Float Conversion Breakages **Issue**: Number inputs in Vyaya Modules occasionally lost track of accurate decimals resulting in 7999 formatting quirks from inputs of 8000.,,Needs WD Verification,sha256:a2b5e267d3e3,Report/fix-plan finding,Clear issue/fix-plan heading extracted from document; needs reconciliation with current app/source.,Yes,BUG-IDENTITY-003,BUG-IDENTITY-003
RAW-0290,Additional evidence document - Money_App_Module_Dependency_Report (1).docx,audit-input/06-additional-qa-ux-stress-evidence/Money_App_Module_Dependency_Report (1).docx,QA/UX/WD,1,DOC-SUMMARY,Sthapana / Foundation,Needs WD Verification,Money App — Module Dependency Report,"""Depends on"" is what a module needs data from to work. ""Feeds into"" is who reads it afterwards. Module | Depends on | Feeds into M1 — User, Family & Profile Management | — (foundation module) | M2, M3, M4, M8, M12, M17 M2 — Digital Identity & KYC Vault | M1 | M3, M11",,Needs WD Verification,sha256:3743ae56801b,Report/fix-plan finding,Clear issue/fix-plan heading extracted from document; needs reconciliation with current app/source.,Yes,BUG-PROFILE-033,BUG-PROFILE-033
RAW-0291,Additional evidence document - Rajya Simulator.pdf,audit-input/06-additional-qa-ux-stress-evidence/Rajya Simulator.pdf,QA/UX/WD,1,DOC-001,Kosh / Income,Needs WD Verification,"Issue: Visual Hierarchy. The ""Build Your Rajya"" button is",perfect and highly visible. The text in the background listing categories (DOCUMENTS • INCOME • BANKS...) is slightly hard to read due to low visibility on the dark background.,,Needs WD Verification,sha256:150f0d7b6f0d,Report/fix-plan finding,Clear issue/fix-plan heading extracted from document; needs reconciliation with current app/source.,Yes,BUG-INCOME-005,BUG-INCOME-005
RAW-0292,Additional evidence document - Rajya Simulator.pdf,audit-input/06-additional-qa-ux-stress-evidence/Rajya Simulator.pdf,QA/UX/WD,2,DOC-002,Kosh / Income,Needs WD Verification,"The Issue: The text ""This helps us understand dependents and","future legacy planning"" is extremely difficult to read and ""Primary income source"" is almost invisible on the screen due to the dark background. Cause: The text color is a dark gray color on a near-black",,Needs WD Verification,sha256:150f0d7b6f0d,Report/fix-plan finding,Clear issue/fix-plan heading extracted from document; needs reconciliation with current app/source.,Yes,BUG-INCOME-006,BUG-INCOME-006
RAW-0293,Additional evidence document - Rajya Simulator.pdf,audit-input/06-additional-qa-ux-stress-evidence/Rajya Simulator.pdf,QA/UX/WD,3,DOC-003,Onboarding,Needs WD Verification,"Issue: The text at the bottom of the screen, ""Skip","Verification,"" is very small and doesn't look like a button, making the user feel ""trapped"" into entering their phone number immediately.",,Needs WD Verification,sha256:150f0d7b6f0d,Report/fix-plan finding,Clear issue/fix-plan heading extracted from document; needs reconciliation with current app/source.,Yes,BUG-ONBOARD-006,BUG-ONBOARD-006
RAW-0294,Additional evidence document - Rajya Simulator.pdf,audit-input/06-additional-qa-ux-stress-evidence/Rajya Simulator.pdf,QA/UX/WD,4,DOC-004,"The Issue: Massive Negative Space. The Issue: Massive Negative Space. The area in the middle of the screen is blank. Even though it is a clean look, it does not give the user a ""Value Hook"" or a reason to proceed.",Needs WD Verification,The Issue: Massive Negative Space.,"The area in the middle of the screen is blank. Even though it is a clean look, it does not give the user a ""Value Hook"" or a reason to proceed.",,Needs WD Verification,sha256:150f0d7b6f0d,Report/fix-plan finding,Clear issue/fix-plan heading extracted from document; needs reconciliation with current app/source.,Yes,BUG-GEN-009,BUG-GEN-009
RAW-0295,Additional evidence document - Rajya Simulator.pdf,audit-input/06-additional-qa-ux-stress-evidence/Rajya Simulator.pdf,QA/UX/WD,5,DOC-005,Kosh / Income,Needs WD Verification,The Issue: Inefficient Use of Space.,"Currently using large cards to represent each Mandal (Income, Banks, Expenses, etc.). On a standard mobile screen size, the user is only able to see 3 or 4 of these before having",,Needs WD Verification,sha256:150f0d7b6f0d,Report/fix-plan finding,Clear issue/fix-plan heading extracted from document; needs reconciliation with current app/source.,Yes,BUG-INCOME-007,BUG-INCOME-007
RAW-0296,Additional evidence document - Rajya Simulator.pdf,audit-input/06-additional-qa-ux-stress-evidence/Rajya Simulator.pdf,QA/UX/WD,6,DOC-006,Doot / Reminders,Needs WD Verification,The Issue: Notification Badge Mismatch.,"This is a critical functional issue from a User Experience point of view. The user is currently on the ""Alerts"" tab, and the red notification badge with the count ""3"" is on the ""Nidhi"" (Vault)",,Needs WD Verification,sha256:150f0d7b6f0d,Report/fix-plan finding,Clear issue/fix-plan heading extracted from document; needs reconciliation with current app/source.,Yes,BUG-LOAN-017,BUG-LOAN-017
RAW-0297,Additional evidence document - Rajya Simulator.pdf,audit-input/06-additional-qa-ux-stress-evidence/Rajya Simulator.pdf,QA/UX/WD,7,DOC-007,Mitra / Legacy,Needs WD Verification,The Issue: Too Much Promotional Material vs. Functionality.,"Tutorial Dominance: The top half of the screen is dominated by a large YouTube video. While great for a first-time user, it poses a ""visual barrier"" for a user wanting to access their files quickly.",,Needs WD Verification,sha256:150f0d7b6f0d,Report/fix-plan finding,Clear issue/fix-plan heading extracted from document; needs reconciliation with current app/source.,Yes,BUG-TAX-015,BUG-TAX-015
RAW-0298,Additional evidence document - Rajya Simulator.pdf,audit-input/06-additional-qa-ux-stress-evidence/Rajya Simulator.pdf,QA/UX/WD,8,DOC-008,General UX,Needs WD Verification,The Issue: Prominence of Secondary CTA.,"The ""Cancel"" button is placed right next to the ""Light up the Treasury"" (Submit) button. On a mobile screen, a user might click ""Cancel"" instead of ""Light up the Treasury.""",,Needs WD Verification,sha256:150f0d7b6f0d,Report/fix-plan finding,Clear issue/fix-plan heading extracted from document; needs reconciliation with current app/source.,Yes,BUG-UX-005,BUG-UX-005
RAW-0299,Additional evidence document - Rajya Simulator.pdf,audit-input/06-additional-qa-ux-stress-evidence/Rajya Simulator.pdf,QA/UX/WD,9,DOC-009,Sthapana / Foundation,Needs WD Verification,The Issue: Lack of Visual Definition.,"The top section where the ""Back"" arrow and the title (""Profile Settings"") are located is blending in too much with the background. There is a lack of",,Needs WD Verification,sha256:150f0d7b6f0d,Report/fix-plan finding,Clear issue/fix-plan heading extracted from document; needs reconciliation with current app/source.,Yes,BUG-PROFILE-034,BUG-PROFILE-034
RAW-0300,Additional evidence document - SVA_RAJYA_Stress_Test_Report.pdf,audit-input/06-additional-qa-ux-stress-evidence/SVA_RAJYA_Stress_Test_Report.pdf,QA/UX/WD,1,Issue #1,Authentication,Needs WD Verification,Issue #1,Login Page Performance & Google OAuth CRITICAL Section:,,Needs WD Verification,sha256:1c8a5e2a22df,Report/fix-plan finding,Clear issue/fix-plan heading extracted from document; needs reconciliation with current app/source.,Yes,BUG-AUTH-039,BUG-AUTH-039
RAW-0301,Additional evidence document - SVA_RAJYA_Stress_Test_Report.pdf,audit-input/06-additional-qa-ux-stress-evidence/SVA_RAJYA_Stress_Test_Report.pdf,QA/UX/WD,2,Issue #2,Rin / Loans,Needs WD Verification,Issue #2,Document Upload Stuck in Buffering State CRITICAL Section:,,Needs WD Verification,sha256:1c8a5e2a22df,Report/fix-plan finding,Clear issue/fix-plan heading extracted from document; needs reconciliation with current app/source.,Yes,BUG-LOAN-018,BUG-LOAN-018
RAW-0302,Additional evidence document - SVA_RAJYA_Stress_Test_Report.pdf,audit-input/06-additional-qa-ux-stress-evidence/SVA_RAJYA_Stress_Test_Report.pdf,QA/UX/WD,3,Issue #3,Rin / Loans,Needs WD Verification,Issue #3,Rin (Debt Burden) Section — Glitches & Unwanted Warnings WARNING,,Needs WD Verification,sha256:1c8a5e2a22df,Report/fix-plan finding,Clear issue/fix-plan heading extracted from document; needs reconciliation with current app/source.,Yes,BUG-LOAN-019,BUG-LOAN-019
RAW-0303,Additional evidence document - SVA_RAJYA_Stress_Test_Report.pdf,audit-input/06-additional-qa-ux-stress-evidence/SVA_RAJYA_Stress_Test_Report.pdf,QA/UX/WD,4,Issue #4,Rajya / Dashboard,Needs WD Verification,Issue #4,SVA-RAJYA Logo Does Not Navigate to Home & Dashboard Lag WARNING,,Needs WD Verification,sha256:1c8a5e2a22df,Report/fix-plan finding,Clear issue/fix-plan heading extracted from document; needs reconciliation with current app/source.,Yes,BUG-DASH-003,BUG-DASH-003
RAW-0304,Additional evidence document - SVA_RAJYA_Stress_Test_Report.pdf,audit-input/06-additional-qa-ux-stress-evidence/SVA_RAJYA_Stress_Test_Report.pdf,QA/UX/WD,5,Issue #5,Raksha / Insurance,Needs WD Verification,Issue #5,Terms & Conditions / Policy Outdated + UI Responsiveness Glitches MINOR,,Needs WD Verification,sha256:1c8a5e2a22df,Report/fix-plan finding,Clear issue/fix-plan heading extracted from document; needs reconciliation with current app/source.,Yes,BUG-INSURANCE-005,BUG-INSURANCE-005
RAW-0305,Additional evidence document - SVA_Rajya_Stress_Test_v2.docx,audit-input/06-additional-qa-ux-stress-evidence/SVA_Rajya_Stress_Test_v2.docx,QA/UX/WD,1,1,Authentication,Needs WD Verification,1. Landing page is missing a Back button [Medium],Users who accidentally select the wrong login or sign-up option have no way to go back without using the browser's native controls. A Back button should be added to the landing page to support standard navigation. 2. Privacy Policy and Terms of Service are listed as separate sidebar pages [Low] Both are legal documents that are rarely visited independently. Combining them into a single page would reduce sidebar clutter and make navigation cleaner.,,Needs WD Verification,sha256:7fa990ab6b09,Report/fix-plan finding,Clear issue/fix-plan heading extracted from document; needs reconciliation with current app/source.,Yes,BUG-AUTH-040,BUG-AUTH-040
RAW-0306,Additional evidence document - SVA_Rajya_Stress_Test_v2.docx,audit-input/06-additional-qa-ux-stress-evidence/SVA_Rajya_Stress_Test_v2.docx,QA/UX/WD,2,2,Vyaya / Expenses,Needs WD Verification,2. Privacy Policy and Terms of Service are listed as separate sidebar pages [Low],"Both are legal documents that are rarely visited independently. Combining them into a single page would reduce sidebar clutter and make navigation cleaner. 3. Multiple modules are missing a Back button [High] Raksha Kavach, Nivesh Sabha, Pravah, Rin, and Vyaya all lack an in-app Back button. Users are forced to rely on the browser's back function, which can cause unexpected reloads or loss of in-progress data in a single-page application.",,Needs WD Verification,sha256:7fa990ab6b09,Report/fix-plan finding,Clear issue/fix-plan heading extracted from document; needs reconciliation with current app/source.,Yes,BUG-EXPENSE-019,BUG-EXPENSE-019
RAW-0307,Additional evidence document - SVA_Rajya_Stress_Test_v2.docx,audit-input/06-additional-qa-ux-stress-evidence/SVA_Rajya_Stress_Test_v2.docx,QA/UX/WD,3,3,Sthapana / Foundation,Needs WD Verification,3. Multiple modules are missing a Back button [High],"Raksha Kavach, Nivesh Sabha, Pravah, Rin, and Vyaya all lack an in-app Back button. Users are forced to rely on the browser's back function, which can cause unexpected reloads or loss of in-progress data in a single-page application. Data Validation Issues 4. Sthapana — Mobile number field has no digit limit [High]",,Needs WD Verification,sha256:7fa990ab6b09,Report/fix-plan finding,Clear issue/fix-plan heading extracted from document; needs reconciliation with current app/source.,Yes,BUG-PROFILE-035,BUG-PROFILE-035
RAW-0308,Additional evidence document - SVA_Rajya_Stress_Test_v2.docx,audit-input/06-additional-qa-ux-stress-evidence/SVA_Rajya_Stress_Test_v2.docx,QA/UX/WD,4,4,Sthapana / Foundation,Needs WD Verification,4. Sthapana — Mobile number field has no digit limit [High],"The Add Family Members form allows entry of any number of digits, making it possible to save invalid phone numbers. The field should be restricted to 10 digits with numeric-only input. 5. Nivesh Sabha — Zero and decimal values are not accepted for investments [High] Entering a decimal amount (e.g. ₹78.888) triggers a browser-level error pointing to the nearest integers. This prevents logging of fractional investment units and edge cases like zero-investment ROI, which are valid financial scenarios.",,Needs WD Verification,sha256:7fa990ab6b09,Report/fix-plan finding,Clear issue/fix-plan heading extracted from document; needs reconciliation with current app/source.,Yes,BUG-PROFILE-036,BUG-PROFILE-036
RAW-0309,Additional evidence document - SVA_Rajya_Stress_Test_v2.docx,audit-input/06-additional-qa-ux-stress-evidence/SVA_Rajya_Stress_Test_v2.docx,QA/UX/WD,5,5,Vyaya / Expenses,Needs WD Verification,5. Nivesh Sabha — Zero and decimal values are not accepted for investments [High],"Entering a decimal amount (e.g. ₹78.888) triggers a browser-level error pointing to the nearest integers. This prevents logging of fractional investment units and edge cases like zero-investment ROI, which are valid financial scenarios. 6. Vyaya — Decimal values are not accepted for expenses [High] Expense amounts are restricted to whole numbers, forcing rounding on entries that include paise. This introduces inaccuracies in net savings calculations and overall financial summaries.",,Needs WD Verification,sha256:7fa990ab6b09,Report/fix-plan finding,Clear issue/fix-plan heading extracted from document; needs reconciliation with current app/source.,Yes,BUG-EXPENSE-020,BUG-EXPENSE-020
RAW-0310,Additional evidence document - SVA_Rajya_Stress_Test_v2.docx,audit-input/06-additional-qa-ux-stress-evidence/SVA_Rajya_Stress_Test_v2.docx,QA/UX/WD,6,6,Vyaya / Expenses,Needs WD Verification,6. Vyaya — Decimal values are not accepted for expenses [High],"Expense amounts are restricted to whole numbers, forcing rounding on entries that include paise. This introduces inaccuracies in net savings calculations and overall financial summaries. Data Handling / Logic Issues 7. Nidhi Vault stores files locally with no cloud backup [Critical]",,Needs WD Verification,sha256:7fa990ab6b09,Report/fix-plan finding,Clear issue/fix-plan heading extracted from document; needs reconciliation with current app/source.,Yes,BUG-EXPENSE-021,BUG-EXPENSE-021
RAW-0311,Additional evidence document - SVA_Rajya_Stress_Test_v2.docx,audit-input/06-additional-qa-ux-stress-evidence/SVA_Rajya_Stress_Test_v2.docx,QA/UX/WD,7,7,Kosh / Income,Needs WD Verification,7. Nidhi Vault stores files locally with no cloud backup [Critical],"Documents uploaded to Nidhi Vault are saved in browser storage only. Clearing browser data permanently deletes them with no recovery option. For a financial app handling sensitive documents, cloud storage should be the default. 8. Kosh — Deductions exceeding gross income show a vague message [High] When deductions are greater than gross income, the Estimated Monthly Net field displays ""Not included in monthly"" instead of a negative value or a clear error. The system should either compute and show the negative net, or explain why the entry is invalid.",,Needs WD Verification,sha256:7fa990ab6b09,Report/fix-plan finding,Clear issue/fix-plan heading extracted from document; needs reconciliation with current app/source.,Yes,BUG-INCOME-008,BUG-INCOME-008
RAW-0312,Additional evidence document - SVA_Rajya_Stress_Test_v2.docx,audit-input/06-additional-qa-ux-stress-evidence/SVA_Rajya_Stress_Test_v2.docx,QA/UX/WD,8,8,Kosh / Income,Needs WD Verification,8. Kosh — Deductions exceeding gross income show a vague message [High],"When deductions are greater than gross income, the Estimated Monthly Net field displays ""Not included in monthly"" instead of a negative value or a clear error. The system should either compute and show the negative net, or explain why the entry is invalid. Severity key: Critical · High · Medium · Low",,Needs WD Verification,sha256:7fa990ab6b09,Report/fix-plan finding,Clear issue/fix-plan heading extracted from document; needs reconciliation with current app/source.,Yes,BUG-INCOME-009,BUG-INCOME-009
RAW-0313,Additional evidence document - Sav-Rajya (1).docx,audit-input/06-additional-qa-ux-stress-evidence/Sav-Rajya (1).docx,QA/UX/WD,1,DOC-001,General UX,Needs WD Verification,UX Issue: Unclear Value Proposition,The tagline “Your financial command centre” does not explain what the application actually does. PROBLEM: Users cannot immediately understand:,,Needs WD Verification,sha256:801bd5a86302,Report/fix-plan finding,Clear issue/fix-plan heading extracted from document; needs reconciliation with current app/source.,Yes,BUG-UX-006,BUG-UX-006
RAW-0314,Additional evidence document - Sav-Rajya (1).docx,audit-input/06-additional-qa-ux-stress-evidence/Sav-Rajya (1).docx,QA/UX/WD,2,Issue 1,Kar / Tax,Needs WD Verification,Issue 1 – Ambiguous Terminology,UX Issue: Ambiguous CTA Wording The term “Rajya” is not intuitive for new users. Users must interpret its meaning before interacting.,,Needs WD Verification,sha256:801bd5a86302,Report/fix-plan finding,Clear issue/fix-plan heading extracted from document; needs reconciliation with current app/source.,Yes,BUG-TAX-016,BUG-TAX-016
RAW-0315,Additional evidence document - Sav-Rajya (1).docx,audit-input/06-additional-qa-ux-stress-evidence/Sav-Rajya (1).docx,QA/UX/WD,3,DOC-003,Kar / Tax,Needs WD Verification,UX Issue: Ambiguous CTA Wording,The term “Rajya” is not intuitive for new users. Users must interpret its meaning before interacting. RECOMMEMDED FIX:,,Needs WD Verification,sha256:801bd5a86302,Report/fix-plan finding,Clear issue/fix-plan heading extracted from document; needs reconciliation with current app/source.,Yes,BUG-TAX-017,BUG-TAX-017
RAW-0316,Additional evidence document - Sav-Rajya (1).docx,audit-input/06-additional-qa-ux-stress-evidence/Sav-Rajya (1).docx,QA/UX/WD,4,Issue 2,General UX,Needs WD Verification,Issue 2 – Weak Button Affordance,UI Issue: Weak button emphasis Buttons do not visually stand out strongly as primary actions. User should immediately recognise the main actions.,,Needs WD Verification,sha256:801bd5a86302,Report/fix-plan finding,Clear issue/fix-plan heading extracted from document; needs reconciliation with current app/source.,Yes,BUG-UX-007,BUG-UX-007
RAW-0317,Additional evidence document - Sav-Rajya (1).docx,audit-input/06-additional-qa-ux-stress-evidence/Sav-Rajya (1).docx,QA/UX/WD,5,DOC-005,General UX,Needs WD Verification,UI Issue: Weak button emphasis,Buttons do not visually stand out strongly as primary actions. User should immediately recognise the main actions. RECOMMENDED FIX:,,Needs WD Verification,sha256:801bd5a86302,Report/fix-plan finding,Clear issue/fix-plan heading extracted from document; needs reconciliation with current app/source.,Yes,BUG-UX-008,BUG-UX-008
RAW-0318,Additional evidence document - Sav-Rajya (1).docx,audit-input/06-additional-qa-ux-stress-evidence/Sav-Rajya (1).docx,QA/UX/WD,6,Issue 3,General UX,Needs WD Verification,Issue 3 – Touch Target Size,UI Issue: Small touch target Buttons may not meet recommended mobile touch target sizes. RECOMMENDED FIX:,,Needs WD Verification,sha256:801bd5a86302,Report/fix-plan finding,Clear issue/fix-plan heading extracted from document; needs reconciliation with current app/source.,Yes,BUG-UX-009,BUG-UX-009
RAW-0319,Additional evidence document - Sav-Rajya (1).docx,audit-input/06-additional-qa-ux-stress-evidence/Sav-Rajya (1).docx,QA/UX/WD,7,DOC-007,General UX,Needs WD Verification,UI Issue: Small touch target,Buttons may not meet recommended mobile touch target sizes. RECOMMENDED FIX: 44×44px minimum,,Needs WD Verification,sha256:801bd5a86302,Report/fix-plan finding,Clear issue/fix-plan heading extracted from document; needs reconciliation with current app/source.,Yes,BUG-UX-010,BUG-UX-010
RAW-0320,Additional evidence document - Sav-Rajya (1).docx,audit-input/06-additional-qa-ux-stress-evidence/Sav-Rajya (1).docx,QA/UX/WD,8,Issue 1,Issue 1 – Weak Visual Trust Signals Issue 1 – Weak Visual Trust Signals Security claims appear as plain text without visual credibility indicators. Fintech apps must establish strong trust immediately Issue 2 – Missing Iconography,Needs WD Verification,Issue 1 – Weak Visual Trust Signals,Security claims appear as plain text without visual credibility indicators. Fintech apps must establish strong trust immediately Issue 2 – Missing Iconography,,Needs WD Verification,sha256:801bd5a86302,Report/fix-plan finding,Clear issue/fix-plan heading extracted from document; needs reconciliation with current app/source.,Yes,BUG-GEN-010,BUG-GEN-010
RAW-0321,Additional evidence document - Sav-Rajya (1).docx,audit-input/06-additional-qa-ux-stress-evidence/Sav-Rajya (1).docx,QA/UX/WD,9,Issue 2,General UX,Needs WD Verification,Issue 2 – Missing Iconography,UI Issue: Missing icon support Security statements rely only on text. Icons would improve scanning and comprehension.,,Needs WD Verification,sha256:801bd5a86302,Report/fix-plan finding,Clear issue/fix-plan heading extracted from document; needs reconciliation with current app/source.,Yes,BUG-UX-011,BUG-UX-011
RAW-0322,Additional evidence document - Sav-Rajya (1).docx,audit-input/06-additional-qa-ux-stress-evidence/Sav-Rajya (1).docx,QA/UX/WD,10,DOC-010,General UX,Needs WD Verification,UI Issue: Missing icon support,Security statements rely only on text. Icons would improve scanning and comprehension. RECOMMEMDED FIX:,,Needs WD Verification,sha256:801bd5a86302,Report/fix-plan finding,Clear issue/fix-plan heading extracted from document; needs reconciliation with current app/source.,Yes,BUG-UX-012,BUG-UX-012
RAW-0323,Additional evidence document - Sav-Rajya (1).docx,audit-input/06-additional-qa-ux-stress-evidence/Sav-Rajya (1).docx,QA/UX/WD,11,Issue 1,General UX,Needs WD Verification,Issue 1 – Flat Visual Hierarchy,"UI Issue: Weak visual hierarchy All elements have similar visual weight, making it difficult to identify the primary action. Issue 2 – Layout Imbalance",,Needs WD Verification,sha256:801bd5a86302,Report/fix-plan finding,Clear issue/fix-plan heading extracted from document; needs reconciliation with current app/source.,Yes,BUG-UX-013,BUG-UX-013
RAW-0324,Additional evidence document - Sav-Rajya (1).docx,audit-input/06-additional-qa-ux-stress-evidence/Sav-Rajya (1).docx,QA/UX/WD,12,DOC-012,General UX,Needs WD Verification,UI Issue: Weak visual hierarchy,"All elements have similar visual weight, making it difficult to identify the primary action. Issue 2 – Layout Imbalance UI Issue: Poor visual balance",,Needs WD Verification,sha256:801bd5a86302,Report/fix-plan finding,Clear issue/fix-plan heading extracted from document; needs reconciliation with current app/source.,Yes,BUG-UX-014,BUG-UX-014
RAW-0325,Additional evidence document - Sav-Rajya (1).docx,audit-input/06-additional-qa-ux-stress-evidence/Sav-Rajya (1).docx,QA/UX/WD,13,Issue 2,General UX,Needs WD Verification,Issue 2 – Layout Imbalance,UI Issue: Poor visual balance Large empty areas do not communicate product functionality. Issue 3 – Missing Grid Alignment,,Needs WD Verification,sha256:801bd5a86302,Report/fix-plan finding,Clear issue/fix-plan heading extracted from document; needs reconciliation with current app/source.,Yes,BUG-UX-015,BUG-UX-015
RAW-0326,Additional evidence document - Sav-Rajya (1).docx,audit-input/06-additional-qa-ux-stress-evidence/Sav-Rajya (1).docx,QA/UX/WD,14,DOC-014,General UX,Needs WD Verification,UI Issue: Poor visual balance,Large empty areas do not communicate product functionality. Issue 3 – Missing Grid Alignment UI Issue: No visible layout grid system,,Needs WD Verification,sha256:801bd5a86302,Report/fix-plan finding,Clear issue/fix-plan heading extracted from document; needs reconciliation with current app/source.,Yes,BUG-UX-016,BUG-UX-016
RAW-0327,Additional evidence document - Sav-Rajya (1).docx,audit-input/06-additional-qa-ux-stress-evidence/Sav-Rajya (1).docx,QA/UX/WD,15,Issue 3,General UX,Needs WD Verification,Issue 3 – Missing Grid Alignment,UI Issue: No visible layout grid system Elements do not clearly follow a grid structure. Consistent grid systems improve visual clarity.,,Needs WD Verification,sha256:801bd5a86302,Report/fix-plan finding,Clear issue/fix-plan heading extracted from document; needs reconciliation with current app/source.,Yes,BUG-UX-017,BUG-UX-017
RAW-0328,Additional evidence document - Sav-Rajya (1).docx,audit-input/06-additional-qa-ux-stress-evidence/Sav-Rajya (1).docx,QA/UX/WD,16,DOC-016,General UX,Needs WD Verification,UI Issue: No visible layout grid system,Elements do not clearly follow a grid structure. Consistent grid systems improve visual clarity. RECOMMENDED FIX:,,Needs WD Verification,sha256:801bd5a86302,Report/fix-plan finding,Clear issue/fix-plan heading extracted from document; needs reconciliation with current app/source.,Yes,BUG-UX-018,BUG-UX-018
RAW-0329,Additional evidence document - Sav-Rajya (1).docx,audit-input/06-additional-qa-ux-stress-evidence/Sav-Rajya (1).docx,QA/UX/WD,17,Issue 1,General UX,Needs WD Verification,Issue 1 – Weak Typography Hierarchy,UI Issue: Weak typography hierarchy Headline and supporting text appear too similar in visual weight.,,Needs WD Verification,sha256:801bd5a86302,Report/fix-plan finding,Clear issue/fix-plan heading extracted from document; needs reconciliation with current app/source.,Yes,BUG-UX-019,BUG-UX-019
RAW-0330,Additional evidence document - Sav-Rajya (1).docx,audit-input/06-additional-qa-ux-stress-evidence/Sav-Rajya (1).docx,QA/UX/WD,18,DOC-018,General UX,Needs WD Verification,UI Issue: Weak typography hierarchy,Headline and supporting text appear too similar in visual weight. Issue 2 – Readability Concerns,,Needs WD Verification,sha256:801bd5a86302,Report/fix-plan finding,Clear issue/fix-plan heading extracted from document; needs reconciliation with current app/source.,Yes,BUG-UX-019,BUG-UX-019
RAW-0331,Additional evidence document - Sav-Rajya (1).docx,audit-input/06-additional-qa-ux-stress-evidence/Sav-Rajya (1).docx,QA/UX/WD,19,Issue 2,Onboarding,Needs WD Verification,Issue 2 – Readability Concerns,UI Issue: Text readability could be improve Font size and spacing may reduce readability on smaller screens. 6. Onboarding and User Guidance,,Needs WD Verification,sha256:801bd5a86302,Report/fix-plan finding,Clear issue/fix-plan heading extracted from document; needs reconciliation with current app/source.,Yes,BUG-ONBOARD-007,BUG-ONBOARD-007
RAW-0332,Additional evidence document - Sav-Rajya (1).docx,audit-input/06-additional-qa-ux-stress-evidence/Sav-Rajya (1).docx,QA/UX/WD,20,DOC-020,Onboarding,Needs WD Verification,UI Issue: Text readability could be improve,Font size and spacing may reduce readability on smaller screens. 6. Onboarding and User Guidance Issue 1 – Missing Onboarding Flow,,Needs WD Verification,sha256:801bd5a86302,Report/fix-plan finding,Clear issue/fix-plan heading extracted from document; needs reconciliation with current app/source.,Yes,BUG-ONBOARD-008,BUG-ONBOARD-008
RAW-0333,Additional evidence document - Stess-Test_ Report.pdf,audit-input/06-additional-qa-ux-stress-evidence/Stess-Test_ Report.pdf,QA/UX/WD,1,DOC-001,General UX,Needs WD Verification,UX Issue:,Even fast actions,,Needs WD Verification,sha256:c8f686afbd8a,Report/fix-plan finding,Clear issue/fix-plan heading extracted from document; needs reconciliation with current app/source.,Yes,BUG-UX-020,BUG-UX-020
RAW-0334,Additional evidence document - Stress Test.pdf,audit-input/06-additional-qa-ux-stress-evidence/Stress Test.pdf,QA/UX/WD,1,DOC-001,issue: issue: the uppercase link,Needs WD Verification,issue:,the uppercase link,,Needs WD Verification,sha256:0dbd0911c1a9,Report/fix-plan finding,Clear issue/fix-plan heading extracted from document; needs reconciliation with current app/source.,Yes,BUG-GEN-011,BUG-GEN-011
RAW-0335,Additional evidence document - Svarajya_UX_Audit_Analysis_Samiksha_V1 (1).pdf,audit-input/06-additional-qa-ux-stress-evidence/Svarajya_UX_Audit_Analysis_Samiksha_V1 (1).pdf,QA/UX/WD,1,DOC-001,"Issue : A ccess le v el options ( V ie w er , E x ecut or , E mer gency- Issue : A ccess le v el options ( V ie w er , E x ecut or , E mer gency- only) ha v e no descriptions, making it impossible f or ne w users t o diff er entiat e t hem. R ecommendation : A dd an inline "" ⓘ "" t ooltip per option and",Needs WD Verification,"Issue : A ccess le v el options ( V ie w er , E x ecut or , E mer gency-","only) ha v e no descriptions, making it impossible f or ne w users t o diff er entiat e t hem. R ecommendation : A dd an inline "" ⓘ "" t ooltip per option and",,Needs WD Verification,sha256:38dfd215afbd,Report/fix-plan finding,Clear issue/fix-plan heading extracted from document; needs reconciliation with current app/source.,Yes,BUG-GEN-012,BUG-GEN-012
RAW-0336,Additional evidence document - Svarajya_UX_Audit_Analysis_Samiksha_V1 (1).pdf,audit-input/06-additional-qa-ux-stress-evidence/Svarajya_UX_Audit_Analysis_Samiksha_V1 (1).pdf,QA/UX/WD,2,DOC-002,"Issue : T apping t he ✕ on a f amily member r emo v es t hem Issue : T apping t he ✕ on a f amily member r emo v es t hem instant ly wit h no confirmation, making accidental deletion easy . R ecommendation : Sho w a confirmation dialog ( "" Ar e y ou",Needs WD Verification,Issue : T apping t he ✕ on a f amily member r emo v es t hem,"instant ly wit h no confirmation, making accidental deletion easy . R ecommendation : Sho w a confirmation dialog ( "" Ar e y ou",,Needs WD Verification,sha256:38dfd215afbd,Report/fix-plan finding,Clear issue/fix-plan heading extracted from document; needs reconciliation with current app/source.,Yes,BUG-GEN-013,BUG-GEN-013
RAW-0337,Additional evidence document - Svarajya_UX_Audit_Analysis_Samiksha_V1 (1).pdf,audit-input/06-additional-qa-ux-stress-evidence/Svarajya_UX_Audit_Analysis_Samiksha_V1 (1).pdf,QA/UX/WD,3,DOC-003,Issue : D egr ee options ar e not visible until Issue : D egr ee options ar e not visible until ho v er ed ; complet ely non-functional on mobile (same issue flagged earlier in K un j i ). R ecommendation : R eplace wit h a nativ e,Needs WD Verification,Issue : D egr ee options ar e not visible until,ho v er ed ; complet ely non-functional on mobile (same issue flagged earlier in K un j i ). R ecommendation : R eplace wit h a nativ e,,Needs WD Verification,sha256:38dfd215afbd,Report/fix-plan finding,Clear issue/fix-plan heading extracted from document; needs reconciliation with current app/source.,Yes,BUG-GEN-014,BUG-GEN-014
RAW-0338,Additional evidence document - Svarajya_UX_Audit_Analysis_Samiksha_V1 (1).pdf,audit-input/06-additional-qa-ux-stress-evidence/Svarajya_UX_Audit_Analysis_Samiksha_V1 (1).pdf,QA/UX/WD,4,DOC-004,Mitra / Legacy,Needs WD Verification,Issue : F eatur e pills appear pur ely decor ativ e,"wit h no tap functionality . R ecommendation : M ak e t hem tappable shor t cut s t o t heir r espectiv e actions, lik e",,Needs WD Verification,sha256:38dfd215afbd,Report/fix-plan finding,Clear issue/fix-plan heading extracted from document; needs reconciliation with current app/source.,Yes,BUG-TAX-018,BUG-TAX-018
RAW-0339,Additional evidence document - Svarajya_UX_Audit_Analysis_Samiksha_V1 (1).pdf,audit-input/06-additional-qa-ux-stress-evidence/Svarajya_UX_Audit_Analysis_Samiksha_V1 (1).pdf,QA/UX/WD,5,DOC-005,"Issue : "" V erified : Y es "" displa ys wit hout an y Issue : "" V erified : Y es "" displa ys wit hout an y v erification action being tak en — a logic bug t hat er odes user trust. R ecommendation : U pdat e status only aft er",Needs WD Verification,"Issue : "" V erified : Y es "" displa ys wit hout an y",v erification action being tak en — a logic bug t hat er odes user trust. R ecommendation : U pdat e status only aft er,,Needs WD Verification,sha256:38dfd215afbd,Report/fix-plan finding,Clear issue/fix-plan heading extracted from document; needs reconciliation with current app/source.,Yes,BUG-GEN-015,BUG-GEN-015
RAW-0340,Additional evidence document - Svarajya_UX_Audit_Analysis_Samiksha_V1 (1).pdf,audit-input/06-additional-qa-ux-stress-evidence/Svarajya_UX_Audit_Analysis_Samiksha_V1 (1).pdf,QA/UX/WD,6,DOC-006,"Issue : D OB field f eels r ead-only ; users must Issue : D OB field f eels r ead-only ; users must na vigat e t o t he separ at e E dit butt on t o change it. R ecommendation : T apping t he field dir ect ly should open a dat e pick er , as seen on CR ED and",Needs WD Verification,Issue : D OB field f eels r ead-only ; users must,"na vigat e t o t he separ at e E dit butt on t o change it. R ecommendation : T apping t he field dir ect ly should open a dat e pick er , as seen on CR ED and",,Needs WD Verification,sha256:38dfd215afbd,Report/fix-plan finding,Clear issue/fix-plan heading extracted from document; needs reconciliation with current app/source.,Yes,BUG-GEN-016,BUG-GEN-016
RAW-0341,Additional evidence document - Svarajya_UX_Audit_Analysis_Samiksha_V1 (1).pdf,audit-input/06-additional-qa-ux-stress-evidence/Svarajya_UX_Audit_Analysis_Samiksha_V1 (1).pdf,QA/UX/WD,7,DOC-007,Kar / Tax,Needs WD Verification,"Issue : "" A dd por tals "" , "" A ssign access "" , and",""" T r ack healt h "" pills ar e non-tappable, missing a guided onboar ding oppor tunity . R ecommendation : L ink each pill t o it s",,Needs WD Verification,sha256:38dfd215afbd,Report/fix-plan finding,Clear issue/fix-plan heading extracted from document; needs reconciliation with current app/source.,Yes,BUG-TAX-019,BUG-TAX-019
RAW-0342,Additional evidence document - Svarajya_UX_Audit_Analysis_Samiksha_V1 (1).pdf,audit-input/06-additional-qa-ux-stress-evidence/Svarajya_UX_Audit_Analysis_Samiksha_V1 (1).pdf,QA/UX/WD,8,DOC-008,Rin / Loans,Needs WD Verification,"Issue : "" R egist er ed M obile "" dr opdo wn","options ar e not visible until ho v er ed ; same r ecurring ho v er bug, complet ely br ok en on mobile.",,Needs WD Verification,sha256:38dfd215afbd,Report/fix-plan finding,Clear issue/fix-plan heading extracted from document; needs reconciliation with current app/source.,Yes,BUG-LOAN-020,BUG-LOAN-020
RAW-0343,Additional evidence document - Svarajya_UX_Audit_Analysis_Samiksha_V1 (1).pdf,audit-input/06-additional-qa-ux-stress-evidence/Svarajya_UX_Audit_Analysis_Samiksha_V1 (1).pdf,QA/UX/WD,9,DOC-009,"Issue : D r opdo wn options ar e in visible until Issue : D r opdo wn options ar e in visible until ho v er ed ( critical mobile bug) and "" 2 F A E nabled "" has no e xplanation f or non- t echnical users.",Needs WD Verification,Issue : D r opdo wn options ar e in visible until,"ho v er ed ( critical mobile bug) and "" 2 F A E nabled "" has no e xplanation f or non- t echnical users.",,Needs WD Verification,sha256:38dfd215afbd,Report/fix-plan finding,Clear issue/fix-plan heading extracted from document; needs reconciliation with current app/source.,Yes,BUG-GEN-017,BUG-GEN-017
RAW-0344,Additional evidence document - Svarajya_UX_Audit_Analysis_Samiksha_V1 (1).pdf,audit-input/06-additional-qa-ux-stress-evidence/Svarajya_UX_Audit_Analysis_Samiksha_V1 (1).pdf,QA/UX/WD,10,DOC-010,Issue : Plain t e xt link wit h no visual Issue : Plain t e xt link wit h no visual aff or dance ; users w on ' t r ecognise it as tappable. R ecommendation : Style it as a,Needs WD Verification,Issue : Plain t e xt link wit h no visual,aff or dance ; users w on ' t r ecognise it as tappable. R ecommendation : Style it as a,,Needs WD Verification,sha256:38dfd215afbd,Report/fix-plan finding,Clear issue/fix-plan heading extracted from document; needs reconciliation with current app/source.,Yes,BUG-GEN-018,BUG-GEN-018
RAW-0345,Additional evidence document - Svarajya_UX_Audit_Analysis_Samiksha_V1 (1).pdf,audit-input/06-additional-qa-ux-stress-evidence/Svarajya_UX_Audit_Analysis_Samiksha_V1 (1).pdf,QA/UX/WD,11,DOC-011,Kar / Tax,Needs WD Verification,Issue : No edit or delet e aff or dance on t he,por tal car d aft er adding ; users cannot corr ect mistak es. R ecommendation : A dd a t hr ee-dot menu or,,Needs WD Verification,sha256:38dfd215afbd,Report/fix-plan finding,Clear issue/fix-plan heading extracted from document; needs reconciliation with current app/source.,Yes,BUG-TAX-020,BUG-TAX-020
RAW-0346,Additional evidence document - Svarajya_UX_Audit_Analysis_Samiksha_V1 (1).pdf,audit-input/06-additional-qa-ux-stress-evidence/Svarajya_UX_Audit_Analysis_Samiksha_V1 (1).pdf,QA/UX/WD,12,DOC-012,Raksha / Insurance,Needs WD Verification,"Issue : No back butt on on t he Raksha scr een,",lea ving users str anded if t he y landed t her e b y mistak e. R ecommendation : A dd a standar d back,,Needs WD Verification,sha256:38dfd215afbd,Report/fix-plan finding,Clear issue/fix-plan heading extracted from document; needs reconciliation with current app/source.,Yes,BUG-INSURANCE-006,BUG-INSURANCE-006
RAW-0347,Additional evidence document - Svarajya_UX_Audit_Analysis_Samiksha_V1 (1).pdf,audit-input/06-additional-qa-ux-stress-evidence/Svarajya_UX_Audit_Analysis_Samiksha_V1 (1).pdf,QA/UX/WD,13,DOC-013,Issue : U sers can select multiple Issue : U sers can select multiple insur ance types but not hing on t he scr een indicat es t his which is lik ely t o cause confusion.,Needs WD Verification,Issue : U sers can select multiple,insur ance types but not hing on t he scr een indicat es t his which is lik ely t o cause confusion.,,Needs WD Verification,sha256:38dfd215afbd,Report/fix-plan finding,Clear issue/fix-plan heading extracted from document; needs reconciliation with current app/source.,Yes,BUG-GEN-019,BUG-GEN-019
RAW-0348,Additional evidence document - Svarajya_UX_Audit_Analysis_Samiksha_V1 (1).pdf,audit-input/06-additional-qa-ux-stress-evidence/Svarajya_UX_Audit_Analysis_Samiksha_V1 (1).pdf,QA/UX/WD,14,DOC-014,Raksha / Insurance,Needs WD Verification,Issue : Completing t he Raksha task,doesn ' t updat e it s pr ogr ess bar on t he home dashboar d - users get no sense of accomplishment.,,Needs WD Verification,sha256:38dfd215afbd,Report/fix-plan finding,Clear issue/fix-plan heading extracted from document; needs reconciliation with current app/source.,Yes,BUG-INSURANCE-007,BUG-INSURANCE-007
RAW-0349,Additional evidence document - Svarajya_UX_Audit_Analysis_Samiksha_V1 (1).pdf,audit-input/06-additional-qa-ux-stress-evidence/Svarajya_UX_Audit_Analysis_Samiksha_V1 (1).pdf,QA/UX/WD,15,DOC-015,Kosh / Income,Needs WD Verification,"Issue : "" A dd Income "" , "" Analytics "" , and","""D isposable "" pills appear decor ativ e wit h no tap action. R ecommendation : L ink each pill dir ect ly t o",,Needs WD Verification,sha256:38dfd215afbd,Report/fix-plan finding,Clear issue/fix-plan heading extracted from document; needs reconciliation with current app/source.,Yes,BUG-INCOME-010,BUG-INCOME-010
RAW-0350,Additional evidence document - Svarajya_UX_Audit_Analysis_Samiksha_V1 (1).pdf,audit-input/06-additional-qa-ux-stress-evidence/Svarajya_UX_Audit_Analysis_Samiksha_V1 (1).pdf,QA/UX/WD,16,DOC-016,Kosh / Income,Needs WD Verification,"Issue : "" Skip f or no w "" is unstyled plain t e xt wit h no","ho v er / tap indicat or ; also, once income is added t her e ' s no wa y t o edit it. R ecommendation : Style "" Skip f or no w "" as a ghost /",,Needs WD Verification,sha256:38dfd215afbd,Report/fix-plan finding,Clear issue/fix-plan heading extracted from document; needs reconciliation with current app/source.,Yes,BUG-INCOME-011,BUG-INCOME-011
RAW-0351,Additional evidence document - Svarajya_UX_Audit_Analysis_Samiksha_V1 (1).pdf,audit-input/06-additional-qa-ux-stress-evidence/Svarajya_UX_Audit_Analysis_Samiksha_V1 (1).pdf,QA/UX/WD,17,DOC-017,Kosh / Income,Needs WD Verification,"Issue : Once an income sour ce is added,",t her e is no wa y t o edit it ; users ar e stuck wit h incorr ect entries. R ecommendation : A dd an edit icon or,,Needs WD Verification,sha256:38dfd215afbd,Report/fix-plan finding,Clear issue/fix-plan heading extracted from document; needs reconciliation with current app/source.,Yes,BUG-INCOME-012,BUG-INCOME-012
RAW-0352,Additional evidence document - Svarajya_UX_Audit_Analysis_Samiksha_V1 (1).pdf,audit-input/06-additional-qa-ux-stress-evidence/Svarajya_UX_Audit_Analysis_Samiksha_V1 (1).pdf,QA/UX/WD,18,DOC-018,"Issue : No back butt on pr esent ; ne w users also Issue : No back butt on pr esent ; ne w users also ha v e no description of what K osh & Pr a v ah means or does. R ecommendation : A dd a back arr o w and a "" W hat",Needs WD Verification,Issue : No back butt on pr esent ; ne w users also,"ha v e no description of what K osh & Pr a v ah means or does. R ecommendation : A dd a back arr o w and a "" W hat",,Needs WD Verification,sha256:38dfd215afbd,Report/fix-plan finding,Clear issue/fix-plan heading extracted from document; needs reconciliation with current app/source.,Yes,BUG-GEN-020,BUG-GEN-020
RAW-0353,Additional evidence document - Svarajya_UX_Audit_Analysis_Samiksha_V1 (1).pdf,audit-input/06-additional-qa-ux-stress-evidence/Svarajya_UX_Audit_Analysis_Samiksha_V1 (1).pdf,QA/UX/WD,19,DOC-019,Pravah / Banking,Needs WD Verification,Issue : The sa v e / submit butt on is pushed out of,vie w b y t he k e yboar d when filling in account details. R ecommendation : Pin t he butt on abo v e t he,,Needs WD Verification,sha256:38dfd215afbd,Report/fix-plan finding,Clear issue/fix-plan heading extracted from document; needs reconciliation with current app/source.,Yes,BUG-BANK-013,BUG-BANK-013
RAW-0354,Additional evidence document - Svarajya_UX_Audit_Analysis_Samiksha_V1 (1).pdf,audit-input/06-additional-qa-ux-stress-evidence/Svarajya_UX_Audit_Analysis_Samiksha_V1 (1).pdf,QA/UX/WD,20,DOC-020,Kar / Tax,Needs WD Verification,"Issue : Completing tasks wit hin modules ( e.g.,","M itr a, K osh) doesn ' t updat e t heir pr ogr ess bars on t he home dashboar d ; all car ds still sho w W ARNIN G / CRITIC A L r egar dless of actions tak en.",,Needs WD Verification,sha256:38dfd215afbd,Report/fix-plan finding,Clear issue/fix-plan heading extracted from document; needs reconciliation with current app/source.,Yes,BUG-TAX-021,BUG-TAX-021
RAW-0355,Additional evidence document - bugs_fix_implementation_plan (1).md,audit-input/06-additional-qa-ux-stress-evidence/bugs_fix_implementation_plan (1).md,QA/UX/WD,1,BUG-001,Rajya / Dashboard,/public,* **BUG-001 (Manifest error)**:,* **Diagnosis**: Next.js 404s the manifest because `manifest.json` does not exist in `rajya-simulator/public`. * **Fix**: Copy the valid manifest from `apps/rajya-simulator/public/manifest.json` to the correct public directory. * **BUG-002 (noise.svg 403 Forbidden)**:,,Needs WD Verification,sha256:e554cf3400b8,Report/fix-plan finding,Clear issue/fix-plan heading extracted from document; needs reconciliation with current app/source.,Yes,BUG-AUTH-001,BUG-AUTH-001
RAW-0356,Additional evidence document - bugs_fix_implementation_plan (1).md,audit-input/06-additional-qa-ux-stress-evidence/bugs_fix_implementation_plan (1).md,QA/UX/WD,2,BUG-002,"* **BUG-002 (noise.svg 403 Forbidden)**: * **BUG-002 (noise.svg 403 Forbidden)**: * **Diagnosis**: `src/app/intro/page.tsx` relies on an external Vercel app URL (`https://grainy-gradients.vercel.app/noise.svg`) which has been rate-limited or taken down. * **Fix**: Implement a standard CSS radial gradient/noise filter fallback or generate a local `noise.svg` data URI. * **BUG-003, BUG-004 & Supabase Rate Limiting**:",/app/intro/page,* **BUG-002 (noise.svg 403 Forbidden)**:,"* **Diagnosis**: `src/app/intro/page.tsx` relies on an external Vercel app URL (`https://grainy-gradients.vercel.app/noise.svg`) which has been rate-limited or taken down. * **Fix**: Implement a standard CSS radial gradient/noise filter fallback or generate a local `noise.svg` data URI. * **BUG-003, BUG-004 & Supabase Rate Limiting**:",,Needs WD Verification,sha256:e554cf3400b8,Report/fix-plan finding,Clear issue/fix-plan heading extracted from document; needs reconciliation with current app/source.,Yes,BUG-AUTH-035,BUG-AUTH-035
RAW-0357,Additional evidence document - bugs_fix_implementation_plan (1).md,audit-input/06-additional-qa-ux-stress-evidence/bugs_fix_implementation_plan (1).md,QA/UX/WD,3,BUG-003,Authentication,/page,"* **BUG-003, BUG-004 & Supabase Rate Limiting**:","* **Diagnosis**: `start/page.tsx` forcibly attempts `signInWithPassword` immediately after `signUp`. If email confirmation is enabled, this throws a HTTP 400 error. Duplicate `onAuthStateChange` listeners or the `AuthSync` loop also lead to 400s. * **Fix**: Update `handleAuth` in `start/page.tsx` to explicitly handle the `signUp` confirmation state gracefully instead of failing login natively. * **iOS Safari Data Loss (OPFS/IndexedDB)**:",,Needs WD Verification,sha256:e554cf3400b8,Report/fix-plan finding,Clear issue/fix-plan heading extracted from document; needs reconciliation with current app/source.,Yes,BUG-AUTH-036,BUG-AUTH-036
RAW-0358,Additional evidence document - bugs_fix_implementation_plan (1).md,audit-input/06-additional-qa-ux-stress-evidence/bugs_fix_implementation_plan (1).md,QA/UX/WD,4,BUG-009,Authentication,/components/vault/FileUploader,* **BUG-009 (Duplicate files in Nidhi Vault)**:,"* **Diagnosis**: In `src/components/vault/FileUploader.tsx`, the `onUploaded` callback fires twice (once in `handleFile` and again in `handleSaveDetails`), appending duplicates to the state array. * **Fix**: Update `handleSaveDetails` to pass an `isUpdate` flag to `onUploaded` so the parent component overrides the entry instead of pushing a duplicate. * **BUG-010 (Alert cards non-functional) & Session Logout**:",,Needs WD Verification,sha256:e554cf3400b8,Report/fix-plan finding,Clear issue/fix-plan heading extracted from document; needs reconciliation with current app/source.,Yes,BUG-IDENTITY-003,BUG-IDENTITY-003
RAW-0359,Additional evidence document - bugs_fix_implementation_plan (1).md,audit-input/06-additional-qa-ux-stress-evidence/bugs_fix_implementation_plan (1).md,QA/UX/WD,5,BUG-010,Authentication,/links,* **BUG-010 (Alert cards non-functional) & Session Logout**:,* **Diagnosis**: Missing `<Link>` wrapping around alert cards and missing click propagation on the logout bounds. * **Fix**: Replace non-interactive `div` wrappers with semantic buttons/links in `Dashboard/Alerts`. * **Data Inconsistency (8000 -> 7999)**:,,Needs WD Verification,sha256:e554cf3400b8,Report/fix-plan finding,Clear issue/fix-plan heading extracted from document; needs reconciliation with current app/source.,Yes,BUG-PROFILE-002,BUG-PROFILE-002
RAW-0360,Additional evidence document - bugs_fix_implementation_plan (1).md,audit-input/06-additional-qa-ux-stress-evidence/bugs_fix_implementation_plan (1).md,QA/UX/WD,6,BUG-011,Sthapana / Foundation,/20,* **BUG-011 & BUG-012 (Accessibility)**:,"* **Fix**: Inject native `aria-label` tags into interactive icon buttons. Bump contrast opacities from `text-white/20` up to `text-white/50` for dim typography. * **Missing Digit Limits & Decimal Rejection**: * **Fix**: Add strict `maxLength={10}` on mobile number inputs in Sthapana. Allow `.01` step size for `type=""number""` inputs in Vyaya (Expenses) and Nivesh (Investments).",,Needs WD Verification,sha256:e554cf3400b8,Report/fix-plan finding,Clear issue/fix-plan heading extracted from document; needs reconciliation with current app/source.,Yes,BUG-AUTH-008,BUG-AUTH-008
RAW-0361,Additional evidence document - bugs_fix_implementation_plan (2).md,audit-input/06-additional-qa-ux-stress-evidence/bugs_fix_implementation_plan (2).md,QA/UX/WD,1,BUG-001,Rajya / Dashboard,/public,* **BUG-001 (Manifest error)**:,* **Diagnosis**: Next.js 404s the manifest because `manifest.json` does not exist in `rajya-simulator/public`. * **Fix**: Copy the valid manifest from `apps/rajya-simulator/public/manifest.json` to the correct public directory. * **BUG-002 (noise.svg 403 Forbidden)**:,,Needs WD Verification,sha256:e554cf3400b8,Duplicate source file,Byte-for-byte duplicate of bugs_fix_implementation_plan (1).md; preserved in raw only.,No,,
RAW-0362,Additional evidence document - bugs_fix_implementation_plan (2).md,audit-input/06-additional-qa-ux-stress-evidence/bugs_fix_implementation_plan (2).md,QA/UX/WD,2,BUG-002,"* **BUG-002 (noise.svg 403 Forbidden)**: * **BUG-002 (noise.svg 403 Forbidden)**: * **Diagnosis**: `src/app/intro/page.tsx` relies on an external Vercel app URL (`https://grainy-gradients.vercel.app/noise.svg`) which has been rate-limited or taken down. * **Fix**: Implement a standard CSS radial gradient/noise filter fallback or generate a local `noise.svg` data URI. * **BUG-003, BUG-004 & Supabase Rate Limiting**:",/app/intro/page,* **BUG-002 (noise.svg 403 Forbidden)**:,"* **Diagnosis**: `src/app/intro/page.tsx` relies on an external Vercel app URL (`https://grainy-gradients.vercel.app/noise.svg`) which has been rate-limited or taken down. * **Fix**: Implement a standard CSS radial gradient/noise filter fallback or generate a local `noise.svg` data URI. * **BUG-003, BUG-004 & Supabase Rate Limiting**:",,Needs WD Verification,sha256:e554cf3400b8,Duplicate source file,Byte-for-byte duplicate of bugs_fix_implementation_plan (1).md; preserved in raw only.,No,,
RAW-0363,Additional evidence document - bugs_fix_implementation_plan (2).md,audit-input/06-additional-qa-ux-stress-evidence/bugs_fix_implementation_plan (2).md,QA/UX/WD,3,BUG-003,Authentication,/page,"* **BUG-003, BUG-004 & Supabase Rate Limiting**:","* **Diagnosis**: `start/page.tsx` forcibly attempts `signInWithPassword` immediately after `signUp`. If email confirmation is enabled, this throws a HTTP 400 error. Duplicate `onAuthStateChange` listeners or the `AuthSync` loop also lead to 400s. * **Fix**: Update `handleAuth` in `start/page.tsx` to explicitly handle the `signUp` confirmation state gracefully instead of failing login natively. * **iOS Safari Data Loss (OPFS/IndexedDB)**:",,Needs WD Verification,sha256:e554cf3400b8,Duplicate source file,Byte-for-byte duplicate of bugs_fix_implementation_plan (1).md; preserved in raw only.,No,,
RAW-0364,Additional evidence document - bugs_fix_implementation_plan (2).md,audit-input/06-additional-qa-ux-stress-evidence/bugs_fix_implementation_plan (2).md,QA/UX/WD,4,BUG-009,Authentication,/components/vault/FileUploader,* **BUG-009 (Duplicate files in Nidhi Vault)**:,"* **Diagnosis**: In `src/components/vault/FileUploader.tsx`, the `onUploaded` callback fires twice (once in `handleFile` and again in `handleSaveDetails`), appending duplicates to the state array. * **Fix**: Update `handleSaveDetails` to pass an `isUpdate` flag to `onUploaded` so the parent component overrides the entry instead of pushing a duplicate. * **BUG-010 (Alert cards non-functional) & Session Logout**:",,Needs WD Verification,sha256:e554cf3400b8,Duplicate source file,Byte-for-byte duplicate of bugs_fix_implementation_plan (1).md; preserved in raw only.,No,,
RAW-0365,Additional evidence document - bugs_fix_implementation_plan (2).md,audit-input/06-additional-qa-ux-stress-evidence/bugs_fix_implementation_plan (2).md,QA/UX/WD,5,BUG-010,Authentication,/links,* **BUG-010 (Alert cards non-functional) & Session Logout**:,* **Diagnosis**: Missing `<Link>` wrapping around alert cards and missing click propagation on the logout bounds. * **Fix**: Replace non-interactive `div` wrappers with semantic buttons/links in `Dashboard/Alerts`. * **Data Inconsistency (8000 -> 7999)**:,,Needs WD Verification,sha256:e554cf3400b8,Duplicate source file,Byte-for-byte duplicate of bugs_fix_implementation_plan (1).md; preserved in raw only.,No,,
RAW-0366,Additional evidence document - bugs_fix_implementation_plan (2).md,audit-input/06-additional-qa-ux-stress-evidence/bugs_fix_implementation_plan (2).md,QA/UX/WD,6,BUG-011,Sthapana / Foundation,/20,* **BUG-011 & BUG-012 (Accessibility)**:,"* **Fix**: Inject native `aria-label` tags into interactive icon buttons. Bump contrast opacities from `text-white/20` up to `text-white/50` for dim typography. * **Missing Digit Limits & Decimal Rejection**: * **Fix**: Add strict `maxLength={10}` on mobile number inputs in Sthapana. Allow `.01` step size for `type=""number""` inputs in Vyaya (Expenses) and Nivesh (Investments).",,Needs WD Verification,sha256:e554cf3400b8,Duplicate source file,Byte-for-byte duplicate of bugs_fix_implementation_plan (1).md; preserved in raw only.,No,,
RAW-0367,Additional evidence document - k6_stress_test_report.pdf,audit-input/06-additional-qa-ux-stress-evidence/k6_stress_test_report.pdf,QA/UX/WD,1,DOC-SUMMARY,Performance / Stress,Needs WD Verification,Stress Testing Report (k6),1. Overview A stress test was conducted on the target website using k6 to evaluate system performance under increasing user load. - Tool Used: k6,,Needs WD Verification,sha256:0a4d5ae8a225,Report/fix-plan finding,Clear issue/fix-plan heading extracted from document; needs reconciliation with current app/source.,Yes,BUG-PERF-002,BUG-PERF-002
