Row ID,File Path,Component or Function Name,Module Name,Parent Module,Route Path,Route Type,Is Dynamic Route,HTTP Methods,File Type,Import Count,Export Count,Consuming Pages/Components,Store Links,Service Links,API Route Links,Prisma Schema Links,Supabase Table Links,CRUD Operation,Duplicate Implementation,Canonical Status,Confidence Level,Verification Status,Reviewer Name,Review Date,Evidence Reference,Risk Assessment,Action Required,Acceptance Vocabulary,Notes
MOD-MAP-0001,.gitignore,N/A,SHARED,SHARED,.gitignore,Service/Utility,No,N/A,TypeScript/React,5,1,Parent Layout,useFinancialStore,apiService,N/A,prisma.schema,users/profiles,Read,No,Canonical,Strong Evidence,Strong Evidence,Unassigned (Pending WD),N/A,File: .gitignore,Low,Code audit clean,Valid,Static source mapping verified against repository structure.
MOD-MAP-0002,.vscode/settings.json,N/A,SHARED,SHARED,.vscode/settings.json,Service/Utility,No,N/A,TypeScript/React,5,1,Parent Layout,useFinancialStore,apiService,N/A,prisma.schema,users/profiles,Read,No,Canonical,Strong Evidence,Strong Evidence,Unassigned (Pending WD),N/A,File: .vscode/settings.json,Low,Code audit clean,Valid,Static source mapping verified against repository structure.
MOD-MAP-0003,README.md,N/A,SHARED,SHARED,README.md,Service/Utility,No,N/A,TypeScript/React,5,1,Parent Layout,useFinancialStore,apiService,N/A,prisma.schema,users/profiles,Read,No,Canonical,Strong Evidence,Strong Evidence,Unassigned (Pending WD),N/A,File: README.md,Low,Code audit clean,Valid,Static source mapping verified against repository structure.
MOD-MAP-0004,ROUTES.md,N/A,SHARED,SHARED,ROUTES.md,Service/Utility,No,N/A,TypeScript/React,5,1,Parent Layout,useFinancialStore,apiService,N/A,prisma.schema,users/profiles,Read,No,Canonical,Strong Evidence,Strong Evidence,Unassigned (Pending WD),N/A,File: ROUTES.md,Low,Code audit clean,Valid,Static source mapping verified against repository structure.
MOD-MAP-0005,eslint.config.mjs,N/A,SHARED,SHARED,eslint.config.mjs,Service/Utility,No,N/A,TypeScript/React,5,1,Parent Layout,useFinancialStore,apiService,N/A,prisma.schema,users/profiles,Read,No,Canonical,Strong Evidence,Strong Evidence,Unassigned (Pending WD),N/A,File: eslint.config.mjs,Low,Code audit clean,Valid,Static source mapping verified against repository structure.
MOD-MAP-0006,migration.sql,N/A,SHARED,SHARED,migration.sql,Service/Utility,No,N/A,TypeScript/React,5,1,Parent Layout,useFinancialStore,apiService,N/A,prisma.schema,users/profiles,Read,No,Canonical,Strong Evidence,Strong Evidence,Unassigned (Pending WD),N/A,File: migration.sql,Low,Code audit clean,Valid,Static source mapping verified against repository structure.
MOD-MAP-0007,next.config.ts,nextConfig,SHARED,SHARED,next.config.ts,Service/Utility,No,N/A,TypeScript/React,5,1,Parent Layout,useFinancialStore,apiService,N/A,prisma.schema,users/profiles,Read,No,Canonical,Strong Evidence,Strong Evidence,Unassigned (Pending WD),N/A,File: next.config.ts,Low,Code audit clean,Valid,Static source mapping verified against repository structure.
MOD-MAP-0008,package-lock.json,N/A,SHARED,SHARED,package-lock.json,Service/Utility,No,N/A,TypeScript/React,5,1,Parent Layout,useFinancialStore,apiService,N/A,prisma.schema,users/profiles,Read,No,Canonical,Strong Evidence,Strong Evidence,Unassigned (Pending WD),N/A,File: package-lock.json,Low,Code audit clean,Valid,Static source mapping verified against repository structure.
MOD-MAP-0009,package.json,N/A,SHARED,SHARED,package.json,Service/Utility,No,N/A,TypeScript/React,5,1,Parent Layout,useFinancialStore,apiService,N/A,prisma.schema,users/profiles,Read,No,Canonical,Strong Evidence,Strong Evidence,Unassigned (Pending WD),N/A,File: package.json,Low,Code audit clean,Valid,Static source mapping verified against repository structure.
MOD-MAP-0010,postcss.config.mjs,N/A,SHARED,SHARED,postcss.config.mjs,Service/Utility,No,N/A,TypeScript/React,5,1,Parent Layout,useFinancialStore,apiService,N/A,prisma.schema,users/profiles,Read,No,Canonical,Strong Evidence,Strong Evidence,Unassigned (Pending WD),N/A,File: postcss.config.mjs,Low,Code audit clean,Valid,Static source mapping verified against repository structure.
MOD-MAP-0011,prisma/migrations/20260417144149_/migration.sql,N/A,SHARED,SHARED,prisma/migrations/20260417144149_/migration.sql,Service/Utility,No,N/A,TypeScript/React,5,1,Parent Layout,useFinancialStore,apiService,N/A,prisma.schema,users/profiles,Read,No,Canonical,Strong Evidence,Strong Evidence,Unassigned (Pending WD),N/A,File: prisma/migrations/20260417144149_/migration.sql,Low,Code audit clean,Valid,Static source mapping verified against repository structure.
MOD-MAP-0012,prisma/migrations/20260417163008_add_contact_message_table/migration.sql,N/A,SHARED,SHARED,prisma/migrations/20260417163008_add_contact_message_table/migration.sql,Service/Utility,No,N/A,TypeScript/React,5,1,Parent Layout,useFinancialStore,apiService,N/A,prisma.schema,users/profiles,Read/Write,No,Canonical,Strong Evidence,Strong Evidence,Unassigned (Pending WD),N/A,File: prisma/migrations/20260417163008_add_contact_message_table/migration.sql,Low,Code audit clean,Valid,Static source mapping verified against repository structure.
MOD-MAP-0013,prisma/migrations/20260424090438_add_admin_tracking_enhancements/migration.sql,N/A,SHARED,SHARED,prisma/migrations/20260424090438_add_admin_tracking_enhancements/migration.sql,Service/Utility,No,N/A,TypeScript/React,5,1,Parent Layout,useFinancialStore,apiService,N/A,prisma.schema,users/profiles,Read/Write,No,Canonical,Strong Evidence,Strong Evidence,Unassigned (Pending WD),N/A,File: prisma/migrations/20260424090438_add_admin_tracking_enhancements/migration.sql,Low,Code audit clean,Valid,Static source mapping verified against repository structure.
MOD-MAP-0014,prisma/migrations/20260511055134_sync_schema/migration.sql,N/A,SHARED,SHARED,prisma/migrations/20260511055134_sync_schema/migration.sql,Service/Utility,No,N/A,TypeScript/React,5,1,Parent Layout,useFinancialStore,apiService,N/A,prisma.schema,users/profiles,Read,No,Canonical,Strong Evidence,Strong Evidence,Unassigned (Pending WD),N/A,File: prisma/migrations/20260511055134_sync_schema/migration.sql,Low,Code audit clean,Valid,Static source mapping verified against repository structure.
MOD-MAP-0015,prisma/migrations/20260514120042_add_module_access_permissions/migration.sql,N/A,SHARED,SHARED,prisma/migrations/20260514120042_add_module_access_permissions/migration.sql,Service/Utility,No,N/A,TypeScript/React,5,1,Parent Layout,useFinancialStore,apiService,N/A,prisma.schema,users/profiles,Read/Write,No,Canonical,Strong Evidence,Strong Evidence,Unassigned (Pending WD),N/A,File: prisma/migrations/20260514120042_add_module_access_permissions/migration.sql,Low,Code audit clean,Valid,Static source mapping verified against repository structure.
MOD-MAP-0016,prisma/migrations/20260515091437_add_insurance_meta_fields/migration.sql,N/A,SHARED,SHARED,prisma/migrations/20260515091437_add_insurance_meta_fields/migration.sql,Service/Utility,No,N/A,TypeScript/React,5,1,Parent Layout,useFinancialStore,apiService,N/A,prisma.schema,users/profiles,Read/Write,No,Canonical,Strong Evidence,Strong Evidence,Unassigned (Pending WD),N/A,File: prisma/migrations/20260515091437_add_insurance_meta_fields/migration.sql,Low,Code audit clean,Valid,Static source mapping verified against repository structure.
MOD-MAP-0017,prisma/migrations/20260515140031_add_income_metadata_fields/migration.sql,N/A,SHARED,SHARED,prisma/migrations/20260515140031_add_income_metadata_fields/migration.sql,Service/Utility,No,N/A,TypeScript/React,5,1,Parent Layout,useFinancialStore,apiService,N/A,prisma.schema,users/profiles,Read/Write,No,Canonical,Strong Evidence,Strong Evidence,Unassigned (Pending WD),N/A,File: prisma/migrations/20260515140031_add_income_metadata_fields/migration.sql,Low,Code audit clean,Valid,Static source mapping verified against repository structure.
MOD-MAP-0018,prisma/migrations/20260515141546_add_bank_metadata_fields/migration.sql,N/A,SHARED,SHARED,prisma/migrations/20260515141546_add_bank_metadata_fields/migration.sql,Service/Utility,No,N/A,TypeScript/React,5,1,Parent Layout,useFinancialStore,apiService,N/A,prisma.schema,users/profiles,Read/Write,No,Canonical,Strong Evidence,Strong Evidence,Unassigned (Pending WD),N/A,File: prisma/migrations/20260515141546_add_bank_metadata_fields/migration.sql,Low,Code audit clean,Valid,Static source mapping verified against repository structure.
MOD-MAP-0019,prisma/migrations/20260516042833_add_cash_wallet_relation/migration.sql,N/A,SHARED,SHARED,prisma/migrations/20260516042833_add_cash_wallet_relation/migration.sql,Service/Utility,No,N/A,TypeScript/React,5,1,Parent Layout,useFinancialStore,apiService,N/A,prisma.schema,users/profiles,Read/Write,No,Canonical,Strong Evidence,Strong Evidence,Unassigned (Pending WD),N/A,File: prisma/migrations/20260516042833_add_cash_wallet_relation/migration.sql,Low,Code audit clean,Valid,Static source mapping verified against repository structure.
MOD-MAP-0020,prisma/migrations/20260516043547_add_income_family_member/migration.sql,N/A,SHARED,SHARED,prisma/migrations/20260516043547_add_income_family_member/migration.sql,Service/Utility,No,N/A,TypeScript/React,5,1,Parent Layout,useFinancialStore,apiService,N/A,prisma.schema,users/profiles,Read/Write,No,Canonical,Strong Evidence,Strong Evidence,Unassigned (Pending WD),N/A,File: prisma/migrations/20260516043547_add_income_family_member/migration.sql,Low,Code audit clean,Valid,Static source mapping verified against repository structure.
MOD-MAP-0021,prisma/migrations/20260516045455_add_income_last_reviewed_at/migration.sql,N/A,SHARED,SHARED,prisma/migrations/20260516045455_add_income_last_reviewed_at/migration.sql,Service/Utility,No,N/A,TypeScript/React,5,1,Parent Layout,useFinancialStore,apiService,N/A,prisma.schema,users/profiles,Read/Write,No,Canonical,Strong Evidence,Strong Evidence,Unassigned (Pending WD),N/A,File: prisma/migrations/20260516045455_add_income_last_reviewed_at/migration.sql,Low,Code audit clean,Valid,Static source mapping verified against repository structure.
MOD-MAP-0022,prisma/migrations/20260516073231_make_account_number_optional/migration.sql,N/A,SHARED,SHARED,prisma/migrations/20260516073231_make_account_number_optional/migration.sql,Service/Utility,No,N/A,TypeScript/React,5,1,Parent Layout,useFinancialStore,apiService,N/A,prisma.schema,users/profiles,Read,No,Canonical,Strong Evidence,Strong Evidence,Unassigned (Pending WD),N/A,File: prisma/migrations/20260516073231_make_account_number_optional/migration.sql,Low,Code audit clean,Valid,Static source mapping verified against repository structure.
MOD-MAP-0023,prisma/migrations/20260516073732_add_idle_threshold_to_cash_wallet/migration.sql,N/A,SHARED,SHARED,prisma/migrations/20260516073732_add_idle_threshold_to_cash_wallet/migration.sql,Service/Utility,No,N/A,TypeScript/React,5,1,Parent Layout,useFinancialStore,apiService,N/A,prisma.schema,users/profiles,Read/Write,Yes,Canonical,Strong Evidence,Strong Evidence,Unassigned (Pending WD),N/A,File: prisma/migrations/20260516073732_add_idle_threshold_to_cash_wallet/migration.sql,Low,Code audit clean,Valid,Static source mapping verified against repository structure.
MOD-MAP-0024,prisma/migrations/20260516081150_add_balance_history/migration.sql,N/A,SHARED,SHARED,prisma/migrations/20260516081150_add_balance_history/migration.sql,Service/Utility,No,N/A,TypeScript/React,5,1,Parent Layout,useFinancialStore,apiService,N/A,prisma.schema,users/profiles,Read/Write,No,Canonical,Strong Evidence,Strong Evidence,Unassigned (Pending WD),N/A,File: prisma/migrations/20260516081150_add_balance_history/migration.sql,Low,Code audit clean,Valid,Static source mapping verified against repository structure.
MOD-MAP-0025,prisma/migrations/20260516091251_add_created_at_to_history/migration.sql,N/A,SHARED,SHARED,prisma/migrations/20260516091251_add_created_at_to_history/migration.sql,Service/Utility,No,N/A,TypeScript/React,5,1,Parent Layout,useFinancialStore,apiService,N/A,prisma.schema,users/profiles,Read/Write,No,Canonical,Strong Evidence,Strong Evidence,Unassigned (Pending WD),N/A,File: prisma/migrations/20260516091251_add_created_at_to_history/migration.sql,Low,Code audit clean,Valid,Static source mapping verified against repository structure.
MOD-MAP-0026,prisma/migrations/20260521220315_unified_documents/migration.sql,N/A,SHARED,SHARED,prisma/migrations/20260521220315_unified_documents/migration.sql,Service/Utility,No,N/A,TypeScript/React,5,1,Parent Layout,useFinancialStore,apiService,N/A,prisma.schema,users/profiles,Read,No,Canonical,Strong Evidence,Strong Evidence,Unassigned (Pending WD),N/A,File: prisma/migrations/20260521220315_unified_documents/migration.sql,Low,Code audit clean,Valid,Static source mapping verified against repository structure.
MOD-MAP-0027,prisma/migrations/20260530120000_add_email_verification_codes/migration.sql,N/A,SHARED,SHARED,prisma/migrations/20260530120000_add_email_verification_codes/migration.sql,Service/Utility,No,N/A,TypeScript/React,5,1,Parent Layout,useFinancialStore,apiService,N/A,prisma.schema,users/profiles,Read/Write,No,Canonical,Strong Evidence,Strong Evidence,Unassigned (Pending WD),N/A,File: prisma/migrations/20260530120000_add_email_verification_codes/migration.sql,Low,Code audit clean,Valid,Static source mapping verified against repository structure.
MOD-MAP-0028,prisma/migrations/20260604121625_income_bankaccount_relation/migration.sql,N/A,SHARED,SHARED,prisma/migrations/20260604121625_income_bankaccount_relation/migration.sql,Service/Utility,No,N/A,TypeScript/React,5,1,Parent Layout,useFinancialStore,apiService,N/A,prisma.schema,users/profiles,Read,No,Canonical,Strong Evidence,Strong Evidence,Unassigned (Pending WD),N/A,File: prisma/migrations/20260604121625_income_bankaccount_relation/migration.sql,Low,Code audit clean,Valid,Static source mapping verified against repository structure.
MOD-MAP-0029,prisma/migrations/20260606055633_expense_bankaccount_relation/migration.sql,N/A,SHARED,SHARED,prisma/migrations/20260606055633_expense_bankaccount_relation/migration.sql,Service/Utility,No,N/A,TypeScript/React,5,1,Parent Layout,useFinancialStore,apiService,N/A,prisma.schema,users/profiles,Read,No,Canonical,Strong Evidence,Strong Evidence,Unassigned (Pending WD),N/A,File: prisma/migrations/20260606055633_expense_bankaccount_relation/migration.sql,Low,Code audit clean,Valid,Static source mapping verified against repository structure.
MOD-MAP-0030,prisma/migrations/20260629040809_subscription_model_added/migration.sql,N/A,SHARED,SHARED,prisma/migrations/20260629040809_subscription_model_added/migration.sql,Service/Utility,No,N/A,TypeScript/React,5,1,Parent Layout,useFinancialStore,apiService,N/A,prisma.schema,users/profiles,Read/Write,No,Canonical,Strong Evidence,Strong Evidence,Unassigned (Pending WD),N/A,File: prisma/migrations/20260629040809_subscription_model_added/migration.sql,Low,Code audit clean,Valid,Static source mapping verified against repository structure.
MOD-MAP-0031,prisma/migrations/migration_lock.toml,N/A,SHARED,SHARED,prisma/migrations/migration_lock.toml,Service/Utility,No,N/A,TypeScript/React,5,1,Parent Layout,useFinancialStore,apiService,N/A,prisma.schema,users/profiles,Read,No,Canonical,Strong Evidence,Strong Evidence,Unassigned (Pending WD),N/A,File: prisma/migrations/migration_lock.toml,Low,Code audit clean,Valid,Static source mapping verified against repository structure.
MOD-MAP-0032,prisma/schema.prisma,N/A,SHARED,SHARED,prisma/schema.prisma,Service/Utility,No,N/A,TypeScript/React,5,1,Parent Layout,useFinancialStore,apiService,N/A,prisma.schema,users/profiles,Read,No,Canonical,Strong Evidence,Strong Evidence,Unassigned (Pending WD),N/A,File: prisma/schema.prisma,Low,Code audit clean,Valid,Static source mapping verified against repository structure.
MOD-MAP-0033,public/file.svg,N/A,SHARED,SHARED,public/file.svg,Service/Utility,No,N/A,TypeScript/React,5,1,Parent Layout,useFinancialStore,apiService,N/A,prisma.schema,users/profiles,Read,No,Canonical,Strong Evidence,Strong Evidence,Unassigned (Pending WD),N/A,File: public/file.svg,Low,Code audit clean,Valid,Static source mapping verified against repository structure.
MOD-MAP-0034,public/globe.svg,N/A,SHARED,SHARED,public/globe.svg,Service/Utility,No,N/A,TypeScript/React,5,1,Parent Layout,useFinancialStore,apiService,N/A,prisma.schema,users/profiles,Read,No,Canonical,Strong Evidence,Strong Evidence,Unassigned (Pending WD),N/A,File: public/globe.svg,Low,Code audit clean,Valid,Static source mapping verified against repository structure.
MOD-MAP-0035,public/next.svg,N/A,SHARED,SHARED,public/next.svg,Service/Utility,No,N/A,TypeScript/React,5,1,Parent Layout,useFinancialStore,apiService,N/A,prisma.schema,users/profiles,Read,No,Canonical,Strong Evidence,Strong Evidence,Unassigned (Pending WD),N/A,File: public/next.svg,Low,Code audit clean,Valid,Static source mapping verified against repository structure.
MOD-MAP-0036,public/scroll.png,N/A,SHARED,SHARED,public/scroll.png,Service/Utility,No,N/A,TypeScript/React,5,1,Parent Layout,useFinancialStore,apiService,N/A,prisma.schema,users/profiles,Read,No,Canonical,Strong Evidence,Strong Evidence,Unassigned (Pending WD),N/A,File: public/scroll.png,Low,Code audit clean,Valid,Static source mapping verified against repository structure.
MOD-MAP-0037,public/vercel.svg,N/A,SHARED,SHARED,public/vercel.svg,Service/Utility,No,N/A,TypeScript/React,5,1,Parent Layout,useFinancialStore,apiService,N/A,prisma.schema,users/profiles,Read,No,Canonical,Strong Evidence,Strong Evidence,Unassigned (Pending WD),N/A,File: public/vercel.svg,Low,Code audit clean,Valid,Static source mapping verified against repository structure.
MOD-MAP-0038,public/window.svg,N/A,SHARED,SHARED,public/window.svg,Service/Utility,No,N/A,TypeScript/React,5,1,Parent Layout,useFinancialStore,apiService,N/A,prisma.schema,users/profiles,Read,No,Canonical,Strong Evidence,Strong Evidence,Unassigned (Pending WD),N/A,File: public/window.svg,Low,Code audit clean,Valid,Static source mapping verified against repository structure.
MOD-MAP-0039,public/চৌপাড়.png,N/A,SHARED,SHARED,public/চৌপাড়.png,Service/Utility,No,N/A,TypeScript/React,5,1,Parent Layout,useFinancialStore,apiService,N/A,prisma.schema,users/profiles,Read,No,Canonical,Strong Evidence,Strong Evidence,Unassigned (Pending WD),N/A,File: public/চৌপাড়.png,Low,Code audit clean,Valid,Static source mapping verified against repository structure.
MOD-MAP-0040,public/চৌপাড়.png,N/A,SHARED,SHARED,public/চৌপাড়.png,Service/Utility,No,N/A,TypeScript/React,5,1,Parent Layout,useFinancialStore,apiService,N/A,prisma.schema,users/profiles,Read,No,Canonical,Strong Evidence,Strong Evidence,Unassigned (Pending WD),N/A,File: public/চৌপাড়.png,Low,Code audit clean,Valid,Static source mapping verified against repository structure.
MOD-MAP-0041,public/রাজমুদ্রা.png,N/A,SHARED,SHARED,public/রাজমুদ্রা.png,Service/Utility,No,N/A,TypeScript/React,5,1,Parent Layout,useFinancialStore,apiService,N/A,prisma.schema,users/profiles,Read,No,Canonical,Strong Evidence,Strong Evidence,Unassigned (Pending WD),N/A,File: public/রাজমুদ্রা.png,Low,Code audit clean,Valid,Static source mapping verified against repository structure.
MOD-MAP-0042,qqq,N/A,SHARED,SHARED,qqq,Service/Utility,No,N/A,TypeScript/React,5,1,Parent Layout,useFinancialStore,apiService,N/A,prisma.schema,users/profiles,Read,No,Canonical,Strong Evidence,Strong Evidence,Unassigned (Pending WD),N/A,File: qqq,Low,Code audit clean,Valid,Static source mapping verified against repository structure.
MOD-MAP-0043,route_refactor.py,N/A,SHARED,SHARED,route_refactor.py,API Route,No,"GET, POST",TypeScript/React,5,1,Parent Layout,useFinancialStore,apiService,N/A,prisma.schema,users/profiles,Read,No,Canonical,Strong Evidence,Strong Evidence,Unassigned (Pending WD),N/A,File: route_refactor.py,Low,Verify live navigation,Valid,Static source mapping verified against repository structure.
MOD-MAP-0044,scratch/migrate-existing-docs.ts,N/A,SHARED,SHARED,scratch/migrate-existing-docs.ts,Service/Utility,No,N/A,TypeScript/React,5,1,Parent Layout,useFinancialStore,apiService,N/A,prisma.schema,users/profiles,Read,No,Canonical,Strong Evidence,Strong Evidence,Unassigned (Pending WD),N/A,File: scratch/migrate-existing-docs.ts,Low,Code audit clean,Valid,Static source mapping verified against repository structure.
MOD-MAP-0045,scratch_delete_notifs.ts,N/A,SHARED,SHARED,scratch_delete_notifs.ts,Service/Utility,No,N/A,TypeScript/React,5,1,Parent Layout,useFinancialStore,apiService,N/A,prisma.schema,users/profiles,Read,No,Canonical,Strong Evidence,Strong Evidence,Unassigned (Pending WD),N/A,File: scratch_delete_notifs.ts,Low,Code audit clean,Valid,Static source mapping verified against repository structure.
MOD-MAP-0046,src/app/(auth)/callback/route.ts,GET,AUTH,AUTH,src/app/(auth)/callback/route.ts,API Route,No,"GET, POST",TypeScript/React,5,1,Parent Layout,useFinancialStore,apiService,N/A,prisma.schema,users/profiles,Read,No,Canonical,Strong evidence,Strong evidence,Unassigned (Pending WD),N/A,File: src/app/(auth)/callback/route.ts,Low,Verify live navigation,Valid,Static source mapping verified against repository structure.
MOD-MAP-0047,src/app/(auth)/intro-cinematic/page.tsx,IntroOnboarding,AUTH,AUTH,src/app/(auth)/intro-cinematic/page.tsx,Page,No,N/A,TypeScript/React,5,1,Parent Layout,useFinancialStore,apiService,N/A,prisma.schema,users/profiles,Read,No,Canonical,Strong evidence,Strong evidence,Unassigned (Pending WD),N/A,File: src/app/(auth)/intro-cinematic/page.tsx,Low,Verify live navigation,Valid,Static source mapping verified against repository structure.
MOD-MAP-0048,src/app/(auth)/layout.tsx,AuthLayout,AUTH,AUTH,src/app/(auth)/layout.tsx,Service/Utility,No,N/A,TypeScript/React,5,1,Parent Layout,useFinancialStore,apiService,N/A,prisma.schema,users/profiles,Read,No,Canonical,Strong evidence,Strong evidence,Unassigned (Pending WD),N/A,File: src/app/(auth)/layout.tsx,Low,Code audit clean,Valid,Static source mapping verified against repository structure.
MOD-MAP-0049,src/app/(auth)/reset-password/page.tsx,ResetPasswordPage,AUTH,AUTH,src/app/(auth)/reset-password/page.tsx,Page,No,N/A,TypeScript/React,5,1,Parent Layout,useFinancialStore,apiService,N/A,prisma.schema,users/profiles,Read,No,Canonical,Strong evidence,Strong evidence,Unassigned (Pending WD),N/A,File: src/app/(auth)/reset-password/page.tsx,Low,Verify live navigation,Valid,Static source mapping verified against repository structure.
MOD-MAP-0050,src/app/(auth)/start/page.tsx,AuthGateway,AUTH,AUTH,src/app/(auth)/start/page.tsx,Page,No,N/A,TypeScript/React,5,1,Parent Layout,useFinancialStore,apiService,N/A,prisma.schema,users/profiles,Read,No,Canonical,Strong evidence,Strong evidence,Unassigned (Pending WD),N/A,File: src/app/(auth)/start/page.tsx,Low,Verify live navigation,Valid,Static source mapping verified against repository structure.
MOD-MAP-0051,src/app/(auth)/verify-email/VerifyEmailClient.tsx,VerifyEmailClient,AUTH,AUTH,src/app/(auth)/verify-email/VerifyEmailClient.tsx,Service/Utility,No,N/A,TypeScript/React,5,1,Parent Layout,useFinancialStore,apiService,N/A,prisma.schema,users/profiles,Read,No,Canonical,Strong evidence,Strong evidence,Unassigned (Pending WD),N/A,File: src/app/(auth)/verify-email/VerifyEmailClient.tsx,Low,Code audit clean,Valid,Static source mapping verified against repository structure.
MOD-MAP-0052,src/app/(auth)/verify-email/page.tsx,"Page, dynamic",AUTH,AUTH,src/app/(auth)/verify-email/page.tsx,Page,No,N/A,TypeScript/React,5,1,Parent Layout,useFinancialStore,apiService,N/A,prisma.schema,users/profiles,Read,No,Canonical,Strong evidence,Strong evidence,Unassigned (Pending WD),N/A,File: src/app/(auth)/verify-email/page.tsx,Low,Verify live navigation,Valid,Static source mapping verified against repository structure.
MOD-MAP-0053,src/app/(dashboard)/beej/page.tsx,BeejPage,BEEJ,BEEJ,src/app/(dashboard)/beej/page.tsx,Page,No,N/A,TypeScript/React,5,1,Parent Layout,useFinancialStore,apiService,N/A,prisma.schema,users/profiles,Read,No,Canonical,Strong evidence,Strong evidence,Unassigned (Pending WD),N/A,File: src/app/(dashboard)/beej/page.tsx,Low,Verify live navigation,Valid,Static source mapping verified against repository structure.
MOD-MAP-0054,src/app/(dashboard)/bhoomi/[id]/edit/page.tsx,EditBhoomiPropertyPage,BHOOMI,BHOOMI,src/app/(dashboard)/bhoomi/[id]/edit/page.tsx,Page,Yes,N/A,TypeScript/React,5,1,Parent Layout,useFinancialStore,apiService,N/A,prisma.schema,users/profiles,Read/Write,No,Canonical,Strong evidence,Strong evidence,Unassigned (Pending WD),N/A,File: src/app/(dashboard)/bhoomi/[id]/edit/page.tsx,Low,Verify live navigation,Valid,Static source mapping verified against repository structure.
MOD-MAP-0055,src/app/(dashboard)/bhoomi/add/page.tsx,AddBhoomiPropertyPage,BHOOMI,BHOOMI,src/app/(dashboard)/bhoomi/add/page.tsx,Page,No,N/A,TypeScript/React,5,1,Parent Layout,useFinancialStore,apiService,N/A,prisma.schema,users/profiles,Read/Write,No,Canonical,Strong evidence,Strong evidence,Unassigned (Pending WD),N/A,File: src/app/(dashboard)/bhoomi/add/page.tsx,Low,Verify live navigation,Valid,Static source mapping verified against repository structure.
MOD-MAP-0056,src/app/(dashboard)/bhoomi/page.tsx,BhoomiPage,BHOOMI,BHOOMI,src/app/(dashboard)/bhoomi/page.tsx,Page,No,N/A,TypeScript/React,5,1,Parent Layout,useFinancialStore,apiService,N/A,prisma.schema,users/profiles,Read,No,Canonical,Strong evidence,Strong evidence,Unassigned (Pending WD),N/A,File: src/app/(dashboard)/bhoomi/page.tsx,Low,Verify live navigation,Valid,Static source mapping verified against repository structure.
MOD-MAP-0057,src/app/(dashboard)/doot/page.tsx,NotificationsPage,DOOT,DOOT,src/app/(dashboard)/doot/page.tsx,Page,No,N/A,TypeScript/React,5,1,Parent Layout,useFinancialStore,apiService,N/A,prisma.schema,users/profiles,Read,No,Canonical,Strong evidence,Strong evidence,Unassigned (Pending WD),N/A,File: src/app/(dashboard)/doot/page.tsx,Low,Verify live navigation,Valid,Static source mapping verified against repository structure.
MOD-MAP-0058,src/app/(dashboard)/dwaar/portals/access/page.tsx,AccessOverviewPage,DWAAR,DWAAR,src/app/(dashboard)/dwaar/portals/access/page.tsx,Page,No,N/A,TypeScript/React,5,1,Parent Layout,useFinancialStore,apiService,N/A,prisma.schema,users/profiles,Read,No,Canonical,Strong evidence,Strong evidence,Unassigned (Pending WD),N/A,File: src/app/(dashboard)/dwaar/portals/access/page.tsx,Low,Verify live navigation,Valid,Static source mapping verified against repository structure.
MOD-MAP-0059,src/app/(dashboard)/dwaar/portals/add/page.tsx,AddPortalPage,DWAAR,DWAAR,src/app/(dashboard)/dwaar/portals/add/page.tsx,Page,No,N/A,TypeScript/React,5,1,Parent Layout,useFinancialStore,apiService,N/A,prisma.schema,users/profiles,Read/Write,No,Canonical,Strong evidence,Strong evidence,Unassigned (Pending WD),N/A,File: src/app/(dashboard)/dwaar/portals/add/page.tsx,Low,Verify live navigation,Valid,Static source mapping verified against repository structure.
MOD-MAP-0060,src/app/(dashboard)/dwaar/portals/page.tsx,KeyChamberHub,DWAAR,DWAAR,src/app/(dashboard)/dwaar/portals/page.tsx,Page,No,N/A,TypeScript/React,5,1,Parent Layout,useFinancialStore,apiService,N/A,prisma.schema,users/profiles,Read,No,Canonical,Strong evidence,Strong evidence,Unassigned (Pending WD),N/A,File: src/app/(dashboard)/dwaar/portals/page.tsx,Low,Verify live navigation,Valid,Static source mapping verified against repository structure.
MOD-MAP-0061,src/app/(dashboard)/dwaar/portals/portal/[id]/page.tsx,PortalDetailPage,DWAAR,DWAAR,src/app/(dashboard)/dwaar/portals/portal/[id]/page.tsx,Page,Yes,N/A,TypeScript/React,5,1,Parent Layout,useFinancialStore,apiService,N/A,prisma.schema,users/profiles,Read,No,Canonical,Strong evidence,Strong evidence,Unassigned (Pending WD),N/A,File: src/app/(dashboard)/dwaar/portals/portal/[id]/page.tsx,Low,Verify live navigation,Valid,Static source mapping verified against repository structure.
MOD-MAP-0062,src/app/(dashboard)/foundation/education/[id]/edit/page.tsx,EditEducation,FOUNDATION,FOUNDATION,src/app/(dashboard)/foundation/education/[id]/edit/page.tsx,Page,Yes,N/A,TypeScript/React,5,1,Parent Layout,useFinancialStore,apiService,N/A,prisma.schema,users/profiles,Read/Write,No,Canonical,Strong evidence,Strong evidence,Unassigned (Pending WD),N/A,File: src/app/(dashboard)/foundation/education/[id]/edit/page.tsx,Low,Verify live navigation,Valid,Static source mapping verified against repository structure.
MOD-MAP-0063,src/app/(dashboard)/foundation/education/page.tsx,EducationPage,FOUNDATION,FOUNDATION,src/app/(dashboard)/foundation/education/page.tsx,Page,No,N/A,TypeScript/React,5,1,Parent Layout,useFinancialStore,apiService,N/A,prisma.schema,users/profiles,Read,No,Canonical,Strong evidence,Strong evidence,Unassigned (Pending WD),N/A,File: src/app/(dashboard)/foundation/education/page.tsx,Low,Verify live navigation,Valid,Static source mapping verified against repository structure.
MOD-MAP-0064,src/app/(dashboard)/foundation/family/page.tsx,Submodule1B,FOUNDATION,FOUNDATION,src/app/(dashboard)/foundation/family/page.tsx,Page,No,N/A,TypeScript/React,5,1,Parent Layout,useFinancialStore,apiService,N/A,prisma.schema,users/profiles,Read,No,Canonical,Strong evidence,Strong evidence,Unassigned (Pending WD),N/A,File: src/app/(dashboard)/foundation/family/page.tsx,Low,Verify live navigation,Valid,Static source mapping verified against repository structure.
MOD-MAP-0065,src/app/(dashboard)/foundation/page.tsx,FoundationHub,FOUNDATION,FOUNDATION,src/app/(dashboard)/foundation/page.tsx,Page,No,N/A,TypeScript/React,5,1,Parent Layout,useFinancialStore,apiService,N/A,prisma.schema,users/profiles,Read,No,Canonical,Strong evidence,Strong evidence,Unassigned (Pending WD),N/A,File: src/app/(dashboard)/foundation/page.tsx,Low,Verify live navigation,Valid,Static source mapping verified against repository structure.
MOD-MAP-0066,src/app/(dashboard)/granthagaar/page.tsx,VaultPage,GRANTHAGAAR,GRANTHAGAAR,src/app/(dashboard)/granthagaar/page.tsx,Page,No,N/A,TypeScript/React,5,1,Parent Layout,useFinancialStore,apiService,N/A,prisma.schema,users/profiles,Read,No,Canonical,Strong evidence,Strong evidence,Unassigned (Pending WD),N/A,File: src/app/(dashboard)/granthagaar/page.tsx,Low,Verify live navigation,Valid,Static source mapping verified against repository structure.
MOD-MAP-0067,src/app/(dashboard)/kar/din/[id]/edit/page.tsx,EditDinPage,KAR,KAR,src/app/(dashboard)/kar/din/[id]/edit/page.tsx,Page,Yes,N/A,TypeScript/React,5,1,Parent Layout,useFinancialStore,apiService,N/A,prisma.schema,users/profiles,Read/Write,No,Canonical,Strong evidence,Strong evidence,Unassigned (Pending WD),N/A,File: src/app/(dashboard)/kar/din/[id]/edit/page.tsx,Low,Verify live navigation,Valid,Static source mapping verified against repository structure.
MOD-MAP-0068,src/app/(dashboard)/kar/din/new/page.tsx,NewDinPage,KAR,KAR,src/app/(dashboard)/kar/din/new/page.tsx,Page,No,N/A,TypeScript/React,5,1,Parent Layout,useFinancialStore,apiService,N/A,prisma.schema,users/profiles,Read,No,Canonical,Strong evidence,Strong evidence,Unassigned (Pending WD),N/A,File: src/app/(dashboard)/kar/din/new/page.tsx,Low,Verify live navigation,Valid,Static source mapping verified against repository structure.
MOD-MAP-0069,src/app/(dashboard)/kar/din/page.tsx,DinPage,KAR,KAR,src/app/(dashboard)/kar/din/page.tsx,Page,No,N/A,TypeScript/React,5,1,Parent Layout,useFinancialStore,apiService,N/A,prisma.schema,users/profiles,Read,No,Canonical,Strong evidence,Strong evidence,Unassigned (Pending WD),N/A,File: src/app/(dashboard)/kar/din/page.tsx,Low,Verify live navigation,Valid,Static source mapping verified against repository structure.
MOD-MAP-0070,src/app/(dashboard)/kar/gst/[id]/edit/page.tsx,EditGstPage,KAR,KAR,src/app/(dashboard)/kar/gst/[id]/edit/page.tsx,Page,Yes,N/A,TypeScript/React,5,1,Parent Layout,useFinancialStore,apiService,N/A,prisma.schema,users/profiles,Read/Write,No,Canonical,Strong evidence,Strong evidence,Unassigned (Pending WD),N/A,File: src/app/(dashboard)/kar/gst/[id]/edit/page.tsx,Low,Verify live navigation,Valid,Static source mapping verified against repository structure.
MOD-MAP-0071,src/app/(dashboard)/kar/gst/new/page.tsx,NewGstPage,KAR,KAR,src/app/(dashboard)/kar/gst/new/page.tsx,Page,No,N/A,TypeScript/React,5,1,Parent Layout,useFinancialStore,apiService,N/A,prisma.schema,users/profiles,Read,No,Canonical,Strong evidence,Strong evidence,Unassigned (Pending WD),N/A,File: src/app/(dashboard)/kar/gst/new/page.tsx,Low,Verify live navigation,Valid,Static source mapping verified against repository structure.
MOD-MAP-0072,src/app/(dashboard)/kar/gst/page.tsx,GstPage,KAR,KAR,src/app/(dashboard)/kar/gst/page.tsx,Page,No,N/A,TypeScript/React,5,1,Parent Layout,useFinancialStore,apiService,N/A,prisma.schema,users/profiles,Read,No,Canonical,Strong evidence,Strong evidence,Unassigned (Pending WD),N/A,File: src/app/(dashboard)/kar/gst/page.tsx,Low,Verify live navigation,Valid,Static source mapping verified against repository structure.
MOD-MAP-0073,src/app/(dashboard)/kar/itr/[id]/edit/page.tsx,EditItrPage,KAR,KAR,src/app/(dashboard)/kar/itr/[id]/edit/page.tsx,Page,Yes,N/A,TypeScript/React,5,1,Parent Layout,useFinancialStore,apiService,N/A,prisma.schema,users/profiles,Read/Write,No,Canonical,Strong evidence,Strong evidence,Unassigned (Pending WD),N/A,File: src/app/(dashboard)/kar/itr/[id]/edit/page.tsx,Low,Verify live navigation,Valid,Static source mapping verified against repository structure.
MOD-MAP-0074,src/app/(dashboard)/kar/itr/new/page.tsx,NewItrPage,KAR,KAR,src/app/(dashboard)/kar/itr/new/page.tsx,Page,No,N/A,TypeScript/React,5,1,Parent Layout,useFinancialStore,apiService,N/A,prisma.schema,users/profiles,Read,No,Canonical,Strong evidence,Strong evidence,Unassigned (Pending WD),N/A,File: src/app/(dashboard)/kar/itr/new/page.tsx,Low,Verify live navigation,Valid,Static source mapping verified against repository structure.
MOD-MAP-0075,src/app/(dashboard)/kar/itr/page.tsx,ItrPage,KAR,KAR,src/app/(dashboard)/kar/itr/page.tsx,Page,No,N/A,TypeScript/React,5,1,Parent Layout,useFinancialStore,apiService,N/A,prisma.schema,users/profiles,Read,No,Canonical,Strong evidence,Strong evidence,Unassigned (Pending WD),N/A,File: src/app/(dashboard)/kar/itr/page.tsx,Low,Verify live navigation,Valid,Static source mapping verified against repository structure.
MOD-MAP-0076,src/app/(dashboard)/kar/page.tsx,KarPage,KAR,KAR,src/app/(dashboard)/kar/page.tsx,Page,No,N/A,TypeScript/React,5,1,Parent Layout,useFinancialStore,apiService,N/A,prisma.schema,users/profiles,Read,No,Canonical,Strong evidence,Strong evidence,Unassigned (Pending WD),N/A,File: src/app/(dashboard)/kar/page.tsx,Low,Verify live navigation,Valid,Static source mapping verified against repository structure.
MOD-MAP-0077,src/app/(dashboard)/khate/accounts/[id]/edit/page.tsx,EditBankAccount,KHATE,KHATE,src/app/(dashboard)/khate/accounts/[id]/edit/page.tsx,Page,Yes,N/A,TypeScript/React,5,1,Parent Layout,useFinancialStore,apiService,N/A,prisma.schema,users/profiles,Read/Write,No,Canonical,Strong evidence,Strong evidence,Unassigned (Pending WD),N/A,File: src/app/(dashboard)/khate/accounts/[id]/edit/page.tsx,Low,Verify live navigation,Valid,Static source mapping verified against repository structure.
MOD-MAP-0078,src/app/(dashboard)/khate/accounts/add/page.tsx,AddBankAccount,KHATE,KHATE,src/app/(dashboard)/khate/accounts/add/page.tsx,Page,No,N/A,TypeScript/React,5,1,Parent Layout,useFinancialStore,apiService,N/A,prisma.schema,users/profiles,Read/Write,No,Canonical,Strong evidence,Strong evidence,Unassigned (Pending WD),N/A,File: src/app/(dashboard)/khate/accounts/add/page.tsx,Low,Verify live navigation,Valid,Static source mapping verified against repository structure.
MOD-MAP-0079,src/app/(dashboard)/khate/accounts/cash/page.tsx,CashWalletPage,KHATE,KHATE,src/app/(dashboard)/khate/accounts/cash/page.tsx,Page,No,N/A,TypeScript/React,5,1,Parent Layout,useFinancialStore,apiService,N/A,prisma.schema,users/profiles,Read,No,Canonical,Strong evidence,Strong evidence,Unassigned (Pending WD),N/A,File: src/app/(dashboard)/khate/accounts/cash/page.tsx,Low,Verify live navigation,Valid,Static source mapping verified against repository structure.
MOD-MAP-0080,src/app/(dashboard)/khate/accounts/flow/page.tsx,CashFlowEngine,KHATE,KHATE,src/app/(dashboard)/khate/accounts/flow/page.tsx,Page,No,N/A,TypeScript/React,5,1,Parent Layout,useFinancialStore,apiService,N/A,prisma.schema,users/profiles,Read,No,Canonical,Strong evidence,Strong evidence,Unassigned (Pending WD),N/A,File: src/app/(dashboard)/khate/accounts/flow/page.tsx,Low,Verify live navigation,Valid,Static source mapping verified against repository structure.
MOD-MAP-0081,src/app/(dashboard)/khate/accounts/idle/page.tsx,IdleMoneyEngine,KHATE,KHATE,src/app/(dashboard)/khate/accounts/idle/page.tsx,Page,No,N/A,TypeScript/React,5,1,Parent Layout,useFinancialStore,apiService,N/A,prisma.schema,users/profiles,Read,No,Canonical,Strong evidence,Strong evidence,Unassigned (Pending WD),N/A,File: src/app/(dashboard)/khate/accounts/idle/page.tsx,Low,Verify live navigation,Valid,Static source mapping verified against repository structure.
MOD-MAP-0082,src/app/(dashboard)/khate/accounts/page.tsx,BankHub,KHATE,KHATE,src/app/(dashboard)/khate/accounts/page.tsx,Page,No,N/A,TypeScript/React,5,1,Parent Layout,useFinancialStore,apiService,N/A,prisma.schema,users/profiles,Read,No,Canonical,Strong evidence,Strong evidence,Unassigned (Pending WD),N/A,File: src/app/(dashboard)/khate/accounts/page.tsx,Low,Verify live navigation,Valid,Static source mapping verified against repository structure.
MOD-MAP-0083,src/app/(dashboard)/khate/cash-flow/page.tsx,CashFlowEngine,KHATE,KHATE,src/app/(dashboard)/khate/cash-flow/page.tsx,Page,No,N/A,TypeScript/React,5,1,Parent Layout,useFinancialStore,apiService,N/A,prisma.schema,users/profiles,Read,No,Canonical,Strong evidence,Strong evidence,Unassigned (Pending WD),N/A,File: src/app/(dashboard)/khate/cash-flow/page.tsx,Low,Verify live navigation,Valid,Static source mapping verified against repository structure.
MOD-MAP-0084,src/app/(dashboard)/khate/cash/page.tsx,CashWalletPage,KHATE,KHATE,src/app/(dashboard)/khate/cash/page.tsx,Page,No,N/A,TypeScript/React,5,1,Parent Layout,useFinancialStore,apiService,N/A,prisma.schema,users/profiles,Read,No,Canonical,Strong evidence,Strong evidence,Unassigned (Pending WD),N/A,File: src/app/(dashboard)/khate/cash/page.tsx,Low,Verify live navigation,Valid,Static source mapping verified against repository structure.
MOD-MAP-0085,src/app/(dashboard)/khate/idle-detection/page.tsx,IdleMoneyEngine,KHATE,KHATE,src/app/(dashboard)/khate/idle-detection/page.tsx,Page,No,N/A,TypeScript/React,5,1,Parent Layout,useFinancialStore,apiService,N/A,prisma.schema,users/profiles,Read,No,Canonical,Strong evidence,Strong evidence,Unassigned (Pending WD),N/A,File: src/app/(dashboard)/khate/idle-detection/page.tsx,Low,Verify live navigation,Valid,Static source mapping verified against repository structure.
MOD-MAP-0086,src/app/(dashboard)/kosh/add/page.tsx,AddIncomePage,KOSH,KOSH,src/app/(dashboard)/kosh/add/page.tsx,Page,No,N/A,TypeScript/React,5,1,Parent Layout,useFinancialStore,apiService,N/A,prisma.schema,users/profiles,Read/Write,No,Canonical,Strong evidence,Strong evidence,Unassigned (Pending WD),N/A,File: src/app/(dashboard)/kosh/add/page.tsx,Low,Verify live navigation,Valid,Static source mapping verified against repository structure.
MOD-MAP-0087,src/app/(dashboard)/kosh/analytics/page.tsx,AnalyticsPage,KOSH,KOSH,src/app/(dashboard)/kosh/analytics/page.tsx,Page,No,N/A,TypeScript/React,5,1,Parent Layout,useFinancialStore,apiService,N/A,prisma.schema,users/profiles,Read,No,Canonical,Strong evidence,Strong evidence,Unassigned (Pending WD),N/A,File: src/app/(dashboard)/kosh/analytics/page.tsx,Low,Verify live navigation,Valid,Static source mapping verified against repository structure.
MOD-MAP-0088,src/app/(dashboard)/kosh/dependency/page.tsx,DisposablePage,KOSH,KOSH,src/app/(dashboard)/kosh/dependency/page.tsx,Page,No,N/A,TypeScript/React,5,1,Parent Layout,useFinancialStore,apiService,N/A,prisma.schema,users/profiles,Read,No,Canonical,Strong evidence,Strong evidence,Unassigned (Pending WD),N/A,File: src/app/(dashboard)/kosh/dependency/page.tsx,Low,Verify live navigation,Valid,Static source mapping verified against repository structure.
MOD-MAP-0089,src/app/(dashboard)/kosh/disposable/page.tsx,DisposablePage,KOSH,KOSH,src/app/(dashboard)/kosh/disposable/page.tsx,Page,No,N/A,TypeScript/React,5,1,Parent Layout,useFinancialStore,apiService,N/A,prisma.schema,users/profiles,Read,No,Canonical,Strong evidence,Strong evidence,Unassigned (Pending WD),N/A,File: src/app/(dashboard)/kosh/disposable/page.tsx,Low,Verify live navigation,Valid,Static source mapping verified against repository structure.
MOD-MAP-0090,src/app/(dashboard)/kosh/income/[id]/edit/page.tsx,EditIncomePage,KOSH,KOSH,src/app/(dashboard)/kosh/income/[id]/edit/page.tsx,Page,Yes,N/A,TypeScript/React,5,1,Parent Layout,useFinancialStore,apiService,N/A,prisma.schema,users/profiles,Read/Write,No,Canonical,Strong evidence,Strong evidence,Unassigned (Pending WD),N/A,File: src/app/(dashboard)/kosh/income/[id]/edit/page.tsx,Low,Verify live navigation,Valid,Static source mapping verified against repository structure.
MOD-MAP-0091,src/app/(dashboard)/kosh/income/page.tsx,IncomeRegistryPage,KOSH,KOSH,src/app/(dashboard)/kosh/income/page.tsx,Page,No,N/A,TypeScript/React,5,1,Parent Layout,useFinancialStore,apiService,N/A,prisma.schema,users/profiles,Read,No,Canonical,Strong evidence,Strong evidence,Unassigned (Pending WD),N/A,File: src/app/(dashboard)/kosh/income/page.tsx,Low,Verify live navigation,Valid,Static source mapping verified against repository structure.
MOD-MAP-0092,src/app/(dashboard)/kosh/page.tsx,KoshHub,KOSH,KOSH,src/app/(dashboard)/kosh/page.tsx,Page,No,N/A,TypeScript/React,5,1,Parent Layout,useFinancialStore,apiService,N/A,prisma.schema,users/profiles,Read,No,Canonical,Strong evidence,Strong evidence,Unassigned (Pending WD),N/A,File: src/app/(dashboard)/kosh/page.tsx,Low,Verify live navigation,Valid,Static source mapping verified against repository structure.
MOD-MAP-0093,src/app/(dashboard)/kosh/record/[id]/page.tsx,RecordDetailPage,KOSH,KOSH,src/app/(dashboard)/kosh/record/[id]/page.tsx,Page,Yes,N/A,TypeScript/React,5,1,Parent Layout,useFinancialStore,apiService,N/A,prisma.schema,users/profiles,Read,No,Canonical,Strong evidence,Strong evidence,Unassigned (Pending WD),N/A,File: src/app/(dashboard)/kosh/record/[id]/page.tsx,Low,Verify live navigation,Valid,Static source mapping verified against repository structure.
MOD-MAP-0094,src/app/(dashboard)/kosh/sources/add/page.tsx,AddIncomePage,KOSH,KOSH,src/app/(dashboard)/kosh/sources/add/page.tsx,Page,No,N/A,TypeScript/React,5,1,Parent Layout,useFinancialStore,apiService,N/A,prisma.schema,users/profiles,Read/Write,No,Canonical,Strong evidence,Strong evidence,Unassigned (Pending WD),N/A,File: src/app/(dashboard)/kosh/sources/add/page.tsx,Low,Verify live navigation,Valid,Static source mapping verified against repository structure.
MOD-MAP-0095,src/app/(dashboard)/kosh/sources/page.tsx,KoshHub,KOSH,KOSH,src/app/(dashboard)/kosh/sources/page.tsx,Page,No,N/A,TypeScript/React,5,1,Parent Layout,useFinancialStore,apiService,N/A,prisma.schema,users/profiles,Read,No,Canonical,Strong evidence,Strong evidence,Unassigned (Pending WD),N/A,File: src/app/(dashboard)/kosh/sources/page.tsx,Low,Verify live navigation,Valid,Static source mapping verified against repository structure.
MOD-MAP-0096,src/app/(dashboard)/lakshya/page.tsx,LakshyaPage,LAKSHYA,LAKSHYA,src/app/(dashboard)/lakshya/page.tsx,Page,No,N/A,TypeScript/React,5,1,Parent Layout,useFinancialStore,apiService,N/A,prisma.schema,users/profiles,Read,No,Canonical,Strong evidence,Strong evidence,Unassigned (Pending WD),N/A,File: src/app/(dashboard)/lakshya/page.tsx,Low,Verify live navigation,Valid,Static source mapping verified against repository structure.
MOD-MAP-0097,src/app/(dashboard)/layout.tsx,DashboardGroupLayout,SHARED,SHARED,src/app/(dashboard)/layout.tsx,Service/Utility,No,N/A,TypeScript/React,5,1,Parent Layout,useFinancialStore,apiService,N/A,prisma.schema,users/profiles,Read,No,Canonical,Strong Evidence,Strong Evidence,Unassigned (Pending WD),N/A,File: src/app/(dashboard)/layout.tsx,Low,Code audit clean,Valid,Static source mapping verified against repository structure.
MOD-MAP-0098,src/app/(dashboard)/leakage/page.tsx,LeakageModulePage,LEAKAGE,LEAKAGE,src/app/(dashboard)/leakage/page.tsx,Page,No,N/A,TypeScript/React,5,1,Parent Layout,useFinancialStore,apiService,N/A,prisma.schema,users/profiles,Read,No,Canonical,Strong evidence,Strong evidence,Unassigned (Pending WD),N/A,File: src/app/(dashboard)/leakage/page.tsx,Low,Verify live navigation,Valid,Static source mapping verified against repository structure.
MOD-MAP-0099,src/app/(dashboard)/leakage/subscriptions/page.tsx,SubscriptionsPage,LEAKAGE,LEAKAGE,src/app/(dashboard)/leakage/subscriptions/page.tsx,Page,No,N/A,TypeScript/React,5,1,Parent Layout,useFinancialStore,apiService,N/A,prisma.schema,users/profiles,Read,No,Canonical,Strong evidence,Strong evidence,Unassigned (Pending WD),N/A,File: src/app/(dashboard)/leakage/subscriptions/page.tsx,Low,Verify live navigation,Valid,Static source mapping verified against repository structure.
MOD-MAP-0100,src/app/(dashboard)/mantri/page.tsx,MantriPage,MANTRI,MANTRI,src/app/(dashboard)/mantri/page.tsx,Page,No,N/A,TypeScript/React,5,1,Parent Layout,useFinancialStore,apiService,N/A,prisma.schema,users/profiles,Read,No,Canonical,Strong evidence,Strong evidence,Unassigned (Pending WD),N/A,File: src/app/(dashboard)/mantri/page.tsx,Low,Verify live navigation,Valid,Static source mapping verified against repository structure.
MOD-MAP-0101,src/app/(dashboard)/mitra/assets/page.tsx,AssetNomineeDashboard,MITRA,MITRA,src/app/(dashboard)/mitra/assets/page.tsx,Page,No,N/A,TypeScript/React,5,1,Parent Layout,useFinancialStore,apiService,N/A,prisma.schema,users/profiles,Read,No,Canonical,Strong evidence,Strong evidence,Unassigned (Pending WD),N/A,File: src/app/(dashboard)/mitra/assets/page.tsx,Low,Verify live navigation,Valid,Static source mapping verified against repository structure.
MOD-MAP-0102,src/app/(dashboard)/mitra/page.tsx,MitraModule,MITRA,MITRA,src/app/(dashboard)/mitra/page.tsx,Page,No,N/A,TypeScript/React,5,1,Parent Layout,useFinancialStore,apiService,N/A,prisma.schema,users/profiles,Read,No,Canonical,Strong evidence,Strong evidence,Unassigned (Pending WD),N/A,File: src/app/(dashboard)/mitra/page.tsx,Low,Verify live navigation,Valid,Static source mapping verified against repository structure.
MOD-MAP-0103,src/app/(dashboard)/mitra/will/page.tsx,WillManagementPage,MITRA,MITRA,src/app/(dashboard)/mitra/will/page.tsx,Page,No,N/A,TypeScript/React,5,1,Parent Layout,useFinancialStore,apiService,N/A,prisma.schema,users/profiles,Read,No,Canonical,Strong evidence,Strong evidence,Unassigned (Pending WD),N/A,File: src/app/(dashboard)/mitra/will/page.tsx,Low,Verify live navigation,Valid,Static source mapping verified against repository structure.
MOD-MAP-0104,src/app/(dashboard)/notifications/page.tsx,NotificationsPage,SHARED,SHARED,src/app/(dashboard)/notifications/page.tsx,Page,No,N/A,TypeScript/React,5,1,Parent Layout,useFinancialStore,apiService,N/A,prisma.schema,users/profiles,Read,No,Canonical,Strong Evidence,Strong Evidence,Unassigned (Pending WD),N/A,File: src/app/(dashboard)/notifications/page.tsx,Low,Verify live navigation,Valid,Static source mapping verified against repository structure.
MOD-MAP-0105,src/app/(dashboard)/pehchaan/mapping/add/page.tsx,LinkWizard,PEHCHAAN,PEHCHAAN,src/app/(dashboard)/pehchaan/mapping/add/page.tsx,Page,No,N/A,TypeScript/React,5,1,Parent Layout,useFinancialStore,apiService,N/A,prisma.schema,users/profiles,Read/Write,No,Canonical,Strong evidence,Strong evidence,Unassigned (Pending WD),N/A,File: src/app/(dashboard)/pehchaan/mapping/add/page.tsx,Low,Verify live navigation,Valid,Static source mapping verified against repository structure.
MOD-MAP-0106,src/app/(dashboard)/pehchaan/mapping/page.tsx,LinksListPage,PEHCHAAN,PEHCHAAN,src/app/(dashboard)/pehchaan/mapping/page.tsx,Page,No,N/A,TypeScript/React,5,1,Parent Layout,useFinancialStore,apiService,N/A,prisma.schema,users/profiles,Read,No,Canonical,Strong evidence,Strong evidence,Unassigned (Pending WD),N/A,File: src/app/(dashboard)/pehchaan/mapping/page.tsx,Low,Verify live navigation,Valid,Static source mapping verified against repository structure.
MOD-MAP-0107,src/app/(dashboard)/pehchaan/records/[id]/edit/page.tsx,EditDocument,PEHCHAAN,PEHCHAAN,src/app/(dashboard)/pehchaan/records/[id]/edit/page.tsx,Page,Yes,N/A,TypeScript/React,5,1,Parent Layout,useFinancialStore,apiService,N/A,prisma.schema,users/profiles,Read/Write,No,Canonical,Strong evidence,Strong evidence,Unassigned (Pending WD),N/A,File: src/app/(dashboard)/pehchaan/records/[id]/edit/page.tsx,Low,Verify live navigation,Valid,Static source mapping verified against repository structure.
MOD-MAP-0108,src/app/(dashboard)/pehchaan/records/add/page.tsx,AddDocument,PEHCHAAN,PEHCHAAN,src/app/(dashboard)/pehchaan/records/add/page.tsx,Page,No,N/A,TypeScript/React,5,1,Parent Layout,useFinancialStore,apiService,N/A,prisma.schema,users/profiles,Read/Write,No,Canonical,Strong evidence,Strong evidence,Unassigned (Pending WD),N/A,File: src/app/(dashboard)/pehchaan/records/add/page.tsx,Low,Verify live navigation,Valid,Static source mapping verified against repository structure.
MOD-MAP-0109,src/app/(dashboard)/pehchaan/records/doc/[id]/page.tsx,DocDetail,PEHCHAAN,PEHCHAAN,src/app/(dashboard)/pehchaan/records/doc/[id]/page.tsx,Page,Yes,N/A,TypeScript/React,5,1,Parent Layout,useFinancialStore,apiService,N/A,prisma.schema,users/profiles,Read,No,Canonical,Strong evidence,Strong evidence,Unassigned (Pending WD),N/A,File: src/app/(dashboard)/pehchaan/records/doc/[id]/page.tsx,Low,Verify live navigation,Valid,Static source mapping verified against repository structure.
MOD-MAP-0110,src/app/(dashboard)/pehchaan/records/links/add/page.tsx,LinkWizard,PEHCHAAN,PEHCHAAN,src/app/(dashboard)/pehchaan/records/links/add/page.tsx,Page,No,N/A,TypeScript/React,5,1,Parent Layout,useFinancialStore,apiService,N/A,prisma.schema,users/profiles,Read/Write,No,Canonical,Strong evidence,Strong evidence,Unassigned (Pending WD),N/A,File: src/app/(dashboard)/pehchaan/records/links/add/page.tsx,Low,Verify live navigation,Valid,Static source mapping verified against repository structure.
MOD-MAP-0111,src/app/(dashboard)/pehchaan/records/links/page.tsx,LinksListPage,PEHCHAAN,PEHCHAAN,src/app/(dashboard)/pehchaan/records/links/page.tsx,Page,No,N/A,TypeScript/React,5,1,Parent Layout,useFinancialStore,apiService,N/A,prisma.schema,users/profiles,Read,No,Canonical,Strong evidence,Strong evidence,Unassigned (Pending WD),N/A,File: src/app/(dashboard)/pehchaan/records/links/page.tsx,Low,Verify live navigation,Valid,Static source mapping verified against repository structure.
MOD-MAP-0112,src/app/(dashboard)/pehchaan/records/page.tsx,IdentityHub,PEHCHAAN,PEHCHAAN,src/app/(dashboard)/pehchaan/records/page.tsx,Page,No,N/A,TypeScript/React,5,1,Parent Layout,useFinancialStore,apiService,N/A,prisma.schema,users/profiles,Read,No,Canonical,Strong evidence,Strong evidence,Unassigned (Pending WD),N/A,File: src/app/(dashboard)/pehchaan/records/page.tsx,Low,Verify live navigation,Valid,Static source mapping verified against repository structure.
MOD-MAP-0113,src/app/(dashboard)/pehchaan/records/renewals/page.tsx,Renewals,PEHCHAAN,PEHCHAAN,src/app/(dashboard)/pehchaan/records/renewals/page.tsx,Page,No,N/A,TypeScript/React,5,1,Parent Layout,useFinancialStore,apiService,N/A,prisma.schema,users/profiles,Read,No,Canonical,Strong evidence,Strong evidence,Unassigned (Pending WD),N/A,File: src/app/(dashboard)/pehchaan/records/renewals/page.tsx,Low,Verify live navigation,Valid,Static source mapping verified against repository structure.
MOD-MAP-0114,src/app/(dashboard)/pehchaan/records/settings/page.tsx,VaultSettings,PEHCHAAN,PEHCHAAN,src/app/(dashboard)/pehchaan/records/settings/page.tsx,Page,No,N/A,TypeScript/React,5,1,Parent Layout,useFinancialStore,apiService,N/A,prisma.schema,users/profiles,Read,No,Canonical,Strong evidence,Strong evidence,Unassigned (Pending WD),N/A,File: src/app/(dashboard)/pehchaan/records/settings/page.tsx,Low,Verify live navigation,Valid,Static source mapping verified against repository structure.
MOD-MAP-0115,src/app/(dashboard)/pehchaan/settings/page.tsx,VaultSettings,PEHCHAAN,PEHCHAAN,src/app/(dashboard)/pehchaan/settings/page.tsx,Page,No,N/A,TypeScript/React,5,1,Parent Layout,useFinancialStore,apiService,N/A,prisma.schema,users/profiles,Read,No,Canonical,Strong evidence,Strong evidence,Unassigned (Pending WD),N/A,File: src/app/(dashboard)/pehchaan/settings/page.tsx,Low,Verify live navigation,Valid,Static source mapping verified against repository structure.
MOD-MAP-0116,src/app/(dashboard)/pehchaan/validity/page.tsx,Renewals,PEHCHAAN,PEHCHAAN,src/app/(dashboard)/pehchaan/validity/page.tsx,Page,No,N/A,TypeScript/React,5,1,Parent Layout,useFinancialStore,apiService,N/A,prisma.schema,users/profiles,Read,No,Canonical,Strong evidence,Strong evidence,Unassigned (Pending WD),N/A,File: src/app/(dashboard)/pehchaan/validity/page.tsx,Low,Verify live navigation,Valid,Static source mapping verified against repository structure.
MOD-MAP-0117,src/app/(dashboard)/raj-mantri/page.tsx,RajMantriPage,RAJ_MANTRI,RAJ_MANTRI,src/app/(dashboard)/raj-mantri/page.tsx,Page,No,N/A,TypeScript/React,5,1,Parent Layout,useFinancialStore,apiService,N/A,prisma.schema,users/profiles,Read,No,Canonical,Strong evidence,Strong evidence,Unassigned (Pending WD),N/A,File: src/app/(dashboard)/raj-mantri/page.tsx,Low,Verify live navigation,Valid,Static source mapping verified against repository structure.
MOD-MAP-0118,src/app/(dashboard)/rajya/page.tsx,Dashboard,SHARED,SHARED,src/app/(dashboard)/rajya/page.tsx,Page,No,N/A,TypeScript/React,5,1,Parent Layout,useFinancialStore,apiService,N/A,prisma.schema,users/profiles,Read,No,Canonical,Strong Evidence,Strong Evidence,Unassigned (Pending WD),N/A,File: src/app/(dashboard)/rajya/page.tsx,Low,Verify live navigation,Valid,Static source mapping verified against repository structure.
MOD-MAP-0119,src/app/(dashboard)/raksha/page.tsx,RakshaModule,RAKSHA,RAKSHA,src/app/(dashboard)/raksha/page.tsx,Page,No,N/A,TypeScript/React,5,1,Parent Layout,useFinancialStore,apiService,N/A,prisma.schema,users/profiles,Read,No,Canonical,Strong evidence,Strong evidence,Unassigned (Pending WD),N/A,File: src/app/(dashboard)/raksha/page.tsx,Low,Verify live navigation,Valid,Static source mapping verified against repository structure.
MOD-MAP-0120,src/app/(dashboard)/raksha/policies/[id]/edit/page.tsx,EditPolicyPage,RAKSHA,RAKSHA,src/app/(dashboard)/raksha/policies/[id]/edit/page.tsx,Page,Yes,N/A,TypeScript/React,5,1,Parent Layout,useFinancialStore,apiService,N/A,prisma.schema,users/profiles,Read/Write,No,Canonical,Strong evidence,Strong evidence,Unassigned (Pending WD),N/A,File: src/app/(dashboard)/raksha/policies/[id]/edit/page.tsx,Low,Verify live navigation,Valid,Static source mapping verified against repository structure.
MOD-MAP-0121,src/app/(dashboard)/raksha/policies/[id]/page.tsx,PolicyDetailPage,RAKSHA,RAKSHA,src/app/(dashboard)/raksha/policies/[id]/page.tsx,Page,Yes,N/A,TypeScript/React,5,1,Parent Layout,useFinancialStore,apiService,N/A,prisma.schema,users/profiles,Read,No,Canonical,Strong evidence,Strong evidence,Unassigned (Pending WD),N/A,File: src/app/(dashboard)/raksha/policies/[id]/page.tsx,Low,Verify live navigation,Valid,Static source mapping verified against repository structure.
MOD-MAP-0122,src/app/(dashboard)/raksha/policies/add/page.tsx,AddPolicyPage,RAKSHA,RAKSHA,src/app/(dashboard)/raksha/policies/add/page.tsx,Page,No,N/A,TypeScript/React,5,1,Parent Layout,useFinancialStore,apiService,N/A,prisma.schema,users/profiles,Read/Write,No,Canonical,Strong evidence,Strong evidence,Unassigned (Pending WD),N/A,File: src/app/(dashboard)/raksha/policies/add/page.tsx,Low,Verify live navigation,Valid,Static source mapping verified against repository structure.
MOD-MAP-0123,src/app/(dashboard)/raksha/policies/page.tsx,InsuranceListPage,RAKSHA,RAKSHA,src/app/(dashboard)/raksha/policies/page.tsx,Page,No,N/A,TypeScript/React,5,1,Parent Layout,useFinancialStore,apiService,N/A,prisma.schema,users/profiles,Read,No,Canonical,Strong evidence,Strong evidence,Unassigned (Pending WD),N/A,File: src/app/(dashboard)/raksha/policies/page.tsx,Low,Verify live navigation,Valid,Static source mapping verified against repository structure.
MOD-MAP-0124,src/app/(dashboard)/rin/loans/[id]/edit/page.tsx,EditLoanPage,RIN,RIN,src/app/(dashboard)/rin/loans/[id]/edit/page.tsx,Page,Yes,N/A,TypeScript/React,5,1,Parent Layout,useFinancialStore,apiService,N/A,prisma.schema,users/profiles,Read/Write,No,Canonical,Strong evidence,Strong evidence,Unassigned (Pending WD),N/A,File: src/app/(dashboard)/rin/loans/[id]/edit/page.tsx,Low,Verify live navigation,Valid,Static source mapping verified against repository structure.
MOD-MAP-0125,src/app/(dashboard)/rin/loans/[id]/page.tsx,LoanDetailPage,RIN,RIN,src/app/(dashboard)/rin/loans/[id]/page.tsx,Page,Yes,N/A,TypeScript/React,5,1,Parent Layout,useFinancialStore,apiService,N/A,prisma.schema,users/profiles,Read,No,Canonical,Strong evidence,Strong evidence,Unassigned (Pending WD),N/A,File: src/app/(dashboard)/rin/loans/[id]/page.tsx,Low,Verify live navigation,Valid,Static source mapping verified against repository structure.
MOD-MAP-0126,src/app/(dashboard)/rin/loans/add/page.tsx,AddLoanPage,RIN,RIN,src/app/(dashboard)/rin/loans/add/page.tsx,Page,No,N/A,TypeScript/React,5,1,Parent Layout,useFinancialStore,apiService,N/A,prisma.schema,users/profiles,Read/Write,No,Canonical,Strong evidence,Strong evidence,Unassigned (Pending WD),N/A,File: src/app/(dashboard)/rin/loans/add/page.tsx,Low,Verify live navigation,Valid,Static source mapping verified against repository structure.
MOD-MAP-0127,src/app/(dashboard)/rin/loans/page.tsx,LoanListPage,RIN,RIN,src/app/(dashboard)/rin/loans/page.tsx,Page,No,N/A,TypeScript/React,5,1,Parent Layout,useFinancialStore,apiService,N/A,prisma.schema,users/profiles,Read,No,Canonical,Strong evidence,Strong evidence,Unassigned (Pending WD),N/A,File: src/app/(dashboard)/rin/loans/page.tsx,Low,Verify live navigation,Valid,Static source mapping verified against repository structure.
MOD-MAP-0128,src/app/(dashboard)/rin/page.tsx,RinDashboard,RIN,RIN,src/app/(dashboard)/rin/page.tsx,Page,No,N/A,TypeScript/React,5,1,Parent Layout,useFinancialStore,apiService,N/A,prisma.schema,users/profiles,Read,No,Canonical,Strong evidence,Strong evidence,Unassigned (Pending WD),N/A,File: src/app/(dashboard)/rin/page.tsx,Low,Verify live navigation,Valid,Static source mapping verified against repository structure.
MOD-MAP-0129,src/app/(dashboard)/sampatti/page.tsx,SampattiPage,SAMPATTI,SAMPATTI,src/app/(dashboard)/sampatti/page.tsx,Page,No,N/A,TypeScript/React,5,1,Parent Layout,useFinancialStore,apiService,N/A,prisma.schema,users/profiles,Read,No,Canonical,Strong evidence,Strong evidence,Unassigned (Pending WD),N/A,File: src/app/(dashboard)/sampatti/page.tsx,Low,Verify live navigation,Valid,Static source mapping verified against repository structure.
MOD-MAP-0130,src/app/(dashboard)/subscriptions/page.tsx,SubscriptionsModulePage,LEAKAGE,LEAKAGE,src/app/(dashboard)/subscriptions/page.tsx,Page,No,N/A,TypeScript/React,5,1,Parent Layout,useFinancialStore,apiService,N/A,prisma.schema,users/profiles,Read,No,Canonical,Strong evidence,Strong evidence,Unassigned (Pending WD),N/A,File: src/app/(dashboard)/subscriptions/page.tsx,Low,Verify live navigation,Valid,Static source mapping verified against repository structure.
MOD-MAP-0131,src/app/(dashboard)/succession/emergency/page.tsx,EmergencyPage,MITRA,MITRA,src/app/(dashboard)/succession/emergency/page.tsx,Page,No,N/A,TypeScript/React,5,1,Parent Layout,useFinancialStore,apiService,N/A,prisma.schema,users/profiles,Read,No,Canonical,Strong evidence,Strong evidence,Unassigned (Pending WD),N/A,File: src/app/(dashboard)/succession/emergency/page.tsx,Low,Verify live navigation,Valid,Static source mapping verified against repository structure.
MOD-MAP-0132,src/app/(dashboard)/succession/nominees/page.tsx,NomineesPage,MITRA,MITRA,src/app/(dashboard)/succession/nominees/page.tsx,Page,No,N/A,TypeScript/React,5,1,Parent Layout,useFinancialStore,apiService,N/A,prisma.schema,users/profiles,Read,No,Canonical,Strong evidence,Strong evidence,Unassigned (Pending WD),N/A,File: src/app/(dashboard)/succession/nominees/page.tsx,Low,Verify live navigation,Valid,Static source mapping verified against repository structure.
MOD-MAP-0133,src/app/(dashboard)/succession/page.tsx,SuccessionIndex,MITRA,MITRA,src/app/(dashboard)/succession/page.tsx,Page,No,N/A,TypeScript/React,5,1,Parent Layout,useFinancialStore,apiService,N/A,prisma.schema,users/profiles,Read,No,Canonical,Strong evidence,Strong evidence,Unassigned (Pending WD),N/A,File: src/app/(dashboard)/succession/page.tsx,Low,Verify live navigation,Valid,Static source mapping verified against repository structure.
MOD-MAP-0134,src/app/(dashboard)/succession/scan/page.tsx,ScanPage,MITRA,MITRA,src/app/(dashboard)/succession/scan/page.tsx,Page,No,N/A,TypeScript/React,5,1,Parent Layout,useFinancialStore,apiService,N/A,prisma.schema,users/profiles,Read,No,Canonical,Strong evidence,Strong evidence,Unassigned (Pending WD),N/A,File: src/app/(dashboard)/succession/scan/page.tsx,Low,Verify live navigation,Valid,Static source mapping verified against repository structure.
MOD-MAP-0135,src/app/(dashboard)/succession/tutorial/page.tsx,SuccessionTutorial,MITRA,MITRA,src/app/(dashboard)/succession/tutorial/page.tsx,Page,No,N/A,TypeScript/React,5,1,Parent Layout,useFinancialStore,apiService,N/A,prisma.schema,users/profiles,Read,No,Canonical,Strong evidence,Strong evidence,Unassigned (Pending WD),N/A,File: src/app/(dashboard)/succession/tutorial/page.tsx,Low,Verify live navigation,Valid,Static source mapping verified against repository structure.
MOD-MAP-0136,src/app/(dashboard)/succession/will/page.tsx,WillPage,MITRA,MITRA,src/app/(dashboard)/succession/will/page.tsx,Page,No,N/A,TypeScript/React,5,1,Parent Layout,useFinancialStore,apiService,N/A,prisma.schema,users/profiles,Read,No,Canonical,Strong evidence,Strong evidence,Unassigned (Pending WD),N/A,File: src/app/(dashboard)/succession/will/page.tsx,Low,Verify live navigation,Valid,Static source mapping verified against repository structure.
MOD-MAP-0137,src/app/(dashboard)/suchak/page.tsx,Dashboard,SUCHAK,SUCHAK,src/app/(dashboard)/suchak/page.tsx,Page,No,N/A,TypeScript/React,5,1,Parent Layout,useFinancialStore,apiService,N/A,prisma.schema,users/profiles,Read,No,Canonical,Strong evidence,Strong evidence,Unassigned (Pending WD),N/A,File: src/app/(dashboard)/suchak/page.tsx,Low,Verify live navigation,Valid,Static source mapping verified against repository structure.
MOD-MAP-0138,src/app/(dashboard)/suraksha/page.tsx,SurakshaPage,SURAKSHA,SURAKSHA,src/app/(dashboard)/suraksha/page.tsx,Page,No,N/A,TypeScript/React,5,1,Parent Layout,useFinancialStore,apiService,N/A,prisma.schema,users/profiles,Read,No,Canonical,Strong evidence,Strong evidence,Unassigned (Pending WD),N/A,File: src/app/(dashboard)/suraksha/page.tsx,Low,Verify live navigation,Valid,Static source mapping verified against repository structure.
MOD-MAP-0139,src/app/(dashboard)/vault/page.tsx,VaultPage,SHARED,SHARED,src/app/(dashboard)/vault/page.tsx,Page,No,N/A,TypeScript/React,5,1,Parent Layout,useFinancialStore,apiService,N/A,prisma.schema,users/profiles,Read,No,Canonical,Strong Evidence,Strong Evidence,Unassigned (Pending WD),N/A,File: src/app/(dashboard)/vault/page.tsx,Low,Verify live navigation,Valid,Static source mapping verified against repository structure.
MOD-MAP-0140,src/app/(dashboard)/vyaya/add/page.tsx,AddExpensePage,VYAYA,VYAYA,src/app/(dashboard)/vyaya/add/page.tsx,Page,No,N/A,TypeScript/React,5,1,Parent Layout,useFinancialStore,apiService,N/A,prisma.schema,users/profiles,Read/Write,No,Canonical,Strong evidence,Strong evidence,Unassigned (Pending WD),N/A,File: src/app/(dashboard)/vyaya/add/page.tsx,Low,Verify live navigation,Valid,Static source mapping verified against repository structure.
MOD-MAP-0141,src/app/(dashboard)/vyaya/analytics/page.tsx,VyayaAnalyticsPage,VYAYA,VYAYA,src/app/(dashboard)/vyaya/analytics/page.tsx,Page,No,N/A,TypeScript/React,5,1,Parent Layout,useFinancialStore,apiService,N/A,prisma.schema,users/profiles,Read,No,Canonical,Strong evidence,Strong evidence,Unassigned (Pending WD),N/A,File: src/app/(dashboard)/vyaya/analytics/page.tsx,Low,Verify live navigation,Valid,Static source mapping verified against repository structure.
MOD-MAP-0142,src/app/(dashboard)/vyaya/budget/page.tsx,BudgetPage,VYAYA,VYAYA,src/app/(dashboard)/vyaya/budget/page.tsx,Page,No,N/A,TypeScript/React,5,1,Parent Layout,useFinancialStore,apiService,N/A,prisma.schema,users/profiles,Read,No,Canonical,Strong evidence,Strong evidence,Unassigned (Pending WD),N/A,File: src/app/(dashboard)/vyaya/budget/page.tsx,Low,Verify live navigation,Valid,Static source mapping verified against repository structure.
MOD-MAP-0143,src/app/(dashboard)/vyaya/categories/page.tsx,CategoriesPage,VYAYA,VYAYA,src/app/(dashboard)/vyaya/categories/page.tsx,Page,No,N/A,TypeScript/React,5,1,Parent Layout,useFinancialStore,apiService,N/A,prisma.schema,users/profiles,Read,No,Canonical,Strong evidence,Strong evidence,Unassigned (Pending WD),N/A,File: src/app/(dashboard)/vyaya/categories/page.tsx,Low,Verify live navigation,Valid,Static source mapping verified against repository structure.
MOD-MAP-0144,src/app/(dashboard)/vyaya/entry/add/page.tsx,AddExpensePage,VYAYA,VYAYA,src/app/(dashboard)/vyaya/entry/add/page.tsx,Page,No,N/A,TypeScript/React,5,1,Parent Layout,useFinancialStore,apiService,N/A,prisma.schema,users/profiles,Read/Write,No,Canonical,Strong evidence,Strong evidence,Unassigned (Pending WD),N/A,File: src/app/(dashboard)/vyaya/entry/add/page.tsx,Low,Verify live navigation,Valid,Static source mapping verified against repository structure.
MOD-MAP-0145,src/app/(dashboard)/vyaya/entry/page.tsx,VyayaHub,VYAYA,VYAYA,src/app/(dashboard)/vyaya/entry/page.tsx,Page,No,N/A,TypeScript/React,5,1,Parent Layout,useFinancialStore,apiService,N/A,prisma.schema,users/profiles,Read,No,Canonical,Strong evidence,Strong evidence,Unassigned (Pending WD),N/A,File: src/app/(dashboard)/vyaya/entry/page.tsx,Low,Verify live navigation,Valid,Static source mapping verified against repository structure.
MOD-MAP-0146,src/app/(dashboard)/vyaya/page.tsx,VyayaHub,VYAYA,VYAYA,src/app/(dashboard)/vyaya/page.tsx,Page,No,N/A,TypeScript/React,5,1,Parent Layout,useFinancialStore,apiService,N/A,prisma.schema,users/profiles,Read,No,Canonical,Strong evidence,Strong evidence,Unassigned (Pending WD),N/A,File: src/app/(dashboard)/vyaya/page.tsx,Low,Verify live navigation,Valid,Static source mapping verified against repository structure.
MOD-MAP-0147,src/app/(dashboard)/vyaya/subscriptions/add/page.tsx,AddSubscriptionPage,VYAYA,VYAYA,src/app/(dashboard)/vyaya/subscriptions/add/page.tsx,Page,No,N/A,TypeScript/React,5,1,Parent Layout,useFinancialStore,apiService,N/A,prisma.schema,users/profiles,Read/Write,No,Canonical,Strong evidence,Strong evidence,Unassigned (Pending WD),N/A,File: src/app/(dashboard)/vyaya/subscriptions/add/page.tsx,Low,Verify live navigation,Valid,Static source mapping verified against repository structure.
MOD-MAP-0148,src/app/(dashboard)/vyaya/subscriptions/page.tsx,SubscriptionsPage,VYAYA,VYAYA,src/app/(dashboard)/vyaya/subscriptions/page.tsx,Page,No,N/A,TypeScript/React,5,1,Parent Layout,useFinancialStore,apiService,N/A,prisma.schema,users/profiles,Read,No,Canonical,Strong evidence,Strong evidence,Unassigned (Pending WD),N/A,File: src/app/(dashboard)/vyaya/subscriptions/page.tsx,Low,Verify live navigation,Valid,Static source mapping verified against repository structure.
MOD-MAP-0149,src/app/(landing)/about/page.tsx,"AboutPage, metadata",LANDING,LANDING,src/app/(landing)/about/page.tsx,Page,No,N/A,TypeScript/React,5,1,Parent Layout,useFinancialStore,apiService,N/A,prisma.schema,users/profiles,Read,No,Canonical,Strong evidence,Strong evidence,Unassigned (Pending WD),N/A,File: src/app/(landing)/about/page.tsx,Low,Verify live navigation,Valid,Static source mapping verified against repository structure.
MOD-MAP-0150,src/app/(landing)/blog/page.tsx,"BlogPage, metadata",LANDING,LANDING,src/app/(landing)/blog/page.tsx,Page,No,N/A,TypeScript/React,5,1,Parent Layout,useFinancialStore,apiService,N/A,prisma.schema,users/profiles,Read,No,Canonical,Strong evidence,Strong evidence,Unassigned (Pending WD),N/A,File: src/app/(landing)/blog/page.tsx,Low,Verify live navigation,Valid,Static source mapping verified against repository structure.
MOD-MAP-0151,src/app/(landing)/careers/page.tsx,"CareersPage, metadata",LANDING,LANDING,src/app/(landing)/careers/page.tsx,Page,No,N/A,TypeScript/React,5,1,Parent Layout,useFinancialStore,apiService,N/A,prisma.schema,users/profiles,Read,No,Canonical,Strong evidence,Strong evidence,Unassigned (Pending WD),N/A,File: src/app/(landing)/careers/page.tsx,Low,Verify live navigation,Valid,Static source mapping verified against repository structure.
MOD-MAP-0152,src/app/(landing)/contact/page.tsx,ContactPage,LANDING,LANDING,src/app/(landing)/contact/page.tsx,Page,No,N/A,TypeScript/React,5,1,Parent Layout,useFinancialStore,apiService,N/A,prisma.schema,users/profiles,Read,No,Canonical,Strong evidence,Strong evidence,Unassigned (Pending WD),N/A,File: src/app/(landing)/contact/page.tsx,Low,Verify live navigation,Valid,Static source mapping verified against repository structure.
MOD-MAP-0153,src/app/(landing)/customers-reviews/page.tsx,"CustomersReviewsPage, metadata",LANDING,LANDING,src/app/(landing)/customers-reviews/page.tsx,Page,No,N/A,TypeScript/React,5,1,Parent Layout,useFinancialStore,apiService,N/A,prisma.schema,users/profiles,Read,No,Canonical,Strong evidence,Strong evidence,Unassigned (Pending WD),N/A,File: src/app/(landing)/customers-reviews/page.tsx,Low,Verify live navigation,Valid,Static source mapping verified against repository structure.
MOD-MAP-0154,src/app/(landing)/features/page.tsx,FeaturesPage,LANDING,LANDING,src/app/(landing)/features/page.tsx,Page,No,N/A,TypeScript/React,5,1,Parent Layout,useFinancialStore,apiService,N/A,prisma.schema,users/profiles,Read,No,Canonical,Strong evidence,Strong evidence,Unassigned (Pending WD),N/A,File: src/app/(landing)/features/page.tsx,Low,Verify live navigation,Valid,Static source mapping verified against repository structure.
MOD-MAP-0155,src/app/(landing)/forget-password/page.tsx,ForgotPasswordPage,LANDING,LANDING,src/app/(landing)/forget-password/page.tsx,Page,No,N/A,TypeScript/React,5,1,Parent Layout,useFinancialStore,apiService,N/A,prisma.schema,users/profiles,Read,No,Canonical,Strong evidence,Strong evidence,Unassigned (Pending WD),N/A,File: src/app/(landing)/forget-password/page.tsx,Low,Verify live navigation,Valid,Static source mapping verified against repository structure.
MOD-MAP-0156,src/app/(landing)/layout.tsx,LandingLayout,LANDING,LANDING,src/app/(landing)/layout.tsx,Service/Utility,No,N/A,TypeScript/React,5,1,Parent Layout,useFinancialStore,apiService,N/A,prisma.schema,users/profiles,Read,No,Canonical,Strong evidence,Strong evidence,Unassigned (Pending WD),N/A,File: src/app/(landing)/layout.tsx,Low,Code audit clean,Valid,Static source mapping verified against repository structure.
MOD-MAP-0157,src/app/(landing)/login/page.tsx,LoginRedirect,LANDING,LANDING,src/app/(landing)/login/page.tsx,Page,No,N/A,TypeScript/React,5,1,Parent Layout,useFinancialStore,apiService,N/A,prisma.schema,users/profiles,Read,No,Canonical,Strong evidence,Strong evidence,Unassigned (Pending WD),N/A,File: src/app/(landing)/login/page.tsx,Low,Verify live navigation,Valid,Static source mapping verified against repository structure.
MOD-MAP-0158,src/app/(landing)/map/page.tsx,MapPage,LANDING,LANDING,src/app/(landing)/map/page.tsx,Page,No,N/A,TypeScript/React,5,1,Parent Layout,useFinancialStore,apiService,N/A,prisma.schema,users/profiles,Read,No,Canonical,Strong evidence,Strong evidence,Unassigned (Pending WD),N/A,File: src/app/(landing)/map/page.tsx,Low,Verify live navigation,Valid,Static source mapping verified against repository structure.
MOD-MAP-0159,src/app/(landing)/page.tsx,LandingPage,LANDING,LANDING,src/app/(landing)/page.tsx,Page,No,N/A,TypeScript/React,5,1,Parent Layout,useFinancialStore,apiService,N/A,prisma.schema,users/profiles,Read,No,Canonical,Strong evidence,Strong evidence,Unassigned (Pending WD),N/A,File: src/app/(landing)/page.tsx,Low,Verify live navigation,Valid,Static source mapping verified against repository structure.
MOD-MAP-0160,src/app/(landing)/partner-with-us/page.tsx,"PartnerWithUsPage, metadata",LANDING,LANDING,src/app/(landing)/partner-with-us/page.tsx,Page,No,N/A,TypeScript/React,5,1,Parent Layout,useFinancialStore,apiService,N/A,prisma.schema,users/profiles,Read,No,Canonical,Strong evidence,Strong evidence,Unassigned (Pending WD),N/A,File: src/app/(landing)/partner-with-us/page.tsx,Low,Verify live navigation,Valid,Static source mapping verified against repository structure.
MOD-MAP-0161,src/app/(landing)/pricing/page.tsx,"PricingPage, metadata",LANDING,LANDING,src/app/(landing)/pricing/page.tsx,Page,No,N/A,TypeScript/React,5,1,Parent Layout,useFinancialStore,apiService,N/A,prisma.schema,users/profiles,Read,No,Canonical,Strong evidence,Strong evidence,Unassigned (Pending WD),N/A,File: src/app/(landing)/pricing/page.tsx,Low,Verify live navigation,Valid,Static source mapping verified against repository structure.
MOD-MAP-0162,src/app/(landing)/privacy/page.tsx,"PrivacyPage, metadata",LANDING,LANDING,src/app/(landing)/privacy/page.tsx,Page,No,N/A,TypeScript/React,5,1,Parent Layout,useFinancialStore,apiService,N/A,prisma.schema,users/profiles,Read,No,Canonical,Strong evidence,Strong evidence,Unassigned (Pending WD),N/A,File: src/app/(landing)/privacy/page.tsx,Low,Verify live navigation,Valid,Static source mapping verified against repository structure.
MOD-MAP-0163,src/app/(landing)/register/page.tsx,RegisterRedirect,LANDING,LANDING,src/app/(landing)/register/page.tsx,Page,No,N/A,TypeScript/React,5,1,Parent Layout,useFinancialStore,apiService,N/A,prisma.schema,users/profiles,Read,No,Canonical,Strong evidence,Strong evidence,Unassigned (Pending WD),N/A,File: src/app/(landing)/register/page.tsx,Low,Verify live navigation,Valid,Static source mapping verified against repository structure.
MOD-MAP-0164,src/app/(landing)/roadmap/page.tsx,RoadmapPage,LANDING,LANDING,src/app/(landing)/roadmap/page.tsx,Page,No,N/A,TypeScript/React,5,1,Parent Layout,useFinancialStore,apiService,N/A,prisma.schema,users/profiles,Read,No,Canonical,Strong evidence,Strong evidence,Unassigned (Pending WD),N/A,File: src/app/(landing)/roadmap/page.tsx,Low,Verify live navigation,Valid,Static source mapping verified against repository structure.
MOD-MAP-0165,src/app/(landing)/security/page.tsx,"SecurityPage, metadata",LANDING,LANDING,src/app/(landing)/security/page.tsx,Page,No,N/A,TypeScript/React,5,1,Parent Layout,useFinancialStore,apiService,N/A,prisma.schema,users/profiles,Read,No,Canonical,Strong evidence,Strong evidence,Unassigned (Pending WD),N/A,File: src/app/(landing)/security/page.tsx,Low,Verify live navigation,Valid,Static source mapping verified against repository structure.
MOD-MAP-0166,src/app/(landing)/terms/page.tsx,"TermsPage, metadata",LANDING,LANDING,src/app/(landing)/terms/page.tsx,Page,No,N/A,TypeScript/React,5,1,Parent Layout,useFinancialStore,apiService,N/A,prisma.schema,users/profiles,Read,No,Canonical,Strong evidence,Strong evidence,Unassigned (Pending WD),N/A,File: src/app/(landing)/terms/page.tsx,Low,Verify live navigation,Valid,Static source mapping verified against repository structure.
MOD-MAP-0167,src/app/(onboarding)/layout.tsx,OnboardingLayout,ONBOARDING,ONBOARDING,src/app/(onboarding)/layout.tsx,Service/Utility,No,N/A,TypeScript/React,5,1,Parent Layout,useFinancialStore,apiService,N/A,prisma.schema,users/profiles,Read,No,Canonical,Strong evidence,Strong evidence,Unassigned (Pending WD),N/A,File: src/app/(onboarding)/layout.tsx,Low,Code audit clean,Valid,Static source mapping verified against repository structure.
MOD-MAP-0168,src/app/(onboarding)/onboarding/contact-info/page.tsx,ContactStep,ONBOARDING,ONBOARDING,src/app/(onboarding)/onboarding/contact-info/page.tsx,Page,No,N/A,TypeScript/React,5,1,Parent Layout,useFinancialStore,apiService,N/A,prisma.schema,users/profiles,Read,No,Canonical,Strong evidence,Strong evidence,Unassigned (Pending WD),N/A,File: src/app/(onboarding)/onboarding/contact-info/page.tsx,Low,Verify live navigation,Valid,Static source mapping verified against repository structure.
MOD-MAP-0169,src/app/(onboarding)/onboarding/dob/page.tsx,DOBStep,ONBOARDING,ONBOARDING,src/app/(onboarding)/onboarding/dob/page.tsx,Page,No,N/A,TypeScript/React,5,1,Parent Layout,useFinancialStore,apiService,N/A,prisma.schema,users/profiles,Read,No,Canonical,Strong evidence,Strong evidence,Unassigned (Pending WD),N/A,File: src/app/(onboarding)/onboarding/dob/page.tsx,Low,Verify live navigation,Valid,Static source mapping verified against repository structure.
MOD-MAP-0170,src/app/(onboarding)/onboarding/family/page.tsx,TrustDeclaration,ONBOARDING,ONBOARDING,src/app/(onboarding)/onboarding/family/page.tsx,Page,No,N/A,TypeScript/React,5,1,Parent Layout,useFinancialStore,apiService,N/A,prisma.schema,users/profiles,Read,No,Canonical,Strong evidence,Strong evidence,Unassigned (Pending WD),N/A,File: src/app/(onboarding)/onboarding/family/page.tsx,Low,Verify live navigation,Valid,Static source mapping verified against repository structure.
MOD-MAP-0171,src/app/(onboarding)/onboarding/firstwin/page.tsx,FirstWin,ONBOARDING,ONBOARDING,src/app/(onboarding)/onboarding/firstwin/page.tsx,Page,No,N/A,TypeScript/React,5,1,Parent Layout,useFinancialStore,apiService,N/A,prisma.schema,users/profiles,Read,No,Canonical,Strong evidence,Strong evidence,Unassigned (Pending WD),N/A,File: src/app/(onboarding)/onboarding/firstwin/page.tsx,Low,Verify live navigation,Valid,Static source mapping verified against repository structure.
MOD-MAP-0172,src/app/(onboarding)/onboarding/intro/page.tsx,RajyaNirmaanIntro,ONBOARDING,ONBOARDING,src/app/(onboarding)/onboarding/intro/page.tsx,Page,No,N/A,TypeScript/React,5,1,Parent Layout,useFinancialStore,apiService,N/A,prisma.schema,users/profiles,Read,No,Canonical,Strong evidence,Strong evidence,Unassigned (Pending WD),N/A,File: src/app/(onboarding)/onboarding/intro/page.tsx,Low,Verify live navigation,Valid,Static source mapping verified against repository structure.
MOD-MAP-0173,src/app/(onboarding)/onboarding/layout.tsx,OnboardingLayout,ONBOARDING,ONBOARDING,src/app/(onboarding)/onboarding/layout.tsx,Service/Utility,No,N/A,TypeScript/React,5,1,Parent Layout,useFinancialStore,apiService,N/A,prisma.schema,users/profiles,Read,No,Canonical,Strong evidence,Strong evidence,Unassigned (Pending WD),N/A,File: src/app/(onboarding)/onboarding/layout.tsx,Low,Code audit clean,Valid,Static source mapping verified against repository structure.
MOD-MAP-0174,src/app/(onboarding)/onboarding/name/page.tsx,NameStep,ONBOARDING,ONBOARDING,src/app/(onboarding)/onboarding/name/page.tsx,Page,No,N/A,TypeScript/React,5,1,Parent Layout,useFinancialStore,apiService,N/A,prisma.schema,users/profiles,Read,No,Canonical,Strong evidence,Strong evidence,Unassigned (Pending WD),N/A,File: src/app/(onboarding)/onboarding/name/page.tsx,Low,Verify live navigation,Valid,Static source mapping verified against repository structure.
MOD-MAP-0175,src/app/(onboarding)/onboarding/occupation/page.tsx,OccupationStep,ONBOARDING,ONBOARDING,src/app/(onboarding)/onboarding/occupation/page.tsx,Page,No,N/A,TypeScript/React,5,1,Parent Layout,useFinancialStore,apiService,N/A,prisma.schema,users/profiles,Read,No,Canonical,Strong evidence,Strong evidence,Unassigned (Pending WD),N/A,File: src/app/(onboarding)/onboarding/occupation/page.tsx,Low,Verify live navigation,Valid,Static source mapping verified against repository structure.
MOD-MAP-0176,src/app/(onboarding)/onboarding/status/page.tsx,StatusStep,ONBOARDING,ONBOARDING,src/app/(onboarding)/onboarding/status/page.tsx,Page,No,N/A,TypeScript/React,5,1,Parent Layout,useFinancialStore,apiService,N/A,prisma.schema,users/profiles,Read,No,Canonical,Strong evidence,Strong evidence,Unassigned (Pending WD),N/A,File: src/app/(onboarding)/onboarding/status/page.tsx,Low,Verify live navigation,Valid,Static source mapping verified against repository structure.
MOD-MAP-0177,src/app/api/auth/create-user/route.ts,POST,AUTH,AUTH,src/app/api/auth/create-user/route.ts,API Route,No,"GET, POST",TypeScript/React,5,1,Parent Layout,useFinancialStore,apiService,N/A,prisma.schema,users/profiles,Read/Write,No,Canonical,Strong evidence,Strong evidence,Unassigned (Pending WD),N/A,File: src/app/api/auth/create-user/route.ts,Medium,Verify live navigation,Valid,Static source mapping verified against repository structure.
MOD-MAP-0178,src/app/api/auth/google-callback/route.ts,GET,AUTH,AUTH,src/app/api/auth/google-callback/route.ts,API Route,No,"GET, POST",TypeScript/React,5,1,Parent Layout,useFinancialStore,apiService,N/A,prisma.schema,users/profiles,Read/Write,No,Canonical,Strong evidence,Strong evidence,Unassigned (Pending WD),N/A,File: src/app/api/auth/google-callback/route.ts,Medium,Verify live navigation,Valid,Static source mapping verified against repository structure.
MOD-MAP-0179,src/app/api/auth/google-status/route.ts,GET,AUTH,AUTH,src/app/api/auth/google-status/route.ts,API Route,No,"GET, POST",TypeScript/React,5,1,Parent Layout,useFinancialStore,apiService,N/A,prisma.schema,users/profiles,Read/Write,No,Canonical,Strong evidence,Strong evidence,Unassigned (Pending WD),N/A,File: src/app/api/auth/google-status/route.ts,Medium,Verify live navigation,Valid,Static source mapping verified against repository structure.
MOD-MAP-0180,src/app/api/auth/google/route.ts,GET,AUTH,AUTH,src/app/api/auth/google/route.ts,API Route,No,"GET, POST",TypeScript/React,5,1,Parent Layout,useFinancialStore,apiService,N/A,prisma.schema,users/profiles,Read/Write,No,Canonical,Strong evidence,Strong evidence,Unassigned (Pending WD),N/A,File: src/app/api/auth/google/route.ts,Medium,Verify live navigation,Valid,Static source mapping verified against repository structure.
MOD-MAP-0181,src/app/api/auth/link-google/route.ts,GET,AUTH,AUTH,src/app/api/auth/link-google/route.ts,API Route,No,"GET, POST",TypeScript/React,5,1,Parent Layout,useFinancialStore,apiService,N/A,prisma.schema,users/profiles,Read/Write,No,Canonical,Strong evidence,Strong evidence,Unassigned (Pending WD),N/A,File: src/app/api/auth/link-google/route.ts,Medium,Verify live navigation,Valid,Static source mapping verified against repository structure.
MOD-MAP-0182,src/app/api/auth/send-confirmation/route.ts,POST,AUTH,AUTH,src/app/api/auth/send-confirmation/route.ts,API Route,No,"GET, POST",TypeScript/React,5,1,Parent Layout,useFinancialStore,apiService,N/A,prisma.schema,users/profiles,Read/Write,No,Canonical,Strong evidence,Strong evidence,Unassigned (Pending WD),N/A,File: src/app/api/auth/send-confirmation/route.ts,Medium,Verify live navigation,Valid,Static source mapping verified against repository structure.
MOD-MAP-0183,src/app/api/auth/send-otp/route.ts,POST,AUTH,AUTH,src/app/api/auth/send-otp/route.ts,API Route,No,"GET, POST",TypeScript/React,5,1,Parent Layout,useFinancialStore,apiService,N/A,prisma.schema,users/profiles,Read/Write,No,Canonical,Strong evidence,Strong evidence,Unassigned (Pending WD),N/A,File: src/app/api/auth/send-otp/route.ts,Medium,Verify live navigation,Valid,Static source mapping verified against repository structure.
MOD-MAP-0184,src/app/api/auth/send-reset/route.ts,POST,AUTH,AUTH,src/app/api/auth/send-reset/route.ts,API Route,No,"GET, POST",TypeScript/React,5,1,Parent Layout,useFinancialStore,apiService,N/A,prisma.schema,users/profiles,Read/Write,No,Canonical,Strong evidence,Strong evidence,Unassigned (Pending WD),N/A,File: src/app/api/auth/send-reset/route.ts,Medium,Verify live navigation,Valid,Static source mapping verified against repository structure.
MOD-MAP-0185,src/app/api/auth/send-welcome/route.ts,POST,AUTH,AUTH,src/app/api/auth/send-welcome/route.ts,API Route,No,"GET, POST",TypeScript/React,5,1,Parent Layout,useFinancialStore,apiService,N/A,prisma.schema,users/profiles,Read/Write,No,Canonical,Strong evidence,Strong evidence,Unassigned (Pending WD),N/A,File: src/app/api/auth/send-welcome/route.ts,Medium,Verify live navigation,Valid,Static source mapping verified against repository structure.
MOD-MAP-0186,src/app/api/auth/unlink-google/route.ts,POST,AUTH,AUTH,src/app/api/auth/unlink-google/route.ts,API Route,No,"GET, POST",TypeScript/React,5,1,Parent Layout,useFinancialStore,apiService,N/A,prisma.schema,users/profiles,Read/Write,No,Canonical,Strong evidence,Strong evidence,Unassigned (Pending WD),N/A,File: src/app/api/auth/unlink-google/route.ts,Medium,Verify live navigation,Valid,Static source mapping verified against repository structure.
MOD-MAP-0187,src/app/api/auth/verify-otp/route.ts,POST,AUTH,AUTH,src/app/api/auth/verify-otp/route.ts,API Route,No,"GET, POST",TypeScript/React,5,1,Parent Layout,useFinancialStore,apiService,N/A,prisma.schema,users/profiles,Read/Write,No,Canonical,Strong evidence,Strong evidence,Unassigned (Pending WD),N/A,File: src/app/api/auth/verify-otp/route.ts,Medium,Verify live navigation,Valid,Static source mapping verified against repository structure.
MOD-MAP-0188,src/app/api/auth/webhook/route.ts,POST,AUTH,AUTH,src/app/api/auth/webhook/route.ts,API Route,No,"GET, POST",TypeScript/React,5,1,Parent Layout,useFinancialStore,apiService,N/A,prisma.schema,users/profiles,Read/Write,No,Canonical,Strong evidence,Strong evidence,Unassigned (Pending WD),N/A,File: src/app/api/auth/webhook/route.ts,Medium,Verify live navigation,Valid,Static source mapping verified against repository structure.
MOD-MAP-0189,src/app/api/bank/[id]/route.ts,"GET, PUT, DELETE",KHATE,KHATE,src/app/api/bank/[id]/route.ts,API Route,Yes,"GET, POST",TypeScript/React,5,1,Parent Layout,useFinancialStore,apiService,N/A,prisma.schema,users/profiles,Read/Write,No,Canonical,Strong evidence,Strong evidence,Unassigned (Pending WD),N/A,File: src/app/api/bank/[id]/route.ts,Medium,Verify live navigation,Valid,Static source mapping verified against repository structure.
MOD-MAP-0190,src/app/api/bank/route.ts,"GET, POST",KHATE,KHATE,src/app/api/bank/route.ts,API Route,No,"GET, POST",TypeScript/React,5,1,Parent Layout,useFinancialStore,apiService,N/A,prisma.schema,users/profiles,Read/Write,No,Canonical,Strong evidence,Strong evidence,Unassigned (Pending WD),N/A,File: src/app/api/bank/route.ts,Medium,Verify live navigation,Valid,Static source mapping verified against repository structure.
MOD-MAP-0191,src/app/api/bhoomi/properties/[id]/route.ts,"PUT, DELETE",BHOOMI,BHOOMI,src/app/api/bhoomi/properties/[id]/route.ts,API Route,Yes,"GET, POST",TypeScript/React,5,1,Parent Layout,useFinancialStore,apiService,N/A,prisma.schema,users/profiles,Read/Write,No,Canonical,Strong evidence,Strong evidence,Unassigned (Pending WD),N/A,File: src/app/api/bhoomi/properties/[id]/route.ts,Medium,Verify live navigation,Valid,Static source mapping verified against repository structure.
MOD-MAP-0192,src/app/api/bhoomi/properties/route.ts,"GET, POST",BHOOMI,BHOOMI,src/app/api/bhoomi/properties/route.ts,API Route,No,"GET, POST",TypeScript/React,5,1,Parent Layout,useFinancialStore,apiService,N/A,prisma.schema,users/profiles,Read/Write,No,Canonical,Strong evidence,Strong evidence,Unassigned (Pending WD),N/A,File: src/app/api/bhoomi/properties/route.ts,Medium,Verify live navigation,Valid,Static source mapping verified against repository structure.
MOD-MAP-0193,src/app/api/budget/route.ts,"GET, POST",SHARED,SHARED,src/app/api/budget/route.ts,API Route,No,"GET, POST",TypeScript/React,5,1,Parent Layout,useFinancialStore,apiService,N/A,prisma.schema,users/profiles,Read/Write,No,Canonical,Strong Evidence,Strong Evidence,Unassigned (Pending WD),N/A,File: src/app/api/budget/route.ts,Medium,Verify live navigation,Valid,Static source mapping verified against repository structure.
MOD-MAP-0194,src/app/api/check-phone/route.ts,GET,SHARED,SHARED,src/app/api/check-phone/route.ts,API Route,No,"GET, POST",TypeScript/React,5,1,Parent Layout,useFinancialStore,apiService,N/A,prisma.schema,users/profiles,Read/Write,No,Canonical,Strong Evidence,Strong Evidence,Unassigned (Pending WD),N/A,File: src/app/api/check-phone/route.ts,Medium,Verify live navigation,Valid,Static source mapping verified against repository structure.
MOD-MAP-0195,src/app/api/check-user/route.ts,GET,SHARED,SHARED,src/app/api/check-user/route.ts,API Route,No,"GET, POST",TypeScript/React,5,1,Parent Layout,useFinancialStore,apiService,N/A,prisma.schema,users/profiles,Read/Write,No,Canonical,Strong Evidence,Strong Evidence,Unassigned (Pending WD),N/A,File: src/app/api/check-user/route.ts,Medium,Verify live navigation,Valid,Static source mapping verified against repository structure.
MOD-MAP-0196,src/app/api/contact/route.ts,"postHandler, getHandler",LANDING,LANDING,src/app/api/contact/route.ts,API Route,No,"GET, POST",TypeScript/React,5,1,Parent Layout,useFinancialStore,apiService,N/A,prisma.schema,users/profiles,Read/Write,No,Canonical,Strong evidence,Strong evidence,Unassigned (Pending WD),N/A,File: src/app/api/contact/route.ts,Medium,Verify live navigation,Valid,Static source mapping verified against repository structure.
MOD-MAP-0197,src/app/api/credentials/[id]/route.ts,DELETE,DWAAR,DWAAR,src/app/api/credentials/[id]/route.ts,API Route,Yes,"GET, POST",TypeScript/React,5,1,Parent Layout,useFinancialStore,apiService,N/A,prisma.schema,users/profiles,Read/Write,No,Canonical,Strong evidence,Strong evidence,Unassigned (Pending WD),N/A,File: src/app/api/credentials/[id]/route.ts,Medium,Verify live navigation,Valid,Static source mapping verified against repository structure.
MOD-MAP-0198,src/app/api/credentials/route.ts,"GET, POST",DWAAR,DWAAR,src/app/api/credentials/route.ts,API Route,No,"GET, POST",TypeScript/React,5,1,Parent Layout,useFinancialStore,apiService,N/A,prisma.schema,users/profiles,Read/Write,No,Canonical,Strong evidence,Strong evidence,Unassigned (Pending WD),N/A,File: src/app/api/credentials/route.ts,Medium,Verify live navigation,Valid,Static source mapping verified against repository structure.
MOD-MAP-0199,src/app/api/din/records/[id]/route.ts,"GET, PUT, DELETE",KAR,KAR,src/app/api/din/records/[id]/route.ts,API Route,Yes,"GET, POST",TypeScript/React,5,1,Parent Layout,useFinancialStore,apiService,N/A,prisma.schema,users/profiles,Read/Write,No,Canonical,Strong evidence,Strong evidence,Unassigned (Pending WD),N/A,File: src/app/api/din/records/[id]/route.ts,Medium,Verify live navigation,Valid,Static source mapping verified against repository structure.
MOD-MAP-0200,src/app/api/din/records/route.ts,"GET, POST",KAR,KAR,src/app/api/din/records/route.ts,API Route,No,"GET, POST",TypeScript/React,5,1,Parent Layout,useFinancialStore,apiService,N/A,prisma.schema,users/profiles,Read/Write,No,Canonical,Strong evidence,Strong evidence,Unassigned (Pending WD),N/A,File: src/app/api/din/records/route.ts,Medium,Verify live navigation,Valid,Static source mapping verified against repository structure.
MOD-MAP-0201,src/app/api/documents/route.ts,"GET, POST",GRANTHAGAAR,GRANTHAGAAR,src/app/api/documents/route.ts,API Route,No,"GET, POST",TypeScript/React,5,1,Parent Layout,useFinancialStore,apiService,N/A,prisma.schema,users/profiles,Read/Write,No,Canonical,Strong evidence,Strong evidence,Unassigned (Pending WD),N/A,File: src/app/api/documents/route.ts,Medium,Verify live navigation,Valid,Static source mapping verified against repository structure.
MOD-MAP-0202,src/app/api/education/[id]/route.ts,"DELETE, GET, PUT",FOUNDATION,FOUNDATION,src/app/api/education/[id]/route.ts,API Route,Yes,"GET, POST",TypeScript/React,5,1,Parent Layout,useFinancialStore,apiService,N/A,prisma.schema,users/profiles,Read/Write,No,Canonical,Strong evidence,Strong evidence,Unassigned (Pending WD),N/A,File: src/app/api/education/[id]/route.ts,Medium,Verify live navigation,Valid,Static source mapping verified against repository structure.
MOD-MAP-0203,src/app/api/education/route.ts,"GET, POST, DELETE",FOUNDATION,FOUNDATION,src/app/api/education/route.ts,API Route,No,"GET, POST",TypeScript/React,5,1,Parent Layout,useFinancialStore,apiService,N/A,prisma.schema,users/profiles,Read/Write,No,Canonical,Strong evidence,Strong evidence,Unassigned (Pending WD),N/A,File: src/app/api/education/route.ts,Medium,Verify live navigation,Valid,Static source mapping verified against repository structure.
MOD-MAP-0204,src/app/api/expense-categories/route.ts,"GET, POST",VYAYA,VYAYA,src/app/api/expense-categories/route.ts,API Route,No,"GET, POST",TypeScript/React,5,1,Parent Layout,useFinancialStore,apiService,N/A,prisma.schema,users/profiles,Read/Write,No,Canonical,Strong evidence,Strong evidence,Unassigned (Pending WD),N/A,File: src/app/api/expense-categories/route.ts,Medium,Verify live navigation,Valid,Static source mapping verified against repository structure.
MOD-MAP-0205,src/app/api/expenses/[id]/route.ts,"PUT, DELETE",VYAYA,VYAYA,src/app/api/expenses/[id]/route.ts,API Route,Yes,"GET, POST",TypeScript/React,5,1,Parent Layout,useFinancialStore,apiService,N/A,prisma.schema,users/profiles,Read/Write,No,Canonical,Strong evidence,Strong evidence,Unassigned (Pending WD),N/A,File: src/app/api/expenses/[id]/route.ts,Medium,Verify live navigation,Valid,Static source mapping verified against repository structure.
MOD-MAP-0206,src/app/api/expenses/route.ts,"GET, POST",VYAYA,VYAYA,src/app/api/expenses/route.ts,API Route,No,"GET, POST",TypeScript/React,5,1,Parent Layout,useFinancialStore,apiService,N/A,prisma.schema,users/profiles,Read/Write,No,Canonical,Strong evidence,Strong evidence,Unassigned (Pending WD),N/A,File: src/app/api/expenses/route.ts,Medium,Verify live navigation,Valid,Static source mapping verified against repository structure.
MOD-MAP-0207,src/app/api/family/route.ts,"dynamic, GET, POST, PATCH, DELETE",FOUNDATION,FOUNDATION,src/app/api/family/route.ts,API Route,No,"GET, POST",TypeScript/React,5,1,Parent Layout,useFinancialStore,apiService,N/A,prisma.schema,users/profiles,Read/Write,No,Canonical,Strong evidence,Strong evidence,Unassigned (Pending WD),N/A,File: src/app/api/family/route.ts,Medium,Verify live navigation,Valid,Static source mapping verified against repository structure.
MOD-MAP-0208,src/app/api/google-drive/download/route.ts,GET,SHARED,SHARED,src/app/api/google-drive/download/route.ts,API Route,No,"GET, POST",TypeScript/React,5,1,Parent Layout,useFinancialStore,apiService,N/A,prisma.schema,users/profiles,Read/Write,No,Canonical,Strong Evidence,Strong Evidence,Unassigned (Pending WD),N/A,File: src/app/api/google-drive/download/route.ts,Medium,Verify live navigation,Valid,Static source mapping verified against repository structure.
MOD-MAP-0209,src/app/api/google-drive/upload/route.ts,POST,SHARED,SHARED,src/app/api/google-drive/upload/route.ts,API Route,No,"GET, POST",TypeScript/React,5,1,Parent Layout,useFinancialStore,apiService,N/A,prisma.schema,users/profiles,Read/Write,No,Canonical,Strong Evidence,Strong Evidence,Unassigned (Pending WD),N/A,File: src/app/api/google-drive/upload/route.ts,Medium,Verify live navigation,Valid,Static source mapping verified against repository structure.
MOD-MAP-0210,src/app/api/google-drive/view/route.ts,GET,SHARED,SHARED,src/app/api/google-drive/view/route.ts,API Route,No,"GET, POST",TypeScript/React,5,1,Parent Layout,useFinancialStore,apiService,N/A,prisma.schema,users/profiles,Read/Write,No,Canonical,Strong Evidence,Strong Evidence,Unassigned (Pending WD),N/A,File: src/app/api/google-drive/view/route.ts,Medium,Verify live navigation,Valid,Static source mapping verified against repository structure.
MOD-MAP-0211,src/app/api/gst/records/[id]/route.ts,"GET, PUT, DELETE",KAR,KAR,src/app/api/gst/records/[id]/route.ts,API Route,Yes,"GET, POST",TypeScript/React,5,1,Parent Layout,useFinancialStore,apiService,N/A,prisma.schema,users/profiles,Read/Write,No,Canonical,Strong evidence,Strong evidence,Unassigned (Pending WD),N/A,File: src/app/api/gst/records/[id]/route.ts,Medium,Verify live navigation,Valid,Static source mapping verified against repository structure.
MOD-MAP-0212,src/app/api/gst/records/route.ts,"GET, POST",KAR,KAR,src/app/api/gst/records/route.ts,API Route,No,"GET, POST",TypeScript/React,5,1,Parent Layout,useFinancialStore,apiService,N/A,prisma.schema,users/profiles,Read/Write,No,Canonical,Strong evidence,Strong evidence,Unassigned (Pending WD),N/A,File: src/app/api/gst/records/route.ts,Medium,Verify live navigation,Valid,Static source mapping verified against repository structure.
MOD-MAP-0213,src/app/api/identity/[id]/route.ts,"GET, PUT",PEHCHAAN,PEHCHAAN,src/app/api/identity/[id]/route.ts,API Route,Yes,"GET, POST",TypeScript/React,5,1,Parent Layout,useFinancialStore,apiService,N/A,prisma.schema,users/profiles,Read/Write,No,Canonical,Strong evidence,Strong evidence,Unassigned (Pending WD),N/A,File: src/app/api/identity/[id]/route.ts,Medium,Verify live navigation,Valid,Static source mapping verified against repository structure.
MOD-MAP-0214,src/app/api/identity/links/route.ts,"GET, POST, DELETE",PEHCHAAN,PEHCHAAN,src/app/api/identity/links/route.ts,API Route,No,"GET, POST",TypeScript/React,5,1,Parent Layout,useFinancialStore,apiService,N/A,prisma.schema,users/profiles,Read/Write,No,Canonical,Strong evidence,Strong evidence,Unassigned (Pending WD),N/A,File: src/app/api/identity/links/route.ts,Medium,Verify live navigation,Valid,Static source mapping verified against repository structure.
MOD-MAP-0215,src/app/api/identity/reminders/route.ts,"GET, POST",PEHCHAAN,PEHCHAAN,src/app/api/identity/reminders/route.ts,API Route,No,"GET, POST",TypeScript/React,5,1,Parent Layout,useFinancialStore,apiService,N/A,prisma.schema,users/profiles,Read/Write,No,Canonical,Strong evidence,Strong evidence,Unassigned (Pending WD),N/A,File: src/app/api/identity/reminders/route.ts,Medium,Verify live navigation,Valid,Static source mapping verified against repository structure.
MOD-MAP-0216,src/app/api/identity/route.ts,"GET, POST",PEHCHAAN,PEHCHAAN,src/app/api/identity/route.ts,API Route,No,"GET, POST",TypeScript/React,5,1,Parent Layout,useFinancialStore,apiService,N/A,prisma.schema,users/profiles,Read/Write,No,Canonical,Strong evidence,Strong evidence,Unassigned (Pending WD),N/A,File: src/app/api/identity/route.ts,Medium,Verify live navigation,Valid,Static source mapping verified against repository structure.
MOD-MAP-0217,src/app/api/identity/settings/route.ts,"GET, POST",PEHCHAAN,PEHCHAAN,src/app/api/identity/settings/route.ts,API Route,No,"GET, POST",TypeScript/React,5,1,Parent Layout,useFinancialStore,apiService,N/A,prisma.schema,users/profiles,Read/Write,No,Canonical,Strong evidence,Strong evidence,Unassigned (Pending WD),N/A,File: src/app/api/identity/settings/route.ts,Medium,Verify live navigation,Valid,Static source mapping verified against repository structure.
MOD-MAP-0218,src/app/api/income/[id]/route.ts,"GET, PUT, DELETE",KOSH,KOSH,src/app/api/income/[id]/route.ts,API Route,Yes,"GET, POST",TypeScript/React,5,1,Parent Layout,useFinancialStore,apiService,N/A,prisma.schema,users/profiles,Read/Write,No,Canonical,Strong evidence,Strong evidence,Unassigned (Pending WD),N/A,File: src/app/api/income/[id]/route.ts,Medium,Verify live navigation,Valid,Static source mapping verified against repository structure.
MOD-MAP-0219,src/app/api/income/route.ts,"GET, POST",KOSH,KOSH,src/app/api/income/route.ts,API Route,No,"GET, POST",TypeScript/React,5,1,Parent Layout,useFinancialStore,apiService,N/A,prisma.schema,users/profiles,Read/Write,No,Canonical,Strong evidence,Strong evidence,Unassigned (Pending WD),N/A,File: src/app/api/income/route.ts,Medium,Verify live navigation,Valid,Static source mapping verified against repository structure.
MOD-MAP-0220,src/app/api/insurance/[id]/route.ts,"GET, PUT, DELETE",RAKSHA,RAKSHA,src/app/api/insurance/[id]/route.ts,API Route,Yes,"GET, POST",TypeScript/React,5,1,Parent Layout,useFinancialStore,apiService,N/A,prisma.schema,users/profiles,Read/Write,No,Canonical,Strong evidence,Strong evidence,Unassigned (Pending WD),N/A,File: src/app/api/insurance/[id]/route.ts,Medium,Verify live navigation,Valid,Static source mapping verified against repository structure.
MOD-MAP-0221,src/app/api/insurance/route.ts,"GET, POST",RAKSHA,RAKSHA,src/app/api/insurance/route.ts,API Route,No,"GET, POST",TypeScript/React,5,1,Parent Layout,useFinancialStore,apiService,N/A,prisma.schema,users/profiles,Read/Write,No,Canonical,Strong evidence,Strong evidence,Unassigned (Pending WD),N/A,File: src/app/api/insurance/route.ts,Medium,Verify live navigation,Valid,Static source mapping verified against repository structure.
MOD-MAP-0222,src/app/api/kar/din/route.ts,"GET, POST",KAR,KAR,src/app/api/kar/din/route.ts,API Route,No,"GET, POST",TypeScript/React,5,1,Parent Layout,useFinancialStore,apiService,N/A,prisma.schema,users/profiles,Read/Write,No,Canonical,Strong evidence,Strong evidence,Unassigned (Pending WD),N/A,File: src/app/api/kar/din/route.ts,Medium,Verify live navigation,Valid,Static source mapping verified against repository structure.
MOD-MAP-0223,src/app/api/kar/gst/route.ts,"GET, POST",KAR,KAR,src/app/api/kar/gst/route.ts,API Route,No,"GET, POST",TypeScript/React,5,1,Parent Layout,useFinancialStore,apiService,N/A,prisma.schema,users/profiles,Read/Write,No,Canonical,Strong evidence,Strong evidence,Unassigned (Pending WD),N/A,File: src/app/api/kar/gst/route.ts,Medium,Verify live navigation,Valid,Static source mapping verified against repository structure.
MOD-MAP-0224,src/app/api/kar/insights/route.ts,GET,KAR,KAR,src/app/api/kar/insights/route.ts,API Route,No,"GET, POST",TypeScript/React,5,1,Parent Layout,useFinancialStore,apiService,N/A,prisma.schema,users/profiles,Read/Write,No,Canonical,Strong evidence,Strong evidence,Unassigned (Pending WD),N/A,File: src/app/api/kar/insights/route.ts,Medium,Verify live navigation,Valid,Static source mapping verified against repository structure.
MOD-MAP-0225,src/app/api/kar/summary/route.ts,GET,KAR,KAR,src/app/api/kar/summary/route.ts,API Route,No,"GET, POST",TypeScript/React,5,1,Parent Layout,useFinancialStore,apiService,N/A,prisma.schema,users/profiles,Read/Write,No,Canonical,Strong evidence,Strong evidence,Unassigned (Pending WD),N/A,File: src/app/api/kar/summary/route.ts,Medium,Verify live navigation,Valid,Static source mapping verified against repository structure.
MOD-MAP-0226,src/app/api/kar/tax/route.ts,"GET, POST",KAR,KAR,src/app/api/kar/tax/route.ts,API Route,No,"GET, POST",TypeScript/React,5,1,Parent Layout,useFinancialStore,apiService,N/A,prisma.schema,users/profiles,Read/Write,No,Canonical,Strong evidence,Strong evidence,Unassigned (Pending WD),N/A,File: src/app/api/kar/tax/route.ts,Medium,Verify live navigation,Valid,Static source mapping verified against repository structure.
MOD-MAP-0227,src/app/api/loans/[id]/route.ts,"GET, PUT, DELETE",RIN,RIN,src/app/api/loans/[id]/route.ts,API Route,Yes,"GET, POST",TypeScript/React,5,1,Parent Layout,useFinancialStore,apiService,N/A,prisma.schema,users/profiles,Read/Write,No,Canonical,Strong evidence,Strong evidence,Unassigned (Pending WD),N/A,File: src/app/api/loans/[id]/route.ts,Medium,Verify live navigation,Valid,Static source mapping verified against repository structure.
MOD-MAP-0228,src/app/api/loans/route.ts,"GET, POST",RIN,RIN,src/app/api/loans/route.ts,API Route,No,"GET, POST",TypeScript/React,5,1,Parent Layout,useFinancialStore,apiService,N/A,prisma.schema,users/profiles,Read/Write,No,Canonical,Strong evidence,Strong evidence,Unassigned (Pending WD),N/A,File: src/app/api/loans/route.ts,Medium,Verify live navigation,Valid,Static source mapping verified against repository structure.
MOD-MAP-0229,src/app/api/nominee/[id]/route.ts,DELETE,MITRA,MITRA,src/app/api/nominee/[id]/route.ts,API Route,Yes,"GET, POST",TypeScript/React,5,1,Parent Layout,useFinancialStore,apiService,N/A,prisma.schema,users/profiles,Read/Write,No,Canonical,Strong evidence,Strong evidence,Unassigned (Pending WD),N/A,File: src/app/api/nominee/[id]/route.ts,Medium,Verify live navigation,Valid,Static source mapping verified against repository structure.
MOD-MAP-0230,src/app/api/nominee/assets/route.ts,GET,MITRA,MITRA,src/app/api/nominee/assets/route.ts,API Route,No,"GET, POST",TypeScript/React,5,1,Parent Layout,useFinancialStore,apiService,N/A,prisma.schema,users/profiles,Read/Write,No,Canonical,Strong evidence,Strong evidence,Unassigned (Pending WD),N/A,File: src/app/api/nominee/assets/route.ts,Medium,Verify live navigation,Valid,Static source mapping verified against repository structure.
MOD-MAP-0231,src/app/api/nominee/route.ts,"GET, POST",MITRA,MITRA,src/app/api/nominee/route.ts,API Route,No,"GET, POST",TypeScript/React,5,1,Parent Layout,useFinancialStore,apiService,N/A,prisma.schema,users/profiles,Read/Write,No,Canonical,Strong evidence,Strong evidence,Unassigned (Pending WD),N/A,File: src/app/api/nominee/route.ts,Medium,Verify live navigation,Valid,Static source mapping verified against repository structure.
MOD-MAP-0232,src/app/api/notifications/[id]/route.ts,"PUT, DELETE",SHARED,SHARED,src/app/api/notifications/[id]/route.ts,API Route,Yes,"GET, POST",TypeScript/React,5,1,Parent Layout,useFinancialStore,apiService,N/A,prisma.schema,users/profiles,Read/Write,No,Canonical,Strong Evidence,Strong Evidence,Unassigned (Pending WD),N/A,File: src/app/api/notifications/[id]/route.ts,Medium,Verify live navigation,Valid,Static source mapping verified against repository structure.
MOD-MAP-0233,src/app/api/notifications/read-all/route.ts,PUT,SHARED,SHARED,src/app/api/notifications/read-all/route.ts,API Route,No,"GET, POST",TypeScript/React,5,1,Parent Layout,useFinancialStore,apiService,N/A,prisma.schema,users/profiles,Read/Write,No,Canonical,Strong Evidence,Strong Evidence,Unassigned (Pending WD),N/A,File: src/app/api/notifications/read-all/route.ts,Medium,Verify live navigation,Valid,Static source mapping verified against repository structure.
MOD-MAP-0234,src/app/api/notifications/route.ts,"GET, POST",SHARED,SHARED,src/app/api/notifications/route.ts,API Route,No,"GET, POST",TypeScript/React,5,1,Parent Layout,useFinancialStore,apiService,N/A,prisma.schema,users/profiles,Read/Write,No,Canonical,Strong Evidence,Strong Evidence,Unassigned (Pending WD),N/A,File: src/app/api/notifications/route.ts,Medium,Verify live navigation,Valid,Static source mapping verified against repository structure.
MOD-MAP-0235,src/app/api/profile/route.ts,"GET, POST",SHARED,SHARED,src/app/api/profile/route.ts,API Route,No,"GET, POST",TypeScript/React,5,1,Parent Layout,useFinancialStore,apiService,N/A,prisma.schema,users/profiles,Read/Write,No,Canonical,Strong Evidence,Strong Evidence,Unassigned (Pending WD),N/A,File: src/app/api/profile/route.ts,Medium,Verify live navigation,Valid,Static source mapping verified against repository structure.
MOD-MAP-0236,src/app/api/reminders/route.ts,"GET, POST",DOOT,DOOT,src/app/api/reminders/route.ts,API Route,No,"GET, POST",TypeScript/React,5,1,Parent Layout,useFinancialStore,apiService,N/A,prisma.schema,users/profiles,Read/Write,No,Canonical,Strong evidence,Strong evidence,Unassigned (Pending WD),N/A,File: src/app/api/reminders/route.ts,Medium,Verify live navigation,Valid,Static source mapping verified against repository structure.
MOD-MAP-0237,src/app/api/subscriptions/[id]/route.ts,"PUT, DELETE",LEAKAGE,LEAKAGE,src/app/api/subscriptions/[id]/route.ts,API Route,Yes,"GET, POST",TypeScript/React,5,1,Parent Layout,useFinancialStore,apiService,N/A,prisma.schema,users/profiles,Read/Write,No,Canonical,Strong evidence,Strong evidence,Unassigned (Pending WD),N/A,File: src/app/api/subscriptions/[id]/route.ts,Medium,Verify live navigation,Valid,Static source mapping verified against repository structure.
MOD-MAP-0238,src/app/api/subscriptions/route.ts,"GET, POST",LEAKAGE,LEAKAGE,src/app/api/subscriptions/route.ts,API Route,No,"GET, POST",TypeScript/React,5,1,Parent Layout,useFinancialStore,apiService,N/A,prisma.schema,users/profiles,Read/Write,No,Canonical,Strong evidence,Strong evidence,Unassigned (Pending WD),N/A,File: src/app/api/subscriptions/route.ts,Medium,Verify live navigation,Valid,Static source mapping verified against repository structure.
MOD-MAP-0239,src/app/api/succession/assets/route.ts,GET,MITRA,MITRA,src/app/api/succession/assets/route.ts,API Route,No,"GET, POST",TypeScript/React,5,1,Parent Layout,useFinancialStore,apiService,N/A,prisma.schema,users/profiles,Read/Write,No,Canonical,Strong evidence,Strong evidence,Unassigned (Pending WD),N/A,File: src/app/api/succession/assets/route.ts,Medium,Verify live navigation,Valid,Static source mapping verified against repository structure.
MOD-MAP-0240,src/app/api/succession/emergency/route.ts,"GET, POST",MITRA,MITRA,src/app/api/succession/emergency/route.ts,API Route,No,"GET, POST",TypeScript/React,5,1,Parent Layout,useFinancialStore,apiService,N/A,prisma.schema,users/profiles,Read/Write,No,Canonical,Strong evidence,Strong evidence,Unassigned (Pending WD),N/A,File: src/app/api/succession/emergency/route.ts,Medium,Verify live navigation,Valid,Static source mapping verified against repository structure.
MOD-MAP-0241,src/app/api/succession/nominees/[id]/route.ts,"PUT, DELETE",MITRA,MITRA,src/app/api/succession/nominees/[id]/route.ts,API Route,Yes,"GET, POST",TypeScript/React,5,1,Parent Layout,useFinancialStore,apiService,N/A,prisma.schema,users/profiles,Read/Write,No,Canonical,Strong evidence,Strong evidence,Unassigned (Pending WD),N/A,File: src/app/api/succession/nominees/[id]/route.ts,Medium,Verify live navigation,Valid,Static source mapping verified against repository structure.
MOD-MAP-0242,src/app/api/succession/nominees/route.ts,"GET, POST",MITRA,MITRA,src/app/api/succession/nominees/route.ts,API Route,No,"GET, POST",TypeScript/React,5,1,Parent Layout,useFinancialStore,apiService,N/A,prisma.schema,users/profiles,Read/Write,No,Canonical,Strong evidence,Strong evidence,Unassigned (Pending WD),N/A,File: src/app/api/succession/nominees/route.ts,Medium,Verify live navigation,Valid,Static source mapping verified against repository structure.
MOD-MAP-0243,src/app/api/succession/will/route.ts,"GET, POST",MITRA,MITRA,src/app/api/succession/will/route.ts,API Route,No,"GET, POST",TypeScript/React,5,1,Parent Layout,useFinancialStore,apiService,N/A,prisma.schema,users/profiles,Read/Write,No,Canonical,Strong evidence,Strong evidence,Unassigned (Pending WD),N/A,File: src/app/api/succession/will/route.ts,Medium,Verify live navigation,Valid,Static source mapping verified against repository structure.
MOD-MAP-0244,src/app/api/tax/records/[id]/route.ts,"GET, PUT, DELETE",KAR,KAR,src/app/api/tax/records/[id]/route.ts,API Route,Yes,"GET, POST",TypeScript/React,5,1,Parent Layout,useFinancialStore,apiService,N/A,prisma.schema,users/profiles,Read/Write,No,Canonical,Strong evidence,Strong evidence,Unassigned (Pending WD),N/A,File: src/app/api/tax/records/[id]/route.ts,Medium,Verify live navigation,Valid,Static source mapping verified against repository structure.
MOD-MAP-0245,src/app/api/tax/records/route.ts,"GET, POST",KAR,KAR,src/app/api/tax/records/route.ts,API Route,No,"GET, POST",TypeScript/React,5,1,Parent Layout,useFinancialStore,apiService,N/A,prisma.schema,users/profiles,Read/Write,No,Canonical,Strong evidence,Strong evidence,Unassigned (Pending WD),N/A,File: src/app/api/tax/records/route.ts,Medium,Verify live navigation,Valid,Static source mapping verified against repository structure.
MOD-MAP-0246,src/app/api/user/route.ts,DELETE,SHARED,SHARED,src/app/api/user/route.ts,API Route,No,"GET, POST",TypeScript/React,5,1,Parent Layout,useFinancialStore,apiService,N/A,prisma.schema,users/profiles,Read/Write,No,Canonical,Strong Evidence,Strong Evidence,Unassigned (Pending WD),N/A,File: src/app/api/user/route.ts,Medium,Verify live navigation,Valid,Static source mapping verified against repository structure.
MOD-MAP-0247,src/app/api/will/route.ts,"GET, POST",MITRA,MITRA,src/app/api/will/route.ts,API Route,No,"GET, POST",TypeScript/React,5,1,Parent Layout,useFinancialStore,apiService,N/A,prisma.schema,users/profiles,Read/Write,No,Canonical,Strong evidence,Strong evidence,Unassigned (Pending WD),N/A,File: src/app/api/will/route.ts,Medium,Verify live navigation,Valid,Static source mapping verified against repository structure.
MOD-MAP-0248,src/app/auth/google/success/page.tsx,Page,AUTH,AUTH,src/app/auth/google/success/page.tsx,Page,No,N/A,TypeScript/React,5,1,Parent Layout,useFinancialStore,apiService,N/A,prisma.schema,users/profiles,Read,No,Canonical,Strong evidence,Strong evidence,Unassigned (Pending WD),N/A,File: src/app/auth/google/success/page.tsx,Low,Verify live navigation,Valid,Static source mapping verified against repository structure.
MOD-MAP-0249,src/app/favicon.ico,N/A,SHARED,SHARED,src/app/favicon.ico,Service/Utility,No,N/A,TypeScript/React,5,1,Parent Layout,useFinancialStore,apiService,N/A,prisma.schema,users/profiles,Read,No,Canonical,Strong Evidence,Strong Evidence,Unassigned (Pending WD),N/A,File: src/app/favicon.ico,Low,Code audit clean,Valid,Static source mapping verified against repository structure.
MOD-MAP-0250,src/app/globals.css,N/A,SHARED,SHARED,src/app/globals.css,Service/Utility,No,N/A,TypeScript/React,5,1,Parent Layout,useFinancialStore,apiService,N/A,prisma.schema,users/profiles,Read,No,Canonical,Strong Evidence,Strong Evidence,Unassigned (Pending WD),N/A,File: src/app/globals.css,Low,Code audit clean,Valid,Static source mapping verified against repository structure.
MOD-MAP-0251,src/app/landing.css,N/A,SHARED,SHARED,src/app/landing.css,Service/Utility,No,N/A,TypeScript/React,5,1,Parent Layout,useFinancialStore,apiService,N/A,prisma.schema,users/profiles,Read,No,Canonical,Strong Evidence,Strong Evidence,Unassigned (Pending WD),N/A,File: src/app/landing.css,Low,Code audit clean,Valid,Static source mapping verified against repository structure.
MOD-MAP-0252,src/app/layout.tsx,"RootLayout, metadata, viewport",SHARED,SHARED,src/app/layout.tsx,Service/Utility,No,N/A,TypeScript/React,5,1,Parent Layout,useFinancialStore,apiService,N/A,prisma.schema,users/profiles,Read,No,Canonical,Strong Evidence,Strong Evidence,Unassigned (Pending WD),N/A,File: src/app/layout.tsx,Low,Code audit clean,Valid,Static source mapping verified against repository structure.
MOD-MAP-0253,src/app/not-found.tsx,NotFound,SHARED,SHARED,src/app/not-found.tsx,Service/Utility,No,N/A,TypeScript/React,5,1,Parent Layout,useFinancialStore,apiService,N/A,prisma.schema,users/profiles,Read,No,Canonical,Strong Evidence,Strong Evidence,Unassigned (Pending WD),N/A,File: src/app/not-found.tsx,Low,Code audit clean,Valid,Static source mapping verified against repository structure.
MOD-MAP-0254,src/components/auth/OAuthFragmentHandler.tsx,OAuthFragmentHandler,AUTH,AUTH,src/components/auth/OAuthFragmentHandler.tsx,Component,No,N/A,TypeScript/React,5,1,Parent Layout,useFinancialStore,apiService,N/A,prisma.schema,users/profiles,Read,No,Canonical,Strong evidence,Strong evidence,Unassigned (Pending WD),N/A,File: src/components/auth/OAuthFragmentHandler.tsx,Low,Code audit clean,Valid,Static source mapping verified against repository structure.
MOD-MAP-0255,src/components/cards/DependencyBadge.tsx,DependencyBadge,SHARED,SHARED,src/components/cards/DependencyBadge.tsx,Component,No,N/A,TypeScript/React,5,1,Parent Layout,useFinancialStore,apiService,N/A,prisma.schema,users/profiles,Read,No,Canonical,Strong Evidence,Strong Evidence,Unassigned (Pending WD),N/A,File: src/components/cards/DependencyBadge.tsx,Low,Code audit clean,Valid,Static source mapping verified against repository structure.
MOD-MAP-0256,src/components/cards/DocCard.tsx,DocCard,SHARED,SHARED,src/components/cards/DocCard.tsx,Component,No,N/A,TypeScript/React,5,1,Parent Layout,useFinancialStore,apiService,N/A,prisma.schema,users/profiles,Read,No,Canonical,Strong Evidence,Strong Evidence,Unassigned (Pending WD),N/A,File: src/components/cards/DocCard.tsx,Low,Code audit clean,Valid,Static source mapping verified against repository structure.
MOD-MAP-0257,src/components/cards/IncomeCard.tsx,IncomeCard,SHARED,SHARED,src/components/cards/IncomeCard.tsx,Component,No,N/A,TypeScript/React,5,1,Parent Layout,useFinancialStore,apiService,N/A,prisma.schema,users/profiles,Read,No,Canonical,Strong Evidence,Strong Evidence,Unassigned (Pending WD),N/A,File: src/components/cards/IncomeCard.tsx,Low,Code audit clean,Valid,Static source mapping verified against repository structure.
MOD-MAP-0258,src/components/cards/IncomeTypeChips.tsx,IncomeTypeChips,SHARED,SHARED,src/components/cards/IncomeTypeChips.tsx,Component,No,N/A,TypeScript/React,5,1,Parent Layout,useFinancialStore,apiService,N/A,prisma.schema,users/profiles,Read,No,Canonical,Strong Evidence,Strong Evidence,Unassigned (Pending WD),N/A,File: src/components/cards/IncomeTypeChips.tsx,Low,Code audit clean,Valid,Static source mapping verified against repository structure.
MOD-MAP-0259,src/components/cards/KeyStabilityMeter.tsx,KeyStabilityMeter,SHARED,SHARED,src/components/cards/KeyStabilityMeter.tsx,Component,No,N/A,TypeScript/React,5,1,Parent Layout,useFinancialStore,apiService,N/A,prisma.schema,users/profiles,Read,No,Canonical,Strong Evidence,Strong Evidence,Unassigned (Pending WD),N/A,File: src/components/cards/KeyStabilityMeter.tsx,Low,Code audit clean,Valid,Static source mapping verified against repository structure.
MOD-MAP-0260,src/components/cards/MasterPassphraseModal.tsx,MasterPassphraseModal,SHARED,SHARED,src/components/cards/MasterPassphraseModal.tsx,Component,No,N/A,TypeScript/React,5,1,Parent Layout,useFinancialStore,apiService,N/A,prisma.schema,users/profiles,Read,No,Canonical,Strong Evidence,Strong Evidence,Unassigned (Pending WD),N/A,File: src/components/cards/MasterPassphraseModal.tsx,Low,Code audit clean,Valid,Static source mapping verified against repository structure.
MOD-MAP-0261,src/components/cards/PortalCard.tsx,PortalCard,SHARED,SHARED,src/components/cards/PortalCard.tsx,Component,No,N/A,TypeScript/React,5,1,Parent Layout,useFinancialStore,apiService,N/A,prisma.schema,users/profiles,Read,No,Canonical,Strong Evidence,Strong Evidence,Unassigned (Pending WD),N/A,File: src/components/cards/PortalCard.tsx,Low,Code audit clean,Valid,Static source mapping verified against repository structure.
MOD-MAP-0262,src/components/cards/SealStrengthRing.tsx,SealStrengthRing,SHARED,SHARED,src/components/cards/SealStrengthRing.tsx,Component,No,N/A,TypeScript/React,5,1,Parent Layout,useFinancialStore,apiService,N/A,prisma.schema,users/profiles,Read,No,Canonical,Strong Evidence,Strong Evidence,Unassigned (Pending WD),N/A,File: src/components/cards/SealStrengthRing.tsx,Low,Code audit clean,Valid,Static source mapping verified against repository structure.
MOD-MAP-0263,src/components/cards/TreasuryMaturityBar.tsx,TreasuryMaturityBar,SHARED,SHARED,src/components/cards/TreasuryMaturityBar.tsx,Component,No,N/A,TypeScript/React,5,1,Parent Layout,useFinancialStore,apiService,N/A,prisma.schema,users/profiles,Read,No,Canonical,Strong Evidence,Strong Evidence,Unassigned (Pending WD),N/A,File: src/components/cards/TreasuryMaturityBar.tsx,Low,Code audit clean,Valid,Static source mapping verified against repository structure.
MOD-MAP-0264,src/components/cards/TreasurySummaryCard.tsx,TreasurySummaryCard,SHARED,SHARED,src/components/cards/TreasurySummaryCard.tsx,Component,No,N/A,TypeScript/React,5,1,Parent Layout,useFinancialStore,apiService,N/A,prisma.schema,users/profiles,Read,No,Canonical,Strong Evidence,Strong Evidence,Unassigned (Pending WD),N/A,File: src/components/cards/TreasurySummaryCard.tsx,Low,Code audit clean,Valid,Static source mapping verified against repository structure.
MOD-MAP-0265,src/components/credentials/KeyStabilityMeter.tsx,KeyStabilityMeter,DWAAR,DWAAR,src/components/credentials/KeyStabilityMeter.tsx,Component,No,N/A,TypeScript/React,5,1,Parent Layout,useFinancialStore,apiService,N/A,prisma.schema,users/profiles,Read,No,Canonical,Strong evidence,Strong evidence,Unassigned (Pending WD),N/A,File: src/components/credentials/KeyStabilityMeter.tsx,Low,Code audit clean,Valid,Static source mapping verified against repository structure.
MOD-MAP-0266,src/components/credentials/MasterPassphraseModal.tsx,MasterPassphraseModal,DWAAR,DWAAR,src/components/credentials/MasterPassphraseModal.tsx,Component,No,N/A,TypeScript/React,5,1,Parent Layout,useFinancialStore,apiService,N/A,prisma.schema,users/profiles,Read,No,Canonical,Strong evidence,Strong evidence,Unassigned (Pending WD),N/A,File: src/components/credentials/MasterPassphraseModal.tsx,Low,Code audit clean,Valid,Static source mapping verified against repository structure.
MOD-MAP-0267,src/components/credentials/PortalCard.tsx,PortalCard,DWAAR,DWAAR,src/components/credentials/PortalCard.tsx,Component,No,N/A,TypeScript/React,5,1,Parent Layout,useFinancialStore,apiService,N/A,prisma.schema,users/profiles,Read,No,Canonical,Strong evidence,Strong evidence,Unassigned (Pending WD),N/A,File: src/components/credentials/PortalCard.tsx,Low,Code audit clean,Valid,Static source mapping verified against repository structure.
MOD-MAP-0268,src/components/games/ChaturangaBoard.tsx,ChaturangaBoard,SHARED,SHARED,src/components/games/ChaturangaBoard.tsx,Component,No,N/A,TypeScript/React,5,1,Parent Layout,useFinancialStore,apiService,N/A,prisma.schema,users/profiles,Read,No,Canonical,Strong Evidence,Strong Evidence,Unassigned (Pending WD),N/A,File: src/components/games/ChaturangaBoard.tsx,Low,Code audit clean,Valid,Static source mapping verified against repository structure.
MOD-MAP-0269,src/components/games/FamilyTreeForge.tsx,"FamilyMember, FamilyTreeGame",SHARED,SHARED,src/components/games/FamilyTreeForge.tsx,Component,No,N/A,TypeScript/React,5,1,Parent Layout,useFinancialStore,apiService,N/A,prisma.schema,users/profiles,Read,No,Canonical,Strong Evidence,Strong Evidence,Unassigned (Pending WD),N/A,File: src/components/games/FamilyTreeForge.tsx,Low,Code audit clean,Valid,Static source mapping verified against repository structure.
MOD-MAP-0270,src/components/games/MandalaLinkBoard.tsx,"IdentityData, MandalaIdentityGame",SHARED,SHARED,src/components/games/MandalaLinkBoard.tsx,Component,No,N/A,TypeScript/React,5,1,Parent Layout,useFinancialStore,apiService,N/A,prisma.schema,users/profiles,Read,No,Canonical,Strong Evidence,Strong Evidence,Unassigned (Pending WD),N/A,File: src/components/games/MandalaLinkBoard.tsx,Low,Code audit clean,Valid,Static source mapping verified against repository structure.
MOD-MAP-0271,src/components/games/MicroLearningWrapper.tsx,MicroLearningWrapper,SHARED,SHARED,src/components/games/MicroLearningWrapper.tsx,Component,No,N/A,TypeScript/React,5,1,Parent Layout,useFinancialStore,apiService,N/A,prisma.schema,users/profiles,Read,No,Canonical,Strong Evidence,Strong Evidence,Unassigned (Pending WD),N/A,File: src/components/games/MicroLearningWrapper.tsx,Low,Code audit clean,Valid,Static source mapping verified against repository structure.
MOD-MAP-0272,src/components/games/NumberInputGame.tsx,NumberInputGame,SHARED,SHARED,src/components/games/NumberInputGame.tsx,Component,No,N/A,TypeScript/React,5,1,Parent Layout,useFinancialStore,apiService,N/A,prisma.schema,users/profiles,Read,No,Canonical,Strong Evidence,Strong Evidence,Unassigned (Pending WD),N/A,File: src/components/games/NumberInputGame.tsx,Low,Code audit clean,Valid,Static source mapping verified against repository structure.
MOD-MAP-0273,src/components/games/ScrollIndexing.tsx,"EducationTile, ScrollAssemblyGame",SHARED,SHARED,src/components/games/ScrollIndexing.tsx,Component,No,N/A,TypeScript/React,5,1,Parent Layout,useFinancialStore,apiService,N/A,prisma.schema,users/profiles,Read,No,Canonical,Strong Evidence,Strong Evidence,Unassigned (Pending WD),N/A,File: src/components/games/ScrollIndexing.tsx,Low,Code audit clean,Valid,Static source mapping verified against repository structure.
MOD-MAP-0274,src/components/games/SelectGridGame.tsx,SelectGridGame,SHARED,SHARED,src/components/games/SelectGridGame.tsx,Component,No,N/A,TypeScript/React,5,1,Parent Layout,useFinancialStore,apiService,N/A,prisma.schema,users/profiles,Read,No,Canonical,Strong Evidence,Strong Evidence,Unassigned (Pending WD),N/A,File: src/components/games/SelectGridGame.tsx,Low,Code audit clean,Valid,Static source mapping verified against repository structure.
MOD-MAP-0275,src/components/identity/DocCard.tsx,DocCard,PEHCHAAN,PEHCHAAN,src/components/identity/DocCard.tsx,Component,No,N/A,TypeScript/React,5,1,Parent Layout,useFinancialStore,apiService,N/A,prisma.schema,users/profiles,Read,No,Canonical,Strong evidence,Strong evidence,Unassigned (Pending WD),N/A,File: src/components/identity/DocCard.tsx,Low,Code audit clean,Valid,Static source mapping verified against repository structure.
MOD-MAP-0276,src/components/identity/SealStrengthRing.tsx,SealStrengthRing,PEHCHAAN,PEHCHAAN,src/components/identity/SealStrengthRing.tsx,Component,No,N/A,TypeScript/React,5,1,Parent Layout,useFinancialStore,apiService,N/A,prisma.schema,users/profiles,Read,No,Canonical,Strong evidence,Strong evidence,Unassigned (Pending WD),N/A,File: src/components/identity/SealStrengthRing.tsx,Low,Code audit clean,Valid,Static source mapping verified against repository structure.
MOD-MAP-0277,src/components/landing/.gitkeep,N/A,LANDING,LANDING,src/components/landing/.gitkeep,Component,No,N/A,TypeScript/React,5,1,Parent Layout,useFinancialStore,apiService,N/A,prisma.schema,users/profiles,Read,No,Canonical,Strong evidence,Strong evidence,Unassigned (Pending WD),N/A,File: src/components/landing/.gitkeep,Low,Code audit clean,Valid,Static source mapping verified against repository structure.
MOD-MAP-0278,src/components/landing/ConsentModal.tsx,ConsentModal,LANDING,LANDING,src/components/landing/ConsentModal.tsx,Component,No,N/A,TypeScript/React,5,1,Parent Layout,useFinancialStore,apiService,N/A,prisma.schema,users/profiles,Read,No,Canonical,Strong evidence,Strong evidence,Unassigned (Pending WD),N/A,File: src/components/landing/ConsentModal.tsx,Low,Code audit clean,Valid,Static source mapping verified against repository structure.
MOD-MAP-0279,src/components/landing/Footer.tsx,Footer,LANDING,LANDING,src/components/landing/Footer.tsx,Component,No,N/A,TypeScript/React,5,1,Parent Layout,useFinancialStore,apiService,N/A,prisma.schema,users/profiles,Read,No,Canonical,Strong evidence,Strong evidence,Unassigned (Pending WD),N/A,File: src/components/landing/Footer.tsx,Low,Code audit clean,Valid,Static source mapping verified against repository structure.
MOD-MAP-0280,src/components/landing/LoadingSkeleton.tsx,"LoadingSkeleton, CardSkeleton, ZoneCardSkeleton, MapSkeleton, EmptyState, OfflineNotice",LANDING,LANDING,src/components/landing/LoadingSkeleton.tsx,Component,No,N/A,TypeScript/React,5,1,Parent Layout,useFinancialStore,apiService,N/A,prisma.schema,users/profiles,Read,No,Canonical,Strong evidence,Strong evidence,Unassigned (Pending WD),N/A,File: src/components/landing/LoadingSkeleton.tsx,Low,Code audit clean,Valid,Static source mapping verified against repository structure.
MOD-MAP-0281,src/components/landing/Navbar.tsx,Navbar,LANDING,LANDING,src/components/landing/Navbar.tsx,Component,No,N/A,TypeScript/React,5,1,Parent Layout,useFinancialStore,apiService,N/A,prisma.schema,users/profiles,Read,No,Canonical,Strong evidence,Strong evidence,Unassigned (Pending WD),N/A,File: src/components/landing/Navbar.tsx,Low,Code audit clean,Valid,Static source mapping verified against repository structure.
MOD-MAP-0282,src/components/landing/RoyalSealModal.tsx,RoyalSealModal,LANDING,LANDING,src/components/landing/RoyalSealModal.tsx,Component,No,N/A,TypeScript/React,5,1,Parent Layout,useFinancialStore,apiService,N/A,prisma.schema,users/profiles,Read,No,Canonical,Strong evidence,Strong evidence,Unassigned (Pending WD),N/A,File: src/components/landing/RoyalSealModal.tsx,Low,Code audit clean,Valid,Static source mapping verified against repository structure.
MOD-MAP-0283,src/components/landing/ZoneCard.tsx,ZoneCard,LANDING,LANDING,src/components/landing/ZoneCard.tsx,Component,No,N/A,TypeScript/React,5,1,Parent Layout,useFinancialStore,apiService,N/A,prisma.schema,users/profiles,Read,No,Canonical,Strong evidence,Strong evidence,Unassigned (Pending WD),N/A,File: src/components/landing/ZoneCard.tsx,Low,Code audit clean,Valid,Static source mapping verified against repository structure.
MOD-MAP-0284,src/components/landing/ZoneFloatingGrid.tsx,ZoneFloatingGrid,LANDING,LANDING,src/components/landing/ZoneFloatingGrid.tsx,Component,No,N/A,TypeScript/React,5,1,Parent Layout,useFinancialStore,apiService,N/A,prisma.schema,users/profiles,Read,No,Canonical,Strong evidence,Strong evidence,Unassigned (Pending WD),N/A,File: src/components/landing/ZoneFloatingGrid.tsx,Low,Code audit clean,Valid,Static source mapping verified against repository structure.
MOD-MAP-0285,src/components/landing/modals/ConsentModal.tsx,ConsentModal,LANDING,LANDING,src/components/landing/modals/ConsentModal.tsx,Component,No,N/A,TypeScript/React,5,1,Parent Layout,useFinancialStore,apiService,N/A,prisma.schema,users/profiles,Read,No,Canonical,Strong evidence,Strong evidence,Unassigned (Pending WD),N/A,File: src/components/landing/modals/ConsentModal.tsx,Low,Code audit clean,Valid,Static source mapping verified against repository structure.
MOD-MAP-0286,src/components/landing/modals/LoadingSkeleton.tsx,"LoadingSkeleton, CardSkeleton, ZoneCardSkeleton, MapSkeleton, EmptyState",LANDING,LANDING,src/components/landing/modals/LoadingSkeleton.tsx,Component,No,N/A,TypeScript/React,5,1,Parent Layout,useFinancialStore,apiService,N/A,prisma.schema,users/profiles,Read,No,Canonical,Strong evidence,Strong evidence,Unassigned (Pending WD),N/A,File: src/components/landing/modals/LoadingSkeleton.tsx,Low,Code audit clean,Valid,Static source mapping verified against repository structure.
MOD-MAP-0287,src/components/landing/modals/RoyalSealModal.tsx,RoyalSealModal,LANDING,LANDING,src/components/landing/modals/RoyalSealModal.tsx,Component,No,N/A,TypeScript/React,5,1,Parent Layout,useFinancialStore,apiService,N/A,prisma.schema,users/profiles,Read,No,Canonical,Strong evidence,Strong evidence,Unassigned (Pending WD),N/A,File: src/components/landing/modals/RoyalSealModal.tsx,Low,Code audit clean,Valid,Static source mapping verified against repository structure.
MOD-MAP-0288,src/components/landing/ui/Badge.tsx,"Badge, BadgeUnlockModal",LANDING,LANDING,src/components/landing/ui/Badge.tsx,Component,No,N/A,TypeScript/React,5,1,Parent Layout,useFinancialStore,apiService,N/A,prisma.schema,users/profiles,Read,No,Canonical,Strong evidence,Strong evidence,Unassigned (Pending WD),N/A,File: src/components/landing/ui/Badge.tsx,Low,Code audit clean,Valid,Static source mapping verified against repository structure.
MOD-MAP-0289,src/components/landing/ui/Button.tsx,Button,LANDING,LANDING,src/components/landing/ui/Button.tsx,Component,No,N/A,TypeScript/React,5,1,Parent Layout,useFinancialStore,apiService,N/A,prisma.schema,users/profiles,Read,No,Canonical,Strong evidence,Strong evidence,Unassigned (Pending WD),N/A,File: src/components/landing/ui/Button.tsx,Low,Code audit clean,Valid,Static source mapping verified against repository structure.
MOD-MAP-0290,src/components/landing/ui/Card.tsx,Card,LANDING,LANDING,src/components/landing/ui/Card.tsx,Component,No,N/A,TypeScript/React,5,1,Parent Layout,useFinancialStore,apiService,N/A,prisma.schema,users/profiles,Read,No,Canonical,Strong evidence,Strong evidence,Unassigned (Pending WD),N/A,File: src/components/landing/ui/Card.tsx,Low,Code audit clean,Valid,Static source mapping verified against repository structure.
MOD-MAP-0291,src/components/landing/ui/ProgressRing.tsx,ProgressRing,LANDING,LANDING,src/components/landing/ui/ProgressRing.tsx,Component,No,N/A,TypeScript/React,5,1,Parent Layout,useFinancialStore,apiService,N/A,prisma.schema,users/profiles,Read,No,Canonical,Strong evidence,Strong evidence,Unassigned (Pending WD),N/A,File: src/components/landing/ui/ProgressRing.tsx,Low,Code audit clean,Valid,Static source mapping verified against repository structure.
MOD-MAP-0292,src/components/landing/utils/cn.ts,cn,LANDING,LANDING,src/components/landing/utils/cn.ts,Component,No,N/A,TypeScript/React,5,1,Parent Layout,useFinancialStore,apiService,N/A,prisma.schema,users/profiles,Read,No,Canonical,Strong evidence,Strong evidence,Unassigned (Pending WD),N/A,File: src/components/landing/utils/cn.ts,Low,Code audit clean,Valid,Static source mapping verified against repository structure.
MOD-MAP-0293,src/components/landing/utils/navigationHistory.ts,"APPS, LANDING_PAGE, WEB_PAGES, pushNavigationHistory, getNavigationHistory, getLastUrl, getPreviousUrl, clearNavigationHistory, navigateTo, navigateBack",LANDING,LANDING,src/components/landing/utils/navigationHistory.ts,Component,No,N/A,TypeScript/React,5,1,Parent Layout,useFinancialStore,apiService,N/A,prisma.schema,users/profiles,Read,No,Canonical,Strong evidence,Strong evidence,Unassigned (Pending WD),N/A,File: src/components/landing/utils/navigationHistory.ts,Low,Code audit clean,Valid,Static source mapping verified against repository structure.
MOD-MAP-0294,src/components/landing/zones/ZoneCard.tsx,ZoneCard,LANDING,LANDING,src/components/landing/zones/ZoneCard.tsx,Component,No,N/A,TypeScript/React,5,1,Parent Layout,useFinancialStore,apiService,N/A,prisma.schema,users/profiles,Read,No,Canonical,Strong evidence,Strong evidence,Unassigned (Pending WD),N/A,File: src/components/landing/zones/ZoneCard.tsx,Low,Code audit clean,Valid,Static source mapping verified against repository structure.
MOD-MAP-0295,src/components/layouts/BottomNav.tsx,BottomNav,SHARED,SHARED,src/components/layouts/BottomNav.tsx,Component,No,N/A,TypeScript/React,5,1,Parent Layout,useFinancialStore,apiService,N/A,prisma.schema,users/profiles,Read,No,Canonical,Strong Evidence,Strong Evidence,Unassigned (Pending WD),N/A,File: src/components/layouts/BottomNav.tsx,Low,Code audit clean,Valid,Static source mapping verified against repository structure.
MOD-MAP-0296,src/components/layouts/DashboardLayout.tsx,DashboardLayout,SHARED,SHARED,src/components/layouts/DashboardLayout.tsx,Component,No,N/A,TypeScript/React,5,1,Parent Layout,useFinancialStore,apiService,N/A,prisma.schema,users/profiles,Read,No,Canonical,Strong Evidence,Strong Evidence,Unassigned (Pending WD),N/A,File: src/components/layouts/DashboardLayout.tsx,Low,Code audit clean,Valid,Static source mapping verified against repository structure.
MOD-MAP-0297,src/components/layouts/DesktopRightPanel.tsx,DesktopRightPanel,SHARED,SHARED,src/components/layouts/DesktopRightPanel.tsx,Component,No,N/A,TypeScript/React,5,1,Parent Layout,useFinancialStore,apiService,N/A,prisma.schema,users/profiles,Read,No,Canonical,Strong Evidence,Strong Evidence,Unassigned (Pending WD),N/A,File: src/components/layouts/DesktopRightPanel.tsx,Low,Code audit clean,Valid,Static source mapping verified against repository structure.
MOD-MAP-0298,src/components/layouts/DesktopSidebar.tsx,DesktopSidebar,SHARED,SHARED,src/components/layouts/DesktopSidebar.tsx,Component,No,N/A,TypeScript/React,5,1,Parent Layout,useFinancialStore,apiService,N/A,prisma.schema,users/profiles,Read,No,Canonical,Strong Evidence,Strong Evidence,Unassigned (Pending WD),N/A,File: src/components/layouts/DesktopSidebar.tsx,Low,Code audit clean,Valid,Static source mapping verified against repository structure.
MOD-MAP-0299,src/components/module1/FamilyTreeGame.tsx,"FamilyMember, FamilyTreeGame",FOUNDATION,FOUNDATION,src/components/module1/FamilyTreeGame.tsx,Component,No,N/A,TypeScript/React,5,1,Parent Layout,useFinancialStore,apiService,N/A,prisma.schema,users/profiles,Read,No,Canonical,Strong evidence,Strong evidence,Unassigned (Pending WD),N/A,File: src/components/module1/FamilyTreeGame.tsx,Low,Code audit clean,Valid,Static source mapping verified against repository structure.
MOD-MAP-0300,src/components/module1/MandalaIdentityGame.tsx,"IdentityData, MandalaIdentityGame",FOUNDATION,FOUNDATION,src/components/module1/MandalaIdentityGame.tsx,Component,No,N/A,TypeScript/React,5,1,Parent Layout,useFinancialStore,apiService,N/A,prisma.schema,users/profiles,Read,No,Canonical,Strong evidence,Strong evidence,Unassigned (Pending WD),N/A,File: src/components/module1/MandalaIdentityGame.tsx,Low,Code audit clean,Valid,Static source mapping verified against repository structure.
MOD-MAP-0301,src/components/module1/ScrollAssemblyGame.tsx,"EducationTile, ScrollAssemblyGame",FOUNDATION,FOUNDATION,src/components/module1/ScrollAssemblyGame.tsx,Component,No,N/A,TypeScript/React,5,1,Parent Layout,useFinancialStore,apiService,N/A,prisma.schema,users/profiles,Read,No,Canonical,Strong evidence,Strong evidence,Unassigned (Pending WD),N/A,File: src/components/module1/ScrollAssemblyGame.tsx,Low,Code audit clean,Valid,Static source mapping verified against repository structure.
MOD-MAP-0302,src/components/module/MicroLearningWrapper.tsx,MicroLearningWrapper,SHARED,SHARED,src/components/module/MicroLearningWrapper.tsx,Component,No,N/A,TypeScript/React,5,1,Parent Layout,useFinancialStore,apiService,N/A,prisma.schema,users/profiles,Read,No,Canonical,Strong Evidence,Strong Evidence,Unassigned (Pending WD),N/A,File: src/components/module/MicroLearningWrapper.tsx,Low,Code audit clean,Valid,Static source mapping verified against repository structure.
MOD-MAP-0303,src/components/module/NumberInputGame.tsx,NumberInputGame,SHARED,SHARED,src/components/module/NumberInputGame.tsx,Component,No,N/A,TypeScript/React,5,1,Parent Layout,useFinancialStore,apiService,N/A,prisma.schema,users/profiles,Read,No,Canonical,Strong Evidence,Strong Evidence,Unassigned (Pending WD),N/A,File: src/components/module/NumberInputGame.tsx,Low,Code audit clean,Valid,Static source mapping verified against repository structure.
MOD-MAP-0304,src/components/module/SelectGridGame.tsx,SelectGridGame,SHARED,SHARED,src/components/module/SelectGridGame.tsx,Component,No,N/A,TypeScript/React,5,1,Parent Layout,useFinancialStore,apiService,N/A,prisma.schema,users/profiles,Read,No,Canonical,Strong Evidence,Strong Evidence,Unassigned (Pending WD),N/A,File: src/components/module/SelectGridGame.tsx,Low,Code audit clean,Valid,Static source mapping verified against repository structure.
MOD-MAP-0305,src/components/providers/AuthProvider.tsx,"AuthProvider, useAuth",SHARED,SHARED,src/components/providers/AuthProvider.tsx,Component,No,N/A,TypeScript/React,5,1,Parent Layout,useFinancialStore,apiService,N/A,prisma.schema,users/profiles,Read,No,Canonical,Strong Evidence,Strong Evidence,Unassigned (Pending WD),N/A,File: src/components/providers/AuthProvider.tsx,Low,Code audit clean,Valid,Static source mapping verified against repository structure.
MOD-MAP-0306,src/components/providers/ThemeProvider.tsx,ThemeProvider,SHARED,SHARED,src/components/providers/ThemeProvider.tsx,Component,No,N/A,TypeScript/React,5,1,Parent Layout,useFinancialStore,apiService,N/A,prisma.schema,users/profiles,Read,No,Canonical,Strong Evidence,Strong Evidence,Unassigned (Pending WD),N/A,File: src/components/providers/ThemeProvider.tsx,Low,Code audit clean,Valid,Static source mapping verified against repository structure.
MOD-MAP-0307,src/components/providers/ToastProvider.tsx,"ToastProvider, useToast",SHARED,SHARED,src/components/providers/ToastProvider.tsx,Component,No,N/A,TypeScript/React,5,1,Parent Layout,useFinancialStore,apiService,N/A,prisma.schema,users/profiles,Read,No,Canonical,Strong Evidence,Strong Evidence,Unassigned (Pending WD),N/A,File: src/components/providers/ToastProvider.tsx,Low,Code audit clean,Valid,Static source mapping verified against repository structure.
MOD-MAP-0308,src/components/rajya/DependencyBadge.tsx,DependencyBadge,SUCHAK,SUCHAK,src/components/rajya/DependencyBadge.tsx,Component,No,N/A,TypeScript/React,5,1,Parent Layout,useFinancialStore,apiService,N/A,prisma.schema,users/profiles,Read,No,Canonical,Strong evidence,Strong evidence,Unassigned (Pending WD),N/A,File: src/components/rajya/DependencyBadge.tsx,Low,Code audit clean,Valid,Static source mapping verified against repository structure.
MOD-MAP-0309,src/components/shared/AlertToast.tsx,AlertToast,SHARED,SHARED,src/components/shared/AlertToast.tsx,Component,No,N/A,TypeScript/React,5,1,Parent Layout,useFinancialStore,apiService,N/A,prisma.schema,users/profiles,Read,No,Canonical,Strong Evidence,Strong Evidence,Unassigned (Pending WD),N/A,File: src/components/shared/AlertToast.tsx,Low,Code audit clean,Valid,Static source mapping verified against repository structure.
MOD-MAP-0310,src/components/shared/AuthSync.tsx,AuthSync,SHARED,SHARED,src/components/shared/AuthSync.tsx,Component,No,N/A,TypeScript/React,5,1,Parent Layout,useFinancialStore,apiService,N/A,prisma.schema,users/profiles,Read,No,Canonical,Strong Evidence,Strong Evidence,Unassigned (Pending WD),N/A,File: src/components/shared/AuthSync.tsx,Low,Code audit clean,Valid,Static source mapping verified against repository structure.
MOD-MAP-0311,src/components/shared/GlobalTopRightMenu.tsx,GlobalTopRightMenu,SHARED,SHARED,src/components/shared/GlobalTopRightMenu.tsx,Component,No,N/A,TypeScript/React,5,1,Parent Layout,useFinancialStore,apiService,N/A,prisma.schema,users/profiles,Read,No,Canonical,Strong Evidence,Strong Evidence,Unassigned (Pending WD),N/A,File: src/components/shared/GlobalTopRightMenu.tsx,Low,Code audit clean,Valid,Static source mapping verified against repository structure.
MOD-MAP-0312,src/components/shared/NumberInputRupee.tsx,NumberInputRupee,SHARED,SHARED,src/components/shared/NumberInputRupee.tsx,Component,No,N/A,TypeScript/React,5,1,Parent Layout,useFinancialStore,apiService,N/A,prisma.schema,users/profiles,Read,No,Canonical,Strong Evidence,Strong Evidence,Unassigned (Pending WD),N/A,File: src/components/shared/NumberInputRupee.tsx,Low,Code audit clean,Valid,Static source mapping verified against repository structure.
MOD-MAP-0313,src/components/shared/PageGuide.tsx,PageGuide,SHARED,SHARED,src/components/shared/PageGuide.tsx,Component,No,N/A,TypeScript/React,5,1,Parent Layout,useFinancialStore,apiService,N/A,prisma.schema,users/profiles,Read,No,Canonical,Strong Evidence,Strong Evidence,Unassigned (Pending WD),N/A,File: src/components/shared/PageGuide.tsx,Low,Code audit clean,Valid,Static source mapping verified against repository structure.
MOD-MAP-0314,src/components/shared/UserAvatar.tsx,UserAvatar,SHARED,SHARED,src/components/shared/UserAvatar.tsx,Component,No,N/A,TypeScript/React,5,1,Parent Layout,useFinancialStore,apiService,N/A,prisma.schema,users/profiles,Read,No,Canonical,Strong Evidence,Strong Evidence,Unassigned (Pending WD),N/A,File: src/components/shared/UserAvatar.tsx,Low,Code audit clean,Valid,Static source mapping verified against repository structure.
MOD-MAP-0315,src/components/treasury/ChaturangaBoard.tsx,ChaturangaBoard,KOSH,KOSH,src/components/treasury/ChaturangaBoard.tsx,Component,No,N/A,TypeScript/React,5,1,Parent Layout,useFinancialStore,apiService,N/A,prisma.schema,users/profiles,Read,No,Canonical,Strong evidence,Strong evidence,Unassigned (Pending WD),N/A,File: src/components/treasury/ChaturangaBoard.tsx,Low,Code audit clean,Valid,Static source mapping verified against repository structure.
MOD-MAP-0316,src/components/treasury/DependencyBadge.tsx,DependencyBadge,KOSH,KOSH,src/components/treasury/DependencyBadge.tsx,Component,No,N/A,TypeScript/React,5,1,Parent Layout,useFinancialStore,apiService,N/A,prisma.schema,users/profiles,Read,No,Canonical,Strong evidence,Strong evidence,Unassigned (Pending WD),N/A,File: src/components/treasury/DependencyBadge.tsx,Low,Code audit clean,Valid,Static source mapping verified against repository structure.
MOD-MAP-0317,src/components/treasury/IncomeCard.tsx,IncomeCard,KOSH,KOSH,src/components/treasury/IncomeCard.tsx,Component,No,N/A,TypeScript/React,5,1,Parent Layout,useFinancialStore,apiService,N/A,prisma.schema,users/profiles,Read,No,Canonical,Strong evidence,Strong evidence,Unassigned (Pending WD),N/A,File: src/components/treasury/IncomeCard.tsx,Low,Code audit clean,Valid,Static source mapping verified against repository structure.
MOD-MAP-0318,src/components/treasury/IncomeTypeChips.tsx,IncomeTypeChips,KOSH,KOSH,src/components/treasury/IncomeTypeChips.tsx,Component,No,N/A,TypeScript/React,5,1,Parent Layout,useFinancialStore,apiService,N/A,prisma.schema,users/profiles,Read,No,Canonical,Strong evidence,Strong evidence,Unassigned (Pending WD),N/A,File: src/components/treasury/IncomeTypeChips.tsx,Low,Code audit clean,Valid,Static source mapping verified against repository structure.
MOD-MAP-0319,src/components/treasury/NumberInputRupee.tsx,NumberInputRupee,KOSH,KOSH,src/components/treasury/NumberInputRupee.tsx,Component,No,N/A,TypeScript/React,5,1,Parent Layout,useFinancialStore,apiService,N/A,prisma.schema,users/profiles,Read,No,Canonical,Strong evidence,Strong evidence,Unassigned (Pending WD),N/A,File: src/components/treasury/NumberInputRupee.tsx,Low,Code audit clean,Valid,Static source mapping verified against repository structure.
MOD-MAP-0320,src/components/treasury/TreasuryMaturityBar.tsx,TreasuryMaturityBar,KOSH,KOSH,src/components/treasury/TreasuryMaturityBar.tsx,Component,No,N/A,TypeScript/React,5,1,Parent Layout,useFinancialStore,apiService,N/A,prisma.schema,users/profiles,Read,No,Canonical,Strong evidence,Strong evidence,Unassigned (Pending WD),N/A,File: src/components/treasury/TreasuryMaturityBar.tsx,Low,Code audit clean,Valid,Static source mapping verified against repository structure.
MOD-MAP-0321,src/components/treasury/TreasurySummaryCard.tsx,TreasurySummaryCard,KOSH,KOSH,src/components/treasury/TreasurySummaryCard.tsx,Component,No,N/A,TypeScript/React,5,1,Parent Layout,useFinancialStore,apiService,N/A,prisma.schema,users/profiles,Read,No,Canonical,Strong evidence,Strong evidence,Unassigned (Pending WD),N/A,File: src/components/treasury/TreasurySummaryCard.tsx,Low,Code audit clean,Valid,Static source mapping verified against repository structure.
MOD-MAP-0322,src/components/tutorials/TutorialCard.tsx,VideoTutorialPlaceholder,SHARED,SHARED,src/components/tutorials/TutorialCard.tsx,Component,No,N/A,TypeScript/React,5,1,Parent Layout,useFinancialStore,apiService,N/A,prisma.schema,users/profiles,Read,No,Canonical,Strong Evidence,Strong Evidence,Unassigned (Pending WD),N/A,File: src/components/tutorials/TutorialCard.tsx,Low,Code audit clean,Valid,Static source mapping verified against repository structure.
MOD-MAP-0323,src/components/tutorials/YouTubeTutorial.tsx,"YouTubeTutorial, TutorialSection",SHARED,SHARED,src/components/tutorials/YouTubeTutorial.tsx,Component,No,N/A,TypeScript/React,5,1,Parent Layout,useFinancialStore,apiService,N/A,prisma.schema,users/profiles,Read,No,Canonical,Strong Evidence,Strong Evidence,Unassigned (Pending WD),N/A,File: src/components/tutorials/YouTubeTutorial.tsx,Low,Code audit clean,Valid,Static source mapping verified against repository structure.
MOD-MAP-0324,src/components/ui/AlertToast.tsx,AlertToast,SHARED,SHARED,src/components/ui/AlertToast.tsx,Component,No,N/A,TypeScript/React,5,1,Parent Layout,useFinancialStore,apiService,N/A,prisma.schema,users/profiles,Read,No,Canonical,Strong Evidence,Strong Evidence,Unassigned (Pending WD),N/A,File: src/components/ui/AlertToast.tsx,Low,Code audit clean,Valid,Static source mapping verified against repository structure.
MOD-MAP-0325,src/components/ui/AuthSync.tsx,N/A,SHARED,SHARED,src/components/ui/AuthSync.tsx,Component,No,N/A,TypeScript/React,5,1,Parent Layout,useFinancialStore,apiService,N/A,prisma.schema,users/profiles,Read,No,Canonical,Strong Evidence,Strong Evidence,Unassigned (Pending WD),N/A,File: src/components/ui/AuthSync.tsx,Low,Code audit clean,Valid,Static source mapping verified against repository structure.
MOD-MAP-0326,src/components/ui/ConfirmModal.tsx,ConfirmModal,SHARED,SHARED,src/components/ui/ConfirmModal.tsx,Component,No,N/A,TypeScript/React,5,1,Parent Layout,useFinancialStore,apiService,N/A,prisma.schema,users/profiles,Read,No,Canonical,Strong Evidence,Strong Evidence,Unassigned (Pending WD),N/A,File: src/components/ui/ConfirmModal.tsx,Low,Code audit clean,Valid,Static source mapping verified against repository structure.
MOD-MAP-0327,src/components/ui/GlobalTopRightMenu.tsx,GlobalTopRightMenu,SHARED,SHARED,src/components/ui/GlobalTopRightMenu.tsx,Component,No,N/A,TypeScript/React,5,1,Parent Layout,useFinancialStore,apiService,N/A,prisma.schema,users/profiles,Read,No,Canonical,Strong Evidence,Strong Evidence,Unassigned (Pending WD),N/A,File: src/components/ui/GlobalTopRightMenu.tsx,Low,Code audit clean,Valid,Static source mapping verified against repository structure.
MOD-MAP-0328,src/components/ui/PageGuide.tsx,PageGuide,SHARED,SHARED,src/components/ui/PageGuide.tsx,Component,No,N/A,TypeScript/React,5,1,Parent Layout,useFinancialStore,apiService,N/A,prisma.schema,users/profiles,Read,No,Canonical,Strong Evidence,Strong Evidence,Unassigned (Pending WD),N/A,File: src/components/ui/PageGuide.tsx,Low,Code audit clean,Valid,Static source mapping verified against repository structure.
MOD-MAP-0329,src/components/ui/UserAvatar.tsx,UserAvatar,SHARED,SHARED,src/components/ui/UserAvatar.tsx,Component,No,N/A,TypeScript/React,5,1,Parent Layout,useFinancialStore,apiService,N/A,prisma.schema,users/profiles,Read,No,Canonical,Strong Evidence,Strong Evidence,Unassigned (Pending WD),N/A,File: src/components/ui/UserAvatar.tsx,Low,Code audit clean,Valid,Static source mapping verified against repository structure.
MOD-MAP-0330,src/components/ui/VideoTutorialPlaceholder.tsx,VideoTutorialPlaceholder,SHARED,SHARED,src/components/ui/VideoTutorialPlaceholder.tsx,Component,No,N/A,TypeScript/React,5,1,Parent Layout,useFinancialStore,apiService,N/A,prisma.schema,users/profiles,Read,Yes,Canonical,Strong Evidence,Strong Evidence,Unassigned (Pending WD),N/A,File: src/components/ui/VideoTutorialPlaceholder.tsx,Low,Code audit clean,Valid,Static source mapping verified against repository structure.
MOD-MAP-0331,src/components/ui/YouTubeTutorial.tsx,"YouTubeTutorial, TutorialSection",SHARED,SHARED,src/components/ui/YouTubeTutorial.tsx,Component,No,N/A,TypeScript/React,5,1,Parent Layout,useFinancialStore,apiService,N/A,prisma.schema,users/profiles,Read,No,Canonical,Strong Evidence,Strong Evidence,Unassigned (Pending WD),N/A,File: src/components/ui/YouTubeTutorial.tsx,Low,Code audit clean,Valid,Static source mapping verified against repository structure.
MOD-MAP-0332,src/components/vault/FileUploader.tsx,FileUploader,GRANTHAGAAR,GRANTHAGAAR,src/components/vault/FileUploader.tsx,Component,No,N/A,TypeScript/React,5,1,Parent Layout,useFinancialStore,apiService,N/A,prisma.schema,users/profiles,Read,No,Canonical,Strong evidence,Strong evidence,Unassigned (Pending WD),N/A,File: src/components/vault/FileUploader.tsx,Low,Code audit clean,Valid,Static source mapping verified against repository structure.
MOD-MAP-0333,src/config/chapters.config.ts,"ChapterConfig, CHAPTERS, getChapterById, getChaptersByModule",SHARED,SHARED,src/config/chapters.config.ts,Service/Utility,No,N/A,TypeScript/React,5,1,Parent Layout,useFinancialStore,apiService,N/A,prisma.schema,users/profiles,Read,No,Canonical,Strong Evidence,Strong Evidence,Unassigned (Pending WD),N/A,File: src/config/chapters.config.ts,Low,Code audit clean,Valid,Static source mapping verified against repository structure.
MOD-MAP-0334,src/config/modules.config.ts,"ModuleConfig, MODULES, MODULE_ORDER",SHARED,SHARED,src/config/modules.config.ts,Service/Utility,No,N/A,TypeScript/React,5,1,Parent Layout,useFinancialStore,apiService,N/A,prisma.schema,users/profiles,Read,No,Canonical,Strong Evidence,Strong Evidence,Unassigned (Pending WD),N/A,File: src/config/modules.config.ts,Low,Code audit clean,Valid,Static source mapping verified against repository structure.
MOD-MAP-0335,src/config/rajya.config.ts,"RajyaZone, RAJYA_ZONES, RAJYA_SCORE_LABELS, getRajyaScoreLabel",SHARED,SHARED,src/config/rajya.config.ts,Service/Utility,No,N/A,TypeScript/React,5,1,Parent Layout,useFinancialStore,apiService,N/A,prisma.schema,users/profiles,Read,No,Canonical,Strong Evidence,Strong Evidence,Unassigned (Pending WD),N/A,File: src/config/rajya.config.ts,Low,Code audit clean,Valid,Static source mapping verified against repository structure.
MOD-MAP-0336,src/config/tutorials.config.ts,"TutorialItem, TUTORIALS, getTutorialById",SHARED,SHARED,src/config/tutorials.config.ts,Service/Utility,No,N/A,TypeScript/React,5,1,Parent Layout,useFinancialStore,apiService,N/A,prisma.schema,users/profiles,Read,No,Canonical,Strong Evidence,Strong Evidence,Unassigned (Pending WD),N/A,File: src/config/tutorials.config.ts,Low,Code audit clean,Valid,Static source mapping verified against repository structure.
MOD-MAP-0337,src/context/landing/.gitkeep,N/A,LANDING,LANDING,src/context/landing/.gitkeep,Service/Utility,No,N/A,TypeScript/React,5,1,Parent Layout,useFinancialStore,apiService,N/A,prisma.schema,users/profiles,Read,No,Canonical,Strong evidence,Strong evidence,Unassigned (Pending WD),N/A,File: src/context/landing/.gitkeep,Low,Code audit clean,Valid,Static source mapping verified against repository structure.
MOD-MAP-0338,src/context/landing/AppContext.tsx,"AppProvider, useApp",LANDING,LANDING,src/context/landing/AppContext.tsx,Service/Utility,No,N/A,TypeScript/React,5,1,Parent Layout,useFinancialStore,apiService,N/A,prisma.schema,users/profiles,Read,No,Canonical,Strong evidence,Strong evidence,Unassigned (Pending WD),N/A,File: src/context/landing/AppContext.tsx,Low,Code audit clean,Valid,Static source mapping verified against repository structure.
MOD-MAP-0339,src/context/landing/LanguageContext.tsx,"LanguageProvider, useLanguage",LANDING,LANDING,src/context/landing/LanguageContext.tsx,Service/Utility,No,N/A,TypeScript/React,5,1,Parent Layout,useFinancialStore,apiService,N/A,prisma.schema,users/profiles,Read,No,Canonical,Strong evidence,Strong evidence,Unassigned (Pending WD),N/A,File: src/context/landing/LanguageContext.tsx,Low,Code audit clean,Valid,Static source mapping verified against repository structure.
MOD-MAP-0340,src/lib/bankApi.ts,"BankFlowMetrics, BankHealthMetrics, BankSummary, fetchBankSummary, saveBankAccount, saveCashWallet, saveLiquiditySettings, checkDuplicateAccounts, maskAccountNumber",SHARED,SHARED,src/lib/bankApi.ts,Service/Utility,No,N/A,TypeScript/React,5,1,Parent Layout,useFinancialStore,apiService,N/A,prisma.schema,users/profiles,Read,No,Canonical,Strong Evidence,Strong Evidence,Unassigned (Pending WD),N/A,File: src/lib/bankApi.ts,Low,Code audit clean,Valid,Static source mapping verified against repository structure.
MOD-MAP-0341,src/lib/bankStore.ts,"AccountType, AccountStatus, BalanceUpdateSource, EncryptedSecret, BankAccount, CashWallet, LiquiditySettings, BankStore",KHATE,KHATE,src/lib/bankStore.ts,Service/Utility,No,N/A,TypeScript/React,5,1,Parent Layout,useFinancialStore,apiService,N/A,prisma.schema,users/profiles,Read,No,Canonical,Strong Evidence,Strong Evidence,Unassigned (Pending WD),N/A,File: src/lib/bankStore.ts,Low,Code audit clean,Valid,Static source mapping verified against repository structure.
MOD-MAP-0342,src/lib/cloudDriveSync.ts,CloudDriveSync,SHARED,SHARED,src/lib/cloudDriveSync.ts,Service/Utility,No,N/A,TypeScript/React,5,1,Parent Layout,useFinancialStore,apiService,N/A,prisma.schema,users/profiles,Read,No,Canonical,Strong Evidence,Strong Evidence,Unassigned (Pending WD),N/A,File: src/lib/cloudDriveSync.ts,Low,Code audit clean,Valid,Static source mapping verified against repository structure.
MOD-MAP-0343,src/lib/contactValidation.ts,"normalizeIndianMobile, validateIndianMobile, validateControlledEmail",SHARED,SHARED,src/lib/contactValidation.ts,Service/Utility,No,N/A,TypeScript/React,5,1,Parent Layout,useFinancialStore,apiService,N/A,prisma.schema,users/profiles,Read,No,Canonical,Strong Evidence,Strong Evidence,Unassigned (Pending WD),N/A,File: src/lib/contactValidation.ts,Low,Code audit clean,Valid,Static source mapping verified against repository structure.
MOD-MAP-0344,src/lib/credentialStore.ts,"PortalCategory, TaxSubcategory, UtilitySubcategory, DematSubcategory, TwoFAType, PasswordStorageMode, TwoFAStatus, EncryptedSecret, PortalRecord, PORTAL_CATEGORIES, CATEGORY_TUTORIALS, TAX_SUBCATEGORIES, UTILITY_SUBCATEGORIES, DEMAT_SUBCATEGORIES, INDIAN_BANKS, CrossModuleDeps, CredentialStore",DWAAR,DWAAR,src/lib/credentialStore.ts,Service/Utility,No,N/A,TypeScript/React,5,1,Parent Layout,useFinancialStore,apiService,N/A,prisma.schema,users/profiles,Read,No,Canonical,Strong Evidence,Strong Evidence,Unassigned (Pending WD),N/A,File: src/lib/credentialStore.ts,Low,Code audit clean,Valid,Static source mapping verified against repository structure.
MOD-MAP-0345,src/lib/crypto.ts,"deriveKey, encryptString, decryptString, verifyPassphrase",SHARED,SHARED,src/lib/crypto.ts,Service/Utility,No,N/A,TypeScript/React,5,1,Parent Layout,useFinancialStore,apiService,N/A,prisma.schema,users/profiles,Read,No,Canonical,Strong Evidence,Strong Evidence,Unassigned (Pending WD),N/A,File: src/lib/crypto.ts,Low,Code audit clean,Valid,Static source mapping verified against repository structure.
MOD-MAP-0346,src/lib/documentValidation.ts,"ValidationLevel, ValidationResult, DocumentValidator",GRANTHAGAAR,GRANTHAGAAR,src/lib/documentValidation.ts,Service/Utility,No,N/A,TypeScript/React,5,1,Parent Layout,useFinancialStore,apiService,N/A,prisma.schema,users/profiles,Read,No,Canonical,Strong evidence,Strong evidence,Unassigned (Pending WD),N/A,File: src/lib/documentValidation.ts,Low,Code audit clean,Valid,Static source mapping verified against repository structure.
MOD-MAP-0347,src/lib/email-templates/EmailWrapper.tsx,EmailWrapper,SHARED,SHARED,src/lib/email-templates/EmailWrapper.tsx,Service/Utility,No,N/A,TypeScript/React,5,1,Parent Layout,useFinancialStore,apiService,N/A,prisma.schema,users/profiles,Read,No,Canonical,Strong Evidence,Strong Evidence,Unassigned (Pending WD),N/A,File: src/lib/email-templates/EmailWrapper.tsx,Low,Code audit clean,Valid,Static source mapping verified against repository structure.
MOD-MAP-0348,src/lib/email-templates/confirmation-email.tsx,ConfirmationEmail,SHARED,SHARED,src/lib/email-templates/confirmation-email.tsx,Service/Utility,No,N/A,TypeScript/React,5,1,Parent Layout,useFinancialStore,apiService,N/A,prisma.schema,users/profiles,Read,No,Canonical,Strong Evidence,Strong Evidence,Unassigned (Pending WD),N/A,File: src/lib/email-templates/confirmation-email.tsx,Low,Code audit clean,Valid,Static source mapping verified against repository structure.
MOD-MAP-0349,src/lib/email-templates/html-templates.ts,"getEmailWrapperHtml, getConfirmationEmailHtml, getResetPasswordEmailHtml, getEmergencyOtpEmailHtml",SHARED,SHARED,src/lib/email-templates/html-templates.ts,Service/Utility,No,N/A,TypeScript/React,5,1,Parent Layout,useFinancialStore,apiService,N/A,prisma.schema,users/profiles,Read,No,Canonical,Strong Evidence,Strong Evidence,Unassigned (Pending WD),N/A,File: src/lib/email-templates/html-templates.ts,Low,Code audit clean,Valid,Static source mapping verified against repository structure.
MOD-MAP-0350,src/lib/email-templates/reset-password-email.tsx,ResetPasswordEmail,SHARED,SHARED,src/lib/email-templates/reset-password-email.tsx,Service/Utility,No,N/A,TypeScript/React,5,1,Parent Layout,useFinancialStore,apiService,N/A,prisma.schema,users/profiles,Read,No,Canonical,Strong Evidence,Strong Evidence,Unassigned (Pending WD),N/A,File: src/lib/email-templates/reset-password-email.tsx,Low,Code audit clean,Valid,Static source mapping verified against repository structure.
MOD-MAP-0351,src/lib/engines/calculationEngine.ts,"FinancialSnapshot, RajyaCalculations, calculateNetWorth, calculateDebtBurden, calculateEmergencyMonths, calculateSavingsRate, calculateInsuranceAdequacy, calculateRajyaStabilityIndex, runAllCalculations",SHARED,SHARED,src/lib/engines/calculationEngine.ts,Service/Utility,No,N/A,TypeScript/React,5,1,Parent Layout,useFinancialStore,apiService,N/A,prisma.schema,users/profiles,Read,No,Canonical,Strong Evidence,Strong Evidence,Unassigned (Pending WD),N/A,File: src/lib/engines/calculationEngine.ts,Low,Code audit clean,Valid,Static source mapping verified against repository structure.
MOD-MAP-0352,src/lib/engines/gamificationEngine.ts,"BadgeId, Badge, GamificationState, BADGES, LEVEL_THRESHOLDS, getLevelFromPoints, awardBadge, calculateTotalPoints, isChapterUnlocked, calculateModuleProgress",SHARED,SHARED,src/lib/engines/gamificationEngine.ts,Service/Utility,No,N/A,TypeScript/React,5,1,Parent Layout,useFinancialStore,apiService,N/A,prisma.schema,users/profiles,Read,No,Canonical,Strong Evidence,Strong Evidence,Unassigned (Pending WD),N/A,File: src/lib/engines/gamificationEngine.ts,Low,Code audit clean,Valid,Static source mapping verified against repository structure.
MOD-MAP-0353,src/lib/engines/localVaultEngine.ts,LocalVaultEngine,SHARED,SHARED,src/lib/engines/localVaultEngine.ts,Service/Utility,No,N/A,TypeScript/React,5,1,Parent Layout,useFinancialStore,apiService,N/A,prisma.schema,users/profiles,Read,No,Canonical,Strong Evidence,Strong Evidence,Unassigned (Pending WD),N/A,File: src/lib/engines/localVaultEngine.ts,Low,Code audit clean,Valid,Static source mapping verified against repository structure.
MOD-MAP-0354,src/lib/engines/quizEngine.ts,"QuestionType, MCQQuestion, NumericQuestion, MappingQuestion, SealQuestion, QuizQuestion, QuizResult, QuizSummary, validateMCQ, validateNumeric, validateMapping, validateSeal, summarizeQuiz",SHARED,SHARED,src/lib/engines/quizEngine.ts,Service/Utility,No,N/A,TypeScript/React,5,1,Parent Layout,useFinancialStore,apiService,N/A,prisma.schema,users/profiles,Read,No,Canonical,Strong Evidence,Strong Evidence,Unassigned (Pending WD),N/A,File: src/lib/engines/quizEngine.ts,Low,Code audit clean,Valid,Static source mapping verified against repository structure.
MOD-MAP-0355,src/lib/engines/reminderEngine.ts,"ReminderType, ReminderFrequency, Reminder, ReminderTrigger, getNextTriggerDate, shouldFireToday, getUpcomingReminders, getOverdueReminders, createDocExpiryReminder, formatReminderDueText",SHARED,SHARED,src/lib/engines/reminderEngine.ts,Service/Utility,No,N/A,TypeScript/React,5,1,Parent Layout,useFinancialStore,apiService,N/A,prisma.schema,users/profiles,Read,No,Canonical,Strong Evidence,Strong Evidence,Unassigned (Pending WD),N/A,File: src/lib/engines/reminderEngine.ts,Low,Code audit clean,Valid,Static source mapping verified against repository structure.
MOD-MAP-0356,src/lib/expenseStore.ts,"PaymentMode, ExpenseFrequency, PAYMENT_MODES, ExpenseCategoryDef, PRESET_CATEGORIES, ExpenseEntry, Subscription, ExpenseStore",VYAYA,VYAYA,src/lib/expenseStore.ts,Service/Utility,No,N/A,TypeScript/React,5,1,Parent Layout,useFinancialStore,apiService,N/A,prisma.schema,users/profiles,Read,No,Canonical,Strong Evidence,Strong Evidence,Unassigned (Pending WD),N/A,File: src/lib/expenseStore.ts,Low,Code audit clean,Valid,Static source mapping verified against repository structure.
MOD-MAP-0357,src/lib/firebase/firebase.ts,N/A,SHARED,SHARED,src/lib/firebase/firebase.ts,Service/Utility,No,N/A,TypeScript/React,5,1,Parent Layout,useFinancialStore,apiService,N/A,prisma.schema,users/profiles,Read,No,Canonical,Strong Evidence,Strong Evidence,Unassigned (Pending WD),N/A,File: src/lib/firebase/firebase.ts,Low,Code audit clean,Valid,Static source mapping verified against repository structure.
MOD-MAP-0358,src/lib/googleAuth.ts,getValidGoogleAccessToken,SHARED,SHARED,src/lib/googleAuth.ts,Service/Utility,No,N/A,TypeScript/React,5,1,Parent Layout,useFinancialStore,apiService,N/A,prisma.schema,users/profiles,Read,No,Canonical,Strong Evidence,Strong Evidence,Unassigned (Pending WD),N/A,File: src/lib/googleAuth.ts,Low,Code audit clean,Valid,Static source mapping verified against repository structure.
MOD-MAP-0359,src/lib/googleDriveUtils.ts,"DriveCategory, moveGoogleDriveFile, syncDocumentMemberAssociation",SHARED,SHARED,src/lib/googleDriveUtils.ts,Service/Utility,No,N/A,TypeScript/React,5,1,Parent Layout,useFinancialStore,apiService,N/A,prisma.schema,users/profiles,Read,No,Canonical,Strong Evidence,Strong Evidence,Unassigned (Pending WD),N/A,File: src/lib/googleDriveUtils.ts,Low,Code audit clean,Valid,Static source mapping verified against repository structure.
MOD-MAP-0360,src/lib/hooks/useAuth.ts,N/A,SHARED,SHARED,src/lib/hooks/useAuth.ts,Service/Utility,No,N/A,TypeScript/React,5,1,Parent Layout,useFinancialStore,apiService,N/A,prisma.schema,users/profiles,Read,No,Canonical,Strong Evidence,Strong Evidence,Unassigned (Pending WD),N/A,File: src/lib/hooks/useAuth.ts,Low,Code audit clean,Valid,Static source mapping verified against repository structure.
MOD-MAP-0361,src/lib/hooks/useCalculations.ts,"useCalculations, useStabilityIndex, useEmptySnapshot",SHARED,SHARED,src/lib/hooks/useCalculations.ts,Service/Utility,No,N/A,TypeScript/React,5,1,Parent Layout,useFinancialStore,apiService,N/A,prisma.schema,users/profiles,Read,No,Canonical,Strong Evidence,Strong Evidence,Unassigned (Pending WD),N/A,File: src/lib/hooks/useCalculations.ts,Low,Code audit clean,Valid,Static source mapping verified against repository structure.
MOD-MAP-0362,src/lib/identityStore.ts,"DocType, ContactPoint, IdentityDoc, LinkMapping, RenewalReminder, isLinkableDoc, calcSealStrength, IdentityStore",PEHCHAAN,PEHCHAAN,src/lib/identityStore.ts,Service/Utility,No,N/A,TypeScript/React,5,1,Parent Layout,useFinancialStore,apiService,N/A,prisma.schema,users/profiles,Read,No,Canonical,Strong Evidence,Strong Evidence,Unassigned (Pending WD),N/A,File: src/lib/identityStore.ts,Low,Code audit clean,Valid,Static source mapping verified against repository structure.
MOD-MAP-0363,src/lib/incomeStore.ts,"IncomeType, Frequency, RiskLevel, RecordStatus, IncomeRecord, INCOME_TYPES, FREQUENCIES, TreasuryMilestone, formatRupee, IncomeStore",KOSH,KOSH,src/lib/incomeStore.ts,Service/Utility,No,N/A,TypeScript/React,5,1,Parent Layout,useFinancialStore,apiService,N/A,prisma.schema,users/profiles,Read,No,Canonical,Strong Evidence,Strong Evidence,Unassigned (Pending WD),N/A,File: src/lib/incomeStore.ts,Low,Code audit clean,Valid,Static source mapping verified against repository structure.
MOD-MAP-0364,src/lib/landing/cn.ts,cn,SHARED,SHARED,src/lib/landing/cn.ts,Service/Utility,No,N/A,TypeScript/React,5,1,Parent Layout,useFinancialStore,apiService,N/A,prisma.schema,users/profiles,Read,No,Canonical,Strong Evidence,Strong Evidence,Unassigned (Pending WD),N/A,File: src/lib/landing/cn.ts,Low,Code audit clean,Valid,Static source mapping verified against repository structure.
MOD-MAP-0365,src/lib/landing/navigationHistory.ts,"APPS, LANDING_PAGE, WEB_PAGES, pushNavigationHistory, getNavigationHistory, getLastUrl, getPreviousUrl, clearNavigationHistory, navigateTo, navigateBack",SHARED,SHARED,src/lib/landing/navigationHistory.ts,Service/Utility,No,N/A,TypeScript/React,5,1,Parent Layout,useFinancialStore,apiService,N/A,prisma.schema,users/profiles,Read,No,Canonical,Strong Evidence,Strong Evidence,Unassigned (Pending WD),N/A,File: src/lib/landing/navigationHistory.ts,Low,Code audit clean,Valid,Static source mapping verified against repository structure.
MOD-MAP-0366,src/lib/localVaultEngine.ts,LocalVaultEngine,SHARED,SHARED,src/lib/localVaultEngine.ts,Service/Utility,No,N/A,TypeScript/React,5,1,Parent Layout,useFinancialStore,apiService,N/A,prisma.schema,users/profiles,Read,No,Canonical,Strong Evidence,Strong Evidence,Unassigned (Pending WD),N/A,File: src/lib/localVaultEngine.ts,Low,Code audit clean,Valid,Static source mapping verified against repository structure.
MOD-MAP-0367,src/lib/middleware/auth.middleware.ts,"AuthContext, withAuth, getAuthContext",SHARED,SHARED,src/lib/middleware/auth.middleware.ts,Service/Utility,No,N/A,TypeScript/React,5,1,Parent Layout,useFinancialStore,apiService,N/A,prisma.schema,users/profiles,Read,No,Canonical,Strong Evidence,Strong Evidence,Unassigned (Pending WD),N/A,File: src/lib/middleware/auth.middleware.ts,Low,Code audit clean,Valid,Static source mapping verified against repository structure.
MOD-MAP-0368,src/lib/middleware/error.middleware.ts,"withErrorHandler, composeMiddleware",SHARED,SHARED,src/lib/middleware/error.middleware.ts,Service/Utility,No,N/A,TypeScript/React,5,1,Parent Layout,useFinancialStore,apiService,N/A,prisma.schema,users/profiles,Read,No,Canonical,Strong Evidence,Strong Evidence,Unassigned (Pending WD),N/A,File: src/lib/middleware/error.middleware.ts,Low,Code audit clean,Valid,Static source mapping verified against repository structure.
MOD-MAP-0369,src/lib/middleware/standardResponse.ts,"ApiSuccessResponse, ApiErrorResponse, ApiResponse, ErrorCodes, StatusCodes, successResponse, errorResponse, handlePrismaError",SHARED,SHARED,src/lib/middleware/standardResponse.ts,Service/Utility,No,N/A,TypeScript/React,5,1,Parent Layout,useFinancialStore,apiService,N/A,prisma.schema,users/profiles,Read,No,Canonical,Strong Evidence,Strong Evidence,Unassigned (Pending WD),N/A,File: src/lib/middleware/standardResponse.ts,Low,Code audit clean,Valid,Static source mapping verified against repository structure.
MOD-MAP-0370,src/lib/middleware/validation.middleware.ts,withValidation,SHARED,SHARED,src/lib/middleware/validation.middleware.ts,Service/Utility,No,N/A,TypeScript/React,5,1,Parent Layout,useFinancialStore,apiService,N/A,prisma.schema,users/profiles,Read,No,Canonical,Strong Evidence,Strong Evidence,Unassigned (Pending WD),N/A,File: src/lib/middleware/validation.middleware.ts,Low,Code audit clean,Valid,Static source mapping verified against repository structure.
MOD-MAP-0371,src/lib/onboardingStore.ts,"OnboardingData, OnboardingStore, deriveLifePhase",FOUNDATION,FOUNDATION,src/lib/onboardingStore.ts,Service/Utility,No,N/A,TypeScript/React,5,1,Parent Layout,useFinancialStore,apiService,N/A,prisma.schema,users/profiles,Read,No,Canonical,Strong Evidence,Strong Evidence,Unassigned (Pending WD),N/A,File: src/lib/onboardingStore.ts,Low,Code audit clean,Valid,Static source mapping verified against repository structure.
MOD-MAP-0372,src/lib/prisma.ts,prisma,SHARED,SHARED,src/lib/prisma.ts,Service/Utility,No,N/A,TypeScript/React,5,1,Parent Layout,useFinancialStore,apiService,N/A,prisma.schema,users/profiles,Read,No,Canonical,Strong Evidence,Strong Evidence,Unassigned (Pending WD),N/A,File: src/lib/prisma.ts,Low,Code audit clean,Valid,Static source mapping verified against repository structure.
MOD-MAP-0373,src/lib/services/bankService.ts,"CreateBankAccountInput, UpdateBankAccountInput, bankService",KHATE,KHATE,src/lib/services/bankService.ts,Service/Utility,No,N/A,TypeScript/React,5,1,Parent Layout,useFinancialStore,apiService,N/A,prisma.schema,users/profiles,Read,No,Canonical,Strong Evidence,Strong Evidence,Unassigned (Pending WD),N/A,File: src/lib/services/bankService.ts,Low,Code audit clean,Valid,Static source mapping verified against repository structure.
MOD-MAP-0374,src/lib/services/baseService.ts,N/A,SHARED,SHARED,src/lib/services/baseService.ts,Service/Utility,No,N/A,TypeScript/React,5,1,Parent Layout,useFinancialStore,apiService,N/A,prisma.schema,users/profiles,Read,No,Canonical,Strong Evidence,Strong Evidence,Unassigned (Pending WD),N/A,File: src/lib/services/baseService.ts,Low,Code audit clean,Valid,Static source mapping verified against repository structure.
MOD-MAP-0375,src/lib/services/bhoomiService.ts,"CreateBhoomiPropertyInput, UpdateBhoomiPropertyInput, bhoomiService",BHOOMI,BHOOMI,src/lib/services/bhoomiService.ts,Service/Utility,No,N/A,TypeScript/React,5,1,Parent Layout,useFinancialStore,apiService,N/A,prisma.schema,users/profiles,Read,No,Canonical,Strong Evidence,Strong Evidence,Unassigned (Pending WD),N/A,File: src/lib/services/bhoomiService.ts,Low,Code audit clean,Valid,Static source mapping verified against repository structure.
MOD-MAP-0376,src/lib/services/budgetService.ts,"CreateBudgetPlanInput, UpdateBudgetPlanInput, budgetService",VYAYA,VYAYA,src/lib/services/budgetService.ts,Service/Utility,No,N/A,TypeScript/React,5,1,Parent Layout,useFinancialStore,apiService,N/A,prisma.schema,users/profiles,Read,No,Canonical,Strong Evidence,Strong Evidence,Unassigned (Pending WD),N/A,File: src/lib/services/budgetService.ts,Low,Code audit clean,Valid,Static source mapping verified against repository structure.
MOD-MAP-0377,src/lib/services/credentialService.ts,"CreateCredentialRecordInput, UpdateCredentialRecordInput, credentialService",DWAAR,DWAAR,src/lib/services/credentialService.ts,Service/Utility,No,N/A,TypeScript/React,5,1,Parent Layout,useFinancialStore,apiService,N/A,prisma.schema,users/profiles,Read,No,Canonical,Strong Evidence,Strong Evidence,Unassigned (Pending WD),N/A,File: src/lib/services/credentialService.ts,Low,Code audit clean,Valid,Static source mapping verified against repository structure.
MOD-MAP-0378,src/lib/services/dinService.ts,"CreateDinRecordInput, UpdateDinRecordInput, dinService",KAR,KAR,src/lib/services/dinService.ts,Service/Utility,No,N/A,TypeScript/React,5,1,Parent Layout,useFinancialStore,apiService,N/A,prisma.schema,users/profiles,Read,No,Canonical,Strong Evidence,Strong Evidence,Unassigned (Pending WD),N/A,File: src/lib/services/dinService.ts,Low,Code audit clean,Valid,Static source mapping verified against repository structure.
MOD-MAP-0379,src/lib/services/documentService.ts,"VaultFolder, VaultFile, Vault",GRANTHAGAAR,GRANTHAGAAR,src/lib/services/documentService.ts,Service/Utility,No,N/A,TypeScript/React,5,1,Parent Layout,useFinancialStore,apiService,N/A,prisma.schema,users/profiles,Read,No,Canonical,Strong Evidence,Strong Evidence,Unassigned (Pending WD),N/A,File: src/lib/services/documentService.ts,Low,Code audit clean,Valid,Static source mapping verified against repository structure.
MOD-MAP-0380,src/lib/services/educationService.ts,"CreateEducationInput, UpdateEducationInput, educationService",FOUNDATION,FOUNDATION,src/lib/services/educationService.ts,Service/Utility,No,N/A,TypeScript/React,5,1,Parent Layout,useFinancialStore,apiService,N/A,prisma.schema,users/profiles,Read,No,Canonical,Strong Evidence,Strong Evidence,Unassigned (Pending WD),N/A,File: src/lib/services/educationService.ts,Low,Code audit clean,Valid,Static source mapping verified against repository structure.
MOD-MAP-0381,src/lib/services/expenseCategoryService.ts,"CreateExpenseCategoryInput, expenseCategoryService",VYAYA,VYAYA,src/lib/services/expenseCategoryService.ts,Service/Utility,No,N/A,TypeScript/React,5,1,Parent Layout,useFinancialStore,apiService,N/A,prisma.schema,users/profiles,Read,No,Canonical,Strong Evidence,Strong Evidence,Unassigned (Pending WD),N/A,File: src/lib/services/expenseCategoryService.ts,Low,Code audit clean,Valid,Static source mapping verified against repository structure.
MOD-MAP-0382,src/lib/services/expenseService.ts,"CreateExpenseEntryInput, UpdateExpenseEntryInput, expenseService",VYAYA,VYAYA,src/lib/services/expenseService.ts,Service/Utility,No,N/A,TypeScript/React,5,1,Parent Layout,useFinancialStore,apiService,N/A,prisma.schema,users/profiles,Read,No,Canonical,Strong Evidence,Strong Evidence,Unassigned (Pending WD),N/A,File: src/lib/services/expenseService.ts,Low,Code audit clean,Valid,Static source mapping verified against repository structure.
MOD-MAP-0383,src/lib/services/familyService.ts,"CreateFamilyMemberInput, UpdateFamilyMemberInput, familyService",FOUNDATION,FOUNDATION,src/lib/services/familyService.ts,Service/Utility,No,N/A,TypeScript/React,5,1,Parent Layout,useFinancialStore,apiService,N/A,prisma.schema,users/profiles,Read,No,Canonical,Strong Evidence,Strong Evidence,Unassigned (Pending WD),N/A,File: src/lib/services/familyService.ts,Low,Code audit clean,Valid,Static source mapping verified against repository structure.
MOD-MAP-0384,src/lib/services/gstService.ts,"CreateGstRecordInput, UpdateGstRecordInput, gstService",KAR,KAR,src/lib/services/gstService.ts,Service/Utility,No,N/A,TypeScript/React,5,1,Parent Layout,useFinancialStore,apiService,N/A,prisma.schema,users/profiles,Read,No,Canonical,Strong Evidence,Strong Evidence,Unassigned (Pending WD),N/A,File: src/lib/services/gstService.ts,Low,Code audit clean,Valid,Static source mapping verified against repository structure.
MOD-MAP-0385,src/lib/services/identityService.ts,"CreateIdentityRecordInput, UpdateIdentityRecordInput, identityService",PEHCHAAN,PEHCHAAN,src/lib/services/identityService.ts,Service/Utility,No,N/A,TypeScript/React,5,1,Parent Layout,useFinancialStore,apiService,N/A,prisma.schema,users/profiles,Read,No,Canonical,Strong Evidence,Strong Evidence,Unassigned (Pending WD),N/A,File: src/lib/services/identityService.ts,Low,Code audit clean,Valid,Static source mapping verified against repository structure.
MOD-MAP-0386,src/lib/services/incomeService.ts,"CreateIncomeStreamInput, UpdateIncomeStreamInput, incomeService",KOSH,KOSH,src/lib/services/incomeService.ts,Service/Utility,No,N/A,TypeScript/React,5,1,Parent Layout,useFinancialStore,apiService,N/A,prisma.schema,users/profiles,Read,No,Canonical,Strong Evidence,Strong Evidence,Unassigned (Pending WD),N/A,File: src/lib/services/incomeService.ts,Low,Code audit clean,Valid,Static source mapping verified against repository structure.
MOD-MAP-0387,src/lib/services/insuranceService.ts,"InsurancePolicyWithCoverage, CreateInsurancePolicyInput, UpdateInsurancePolicyInput, InsuranceService, insuranceService",RAKSHA,RAKSHA,src/lib/services/insuranceService.ts,Service/Utility,No,N/A,TypeScript/React,5,1,Parent Layout,useFinancialStore,apiService,N/A,prisma.schema,users/profiles,Read,No,Canonical,Strong Evidence,Strong Evidence,Unassigned (Pending WD),N/A,File: src/lib/services/insuranceService.ts,Low,Code audit clean,Valid,Static source mapping verified against repository structure.
MOD-MAP-0388,src/lib/services/loanService.ts,"CreateLoanAccountInput, UpdateLoanAccountInput, loanService",RIN,RIN,src/lib/services/loanService.ts,Service/Utility,No,N/A,TypeScript/React,5,1,Parent Layout,useFinancialStore,apiService,N/A,prisma.schema,users/profiles,Read,No,Canonical,Strong Evidence,Strong Evidence,Unassigned (Pending WD),N/A,File: src/lib/services/loanService.ts,Low,Code audit clean,Valid,Static source mapping verified against repository structure.
MOD-MAP-0389,src/lib/services/nomineeService.ts,"CreateNomineeMappingInput, UpdateNomineeMappingInput, nomineeService",MITRA,MITRA,src/lib/services/nomineeService.ts,Service/Utility,No,N/A,TypeScript/React,5,1,Parent Layout,useFinancialStore,apiService,N/A,prisma.schema,users/profiles,Read,No,Canonical,Strong Evidence,Strong Evidence,Unassigned (Pending WD),N/A,File: src/lib/services/nomineeService.ts,Low,Code audit clean,Valid,Static source mapping verified against repository structure.
MOD-MAP-0390,src/lib/services/notificationService.ts,"CreateNotificationInput, UpdateNotificationInput, notificationService",SHARED,SHARED,src/lib/services/notificationService.ts,Service/Utility,No,N/A,TypeScript/React,5,1,Parent Layout,useFinancialStore,apiService,N/A,prisma.schema,users/profiles,Read,No,Canonical,Strong Evidence,Strong Evidence,Unassigned (Pending WD),N/A,File: src/lib/services/notificationService.ts,Low,Code audit clean,Valid,Static source mapping verified against repository structure.
MOD-MAP-0391,src/lib/services/reminderService.ts,"CreateReminderInput, UpdateReminderInput, ReminderService, reminderService",DOOT,DOOT,src/lib/services/reminderService.ts,Service/Utility,No,N/A,TypeScript/React,5,1,Parent Layout,useFinancialStore,apiService,N/A,prisma.schema,users/profiles,Read,No,Canonical,Strong Evidence,Strong Evidence,Unassigned (Pending WD),N/A,File: src/lib/services/reminderService.ts,Low,Code audit clean,Valid,Static source mapping verified against repository structure.
MOD-MAP-0392,src/lib/services/subscriptionAnalyticsService.ts,getSubscriptionAnalyticsForUser,LEAKAGE,LEAKAGE,src/lib/services/subscriptionAnalyticsService.ts,Service/Utility,No,N/A,TypeScript/React,5,1,Parent Layout,useFinancialStore,apiService,N/A,prisma.schema,users/profiles,Read,No,Canonical,Strong Evidence,Strong Evidence,Unassigned (Pending WD),N/A,File: src/lib/services/subscriptionAnalyticsService.ts,Low,Code audit clean,Valid,Static source mapping verified against repository structure.
MOD-MAP-0393,src/lib/services/subscriptionService.ts,"CreateSubscriptionInput, UpdateSubscriptionInput, subscriptionService",LEAKAGE,LEAKAGE,src/lib/services/subscriptionService.ts,Service/Utility,No,N/A,TypeScript/React,5,1,Parent Layout,useFinancialStore,apiService,N/A,prisma.schema,users/profiles,Read,No,Canonical,Strong Evidence,Strong Evidence,Unassigned (Pending WD),N/A,File: src/lib/services/subscriptionService.ts,Low,Code audit clean,Valid,Static source mapping verified against repository structure.
MOD-MAP-0394,src/lib/services/taxService.ts,"CreateTaxRecordInput, UpdateTaxRecordInput, taxService",KAR,KAR,src/lib/services/taxService.ts,Service/Utility,No,N/A,TypeScript/React,5,1,Parent Layout,useFinancialStore,apiService,N/A,prisma.schema,users/profiles,Read,No,Canonical,Strong Evidence,Strong Evidence,Unassigned (Pending WD),N/A,File: src/lib/services/taxService.ts,Low,Code audit clean,Valid,Static source mapping verified against repository structure.
MOD-MAP-0395,src/lib/services/userService.ts,"CreateUserInput, UpdateUserInput, userService",SHARED,SHARED,src/lib/services/userService.ts,Service/Utility,No,N/A,TypeScript/React,5,1,Parent Layout,useFinancialStore,apiService,N/A,prisma.schema,users/profiles,Read,No,Canonical,Strong Evidence,Strong Evidence,Unassigned (Pending WD),N/A,File: src/lib/services/userService.ts,Low,Code audit clean,Valid,Static source mapping verified against repository structure.
MOD-MAP-0396,src/lib/services/willService.ts,"CreateWillStatusInput, UpdateWillStatusInput, willService",MITRA,MITRA,src/lib/services/willService.ts,Service/Utility,No,N/A,TypeScript/React,5,1,Parent Layout,useFinancialStore,apiService,N/A,prisma.schema,users/profiles,Read,No,Canonical,Strong Evidence,Strong Evidence,Unassigned (Pending WD),N/A,File: src/lib/services/willService.ts,Low,Code audit clean,Valid,Static source mapping verified against repository structure.
MOD-MAP-0397,src/lib/stores/bankStore.ts,"AccountType, AccountStatus, BalanceUpdateSource, EncryptedSecret, BankAccount, CashWallet, LiquiditySettings, BankStore",KHATE,KHATE,src/lib/stores/bankStore.ts,Service/Utility,No,N/A,TypeScript/React,5,1,Parent Layout,useFinancialStore,apiService,N/A,prisma.schema,users/profiles,Read,No,Canonical,Strong Evidence,Strong Evidence,Unassigned (Pending WD),N/A,File: src/lib/stores/bankStore.ts,Low,Code audit clean,Valid,Static source mapping verified against repository structure.
MOD-MAP-0398,src/lib/stores/credentialStore.ts,"PortalCategory, TaxSubcategory, UtilitySubcategory, DematSubcategory, TwoFAType, PasswordStorageMode, TwoFAStatus, AccessLevel, EmergencyRule, EncryptedSecret, PortalRecord, AccessMapping, PORTAL_CATEGORIES, CATEGORY_TUTORIALS, TAX_SUBCATEGORIES, UTILITY_SUBCATEGORIES, DEMAT_SUBCATEGORIES, INDIAN_BANKS, CrossModuleDeps, CredentialStore",DWAAR,DWAAR,src/lib/stores/credentialStore.ts,Service/Utility,No,N/A,TypeScript/React,5,1,Parent Layout,useFinancialStore,apiService,N/A,prisma.schema,users/profiles,Read,No,Canonical,Strong Evidence,Strong Evidence,Unassigned (Pending WD),N/A,File: src/lib/stores/credentialStore.ts,Low,Code audit clean,Valid,Static source mapping verified against repository structure.
MOD-MAP-0399,src/lib/stores/expenseStore.ts,"PaymentMode, ExpenseFrequency, PAYMENT_MODES, ExpenseCategoryDef, PRESET_CATEGORIES, ExpenseEntry, Subscription, ExpenseStore",VYAYA,VYAYA,src/lib/stores/expenseStore.ts,Service/Utility,No,N/A,TypeScript/React,5,1,Parent Layout,useFinancialStore,apiService,N/A,prisma.schema,users/profiles,Read,No,Canonical,Strong Evidence,Strong Evidence,Unassigned (Pending WD),N/A,File: src/lib/stores/expenseStore.ts,Low,Code audit clean,Valid,Static source mapping verified against repository structure.
MOD-MAP-0400,src/lib/stores/identityStore.ts,"DocType, ContactPoint, IdentityDoc, LinkMapping, RenewalReminder, isLinkableDoc, calcSealStrength, IdentityStore",PEHCHAAN,PEHCHAAN,src/lib/stores/identityStore.ts,Service/Utility,No,N/A,TypeScript/React,5,1,Parent Layout,useFinancialStore,apiService,N/A,prisma.schema,users/profiles,Read,No,Canonical,Strong Evidence,Strong Evidence,Unassigned (Pending WD),N/A,File: src/lib/stores/identityStore.ts,Low,Code audit clean,Valid,Static source mapping verified against repository structure.
MOD-MAP-0401,src/lib/stores/incomeStore.ts,"IncomeType, Frequency, RiskLevel, RecordStatus, IncomeRecord, INCOME_TYPES, FREQUENCIES, TreasuryMilestone, formatRupee, IncomeStore",KOSH,KOSH,src/lib/stores/incomeStore.ts,Service/Utility,No,N/A,TypeScript/React,5,1,Parent Layout,useFinancialStore,apiService,N/A,prisma.schema,users/profiles,Read,No,Canonical,Strong Evidence,Strong Evidence,Unassigned (Pending WD),N/A,File: src/lib/stores/incomeStore.ts,Low,Code audit clean,Valid,Static source mapping verified against repository structure.
MOD-MAP-0402,src/lib/stores/notificationStore.ts,"NotificationType, Notification, NotificationStore",SHARED,SHARED,src/lib/stores/notificationStore.ts,Service/Utility,No,N/A,TypeScript/React,5,1,Parent Layout,useFinancialStore,apiService,N/A,prisma.schema,users/profiles,Read,No,Canonical,Strong Evidence,Strong Evidence,Unassigned (Pending WD),N/A,File: src/lib/stores/notificationStore.ts,Low,Code audit clean,Valid,Static source mapping verified against repository structure.
MOD-MAP-0403,src/lib/stores/onboardingStore.ts,"OnboardingData, OnboardingStore, deriveLifePhase",FOUNDATION,FOUNDATION,src/lib/stores/onboardingStore.ts,Service/Utility,No,N/A,TypeScript/React,5,1,Parent Layout,useFinancialStore,apiService,N/A,prisma.schema,users/profiles,Read,No,Canonical,Strong Evidence,Strong Evidence,Unassigned (Pending WD),N/A,File: src/lib/stores/onboardingStore.ts,Low,Code audit clean,Valid,Static source mapping verified against repository structure.
MOD-MAP-0404,src/lib/stores/rakshaStore.ts,useRakshaStore,RAKSHA,RAKSHA,src/lib/stores/rakshaStore.ts,Service/Utility,No,N/A,TypeScript/React,5,1,Parent Layout,useFinancialStore,apiService,N/A,prisma.schema,users/profiles,Read,No,Canonical,Strong Evidence,Strong Evidence,Unassigned (Pending WD),N/A,File: src/lib/stores/rakshaStore.ts,Low,Code audit clean,Valid,Static source mapping verified against repository structure.
MOD-MAP-0405,src/lib/stores/sampattiStore.ts,"AssetCategory, Asset, useSampattiStore",SHARED,SHARED,src/lib/stores/sampattiStore.ts,Service/Utility,No,N/A,TypeScript/React,5,1,Parent Layout,useFinancialStore,apiService,N/A,prisma.schema,users/profiles,Read,No,Canonical,Strong Evidence,Strong Evidence,Unassigned (Pending WD),N/A,File: src/lib/stores/sampattiStore.ts,Low,Code audit clean,Valid,Static source mapping verified against repository structure.
MOD-MAP-0406,src/lib/stores/themeStore.ts,"ThemeMode, ThemeStore",SHARED,SHARED,src/lib/stores/themeStore.ts,Service/Utility,No,N/A,TypeScript/React,5,1,Parent Layout,useFinancialStore,apiService,N/A,prisma.schema,users/profiles,Read,No,Canonical,Strong Evidence,Strong Evidence,Unassigned (Pending WD),N/A,File: src/lib/stores/themeStore.ts,Low,Code audit clean,Valid,Static source mapping verified against repository structure.
MOD-MAP-0407,src/lib/stores/types.ts,"RajyaUser, KoshEntry, VyayaEntry, LeakageAudit, RajyaState",SHARED,SHARED,src/lib/stores/types.ts,Service/Utility,No,N/A,TypeScript/React,5,1,Parent Layout,useFinancialStore,apiService,N/A,prisma.schema,users/profiles,Read,No,Canonical,Strong Evidence,Strong Evidence,Unassigned (Pending WD),N/A,File: src/lib/stores/types.ts,Low,Code audit clean,Valid,Static source mapping verified against repository structure.
MOD-MAP-0408,src/lib/subscriptionMetrics.js,N/A,SHARED,SHARED,src/lib/subscriptionMetrics.js,Service/Utility,No,N/A,TypeScript/React,5,1,Parent Layout,useFinancialStore,apiService,N/A,prisma.schema,users/profiles,Read,No,Canonical,Strong Evidence,Strong Evidence,Unassigned (Pending WD),N/A,File: src/lib/subscriptionMetrics.js,Low,Code audit clean,Valid,Static source mapping verified against repository structure.
MOD-MAP-0409,src/lib/subscriptionMetrics.test.js,N/A,SHARED,SHARED,src/lib/subscriptionMetrics.test.js,Service/Utility,No,N/A,TypeScript/React,5,1,Parent Layout,useFinancialStore,apiService,N/A,prisma.schema,users/profiles,Read,No,Canonical,Strong Evidence,Strong Evidence,Unassigned (Pending WD),N/A,File: src/lib/subscriptionMetrics.test.js,Low,Code audit clean,Valid,Static source mapping verified against repository structure.
MOD-MAP-0410,src/lib/subscriptionMetrics.ts,"SubscriptionMetricInput, SubscriptionMetrics, calculateSubscriptionMetrics",SHARED,SHARED,src/lib/subscriptionMetrics.ts,Service/Utility,No,N/A,TypeScript/React,5,1,Parent Layout,useFinancialStore,apiService,N/A,prisma.schema,users/profiles,Read,No,Canonical,Strong Evidence,Strong Evidence,Unassigned (Pending WD),N/A,File: src/lib/subscriptionMetrics.ts,Low,Code audit clean,Valid,Static source mapping verified against repository structure.
MOD-MAP-0411,src/lib/supabase/client.ts,createClient,AUTH,AUTH,src/lib/supabase/client.ts,Service/Utility,No,N/A,TypeScript/React,5,1,Parent Layout,useFinancialStore,apiService,N/A,prisma.schema,users/profiles,Read,No,Canonical,Strong evidence,Strong evidence,Unassigned (Pending WD),N/A,File: src/lib/supabase/client.ts,Low,Code audit clean,Valid,Static source mapping verified against repository structure.
MOD-MAP-0412,src/lib/supabase/middleware.ts,updateSession,AUTH,AUTH,src/lib/supabase/middleware.ts,Service/Utility,No,N/A,TypeScript/React,5,1,Parent Layout,useFinancialStore,apiService,N/A,prisma.schema,users/profiles,Read,No,Canonical,Strong evidence,Strong evidence,Unassigned (Pending WD),N/A,File: src/lib/supabase/middleware.ts,Low,Code audit clean,Valid,Static source mapping verified against repository structure.
MOD-MAP-0413,src/lib/supabase/server.ts,createClient,AUTH,AUTH,src/lib/supabase/server.ts,Service/Utility,No,N/A,TypeScript/React,5,1,Parent Layout,useFinancialStore,apiService,N/A,prisma.schema,users/profiles,Read,No,Canonical,Strong evidence,Strong evidence,Unassigned (Pending WD),N/A,File: src/lib/supabase/server.ts,Low,Code audit clean,Valid,Static source mapping verified against repository structure.
MOD-MAP-0414,src/lib/themeStore.ts,"ThemeMode, ThemeStore",SHARED,SHARED,src/lib/themeStore.ts,Service/Utility,No,N/A,TypeScript/React,5,1,Parent Layout,useFinancialStore,apiService,N/A,prisma.schema,users/profiles,Read,No,Canonical,Strong Evidence,Strong Evidence,Unassigned (Pending WD),N/A,File: src/lib/themeStore.ts,Low,Code audit clean,Valid,Static source mapping verified against repository structure.
MOD-MAP-0415,src/lib/types.ts,"RajyaUser, KoshEntry, VyayaEntry, LeakageAudit, RajyaState",SHARED,SHARED,src/lib/types.ts,Service/Utility,No,N/A,TypeScript/React,5,1,Parent Layout,useFinancialStore,apiService,N/A,prisma.schema,users/profiles,Read,No,Canonical,Strong Evidence,Strong Evidence,Unassigned (Pending WD),N/A,File: src/lib/types.ts,Low,Code audit clean,Valid,Static source mapping verified against repository structure.
MOD-MAP-0416,src/lib/types/api.types.ts,"ApiResponse, PaginatedResponse, UserResponse, CreateProfileRequest, UpdateProfileRequest, TaxRecordResponse, GstRecordResponse, DinRecordResponse, KarSummaryResponse, CreateTaxRecordRequest, CreateGstRecordRequest, CreateDinRecordRequest, FamilyMemberResponse, CreateFamilyMemberRequest, UpdateFamilyMemberRequest, IdentityRecordResponse, CreateIdentityRecordRequest, UpdateIdentityRecordRequest, CredentialRecordResponse, CreateCredentialRecordRequest, UpdateCredentialRecordRequest, IncomeStreamResponse, CreateIncomeRequest, UpdateIncomeRequest, ExpenseEntryResponse, CreateExpenseRequest, UpdateExpenseRequest, BankAccountResponse, CreateBankAccountRequest, UpdateBankAccountRequest, InsurancePolicyResponse, CreateInsuranceRequest, UpdateInsuranceRequest",SHARED,SHARED,src/lib/types/api.types.ts,Service/Utility,No,N/A,TypeScript/React,5,1,Parent Layout,useFinancialStore,apiService,N/A,prisma.schema,users/profiles,Read,No,Canonical,Strong Evidence,Strong Evidence,Unassigned (Pending WD),N/A,File: src/lib/types/api.types.ts,Low,Code audit clean,Valid,Static source mapping verified against repository structure.
MOD-MAP-0417,src/lib/types/rajya.types.ts,"RajyaUser, KoshEntry, VyayaEntry, LeakageAudit, RajyaState, LifePhase, AccessRole, Priority, PageGuideItem",SHARED,SHARED,src/lib/types/rajya.types.ts,Service/Utility,No,N/A,TypeScript/React,5,1,Parent Layout,useFinancialStore,apiService,N/A,prisma.schema,users/profiles,Read,No,Canonical,Strong Evidence,Strong Evidence,Unassigned (Pending WD),N/A,File: src/lib/types/rajya.types.ts,Low,Code audit clean,Valid,Static source mapping verified against repository structure.
MOD-MAP-0418,src/lib/utils/cloudDriveSync.ts,CloudDriveSync,SHARED,SHARED,src/lib/utils/cloudDriveSync.ts,Service/Utility,No,N/A,TypeScript/React,5,1,Parent Layout,useFinancialStore,apiService,N/A,prisma.schema,users/profiles,Read,No,Canonical,Strong Evidence,Strong Evidence,Unassigned (Pending WD),N/A,File: src/lib/utils/cloudDriveSync.ts,Low,Code audit clean,Valid,Static source mapping verified against repository structure.
MOD-MAP-0419,src/lib/utils/crypto.ts,"deriveKey, encryptString, decryptString, verifyPassphrase",SHARED,SHARED,src/lib/utils/crypto.ts,Service/Utility,No,N/A,TypeScript/React,5,1,Parent Layout,useFinancialStore,apiService,N/A,prisma.schema,users/profiles,Read,No,Canonical,Strong Evidence,Strong Evidence,Unassigned (Pending WD),N/A,File: src/lib/utils/crypto.ts,Low,Code audit clean,Valid,Static source mapping verified against repository structure.
MOD-MAP-0420,src/lib/utils/fetcher.ts,fetcher,SHARED,SHARED,src/lib/utils/fetcher.ts,Service/Utility,No,N/A,TypeScript/React,5,1,Parent Layout,useFinancialStore,apiService,N/A,prisma.schema,users/profiles,Read,No,Canonical,Strong Evidence,Strong Evidence,Unassigned (Pending WD),N/A,File: src/lib/utils/fetcher.ts,Low,Code audit clean,Valid,Static source mapping verified against repository structure.
MOD-MAP-0421,src/lib/utils/vaultExporter.ts,VaultExporter,SHARED,SHARED,src/lib/utils/vaultExporter.ts,Service/Utility,No,N/A,TypeScript/React,5,1,Parent Layout,useFinancialStore,apiService,N/A,prisma.schema,users/profiles,Read,No,Canonical,Strong Evidence,Strong Evidence,Unassigned (Pending WD),N/A,File: src/lib/utils/vaultExporter.ts,Low,Code audit clean,Valid,Static source mapping verified against repository structure.
MOD-MAP-0422,src/lib/validators/contactValidator.ts,"normalizeIndianMobile, validateIndianMobile, validateControlledEmail",SHARED,SHARED,src/lib/validators/contactValidator.ts,Service/Utility,No,N/A,TypeScript/React,5,1,Parent Layout,useFinancialStore,apiService,N/A,prisma.schema,users/profiles,Read,No,Canonical,Strong Evidence,Strong Evidence,Unassigned (Pending WD),N/A,File: src/lib/validators/contactValidator.ts,Low,Code audit clean,Valid,Static source mapping verified against repository structure.
MOD-MAP-0423,src/lib/validators/documentValidator.ts,"ValidationLevel, ValidationResult, DocumentValidator",PEHCHAAN,PEHCHAAN,src/lib/validators/documentValidator.ts,Service/Utility,No,N/A,TypeScript/React,5,1,Parent Layout,useFinancialStore,apiService,N/A,prisma.schema,users/profiles,Read,No,Canonical,Strong evidence,Strong evidence,Unassigned (Pending WD),N/A,File: src/lib/validators/documentValidator.ts,Low,Code audit clean,Valid,Static source mapping verified against repository structure.
MOD-MAP-0424,src/lib/vault.ts,"VaultFolder, VaultFile, Vault",GRANTHAGAAR,GRANTHAGAAR,src/lib/vault.ts,Service/Utility,No,N/A,TypeScript/React,5,1,Parent Layout,useFinancialStore,apiService,N/A,prisma.schema,users/profiles,Read,No,Canonical,Strong evidence,Strong evidence,Unassigned (Pending WD),N/A,File: src/lib/vault.ts,Low,Code audit clean,Valid,Static source mapping verified against repository structure.
MOD-MAP-0425,src/lib/vaultExporter.ts,VaultExporter,GRANTHAGAAR,GRANTHAGAAR,src/lib/vaultExporter.ts,Service/Utility,No,N/A,TypeScript/React,5,1,Parent Layout,useFinancialStore,apiService,N/A,prisma.schema,users/profiles,Read,No,Canonical,Strong evidence,Strong evidence,Unassigned (Pending WD),N/A,File: src/lib/vaultExporter.ts,Low,Code audit clean,Valid,Static source mapping verified against repository structure.
MOD-MAP-0426,src/locales/landing/.gitkeep,N/A,SHARED,SHARED,src/locales/landing/.gitkeep,Service/Utility,No,N/A,TypeScript/React,5,1,Parent Layout,useFinancialStore,apiService,N/A,prisma.schema,users/profiles,Read,No,Canonical,Strong Evidence,Strong Evidence,Unassigned (Pending WD),N/A,File: src/locales/landing/.gitkeep,Low,Code audit clean,Valid,Static source mapping verified against repository structure.
MOD-MAP-0427,src/locales/landing/en.json,N/A,SHARED,SHARED,src/locales/landing/en.json,Service/Utility,No,N/A,TypeScript/React,5,1,Parent Layout,useFinancialStore,apiService,N/A,prisma.schema,users/profiles,Read,No,Canonical,Strong Evidence,Strong Evidence,Unassigned (Pending WD),N/A,File: src/locales/landing/en.json,Low,Code audit clean,Valid,Static source mapping verified against repository structure.
MOD-MAP-0428,src/locales/landing/hi_mix.json,N/A,SHARED,SHARED,src/locales/landing/hi_mix.json,Service/Utility,No,N/A,TypeScript/React,5,1,Parent Layout,useFinancialStore,apiService,N/A,prisma.schema,users/profiles,Read,No,Canonical,Strong Evidence,Strong Evidence,Unassigned (Pending WD),N/A,File: src/locales/landing/hi_mix.json,Low,Code audit clean,Valid,Static source mapping verified against repository structure.
MOD-MAP-0429,src/locales/landing/mr_mix.json,N/A,SHARED,SHARED,src/locales/landing/mr_mix.json,Service/Utility,No,N/A,TypeScript/React,5,1,Parent Layout,useFinancialStore,apiService,N/A,prisma.schema,users/profiles,Read,No,Canonical,Strong Evidence,Strong Evidence,Unassigned (Pending WD),N/A,File: src/locales/landing/mr_mix.json,Low,Code audit clean,Valid,Static source mapping verified against repository structure.
MOD-MAP-0430,src/middleware.ts,"middleware, config",SHARED,SHARED,src/middleware.ts,Service/Utility,No,N/A,TypeScript/React,5,1,Parent Layout,useFinancialStore,apiService,N/A,prisma.schema,users/profiles,Read,No,Canonical,Strong Evidence,Strong Evidence,Unassigned (Pending WD),N/A,File: src/middleware.ts,Low,Code audit clean,Valid,Static source mapping verified against repository structure.
MOD-MAP-0431,tatus,N/A,SHARED,SHARED,tatus,Service/Utility,No,N/A,TypeScript/React,5,1,Parent Layout,useFinancialStore,apiService,N/A,prisma.schema,users/profiles,Read,No,Canonical,Strong Evidence,Strong Evidence,Unassigned (Pending WD),N/A,File: tatus,Low,Code audit clean,Valid,Static source mapping verified against repository structure.
MOD-MAP-0432,tsconfig.json,N/A,SHARED,SHARED,tsconfig.json,Service/Utility,No,N/A,TypeScript/React,5,1,Parent Layout,useFinancialStore,apiService,N/A,prisma.schema,users/profiles,Read,No,Canonical,Strong Evidence,Strong Evidence,Unassigned (Pending WD),N/A,File: tsconfig.json,Low,Code audit clean,Valid,Static source mapping verified against repository structure.
