Module,Module Status,Route,Page File,Layout File,Main Form Component,Main Display/List Component,Other Components,Hook / Store,Context Provider,API Route,Service File,Supabase Client File,Supabase Query Evidence,Tables Referenced,Fields Read / Written,Utility Functions,Validation Files,Calculation Files,Document Upload Connection,Reminder Connection,Dashboard Connection,Auth / Protected Route Connection,Shared Components,Related Modules,Duplicate / Old / Deprecated File Risk,Evidence / Code Reference,Confidence,Needs WD Verification,Notes
Authentication,Implemented,/auth/google/success,src/app/auth/google/success/page.tsx,src/app/layout.tsx,No distinct form component found in this route,No distinct display/list component found in this route,None found in traced files,None found in traced files,src/components/providers/AuthProvider.tsx; src/components/providers/ThemeProvider.tsx; src/components/providers/ToastProvider.tsx; src/context/landing/LanguageContext.tsx,None found in traced page/import chain,None found in traced files,No direct Supabase client import found in traced files,No direct .from/.select/.insert/.upsert/.update/.delete/.rpc/auth/storage evidence in traced files,Needs WD Verification - no direct table evidence found for this route,Needs WD Verification - no direct field-map row found in traced files,None found in traced files,None found in traced files,None found in traced files,Needs WD Verification,Needs WD Verification,Needs WD Verification,Yes - authentication entry/callback/session route,src/components/providers/AuthProvider.tsx; src/components/providers/ThemeProvider.tsx; src/components/providers/ToastProvider.tsx; src/components/auth/OAuthFragmentHandler.tsx,Needs WD Verification - no matching dependency-matrix row,"No duplicate/old route risk identified from supplied source; Needs WD Verification before deletion decisions. Static route-literal search found no reference outside the page file; dynamic navigation is possible, so linkage Needs WD Verification.",src/app/auth/google/success/page.tsx; src/app/layout.tsx; audit-output/01-repository-and-architecture/REPOSITORY_INVENTORY.md; audit-output/01-repository-and-architecture/GOOGLE_AUTH_CODE_FLOW.md; audit-output/03-prd-traceability/PRD_IMPLEMENTATION_TRACEABILITY.csv,Unconfirmed,Yes,Route exists in the source snapshot; module ownership and live deployment parity require WD verification.
Authentication,Implemented,/intro-cinematic,src/app/(auth)/intro-cinematic/page.tsx,src/app/(auth)/layout.tsx,No distinct form component found in this route,IntroOnboarding,None found in traced files,None found in traced files,None found in traced files,None found in traced page/import chain,None found in traced files,No direct Supabase client import found in traced files,No direct .from/.select/.insert/.upsert/.update/.delete/.rpc/auth/storage evidence in traced files,Needs WD Verification - no direct table evidence found for this route,Needs WD Verification - no direct field-map row found in traced files,None found in traced files,None found in traced files,None found in traced files,Needs WD Verification,Needs WD Verification,Needs WD Verification,Yes - authentication entry/callback/session route,None found in traced files,Needs WD Verification - no matching dependency-matrix row,No duplicate/old route risk identified from supplied source; Needs WD Verification before deletion decisions.,src/app/(auth)/intro-cinematic/page.tsx; src/app/(auth)/layout.tsx; audit-output/01-repository-and-architecture/REPOSITORY_INVENTORY.md; audit-output/01-repository-and-architecture/GOOGLE_AUTH_CODE_FLOW.md,Unconfirmed,Yes,Route exists in the source snapshot; module ownership and live deployment parity require WD verification.
Authentication,Implemented,/reset-password,src/app/(auth)/reset-password/page.tsx,src/app/(auth)/layout.tsx,ResetPasswordPage,ResetPasswordPage,None found in traced files,None found in traced files,None found in traced files,None found in traced page/import chain,None found in traced files,src/lib/supabase/client.ts,src/lib/supabase/client.ts: @supabase/ssr Supabase project createBrowserClient; src/app/(auth)/reset-password/page.tsx: supabase.auth Supabase Auth setSession; updateUser; signOut,Needs WD Verification - no direct table evidence found for this route,Needs WD Verification - no direct field-map row found in traced files,None found in traced files,None found in traced files,None found in traced files,Needs WD Verification,Needs WD Verification,Needs WD Verification,Yes - authentication entry/callback/session route,None found in traced files,Needs WD Verification - no matching dependency-matrix row,No duplicate/old route risk identified from supplied source; Needs WD Verification before deletion decisions.,src/app/(auth)/reset-password/page.tsx; src/app/(auth)/layout.tsx; audit-output/01-repository-and-architecture/REPOSITORY_INVENTORY.md; audit-output/01-repository-and-architecture/GOOGLE_AUTH_CODE_FLOW.md,Unconfirmed,Yes,Route exists in the source snapshot; module ownership and live deployment parity require WD verification.
Authentication,Implemented,/start,src/app/(auth)/start/page.tsx,src/app/(auth)/layout.tsx,AuthGateway,No distinct display/list component found in this route,None found in traced files,None found in traced files,None found in traced files,/api/auth/send-confirmation -> src/app/api/auth/send-confirmation/route.ts; /api/auth/create-user -> src/app/api/auth/create-user/route.ts; /api/check-user -> src/app/api/check-user/route.ts; /api/auth/send-reset -> src/app/api/auth/send-reset/route.ts; /api/profile -> src/app/api/profile/route.ts; /api/auth/google -> src/app/api/auth/google/route.ts,src/lib/services/userService.ts; src/lib/services/baseService.ts,src/lib/supabase/client.ts; src/lib/supabase/server.ts,src/lib/supabase/client.ts: @supabase/ssr Supabase project createBrowserClient; src/lib/supabase/server.ts: @supabase/ssr Supabase project createServerClient; src/lib/middleware/auth.middleware.ts: supabase.auth Supabase Auth getUser; src/app/(auth)/start/page.tsx: supabase.auth Supabase Auth signInWithPassword; getSession; signOut; src/app/api/profile/route.ts: supabase.auth Supabase Auth updateUser; src/app/api/auth/google/route.ts: supabase.auth Supabase Auth getSession; src/app/api/auth/send-confirmation/route.ts: supabaseAdmin.auth.admin Supabase Auth admin generateLink; src/app/api/auth/send-reset/route.ts: supabaseAdmin.auth.admin Supabase Auth admin generateLink; src/lib/services/userService.ts: supabaseAdmin.auth.admin Supabase Auth admin getUserById; updateUserById; deleteUser,users,Needs WD Verification - no direct field-map row found in traced files,None found in traced files,None found in traced files,None found in traced files,Needs WD Verification,Needs WD Verification,Needs WD Verification,Yes - authentication entry/callback/session route,None found in traced files,Needs WD Verification - no matching dependency-matrix row,No duplicate/old route risk identified from supplied source; Needs WD Verification before deletion decisions.,src/app/(auth)/start/page.tsx; src/app/(auth)/layout.tsx; src/app/api/auth/send-confirmation/route.ts; src/app/api/auth/create-user/route.ts; src/app/api/check-user/route.ts; src/app/api/auth/send-reset/route.ts; src/app/api/profile/route.ts; src/app/api/auth/google/route.ts; src/lib/services/userService.ts; src/lib/services/baseService.ts; audit-output/01-repository-and-architecture/REPOSITORY_INVENTORY.md; audit-output/01-repository-and-architecture/GOOGLE_AUTH_CODE_FLOW.md; audit-input/01-database-structure/schema.sql; audit-input/01-database-structure/database.types.ts; audit-output/03-prd-traceability/PRD_IMPLEMENTATION_TRACEABILITY.csv,Strong Evidence,Yes,Route exists in the source snapshot; module ownership and live deployment parity require WD verification.
Authentication,Implemented,/verify-email,src/app/(auth)/verify-email/page.tsx,src/app/(auth)/layout.tsx,No distinct form component found in this route,No distinct display/list component found in this route,None found in traced files,None found in traced files,None found in traced files,None found in traced page/import chain,None found in traced files,src/lib/supabase/client.ts,src/lib/supabase/client.ts: @supabase/ssr Supabase project createBrowserClient; src/app/(auth)/verify-email/VerifyEmailClient.tsx: supabase.auth Supabase Auth resend,Needs WD Verification - no direct table evidence found for this route,Needs WD Verification - no direct field-map row found in traced files,None found in traced files,None found in traced files,None found in traced files,Needs WD Verification,Needs WD Verification,Needs WD Verification,Yes - authentication entry/callback/session route,None found in traced files,Needs WD Verification - no matching dependency-matrix row,No duplicate/old route risk identified from supplied source; Needs WD Verification before deletion decisions.,src/app/(auth)/verify-email/page.tsx; src/app/(auth)/layout.tsx; audit-output/01-repository-and-architecture/REPOSITORY_INVENTORY.md; audit-output/01-repository-and-architecture/GOOGLE_AUTH_CODE_FLOW.md,Unconfirmed,Yes,Route exists in the source snapshot; module ownership and live deployment parity require WD verification.
Beej / Investments,Placeholder,/beej,src/app/(dashboard)/beej/page.tsx,src/app/(dashboard)/layout.tsx,No distinct form component found in this route,No distinct display/list component found in this route,None found in traced files,None found in traced files,src/components/providers/AuthProvider.tsx,None found in traced page/import chain,None found in traced files,No direct Supabase client import found in traced files,No direct .from/.select/.insert/.upsert/.update/.delete/.rpc/auth/storage evidence in traced files,investment_holdings (module-level dependency evidence; Needs WD Verification for this route),Needs WD Verification - no direct field-map row found in traced files,None found in traced files,None found in traced files,None found in traced files,No,Probable,Probable,Yes - src/app/(dashboard)/layout.tsx and src/lib/supabase/middleware.ts,src/components/layouts/DashboardLayout.tsx; src/components/layouts/BottomNav.tsx; src/components/shared/AlertToast.tsx; src/components/shared/GlobalTopRightMenu.tsx; src/components/shared/AuthSync.tsx; src/components/layouts/DesktopSidebar.tsx; src/components/layouts/DesktopRightPanel.tsx; src/components/ui/UserAvatar.tsx; src/components/providers/AuthProvider.tsx,Lakshya; Mitra; Succession; Rajya,No duplicate/old route risk identified from supplied source; Needs WD Verification before deletion decisions.,src/app/(dashboard)/beej/page.tsx; src/app/(dashboard)/layout.tsx; audit-output/02-database-and-dependencies/MODULE_DEPENDENCY_MATRIX.csv; audit-output/01-repository-and-architecture/REPOSITORY_INVENTORY.md; audit-output/01-repository-and-architecture/GOOGLE_AUTH_CODE_FLOW.md; audit-input/01-database-structure/schema.sql; audit-input/01-database-structure/database.types.ts; audit-input/02-existing-team-outputs/2026-07-19_MODULE_CRUD_TRACE.csv; audit-output/03-prd-traceability/PRD_IMPLEMENTATION_TRACEABILITY.csv,Probable,Yes,Prior module-level assessment: Placeholder only. This rebuilt row is route-level and does not treat prior Confirmed labels as human verification.
Bhoomi / Property,Partially Implemented,/bhoomi,src/app/(dashboard)/bhoomi/page.tsx,src/app/(dashboard)/layout.tsx,No distinct form component found in this route,BhoomiPage,ConfirmModal (src/components/ui/ConfirmModal.tsx); PageGuide (src/components/ui/PageGuide.tsx); VideoTutorialPlaceholder (src/components/ui/VideoTutorialPlaceholder.tsx),src/lib/stores/notificationStore.ts,src/components/providers/AuthProvider.tsx,/api/bhoomi/properties -> src/app/api/bhoomi/properties/route.ts; /api/bhoomi/properties/[id] -> src/app/api/bhoomi/properties/[id]/route.ts; /api/notifications -> src/app/api/notifications/route.ts; /api/notifications/[id] -> src/app/api/notifications/[id]/route.ts; /api/notifications/read-all -> src/app/api/notifications/read-all/route.ts; /api/google-drive/upload -> src/app/api/google-drive/upload/route.ts; /api/google-drive/download -> src/app/api/google-drive/download/route.ts,src/lib/services/bhoomiService.ts; src/lib/services/notificationService.ts; src/lib/services/baseService.ts,src/lib/supabase/server.ts,src/lib/supabase/server.ts: @supabase/ssr Supabase project createServerClient; src/lib/middleware/auth.middleware.ts: supabase.auth Supabase Auth getUser; src/app/api/google-drive/upload/route.ts: supabase.auth Supabase Auth getSession; src/app/api/google-drive/download/route.ts: supabase.auth Supabase Auth getSession,property_assets; users; insurance_policies; notifications; budget_plans; expense_entries; bank_accounts; subscriptions; identity_records; will_status; loan_accounts; goals; income_streams,Needs WD Verification - no direct field-map row found in traced files,src/lib/localVaultEngine.ts,None found in traced files,None found in traced files,Yes,Yes,Probable,Yes - src/app/(dashboard)/layout.tsx and src/lib/supabase/middleware.ts,src/components/ui/ConfirmModal.tsx; src/components/ui/PageGuide.tsx; src/components/ui/VideoTutorialPlaceholder.tsx; src/components/layouts/DashboardLayout.tsx; src/components/layouts/BottomNav.tsx; src/components/shared/AlertToast.tsx; src/components/shared/GlobalTopRightMenu.tsx; src/components/shared/AuthSync.tsx; src/components/layouts/DesktopSidebar.tsx; src/components/layouts/DesktopRightPanel.tsx; src/components/ui/UserAvatar.tsx; src/components/providers/AuthProvider.tsx,Rin; Mitra; Succession; Rajya,No duplicate/old route risk identified from supplied source; Needs WD Verification before deletion decisions.,src/app/(dashboard)/bhoomi/page.tsx; src/app/(dashboard)/layout.tsx; src/app/api/bhoomi/properties/route.ts; src/app/api/bhoomi/properties/[id]/route.ts; src/app/api/notifications/route.ts; src/app/api/notifications/[id]/route.ts; src/app/api/notifications/read-all/route.ts; src/app/api/google-drive/upload/route.ts; src/app/api/google-drive/download/route.ts; src/lib/services/bhoomiService.ts; src/lib/services/notificationService.ts; src/lib/services/baseService.ts; audit-output/02-database-and-dependencies/MODULE_DEPENDENCY_MATRIX.csv; audit-output/01-repository-and-architecture/REPOSITORY_INVENTORY.md; audit-output/01-repository-and-architecture/GOOGLE_AUTH_CODE_FLOW.md; audit-input/01-database-structure/schema.sql; +5 more,Strong Evidence,Yes,Prior module-level assessment: Functional CRUD exists but config marks module not implemented. This rebuilt row is route-level and does not treat prior Confirmed labels as human verification.
Bhoomi / Property,Partially Implemented,/bhoomi/[id]/edit,src/app/(dashboard)/bhoomi/[id]/edit/page.tsx,src/app/(dashboard)/layout.tsx,EditBhoomiPropertyPage; FileUploader,EditBhoomiPropertyPage,FileUploader (src/components/vault/FileUploader.tsx); ToastProvider (src/components/providers/ToastProvider.tsx),src/lib/stores/notificationStore.ts,src/components/providers/ToastProvider.tsx; src/components/providers/AuthProvider.tsx,/api/bhoomi/properties -> src/app/api/bhoomi/properties/route.ts; /api/loans -> src/app/api/loans/route.ts; /api/bhoomi/properties/[id] -> src/app/api/bhoomi/properties/[id]/route.ts; /api/notifications -> src/app/api/notifications/route.ts; /api/notifications/[id] -> src/app/api/notifications/[id]/route.ts; /api/notifications/read-all -> src/app/api/notifications/read-all/route.ts; /api/family -> src/app/api/family/route.ts; /api/google-drive/upload -> src/app/api/google-drive/upload/route.ts; /api/google-drive/download -> src/app/api/google-drive/download/route.ts,src/lib/services/bhoomiService.ts; src/lib/services/loanService.ts; src/lib/services/incomeService.ts; src/lib/services/notificationService.ts; src/lib/services/familyService.ts; src/lib/services/baseService.ts,src/lib/supabase/client.ts; src/lib/supabase/server.ts,src/lib/supabase/client.ts: @supabase/ssr Supabase project createBrowserClient; src/lib/supabase/server.ts: @supabase/ssr Supabase project createServerClient; src/lib/middleware/auth.middleware.ts: supabase.auth Supabase Auth getUser; src/components/vault/FileUploader.tsx: supabase.auth Supabase Auth getUser; src/components/vault/FileUploader.tsx: supabase.storage Dynamic bucket from folder prop .from(folder).upload; getPublicUrl; src/app/api/google-drive/upload/route.ts: supabase.auth Supabase Auth getSession; src/app/api/google-drive/download/route.ts: supabase.auth Supabase Auth getSession,users; property_assets; loan_accounts; income_streams; insurance_policies; notifications; budget_plans; expense_entries; bank_accounts; subscriptions; identity_records; will_status; goals; family_members,Needs WD Verification - no direct field-map row found in traced files,src/lib/localVaultEngine.ts,None found in traced files,None found in traced files,Yes,Yes,Probable,Yes - src/app/(dashboard)/layout.tsx and src/lib/supabase/middleware.ts,src/components/vault/FileUploader.tsx; src/components/providers/ToastProvider.tsx; src/components/layouts/DashboardLayout.tsx; src/components/layouts/BottomNav.tsx; src/components/shared/AlertToast.tsx; src/components/shared/GlobalTopRightMenu.tsx; src/components/shared/AuthSync.tsx; src/components/layouts/DesktopSidebar.tsx; src/components/layouts/DesktopRightPanel.tsx; src/components/ui/UserAvatar.tsx; src/components/providers/AuthProvider.tsx,Rin; Mitra; Succession; Rajya,"No duplicate/old route risk identified from supplied source; Needs WD Verification before deletion decisions. Static route-literal search found no reference outside the page file; dynamic navigation is possible, so linkage Needs WD Verification.",src/app/(dashboard)/bhoomi/[id]/edit/page.tsx; src/app/(dashboard)/layout.tsx; src/app/api/bhoomi/properties/route.ts; src/app/api/loans/route.ts; src/app/api/bhoomi/properties/[id]/route.ts; src/app/api/notifications/route.ts; src/app/api/notifications/[id]/route.ts; src/app/api/notifications/read-all/route.ts; src/app/api/family/route.ts; src/app/api/google-drive/upload/route.ts; src/app/api/google-drive/download/route.ts; src/lib/services/bhoomiService.ts; src/lib/services/loanService.ts; src/lib/services/incomeService.ts; src/lib/services/notificationService.ts; src/lib/services/familyService.ts; +10 more,Strong Evidence,Yes,Prior module-level assessment: Functional CRUD exists but config marks module not implemented. This rebuilt row is route-level and does not treat prior Confirmed labels as human verification.
Bhoomi / Property,Partially Implemented,/bhoomi/add,src/app/(dashboard)/bhoomi/add/page.tsx,src/app/(dashboard)/layout.tsx,AddBhoomiPropertyPage; FileUploader,AddBhoomiPropertyPage,FileUploader (src/components/vault/FileUploader.tsx); ToastProvider (src/components/providers/ToastProvider.tsx),None found in traced files,src/components/providers/ToastProvider.tsx; src/components/providers/AuthProvider.tsx,/api/loans -> src/app/api/loans/route.ts; /api/bhoomi/properties -> src/app/api/bhoomi/properties/route.ts; /api/family -> src/app/api/family/route.ts; /api/google-drive/upload -> src/app/api/google-drive/upload/route.ts; /api/google-drive/download -> src/app/api/google-drive/download/route.ts,src/lib/services/loanService.ts; src/lib/services/incomeService.ts; src/lib/services/bhoomiService.ts; src/lib/services/familyService.ts; src/lib/services/baseService.ts,src/lib/supabase/client.ts; src/lib/supabase/server.ts,src/lib/supabase/client.ts: @supabase/ssr Supabase project createBrowserClient; src/lib/supabase/server.ts: @supabase/ssr Supabase project createServerClient; src/lib/middleware/auth.middleware.ts: supabase.auth Supabase Auth getUser; src/components/vault/FileUploader.tsx: supabase.auth Supabase Auth getUser; src/components/vault/FileUploader.tsx: supabase.storage Dynamic bucket from folder prop .from(folder).upload; getPublicUrl; src/app/api/google-drive/upload/route.ts: supabase.auth Supabase Auth getSession; src/app/api/google-drive/download/route.ts: supabase.auth Supabase Auth getSession,users; loan_accounts; income_streams; property_assets; family_members,property_assets.address; property_assets.type; property_assets.ownershipType; property_assets.currentValue; property_assets.purchaseAmount; property_assets.purchaseDate; property_assets.linkedLoanId; property_assets.annualCosts; property_assets.rentalIncome; property_assets.vaultFileIds; property_assets.secretFieldId,src/lib/localVaultEngine.ts,None found in traced files,None found in traced files,Yes,Probable,Probable,Yes - src/app/(dashboard)/layout.tsx and src/lib/supabase/middleware.ts,src/components/vault/FileUploader.tsx; src/components/providers/ToastProvider.tsx; src/components/layouts/DashboardLayout.tsx; src/components/layouts/BottomNav.tsx; src/components/shared/AlertToast.tsx; src/components/shared/GlobalTopRightMenu.tsx; src/components/shared/AuthSync.tsx; src/components/layouts/DesktopSidebar.tsx; src/components/layouts/DesktopRightPanel.tsx; src/components/ui/UserAvatar.tsx; src/components/providers/AuthProvider.tsx,Rin; Mitra; Succession; Rajya,"No duplicate/old route risk identified from supplied source; Needs WD Verification before deletion decisions. Static route-literal search found no reference outside the page file; dynamic navigation is possible, so linkage Needs WD Verification.",src/app/(dashboard)/bhoomi/add/page.tsx; src/app/(dashboard)/layout.tsx; src/app/api/loans/route.ts; src/app/api/bhoomi/properties/route.ts; src/app/api/family/route.ts; src/app/api/google-drive/upload/route.ts; src/app/api/google-drive/download/route.ts; src/lib/services/loanService.ts; src/lib/services/incomeService.ts; src/lib/services/bhoomiService.ts; src/lib/services/familyService.ts; src/lib/services/baseService.ts; audit-output/02-database-and-dependencies/FRONTEND_DATABASE_FIELD_MAP.csv; audit-output/02-database-and-dependencies/MODULE_DEPENDENCY_MATRIX.csv; audit-output/01-repository-and-architecture/REPOSITORY_INVENTORY.md; audit-output/01-repository-and-architecture/GOOGLE_AUTH_CODE_FLOW.md; +6 more,Strong Evidence,Yes,Prior module-level assessment: Functional CRUD exists but config marks module not implemented. This rebuilt row is route-level and does not treat prior Confirmed labels as human verification.
Doot / Reminders,Partially Implemented,/doot,src/app/(dashboard)/doot/page.tsx,src/app/(dashboard)/layout.tsx,No distinct form component found in this route,NotificationsPage,None found in traced files,src/lib/stores/notificationStore.ts,src/components/providers/AuthProvider.tsx,/api/notifications -> src/app/api/notifications/route.ts; /api/notifications/[id] -> src/app/api/notifications/[id]/route.ts; /api/notifications/read-all -> src/app/api/notifications/read-all/route.ts,src/lib/services/notificationService.ts; src/lib/services/baseService.ts,src/lib/supabase/server.ts,src/lib/supabase/server.ts: @supabase/ssr Supabase project createServerClient; src/lib/middleware/auth.middleware.ts: supabase.auth Supabase Auth getUser,insurance_policies; notifications; budget_plans; expense_entries; bank_accounts; subscriptions; identity_records; will_status; loan_accounts; goals; users; income_streams,Needs WD Verification - no direct field-map row found in traced files,None found in traced files,None found in traced files,None found in traced files,Probable,Yes,Probable,Yes - src/app/(dashboard)/layout.tsx and src/lib/supabase/middleware.ts,src/components/layouts/DashboardLayout.tsx; src/components/layouts/BottomNav.tsx; src/components/shared/AlertToast.tsx; src/components/shared/GlobalTopRightMenu.tsx; src/components/shared/AuthSync.tsx; src/components/layouts/DesktopSidebar.tsx; src/components/layouts/DesktopRightPanel.tsx; src/components/ui/UserAvatar.tsx; src/components/providers/AuthProvider.tsx,All reminder-producing modules; Dashboard shell,No duplicate/old route risk identified from supplied source; Needs WD Verification before deletion decisions.,src/app/(dashboard)/doot/page.tsx; src/app/(dashboard)/layout.tsx; src/app/api/notifications/route.ts; src/app/api/notifications/[id]/route.ts; src/app/api/notifications/read-all/route.ts; src/lib/services/notificationService.ts; src/lib/services/baseService.ts; audit-output/02-database-and-dependencies/MODULE_DEPENDENCY_MATRIX.csv; audit-output/01-repository-and-architecture/REPOSITORY_INVENTORY.md; audit-output/01-repository-and-architecture/GOOGLE_AUTH_CODE_FLOW.md; audit-input/01-database-structure/schema.sql; audit-input/01-database-structure/database.types.ts; audit-input/02-existing-team-outputs/2026-07-19_MODULE_CRUD_TRACE.csv; audit-output/03-prd-traceability/PRD_IMPLEMENTATION_TRACEABILITY.csv,Strong Evidence,Yes,Prior module-level assessment: Functional local notification UI with config disabled and overlap with /notifications. This rebuilt row is route-level and does not treat prior Confirmed labels as human verification.
Granthagaar / Document Vault,Partially Implemented,/granthagaar,src/app/(dashboard)/granthagaar/page.tsx,src/app/(dashboard)/layout.tsx,FileUploader,VaultPage; CreditCard,FileUploader (src/components/vault/FileUploader.tsx); PageGuide (src/components/shared/PageGuide.tsx); TutorialCard (src/components/tutorials/TutorialCard.tsx); ToastProvider (src/components/providers/ToastProvider.tsx),None found in traced files,src/components/providers/ToastProvider.tsx; src/components/providers/AuthProvider.tsx,/api/family -> src/app/api/family/route.ts; /api/google-drive/upload -> src/app/api/google-drive/upload/route.ts; /api/google-drive/download -> src/app/api/google-drive/download/route.ts,src/lib/services/documentService.ts; src/lib/services/familyService.ts; src/lib/services/baseService.ts,src/lib/supabase/client.ts; src/lib/supabase/server.ts,src/lib/supabase/client.ts: @supabase/ssr Supabase project createBrowserClient; src/lib/supabase/server.ts: @supabase/ssr Supabase project createServerClient; src/lib/middleware/auth.middleware.ts: supabase.auth Supabase Auth getUser; src/components/vault/FileUploader.tsx: supabase.auth Supabase Auth getUser; src/components/vault/FileUploader.tsx: supabase.storage Dynamic bucket from folder prop .from(folder).upload; getPublicUrl; src/app/api/google-drive/upload/route.ts: supabase.auth Supabase Auth getSession; src/app/api/google-drive/download/route.ts: supabase.auth Supabase Auth getSession,users; family_members,Needs WD Verification - no direct field-map row found in traced files,src/lib/engines/localVaultEngine.ts; src/lib/localVaultEngine.ts,None found in traced files,None found in traced files,Yes,Probable,Probable,Yes - src/app/(dashboard)/layout.tsx and src/lib/supabase/middleware.ts,src/components/vault/FileUploader.tsx; src/components/shared/PageGuide.tsx; src/components/tutorials/TutorialCard.tsx; src/components/providers/ToastProvider.tsx; src/components/layouts/DashboardLayout.tsx; src/components/layouts/BottomNav.tsx; src/components/shared/AlertToast.tsx; src/components/shared/GlobalTopRightMenu.tsx; src/components/shared/AuthSync.tsx; src/components/layouts/DesktopSidebar.tsx; src/components/layouts/DesktopRightPanel.tsx; src/components/ui/UserAvatar.tsx; +1 more,All upload-capable modules,No duplicate/old route risk identified from supplied source; Needs WD Verification before deletion decisions.,src/app/(dashboard)/granthagaar/page.tsx; src/app/(dashboard)/layout.tsx; src/app/api/family/route.ts; src/app/api/google-drive/upload/route.ts; src/app/api/google-drive/download/route.ts; src/lib/services/documentService.ts; src/lib/services/familyService.ts; src/lib/services/baseService.ts; audit-output/02-database-and-dependencies/MODULE_DEPENDENCY_MATRIX.csv; audit-output/01-repository-and-architecture/REPOSITORY_INVENTORY.md; audit-output/01-repository-and-architecture/GOOGLE_AUTH_CODE_FLOW.md; audit-input/01-database-structure/schema.sql; audit-input/01-database-structure/database.types.ts; audit-input/02-existing-team-outputs/2026-07-19_MODULE_CRUD_TRACE.csv; audit-input/02-existing-team-outputs/PM_MODULE_INVENTORY.csv; audit-output/03-prd-traceability/PRD_IMPLEMENTATION_TRACEABILITY.csv,Strong Evidence,Yes,Prior module-level assessment: Functional local vault UI with config disabled and overlapping /vault implementation. This rebuilt row is route-level and does not treat prior Confirmed labels as human verification.
Kar / Tax and Compliance,Implemented,/kar,src/app/(dashboard)/kar/page.tsx,src/app/(dashboard)/layout.tsx,No distinct form component found in this route,KarPage,PageGuide (src/components/ui/PageGuide.tsx); VideoTutorialPlaceholder (src/components/ui/VideoTutorialPlaceholder.tsx),None found in traced files,src/components/providers/AuthProvider.tsx,/api/kar/insights -> src/app/api/kar/insights/route.ts; /api/kar/summary -> src/app/api/kar/summary/route.ts,src/lib/services/taxService.ts; src/lib/services/gstService.ts; src/lib/services/dinService.ts; src/lib/services/baseService.ts,src/lib/supabase/server.ts,src/lib/supabase/server.ts: @supabase/ssr Supabase project createServerClient; src/lib/middleware/auth.middleware.ts: supabase.auth Supabase Auth getUser,users,Needs WD Verification - no direct field-map row found in traced files,None found in traced files,None found in traced files,None found in traced files,Probable,Probable,Probable,Yes - src/app/(dashboard)/layout.tsx and src/lib/supabase/middleware.ts,src/components/ui/PageGuide.tsx; src/components/ui/VideoTutorialPlaceholder.tsx; src/components/layouts/DashboardLayout.tsx; src/components/layouts/BottomNav.tsx; src/components/shared/AlertToast.tsx; src/components/shared/GlobalTopRightMenu.tsx; src/components/shared/AuthSync.tsx; src/components/layouts/DesktopSidebar.tsx; src/components/layouts/DesktopRightPanel.tsx; src/components/ui/UserAvatar.tsx; src/components/providers/AuthProvider.tsx,Foundation profile; Rajya; Doot,No duplicate/old route risk identified from supplied source; Needs WD Verification before deletion decisions.,src/app/(dashboard)/kar/page.tsx; src/app/(dashboard)/layout.tsx; src/app/api/kar/insights/route.ts; src/app/api/kar/summary/route.ts; src/lib/services/taxService.ts; src/lib/services/gstService.ts; src/lib/services/dinService.ts; src/lib/services/baseService.ts; audit-output/02-database-and-dependencies/MODULE_DEPENDENCY_MATRIX.csv; audit-output/01-repository-and-architecture/REPOSITORY_INVENTORY.md; audit-output/01-repository-and-architecture/GOOGLE_AUTH_CODE_FLOW.md; audit-input/01-database-structure/schema.sql; audit-input/01-database-structure/database.types.ts; audit-input/02-existing-team-outputs/2026-07-19_MODULE_CRUD_TRACE.csv; audit-input/02-existing-team-outputs/PM_MODULE_INVENTORY.csv; audit-input/02-existing-team-outputs/PM_SCREEN_INVENTORY.csv; +1 more,Strong Evidence,Yes,Prior module-level assessment: Implemented. This rebuilt row is route-level and does not treat prior Confirmed labels as human verification.
Kar / Tax and Compliance,Implemented,/kar/din,src/app/(dashboard)/kar/din/page.tsx,src/app/(dashboard)/layout.tsx,FileUploader,DinPage,FileUploader (src/components/vault/FileUploader.tsx); ToastProvider (src/components/providers/ToastProvider.tsx),None found in traced files,src/components/providers/ToastProvider.tsx; src/components/providers/AuthProvider.tsx,/api/din/records -> src/app/api/din/records/route.ts; /api/din/records/[id] -> src/app/api/din/records/[id]/route.ts; /api/vault/download/[id] -> route file not matched; /api/family -> src/app/api/family/route.ts; /api/google-drive/upload -> src/app/api/google-drive/upload/route.ts; /api/google-drive/download -> src/app/api/google-drive/download/route.ts,src/lib/services/familyService.ts; src/lib/services/baseService.ts,src/lib/supabase/client.ts; src/lib/supabase/server.ts,src/lib/supabase/client.ts: @supabase/ssr Supabase project createBrowserClient; src/lib/supabase/server.ts: @supabase/ssr Supabase project createServerClient; src/lib/middleware/auth.middleware.ts: supabase.auth Supabase Auth getUser; src/components/vault/FileUploader.tsx: supabase.auth Supabase Auth getUser; src/components/vault/FileUploader.tsx: supabase.storage Dynamic bucket from folder prop .from(folder).upload; getPublicUrl; src/app/api/google-drive/upload/route.ts: supabase.auth Supabase Auth getSession; src/app/api/google-drive/download/route.ts: supabase.auth Supabase Auth getSession,din_records; users; family_members,Needs WD Verification - no direct field-map row found in traced files,src/lib/localVaultEngine.ts,None found in traced files,None found in traced files,Yes,Probable,Probable,Yes - src/app/(dashboard)/layout.tsx and src/lib/supabase/middleware.ts,src/components/vault/FileUploader.tsx; src/components/providers/ToastProvider.tsx; src/components/layouts/DashboardLayout.tsx; src/components/layouts/BottomNav.tsx; src/components/shared/AlertToast.tsx; src/components/shared/GlobalTopRightMenu.tsx; src/components/shared/AuthSync.tsx; src/components/layouts/DesktopSidebar.tsx; src/components/layouts/DesktopRightPanel.tsx; src/components/ui/UserAvatar.tsx; src/components/providers/AuthProvider.tsx,Foundation profile; Rajya; Doot,No duplicate/old route risk identified from supplied source; Needs WD Verification before deletion decisions.,src/app/(dashboard)/kar/din/page.tsx; src/app/(dashboard)/layout.tsx; src/app/api/din/records/route.ts; src/app/api/din/records/[id]/route.ts; src/app/api/family/route.ts; src/app/api/google-drive/upload/route.ts; src/app/api/google-drive/download/route.ts; src/lib/services/familyService.ts; src/lib/services/baseService.ts; audit-output/02-database-and-dependencies/MODULE_DEPENDENCY_MATRIX.csv; audit-output/01-repository-and-architecture/REPOSITORY_INVENTORY.md; audit-output/01-repository-and-architecture/GOOGLE_AUTH_CODE_FLOW.md; audit-input/01-database-structure/schema.sql; audit-input/01-database-structure/database.types.ts; audit-input/02-existing-team-outputs/2026-07-19_MODULE_CRUD_TRACE.csv; audit-input/02-existing-team-outputs/PM_MODULE_INVENTORY.csv; +2 more,Strong Evidence,Yes,Prior module-level assessment: Implemented. This rebuilt row is route-level and does not treat prior Confirmed labels as human verification.
Kar / Tax and Compliance,Implemented,/kar/din/[id]/edit,src/app/(dashboard)/kar/din/[id]/edit/page.tsx,src/app/(dashboard)/layout.tsx,EditDinPage; FileUploader,EditDinPage,FileUploader (src/components/vault/FileUploader.tsx); ToastProvider (src/components/providers/ToastProvider.tsx),None found in traced files,src/components/providers/ToastProvider.tsx; src/components/providers/AuthProvider.tsx,/api/din/records/[id] -> src/app/api/din/records/[id]/route.ts; /api/family -> src/app/api/family/route.ts; /api/google-drive/upload -> src/app/api/google-drive/upload/route.ts; /api/google-drive/download -> src/app/api/google-drive/download/route.ts,src/lib/services/familyService.ts; src/lib/services/baseService.ts,src/lib/supabase/client.ts; src/lib/supabase/server.ts,src/lib/supabase/client.ts: @supabase/ssr Supabase project createBrowserClient; src/lib/supabase/server.ts: @supabase/ssr Supabase project createServerClient; src/lib/middleware/auth.middleware.ts: supabase.auth Supabase Auth getUser; src/components/vault/FileUploader.tsx: supabase.auth Supabase Auth getUser; src/components/vault/FileUploader.tsx: supabase.storage Dynamic bucket from folder prop .from(folder).upload; getPublicUrl; src/app/api/google-drive/upload/route.ts: supabase.auth Supabase Auth getSession; src/app/api/google-drive/download/route.ts: supabase.auth Supabase Auth getSession,din_records; users; family_members,Needs WD Verification - no direct field-map row found in traced files,src/lib/localVaultEngine.ts,None found in traced files,None found in traced files,Yes,Probable,Probable,Yes - src/app/(dashboard)/layout.tsx and src/lib/supabase/middleware.ts,src/components/vault/FileUploader.tsx; src/components/providers/ToastProvider.tsx; src/components/layouts/DashboardLayout.tsx; src/components/layouts/BottomNav.tsx; src/components/shared/AlertToast.tsx; src/components/shared/GlobalTopRightMenu.tsx; src/components/shared/AuthSync.tsx; src/components/layouts/DesktopSidebar.tsx; src/components/layouts/DesktopRightPanel.tsx; src/components/ui/UserAvatar.tsx; src/components/providers/AuthProvider.tsx,Foundation profile; Rajya; Doot,"No duplicate/old route risk identified from supplied source; Needs WD Verification before deletion decisions. Static route-literal search found no reference outside the page file; dynamic navigation is possible, so linkage Needs WD Verification.",src/app/(dashboard)/kar/din/[id]/edit/page.tsx; src/app/(dashboard)/layout.tsx; src/app/api/din/records/[id]/route.ts; src/app/api/family/route.ts; src/app/api/google-drive/upload/route.ts; src/app/api/google-drive/download/route.ts; src/lib/services/familyService.ts; src/lib/services/baseService.ts; audit-output/02-database-and-dependencies/MODULE_DEPENDENCY_MATRIX.csv; audit-output/01-repository-and-architecture/REPOSITORY_INVENTORY.md; audit-output/01-repository-and-architecture/GOOGLE_AUTH_CODE_FLOW.md; audit-input/01-database-structure/schema.sql; audit-input/01-database-structure/database.types.ts; audit-input/02-existing-team-outputs/2026-07-19_MODULE_CRUD_TRACE.csv; audit-input/02-existing-team-outputs/PM_MODULE_INVENTORY.csv; audit-input/02-existing-team-outputs/PM_SCREEN_INVENTORY.csv; +1 more,Strong Evidence,Yes,Prior module-level assessment: Implemented. This rebuilt row is route-level and does not treat prior Confirmed labels as human verification.
Kar / Tax and Compliance,Implemented,/kar/din/new,src/app/(dashboard)/kar/din/new/page.tsx,src/app/(dashboard)/layout.tsx,NewDinPage; FileUploader,NewDinPage,FileUploader (src/components/vault/FileUploader.tsx); ToastProvider (src/components/providers/ToastProvider.tsx),None found in traced files,src/components/providers/ToastProvider.tsx; src/components/providers/AuthProvider.tsx,/api/din/records -> src/app/api/din/records/route.ts; /api/family -> src/app/api/family/route.ts; /api/google-drive/upload -> src/app/api/google-drive/upload/route.ts; /api/google-drive/download -> src/app/api/google-drive/download/route.ts,src/lib/services/familyService.ts; src/lib/services/baseService.ts,src/lib/supabase/client.ts; src/lib/supabase/server.ts,src/lib/supabase/client.ts: @supabase/ssr Supabase project createBrowserClient; src/lib/supabase/server.ts: @supabase/ssr Supabase project createServerClient; src/lib/middleware/auth.middleware.ts: supabase.auth Supabase Auth getUser; src/components/vault/FileUploader.tsx: supabase.auth Supabase Auth getUser; src/components/vault/FileUploader.tsx: supabase.storage Dynamic bucket from folder prop .from(folder).upload; getPublicUrl; src/app/api/google-drive/upload/route.ts: supabase.auth Supabase Auth getSession; src/app/api/google-drive/download/route.ts: supabase.auth Supabase Auth getSession,din_records; users; family_members,din_records.dinNumber; din_records.companyName; din_records.issueDate; din_records.expiryDate; din_records.dinKycStatus; din_records.dscExpiryDate; din_records.mcaFilingStatus; din_records.directorSince; din_records.status,src/lib/localVaultEngine.ts,None found in traced files,None found in traced files,Yes,Probable,Probable,Yes - src/app/(dashboard)/layout.tsx and src/lib/supabase/middleware.ts,src/components/vault/FileUploader.tsx; src/components/providers/ToastProvider.tsx; src/components/layouts/DashboardLayout.tsx; src/components/layouts/BottomNav.tsx; src/components/shared/AlertToast.tsx; src/components/shared/GlobalTopRightMenu.tsx; src/components/shared/AuthSync.tsx; src/components/layouts/DesktopSidebar.tsx; src/components/layouts/DesktopRightPanel.tsx; src/components/ui/UserAvatar.tsx; src/components/providers/AuthProvider.tsx,Foundation profile; Rajya; Doot,"No duplicate/old route risk identified from supplied source; Needs WD Verification before deletion decisions. Static route-literal search found no reference outside the page file; dynamic navigation is possible, so linkage Needs WD Verification.",src/app/(dashboard)/kar/din/new/page.tsx; src/app/(dashboard)/layout.tsx; src/app/api/din/records/route.ts; src/app/api/family/route.ts; src/app/api/google-drive/upload/route.ts; src/app/api/google-drive/download/route.ts; src/lib/services/familyService.ts; src/lib/services/baseService.ts; audit-output/02-database-and-dependencies/FRONTEND_DATABASE_FIELD_MAP.csv; audit-output/02-database-and-dependencies/MODULE_DEPENDENCY_MATRIX.csv; audit-output/01-repository-and-architecture/REPOSITORY_INVENTORY.md; audit-output/01-repository-and-architecture/GOOGLE_AUTH_CODE_FLOW.md; audit-input/01-database-structure/schema.sql; audit-input/01-database-structure/database.types.ts; audit-input/02-existing-team-outputs/2026-07-19_MODULE_CRUD_TRACE.csv; audit-input/02-existing-team-outputs/PM_MODULE_INVENTORY.csv; +2 more,Strong Evidence,Yes,Prior module-level assessment: Implemented. This rebuilt row is route-level and does not treat prior Confirmed labels as human verification.
Kar / Tax and Compliance,Implemented,/kar/gst,src/app/(dashboard)/kar/gst/page.tsx,src/app/(dashboard)/layout.tsx,FileUploader,GstPage,FileUploader (src/components/vault/FileUploader.tsx); ToastProvider (src/components/providers/ToastProvider.tsx),None found in traced files,src/components/providers/ToastProvider.tsx; src/components/providers/AuthProvider.tsx,/api/gst/records -> src/app/api/gst/records/route.ts; /api/gst/records/[id] -> src/app/api/gst/records/[id]/route.ts; /api/vault/download/[id] -> route file not matched; /api/family -> src/app/api/family/route.ts; /api/google-drive/upload -> src/app/api/google-drive/upload/route.ts; /api/google-drive/download -> src/app/api/google-drive/download/route.ts,src/lib/services/familyService.ts; src/lib/services/baseService.ts,src/lib/supabase/client.ts; src/lib/supabase/server.ts,src/lib/supabase/client.ts: @supabase/ssr Supabase project createBrowserClient; src/lib/supabase/server.ts: @supabase/ssr Supabase project createServerClient; src/lib/middleware/auth.middleware.ts: supabase.auth Supabase Auth getUser; src/components/vault/FileUploader.tsx: supabase.auth Supabase Auth getUser; src/components/vault/FileUploader.tsx: supabase.storage Dynamic bucket from folder prop .from(folder).upload; getPublicUrl; src/app/api/google-drive/upload/route.ts: supabase.auth Supabase Auth getSession; src/app/api/google-drive/download/route.ts: supabase.auth Supabase Auth getSession,gst_records; users; family_members,Needs WD Verification - no direct field-map row found in traced files,src/lib/localVaultEngine.ts,None found in traced files,None found in traced files,Yes,Probable,Probable,Yes - src/app/(dashboard)/layout.tsx and src/lib/supabase/middleware.ts,src/components/vault/FileUploader.tsx; src/components/providers/ToastProvider.tsx; src/components/layouts/DashboardLayout.tsx; src/components/layouts/BottomNav.tsx; src/components/shared/AlertToast.tsx; src/components/shared/GlobalTopRightMenu.tsx; src/components/shared/AuthSync.tsx; src/components/layouts/DesktopSidebar.tsx; src/components/layouts/DesktopRightPanel.tsx; src/components/ui/UserAvatar.tsx; src/components/providers/AuthProvider.tsx,Foundation profile; Rajya; Doot,No duplicate/old route risk identified from supplied source; Needs WD Verification before deletion decisions.,src/app/(dashboard)/kar/gst/page.tsx; src/app/(dashboard)/layout.tsx; src/app/api/gst/records/route.ts; src/app/api/gst/records/[id]/route.ts; src/app/api/family/route.ts; src/app/api/google-drive/upload/route.ts; src/app/api/google-drive/download/route.ts; src/lib/services/familyService.ts; src/lib/services/baseService.ts; audit-output/02-database-and-dependencies/MODULE_DEPENDENCY_MATRIX.csv; audit-output/01-repository-and-architecture/REPOSITORY_INVENTORY.md; audit-output/01-repository-and-architecture/GOOGLE_AUTH_CODE_FLOW.md; audit-input/01-database-structure/schema.sql; audit-input/01-database-structure/database.types.ts; audit-input/02-existing-team-outputs/2026-07-19_MODULE_CRUD_TRACE.csv; audit-input/02-existing-team-outputs/PM_MODULE_INVENTORY.csv; +2 more,Strong Evidence,Yes,Prior module-level assessment: Implemented. This rebuilt row is route-level and does not treat prior Confirmed labels as human verification.
Kar / Tax and Compliance,Implemented,/kar/gst/[id]/edit,src/app/(dashboard)/kar/gst/[id]/edit/page.tsx,src/app/(dashboard)/layout.tsx,EditGstPage; FileUploader,EditGstPage,FileUploader (src/components/vault/FileUploader.tsx); ToastProvider (src/components/providers/ToastProvider.tsx),None found in traced files,src/components/providers/ToastProvider.tsx; src/components/providers/AuthProvider.tsx,/api/gst/records/[id] -> src/app/api/gst/records/[id]/route.ts; /api/family -> src/app/api/family/route.ts; /api/google-drive/upload -> src/app/api/google-drive/upload/route.ts; /api/google-drive/download -> src/app/api/google-drive/download/route.ts,src/lib/services/familyService.ts; src/lib/services/baseService.ts,src/lib/supabase/client.ts; src/lib/supabase/server.ts,src/lib/supabase/client.ts: @supabase/ssr Supabase project createBrowserClient; src/lib/supabase/server.ts: @supabase/ssr Supabase project createServerClient; src/lib/middleware/auth.middleware.ts: supabase.auth Supabase Auth getUser; src/components/vault/FileUploader.tsx: supabase.auth Supabase Auth getUser; src/components/vault/FileUploader.tsx: supabase.storage Dynamic bucket from folder prop .from(folder).upload; getPublicUrl; src/app/api/google-drive/upload/route.ts: supabase.auth Supabase Auth getSession; src/app/api/google-drive/download/route.ts: supabase.auth Supabase Auth getSession,gst_records; users; family_members,Needs WD Verification - no direct field-map row found in traced files,src/lib/localVaultEngine.ts,None found in traced files,None found in traced files,Yes,Probable,Probable,Yes - src/app/(dashboard)/layout.tsx and src/lib/supabase/middleware.ts,src/components/vault/FileUploader.tsx; src/components/providers/ToastProvider.tsx; src/components/layouts/DashboardLayout.tsx; src/components/layouts/BottomNav.tsx; src/components/shared/AlertToast.tsx; src/components/shared/GlobalTopRightMenu.tsx; src/components/shared/AuthSync.tsx; src/components/layouts/DesktopSidebar.tsx; src/components/layouts/DesktopRightPanel.tsx; src/components/ui/UserAvatar.tsx; src/components/providers/AuthProvider.tsx,Foundation profile; Rajya; Doot,"No duplicate/old route risk identified from supplied source; Needs WD Verification before deletion decisions. Static route-literal search found no reference outside the page file; dynamic navigation is possible, so linkage Needs WD Verification.",src/app/(dashboard)/kar/gst/[id]/edit/page.tsx; src/app/(dashboard)/layout.tsx; src/app/api/gst/records/[id]/route.ts; src/app/api/family/route.ts; src/app/api/google-drive/upload/route.ts; src/app/api/google-drive/download/route.ts; src/lib/services/familyService.ts; src/lib/services/baseService.ts; audit-output/02-database-and-dependencies/MODULE_DEPENDENCY_MATRIX.csv; audit-output/01-repository-and-architecture/REPOSITORY_INVENTORY.md; audit-output/01-repository-and-architecture/GOOGLE_AUTH_CODE_FLOW.md; audit-input/01-database-structure/schema.sql; audit-input/01-database-structure/database.types.ts; audit-input/02-existing-team-outputs/2026-07-19_MODULE_CRUD_TRACE.csv; audit-input/02-existing-team-outputs/PM_MODULE_INVENTORY.csv; audit-input/02-existing-team-outputs/PM_SCREEN_INVENTORY.csv; +1 more,Strong Evidence,Yes,Prior module-level assessment: Implemented. This rebuilt row is route-level and does not treat prior Confirmed labels as human verification.
Kar / Tax and Compliance,Implemented,/kar/gst/new,src/app/(dashboard)/kar/gst/new/page.tsx,src/app/(dashboard)/layout.tsx,NewGstPage; FileUploader,NewGstPage,FileUploader (src/components/vault/FileUploader.tsx); ToastProvider (src/components/providers/ToastProvider.tsx),None found in traced files,src/components/providers/ToastProvider.tsx; src/components/providers/AuthProvider.tsx,/api/gst/records -> src/app/api/gst/records/route.ts; /api/family -> src/app/api/family/route.ts; /api/google-drive/upload -> src/app/api/google-drive/upload/route.ts; /api/google-drive/download -> src/app/api/google-drive/download/route.ts,src/lib/services/familyService.ts; src/lib/services/baseService.ts,src/lib/supabase/client.ts; src/lib/supabase/server.ts,src/lib/supabase/client.ts: @supabase/ssr Supabase project createBrowserClient; src/lib/supabase/server.ts: @supabase/ssr Supabase project createServerClient; src/lib/middleware/auth.middleware.ts: supabase.auth Supabase Auth getUser; src/components/vault/FileUploader.tsx: supabase.auth Supabase Auth getUser; src/components/vault/FileUploader.tsx: supabase.storage Dynamic bucket from folder prop .from(folder).upload; getPublicUrl; src/app/api/google-drive/upload/route.ts: supabase.auth Supabase Auth getSession; src/app/api/google-drive/download/route.ts: supabase.auth Supabase Auth getSession,gst_records; users; family_members,gst_records.gstin; gst_records.businessName; gst_records.filingFrequency; gst_records.lastFilingDate; gst_records.nextDueDate; gst_records.gstr1Filed; gst_records.gstr3bFiled; gst_records.annualReturnFiled; gst_records.status,src/lib/localVaultEngine.ts,None found in traced files,None found in traced files,Yes,Probable,Probable,Yes - src/app/(dashboard)/layout.tsx and src/lib/supabase/middleware.ts,src/components/vault/FileUploader.tsx; src/components/providers/ToastProvider.tsx; src/components/layouts/DashboardLayout.tsx; src/components/layouts/BottomNav.tsx; src/components/shared/AlertToast.tsx; src/components/shared/GlobalTopRightMenu.tsx; src/components/shared/AuthSync.tsx; src/components/layouts/DesktopSidebar.tsx; src/components/layouts/DesktopRightPanel.tsx; src/components/ui/UserAvatar.tsx; src/components/providers/AuthProvider.tsx,Foundation profile; Rajya; Doot,"No duplicate/old route risk identified from supplied source; Needs WD Verification before deletion decisions. Static route-literal search found no reference outside the page file; dynamic navigation is possible, so linkage Needs WD Verification.",src/app/(dashboard)/kar/gst/new/page.tsx; src/app/(dashboard)/layout.tsx; src/app/api/gst/records/route.ts; src/app/api/family/route.ts; src/app/api/google-drive/upload/route.ts; src/app/api/google-drive/download/route.ts; src/lib/services/familyService.ts; src/lib/services/baseService.ts; audit-output/02-database-and-dependencies/FRONTEND_DATABASE_FIELD_MAP.csv; audit-output/02-database-and-dependencies/MODULE_DEPENDENCY_MATRIX.csv; audit-output/01-repository-and-architecture/REPOSITORY_INVENTORY.md; audit-output/01-repository-and-architecture/GOOGLE_AUTH_CODE_FLOW.md; audit-input/01-database-structure/schema.sql; audit-input/01-database-structure/database.types.ts; audit-input/02-existing-team-outputs/2026-07-19_MODULE_CRUD_TRACE.csv; audit-input/02-existing-team-outputs/PM_MODULE_INVENTORY.csv; +2 more,Strong Evidence,Yes,Prior module-level assessment: Implemented. This rebuilt row is route-level and does not treat prior Confirmed labels as human verification.
Kar / Tax and Compliance,Implemented,/kar/itr,src/app/(dashboard)/kar/itr/page.tsx,src/app/(dashboard)/layout.tsx,No distinct form component found in this route,ItrPage,None found in traced files,None found in traced files,src/components/providers/AuthProvider.tsx,/api/tax/records -> src/app/api/tax/records/route.ts; /api/tax/records/[id] -> src/app/api/tax/records/[id]/route.ts; /api/vault/download/[id] -> route file not matched; /api/google-drive/upload -> src/app/api/google-drive/upload/route.ts; /api/google-drive/download -> src/app/api/google-drive/download/route.ts,None found in traced files,src/lib/supabase/server.ts,src/lib/supabase/server.ts: @supabase/ssr Supabase project createServerClient; src/lib/middleware/auth.middleware.ts: supabase.auth Supabase Auth getUser; src/app/api/google-drive/upload/route.ts: supabase.auth Supabase Auth getSession; src/app/api/google-drive/download/route.ts: supabase.auth Supabase Auth getSession,tax_records; users,Needs WD Verification - no direct field-map row found in traced files,src/lib/localVaultEngine.ts,None found in traced files,None found in traced files,Yes,Probable,Probable,Yes - src/app/(dashboard)/layout.tsx and src/lib/supabase/middleware.ts,src/components/layouts/DashboardLayout.tsx; src/components/layouts/BottomNav.tsx; src/components/shared/AlertToast.tsx; src/components/shared/GlobalTopRightMenu.tsx; src/components/shared/AuthSync.tsx; src/components/layouts/DesktopSidebar.tsx; src/components/layouts/DesktopRightPanel.tsx; src/components/ui/UserAvatar.tsx; src/components/providers/AuthProvider.tsx,Foundation profile; Rajya; Doot,No duplicate/old route risk identified from supplied source; Needs WD Verification before deletion decisions.,src/app/(dashboard)/kar/itr/page.tsx; src/app/(dashboard)/layout.tsx; src/app/api/tax/records/route.ts; src/app/api/tax/records/[id]/route.ts; src/app/api/google-drive/upload/route.ts; src/app/api/google-drive/download/route.ts; audit-output/02-database-and-dependencies/MODULE_DEPENDENCY_MATRIX.csv; audit-output/01-repository-and-architecture/REPOSITORY_INVENTORY.md; audit-output/01-repository-and-architecture/GOOGLE_AUTH_CODE_FLOW.md; audit-input/01-database-structure/schema.sql; audit-input/01-database-structure/database.types.ts; audit-input/02-existing-team-outputs/2026-07-19_MODULE_CRUD_TRACE.csv; audit-input/02-existing-team-outputs/PM_MODULE_INVENTORY.csv; audit-input/02-existing-team-outputs/PM_SCREEN_INVENTORY.csv; audit-output/03-prd-traceability/PRD_IMPLEMENTATION_TRACEABILITY.csv,Strong Evidence,Yes,Prior module-level assessment: Implemented. This rebuilt row is route-level and does not treat prior Confirmed labels as human verification.
Kar / Tax and Compliance,Implemented,/kar/itr/[id]/edit,src/app/(dashboard)/kar/itr/[id]/edit/page.tsx,src/app/(dashboard)/layout.tsx,EditItrPage; FileUploader,EditItrPage,FileUploader (src/components/vault/FileUploader.tsx); ToastProvider (src/components/providers/ToastProvider.tsx),None found in traced files,src/components/providers/ToastProvider.tsx; src/components/providers/AuthProvider.tsx,/api/tax/records/[id] -> src/app/api/tax/records/[id]/route.ts; /api/family -> src/app/api/family/route.ts; /api/google-drive/upload -> src/app/api/google-drive/upload/route.ts; /api/google-drive/download -> src/app/api/google-drive/download/route.ts,src/lib/services/familyService.ts; src/lib/services/baseService.ts,src/lib/supabase/client.ts; src/lib/supabase/server.ts,src/lib/supabase/client.ts: @supabase/ssr Supabase project createBrowserClient; src/lib/supabase/server.ts: @supabase/ssr Supabase project createServerClient; src/lib/middleware/auth.middleware.ts: supabase.auth Supabase Auth getUser; src/components/vault/FileUploader.tsx: supabase.auth Supabase Auth getUser; src/components/vault/FileUploader.tsx: supabase.storage Dynamic bucket from folder prop .from(folder).upload; getPublicUrl; src/app/api/google-drive/upload/route.ts: supabase.auth Supabase Auth getSession; src/app/api/google-drive/download/route.ts: supabase.auth Supabase Auth getSession,tax_records; users; family_members,Needs WD Verification - no direct field-map row found in traced files,src/lib/localVaultEngine.ts,None found in traced files,None found in traced files,Yes,Probable,Probable,Yes - src/app/(dashboard)/layout.tsx and src/lib/supabase/middleware.ts,src/components/vault/FileUploader.tsx; src/components/providers/ToastProvider.tsx; src/components/layouts/DashboardLayout.tsx; src/components/layouts/BottomNav.tsx; src/components/shared/AlertToast.tsx; src/components/shared/GlobalTopRightMenu.tsx; src/components/shared/AuthSync.tsx; src/components/layouts/DesktopSidebar.tsx; src/components/layouts/DesktopRightPanel.tsx; src/components/ui/UserAvatar.tsx; src/components/providers/AuthProvider.tsx,Foundation profile; Rajya; Doot,"No duplicate/old route risk identified from supplied source; Needs WD Verification before deletion decisions. Static route-literal search found no reference outside the page file; dynamic navigation is possible, so linkage Needs WD Verification.",src/app/(dashboard)/kar/itr/[id]/edit/page.tsx; src/app/(dashboard)/layout.tsx; src/app/api/tax/records/[id]/route.ts; src/app/api/family/route.ts; src/app/api/google-drive/upload/route.ts; src/app/api/google-drive/download/route.ts; src/lib/services/familyService.ts; src/lib/services/baseService.ts; audit-output/02-database-and-dependencies/MODULE_DEPENDENCY_MATRIX.csv; audit-output/01-repository-and-architecture/REPOSITORY_INVENTORY.md; audit-output/01-repository-and-architecture/GOOGLE_AUTH_CODE_FLOW.md; audit-input/01-database-structure/schema.sql; audit-input/01-database-structure/database.types.ts; audit-input/02-existing-team-outputs/2026-07-19_MODULE_CRUD_TRACE.csv; audit-input/02-existing-team-outputs/PM_MODULE_INVENTORY.csv; audit-input/02-existing-team-outputs/PM_SCREEN_INVENTORY.csv; +1 more,Strong Evidence,Yes,Prior module-level assessment: Implemented. This rebuilt row is route-level and does not treat prior Confirmed labels as human verification.
Kar / Tax and Compliance,Implemented,/kar/itr/new,src/app/(dashboard)/kar/itr/new/page.tsx,src/app/(dashboard)/layout.tsx,NewItrPage; FileUploader,NewItrPage,FileUploader (src/components/vault/FileUploader.tsx); ToastProvider (src/components/providers/ToastProvider.tsx),None found in traced files,src/components/providers/ToastProvider.tsx; src/components/providers/AuthProvider.tsx,/api/tax/records -> src/app/api/tax/records/route.ts; /api/family -> src/app/api/family/route.ts; /api/google-drive/upload -> src/app/api/google-drive/upload/route.ts; /api/google-drive/download -> src/app/api/google-drive/download/route.ts,src/lib/services/familyService.ts; src/lib/services/baseService.ts,src/lib/supabase/client.ts; src/lib/supabase/server.ts,src/lib/supabase/client.ts: @supabase/ssr Supabase project createBrowserClient; src/lib/supabase/server.ts: @supabase/ssr Supabase project createServerClient; src/lib/middleware/auth.middleware.ts: supabase.auth Supabase Auth getUser; src/components/vault/FileUploader.tsx: supabase.auth Supabase Auth getUser; src/components/vault/FileUploader.tsx: supabase.storage Dynamic bucket from folder prop .from(folder).upload; getPublicUrl; src/app/api/google-drive/upload/route.ts: supabase.auth Supabase Auth getSession; src/app/api/google-drive/download/route.ts: supabase.auth Supabase Auth getSession,tax_records; users; family_members,tax_records.assessmentYear; tax_records.financialYear; tax_records.status; tax_records.filingType; tax_records.filingDate; tax_records.taxDue; tax_records.taxPaid; tax_records.acknowledgementNumber; tax_records.documentUrl,src/lib/localVaultEngine.ts,None found in traced files,None found in traced files,Yes,Probable,Probable,Yes - src/app/(dashboard)/layout.tsx and src/lib/supabase/middleware.ts,src/components/vault/FileUploader.tsx; src/components/providers/ToastProvider.tsx; src/components/layouts/DashboardLayout.tsx; src/components/layouts/BottomNav.tsx; src/components/shared/AlertToast.tsx; src/components/shared/GlobalTopRightMenu.tsx; src/components/shared/AuthSync.tsx; src/components/layouts/DesktopSidebar.tsx; src/components/layouts/DesktopRightPanel.tsx; src/components/ui/UserAvatar.tsx; src/components/providers/AuthProvider.tsx,Foundation profile; Rajya; Doot,"No duplicate/old route risk identified from supplied source; Needs WD Verification before deletion decisions. Static route-literal search found no reference outside the page file; dynamic navigation is possible, so linkage Needs WD Verification.",src/app/(dashboard)/kar/itr/new/page.tsx; src/app/(dashboard)/layout.tsx; src/app/api/tax/records/route.ts; src/app/api/family/route.ts; src/app/api/google-drive/upload/route.ts; src/app/api/google-drive/download/route.ts; src/lib/services/familyService.ts; src/lib/services/baseService.ts; audit-output/02-database-and-dependencies/FRONTEND_DATABASE_FIELD_MAP.csv; audit-output/02-database-and-dependencies/MODULE_DEPENDENCY_MATRIX.csv; audit-output/01-repository-and-architecture/REPOSITORY_INVENTORY.md; audit-output/01-repository-and-architecture/GOOGLE_AUTH_CODE_FLOW.md; audit-input/01-database-structure/schema.sql; audit-input/01-database-structure/database.types.ts; audit-input/02-existing-team-outputs/2026-07-19_MODULE_CRUD_TRACE.csv; audit-input/02-existing-team-outputs/PM_MODULE_INVENTORY.csv; +2 more,Strong Evidence,Yes,Prior module-level assessment: Implemented. This rebuilt row is route-level and does not treat prior Confirmed labels as human verification.
Kosh / Income,Implemented,/kosh,src/app/(dashboard)/kosh/page.tsx,src/app/(dashboard)/layout.tsx,No distinct form component found in this route,KoshHub; BarChart3; TreasurySummaryCard,TreasurySummaryCard (src/components/treasury/TreasurySummaryCard.tsx); TreasuryMaturityBar (src/components/treasury/TreasuryMaturityBar.tsx); PageGuide (src/components/ui/PageGuide.tsx); VideoTutorialPlaceholder (src/components/ui/VideoTutorialPlaceholder.tsx); DependencyBadge (src/components/treasury/DependencyBadge.tsx),src/lib/incomeStore.ts,src/components/providers/AuthProvider.tsx,/api/income -> src/app/api/income/route.ts; /api/income/[id] -> src/app/api/income/[id]/route.ts,src/lib/services/incomeService.ts; src/lib/services/baseService.ts,src/lib/supabase/server.ts,src/lib/supabase/server.ts: @supabase/ssr Supabase project createServerClient; src/lib/middleware/auth.middleware.ts: supabase.auth Supabase Auth getUser,income_streams; users,Needs WD Verification - no direct field-map row found in traced files,None found in traced files,None found in traced files,None found in traced files,No,Probable,Probable,Yes - src/app/(dashboard)/layout.tsx and src/lib/supabase/middleware.ts,src/components/ui/PageGuide.tsx; src/components/ui/VideoTutorialPlaceholder.tsx; src/components/layouts/DashboardLayout.tsx; src/components/layouts/BottomNav.tsx; src/components/shared/AlertToast.tsx; src/components/shared/GlobalTopRightMenu.tsx; src/components/shared/AuthSync.tsx; src/components/layouts/DesktopSidebar.tsx; src/components/layouts/DesktopRightPanel.tsx; src/components/ui/UserAvatar.tsx; src/components/providers/AuthProvider.tsx,Foundation family; Khate; Rajya; Suchak; Vyaya; notifications,Parallel Kosh route/store family overlaps configured /kosh/sources flow; do not delete without WD decision.,src/app/(dashboard)/kosh/page.tsx; src/app/(dashboard)/layout.tsx; src/app/api/income/route.ts; src/app/api/income/[id]/route.ts; src/lib/services/incomeService.ts; src/lib/services/baseService.ts; audit-output/02-database-and-dependencies/MODULE_DEPENDENCY_MATRIX.csv; audit-output/01-repository-and-architecture/REPOSITORY_INVENTORY.md; audit-output/01-repository-and-architecture/GOOGLE_AUTH_CODE_FLOW.md; audit-output/01-repository-and-architecture/ARCHITECTURE_AND_COUPLING_RISKS.md; audit-input/01-database-structure/schema.sql; audit-input/01-database-structure/database.types.ts; audit-input/02-existing-team-outputs/2026-07-19_MODULE_CRUD_TRACE.csv; audit-input/02-existing-team-outputs/PM_MODULE_INVENTORY.csv; audit-input/02-existing-team-outputs/PM_SCREEN_INVENTORY.csv; audit-output/03-prd-traceability/PRD_IMPLEMENTATION_TRACEABILITY.csv,Strong Evidence,Yes,Prior module-level assessment: Implemented with parallel legacy and configured route families. This rebuilt row is route-level and does not treat prior Confirmed labels as human verification.
Kosh / Income,Implemented,/kosh/add,src/app/(dashboard)/kosh/add/page.tsx,src/app/(dashboard)/layout.tsx,AddIncomePage; NumberInputRupee,AddIncomePage,IncomeTypeChips (src/components/treasury/IncomeTypeChips.tsx); NumberInputRupee (src/components/treasury/NumberInputRupee.tsx); VideoTutorialPlaceholder (src/components/ui/VideoTutorialPlaceholder.tsx),src/lib/incomeStore.ts; src/lib/bankStore.ts; src/lib/expenseStore.ts,src/components/providers/AuthProvider.tsx,/api/bank -> src/app/api/bank/route.ts; /api/income -> src/app/api/income/route.ts; /api/income/[id] -> src/app/api/income/[id]/route.ts; /api/expense-categories -> src/app/api/expense-categories/route.ts; /api/expenses -> src/app/api/expenses/route.ts; /api/expenses/[id] -> src/app/api/expenses/[id]/route.ts; /api/subscriptions -> src/app/api/subscriptions/route.ts; /api/subscriptions/[id] -> src/app/api/subscriptions/[id]/route.ts; /api/budget -> src/app/api/budget/route.ts,src/lib/bankApi.ts; src/lib/services/bankService.ts; src/lib/services/incomeService.ts; src/lib/services/expenseService.ts; src/lib/services/expenseCategoryService.ts; src/lib/services/subscriptionService.ts; src/lib/services/budgetService.ts; src/lib/services/baseService.ts,src/lib/supabase/server.ts,src/lib/supabase/server.ts: @supabase/ssr Supabase project createServerClient; src/lib/middleware/auth.middleware.ts: supabase.auth Supabase Auth getUser,cash_wallets; bank_accounts; income_streams; expense_entries; users; expense_categories; subscriptions; budget_plans,Needs WD Verification - no direct field-map row found in traced files,None found in traced files,None found in traced files,None found in traced files,No,Probable,Probable,Yes - src/app/(dashboard)/layout.tsx and src/lib/supabase/middleware.ts,src/components/treasury/IncomeTypeChips.tsx; src/components/treasury/NumberInputRupee.tsx; src/components/ui/VideoTutorialPlaceholder.tsx; src/components/layouts/DashboardLayout.tsx; src/components/layouts/BottomNav.tsx; src/components/shared/AlertToast.tsx; src/components/shared/GlobalTopRightMenu.tsx; src/components/shared/AuthSync.tsx; src/components/layouts/DesktopSidebar.tsx; src/components/layouts/DesktopRightPanel.tsx; src/components/ui/UserAvatar.tsx; src/components/providers/AuthProvider.tsx,Foundation family; Khate; Rajya; Suchak; Vyaya; notifications,Parallel Kosh route/store family overlaps configured /kosh/sources flow; do not delete without WD decision.,src/app/(dashboard)/kosh/add/page.tsx; src/app/(dashboard)/layout.tsx; src/app/api/bank/route.ts; src/app/api/income/route.ts; src/app/api/income/[id]/route.ts; src/app/api/expense-categories/route.ts; src/app/api/expenses/route.ts; src/app/api/expenses/[id]/route.ts; src/app/api/subscriptions/route.ts; src/app/api/subscriptions/[id]/route.ts; src/app/api/budget/route.ts; src/lib/bankApi.ts; src/lib/services/bankService.ts; src/lib/services/incomeService.ts; src/lib/services/expenseService.ts; src/lib/services/expenseCategoryService.ts; +13 more,Strong Evidence,Yes,Prior module-level assessment: Implemented with parallel legacy and configured route families. This rebuilt row is route-level and does not treat prior Confirmed labels as human verification.
Kosh / Income,Implemented,/kosh/analytics,src/app/(dashboard)/kosh/analytics/page.tsx,src/app/(dashboard)/layout.tsx,formatRupee,AnalyticsPage; DependencyBadge,DependencyBadge (src/components/treasury/DependencyBadge.tsx); PageGuide (src/components/ui/PageGuide.tsx); VideoTutorialPlaceholder (src/components/ui/VideoTutorialPlaceholder.tsx),src/lib/incomeStore.ts,src/components/providers/AuthProvider.tsx,/api/family -> src/app/api/family/route.ts; /api/income -> src/app/api/income/route.ts; /api/income/[id] -> src/app/api/income/[id]/route.ts,src/lib/services/familyService.ts; src/lib/services/incomeService.ts; src/lib/services/baseService.ts,src/lib/supabase/server.ts,src/lib/supabase/server.ts: @supabase/ssr Supabase project createServerClient; src/lib/middleware/auth.middleware.ts: supabase.auth Supabase Auth getUser,users; family_members; income_streams,Needs WD Verification - no direct field-map row found in traced files,None found in traced files,None found in traced files,src/app/(dashboard)/kosh/analytics/page.tsx,No,Probable,Probable,Yes - src/app/(dashboard)/layout.tsx and src/lib/supabase/middleware.ts,src/components/ui/PageGuide.tsx; src/components/ui/VideoTutorialPlaceholder.tsx; src/components/layouts/DashboardLayout.tsx; src/components/layouts/BottomNav.tsx; src/components/shared/AlertToast.tsx; src/components/shared/GlobalTopRightMenu.tsx; src/components/shared/AuthSync.tsx; src/components/layouts/DesktopSidebar.tsx; src/components/layouts/DesktopRightPanel.tsx; src/components/ui/UserAvatar.tsx; src/components/providers/AuthProvider.tsx,Foundation family; Khate; Rajya; Suchak; Vyaya; notifications,"No duplicate/old route risk identified from supplied source; Needs WD Verification before deletion decisions. Static route-literal search found no reference outside the page file; dynamic navigation is possible, so linkage Needs WD Verification.",src/app/(dashboard)/kosh/analytics/page.tsx; src/app/(dashboard)/layout.tsx; src/app/api/family/route.ts; src/app/api/income/route.ts; src/app/api/income/[id]/route.ts; src/lib/services/familyService.ts; src/lib/services/incomeService.ts; src/lib/services/baseService.ts; audit-output/02-database-and-dependencies/MODULE_DEPENDENCY_MATRIX.csv; audit-output/01-repository-and-architecture/REPOSITORY_INVENTORY.md; audit-output/01-repository-and-architecture/GOOGLE_AUTH_CODE_FLOW.md; audit-input/01-database-structure/schema.sql; audit-input/01-database-structure/database.types.ts; audit-input/02-existing-team-outputs/2026-07-19_MODULE_CRUD_TRACE.csv; audit-input/02-existing-team-outputs/PM_MODULE_INVENTORY.csv; audit-input/02-existing-team-outputs/PM_SCREEN_INVENTORY.csv; +1 more,Strong Evidence,Yes,Prior module-level assessment: Implemented with parallel legacy and configured route families. This rebuilt row is route-level and does not treat prior Confirmed labels as human verification.
Kosh / Income,Implemented,/kosh/dependency,src/app/(dashboard)/kosh/dependency/page.tsx,src/app/(dashboard)/layout.tsx,formatRupee; NumberInputRupee,DisposablePage,NumberInputRupee (src/components/shared/NumberInputRupee.tsx); PageGuide (src/components/shared/PageGuide.tsx); TutorialCard (src/components/tutorials/TutorialCard.tsx),src/lib/stores/incomeStore.ts,src/components/providers/AuthProvider.tsx,/api/income -> src/app/api/income/route.ts; /api/income/[id] -> src/app/api/income/[id]/route.ts,src/lib/services/incomeService.ts; src/lib/services/baseService.ts,src/lib/supabase/server.ts,src/lib/supabase/server.ts: @supabase/ssr Supabase project createServerClient; src/lib/middleware/auth.middleware.ts: supabase.auth Supabase Auth getUser,income_streams; users,Needs WD Verification - no direct field-map row found in traced files,None found in traced files,None found in traced files,None found in traced files,No,Probable,Probable,Yes - src/app/(dashboard)/layout.tsx and src/lib/supabase/middleware.ts,src/components/shared/NumberInputRupee.tsx; src/components/shared/PageGuide.tsx; src/components/tutorials/TutorialCard.tsx; src/components/layouts/DashboardLayout.tsx; src/components/layouts/BottomNav.tsx; src/components/shared/AlertToast.tsx; src/components/shared/GlobalTopRightMenu.tsx; src/components/shared/AuthSync.tsx; src/components/layouts/DesktopSidebar.tsx; src/components/layouts/DesktopRightPanel.tsx; src/components/ui/UserAvatar.tsx; src/components/providers/AuthProvider.tsx,Foundation family; Khate; Rajya; Suchak; Vyaya; notifications,"No duplicate/old route risk identified from supplied source; Needs WD Verification before deletion decisions. Static route-literal search found no reference outside the page file; dynamic navigation is possible, so linkage Needs WD Verification.",src/app/(dashboard)/kosh/dependency/page.tsx; src/app/(dashboard)/layout.tsx; src/app/api/income/route.ts; src/app/api/income/[id]/route.ts; src/lib/services/incomeService.ts; src/lib/services/baseService.ts; audit-output/02-database-and-dependencies/MODULE_DEPENDENCY_MATRIX.csv; audit-output/01-repository-and-architecture/REPOSITORY_INVENTORY.md; audit-output/01-repository-and-architecture/GOOGLE_AUTH_CODE_FLOW.md; audit-input/01-database-structure/schema.sql; audit-input/01-database-structure/database.types.ts; audit-input/02-existing-team-outputs/2026-07-19_MODULE_CRUD_TRACE.csv; audit-input/02-existing-team-outputs/PM_MODULE_INVENTORY.csv; audit-input/02-existing-team-outputs/PM_SCREEN_INVENTORY.csv; audit-output/03-prd-traceability/PRD_IMPLEMENTATION_TRACEABILITY.csv,Strong Evidence,Yes,Prior module-level assessment: Implemented with parallel legacy and configured route families. This rebuilt row is route-level and does not treat prior Confirmed labels as human verification.
Kosh / Income,Implemented,/kosh/disposable,src/app/(dashboard)/kosh/disposable/page.tsx,src/app/(dashboard)/layout.tsx,formatRupee; NumberInputRupee,DisposablePage,NumberInputRupee (src/components/treasury/NumberInputRupee.tsx); PageGuide (src/components/ui/PageGuide.tsx); VideoTutorialPlaceholder (src/components/ui/VideoTutorialPlaceholder.tsx),src/lib/incomeStore.ts; src/lib/expenseStore.ts,src/components/providers/AuthProvider.tsx,/api/income -> src/app/api/income/route.ts; /api/income/[id] -> src/app/api/income/[id]/route.ts; /api/expense-categories -> src/app/api/expense-categories/route.ts; /api/expenses -> src/app/api/expenses/route.ts; /api/expenses/[id] -> src/app/api/expenses/[id]/route.ts; /api/subscriptions -> src/app/api/subscriptions/route.ts; /api/subscriptions/[id] -> src/app/api/subscriptions/[id]/route.ts; /api/budget -> src/app/api/budget/route.ts,src/lib/services/incomeService.ts; src/lib/services/expenseCategoryService.ts; src/lib/services/expenseService.ts; src/lib/services/subscriptionService.ts; src/lib/services/budgetService.ts; src/lib/services/baseService.ts,src/lib/supabase/server.ts,src/lib/supabase/server.ts: @supabase/ssr Supabase project createServerClient; src/lib/middleware/auth.middleware.ts: supabase.auth Supabase Auth getUser,income_streams; users; expense_categories; expense_entries; subscriptions; budget_plans,Needs WD Verification - no direct field-map row found in traced files,None found in traced files,None found in traced files,None found in traced files,No,Probable,Probable,Yes - src/app/(dashboard)/layout.tsx and src/lib/supabase/middleware.ts,src/components/treasury/NumberInputRupee.tsx; src/components/ui/PageGuide.tsx; src/components/ui/VideoTutorialPlaceholder.tsx; src/components/layouts/DashboardLayout.tsx; src/components/layouts/BottomNav.tsx; src/components/shared/AlertToast.tsx; src/components/shared/GlobalTopRightMenu.tsx; src/components/shared/AuthSync.tsx; src/components/layouts/DesktopSidebar.tsx; src/components/layouts/DesktopRightPanel.tsx; src/components/ui/UserAvatar.tsx; src/components/providers/AuthProvider.tsx,Foundation family; Khate; Rajya; Suchak; Vyaya; notifications,"No duplicate/old route risk identified from supplied source; Needs WD Verification before deletion decisions. Static route-literal search found no reference outside the page file; dynamic navigation is possible, so linkage Needs WD Verification.",src/app/(dashboard)/kosh/disposable/page.tsx; src/app/(dashboard)/layout.tsx; src/app/api/income/route.ts; src/app/api/income/[id]/route.ts; src/app/api/expense-categories/route.ts; src/app/api/expenses/route.ts; src/app/api/expenses/[id]/route.ts; src/app/api/subscriptions/route.ts; src/app/api/subscriptions/[id]/route.ts; src/app/api/budget/route.ts; src/lib/services/incomeService.ts; src/lib/services/expenseCategoryService.ts; src/lib/services/expenseService.ts; src/lib/services/subscriptionService.ts; src/lib/services/budgetService.ts; src/lib/services/baseService.ts; +9 more,Strong Evidence,Yes,Prior module-level assessment: Implemented with parallel legacy and configured route families. This rebuilt row is route-level and does not treat prior Confirmed labels as human verification.
Kosh / Income,Implemented,/kosh/income,src/app/(dashboard)/kosh/income/page.tsx,src/app/(dashboard)/layout.tsx,No distinct form component found in this route,IncomeRegistryPage; ChaturangaBoard; IncomeCard,ChaturangaBoard (src/components/treasury/ChaturangaBoard.tsx); IncomeCard (src/components/treasury/IncomeCard.tsx); PageGuide (src/components/ui/PageGuide.tsx); ToastProvider (src/components/providers/ToastProvider.tsx),src/lib/incomeStore.ts,src/components/providers/ToastProvider.tsx; src/components/providers/AuthProvider.tsx,/api/income -> src/app/api/income/route.ts; /api/income/[id] -> src/app/api/income/[id]/route.ts,src/lib/services/incomeService.ts; src/lib/services/baseService.ts,src/lib/supabase/server.ts,src/lib/supabase/server.ts: @supabase/ssr Supabase project createServerClient; src/lib/middleware/auth.middleware.ts: supabase.auth Supabase Auth getUser,income_streams; users,Needs WD Verification - no direct field-map row found in traced files,None found in traced files,None found in traced files,None found in traced files,No,Probable,Probable,Yes - src/app/(dashboard)/layout.tsx and src/lib/supabase/middleware.ts,src/components/ui/PageGuide.tsx; src/components/providers/ToastProvider.tsx; src/components/layouts/DashboardLayout.tsx; src/components/layouts/BottomNav.tsx; src/components/shared/AlertToast.tsx; src/components/shared/GlobalTopRightMenu.tsx; src/components/shared/AuthSync.tsx; src/components/layouts/DesktopSidebar.tsx; src/components/layouts/DesktopRightPanel.tsx; src/components/ui/UserAvatar.tsx; src/components/providers/AuthProvider.tsx,Foundation family; Khate; Rajya; Suchak; Vyaya; notifications,Parallel Kosh route/store family overlaps configured /kosh/sources flow; do not delete without WD decision.,src/app/(dashboard)/kosh/income/page.tsx; src/app/(dashboard)/layout.tsx; src/app/api/income/route.ts; src/app/api/income/[id]/route.ts; src/lib/services/incomeService.ts; src/lib/services/baseService.ts; audit-output/02-database-and-dependencies/MODULE_DEPENDENCY_MATRIX.csv; audit-output/01-repository-and-architecture/REPOSITORY_INVENTORY.md; audit-output/01-repository-and-architecture/GOOGLE_AUTH_CODE_FLOW.md; audit-output/01-repository-and-architecture/ARCHITECTURE_AND_COUPLING_RISKS.md; audit-input/01-database-structure/schema.sql; audit-input/01-database-structure/database.types.ts; audit-input/02-existing-team-outputs/2026-07-19_MODULE_CRUD_TRACE.csv; audit-input/02-existing-team-outputs/PM_MODULE_INVENTORY.csv; audit-input/02-existing-team-outputs/PM_SCREEN_INVENTORY.csv; audit-output/03-prd-traceability/PRD_IMPLEMENTATION_TRACEABILITY.csv,Strong Evidence,Yes,Prior module-level assessment: Implemented with parallel legacy and configured route families. This rebuilt row is route-level and does not treat prior Confirmed labels as human verification.
Kosh / Income,Implemented,/kosh/income/[id]/edit,src/app/(dashboard)/kosh/income/[id]/edit/page.tsx,src/app/(dashboard)/layout.tsx,EditIncomePage; NumberInputRupee,EditIncomePage,IncomeTypeChips (src/components/treasury/IncomeTypeChips.tsx); NumberInputRupee (src/components/treasury/NumberInputRupee.tsx); VideoTutorialPlaceholder (src/components/ui/VideoTutorialPlaceholder.tsx); ToastProvider (src/components/providers/ToastProvider.tsx),src/lib/incomeStore.ts; src/lib/bankStore.ts; src/lib/expenseStore.ts,src/components/providers/ToastProvider.tsx; src/components/providers/AuthProvider.tsx,/api/bank -> src/app/api/bank/route.ts; /api/income -> src/app/api/income/route.ts; /api/income/[id] -> src/app/api/income/[id]/route.ts; /api/expense-categories -> src/app/api/expense-categories/route.ts; /api/expenses -> src/app/api/expenses/route.ts; /api/expenses/[id] -> src/app/api/expenses/[id]/route.ts; /api/subscriptions -> src/app/api/subscriptions/route.ts; /api/subscriptions/[id] -> src/app/api/subscriptions/[id]/route.ts; /api/budget -> src/app/api/budget/route.ts,src/lib/bankApi.ts; src/lib/services/bankService.ts; src/lib/services/incomeService.ts; src/lib/services/expenseService.ts; src/lib/services/expenseCategoryService.ts; src/lib/services/subscriptionService.ts; src/lib/services/budgetService.ts; src/lib/services/baseService.ts,src/lib/supabase/server.ts,src/lib/supabase/server.ts: @supabase/ssr Supabase project createServerClient; src/lib/middleware/auth.middleware.ts: supabase.auth Supabase Auth getUser,cash_wallets; bank_accounts; income_streams; expense_entries; users; expense_categories; subscriptions; budget_plans,Needs WD Verification - no direct field-map row found in traced files,None found in traced files,None found in traced files,None found in traced files,No,Probable,Probable,Yes - src/app/(dashboard)/layout.tsx and src/lib/supabase/middleware.ts,src/components/treasury/IncomeTypeChips.tsx; src/components/treasury/NumberInputRupee.tsx; src/components/ui/VideoTutorialPlaceholder.tsx; src/components/providers/ToastProvider.tsx; src/components/layouts/DashboardLayout.tsx; src/components/layouts/BottomNav.tsx; src/components/shared/AlertToast.tsx; src/components/shared/GlobalTopRightMenu.tsx; src/components/shared/AuthSync.tsx; src/components/layouts/DesktopSidebar.tsx; src/components/layouts/DesktopRightPanel.tsx; src/components/ui/UserAvatar.tsx; +1 more,Foundation family; Khate; Rajya; Suchak; Vyaya; notifications,"Parallel Kosh route/store family overlaps configured /kosh/sources flow; do not delete without WD decision. Static route-literal search found no reference outside the page file; dynamic navigation is possible, so linkage Needs WD Verification.",src/app/(dashboard)/kosh/income/[id]/edit/page.tsx; src/app/(dashboard)/layout.tsx; src/app/api/bank/route.ts; src/app/api/income/route.ts; src/app/api/income/[id]/route.ts; src/app/api/expense-categories/route.ts; src/app/api/expenses/route.ts; src/app/api/expenses/[id]/route.ts; src/app/api/subscriptions/route.ts; src/app/api/subscriptions/[id]/route.ts; src/app/api/budget/route.ts; src/lib/bankApi.ts; src/lib/services/bankService.ts; src/lib/services/incomeService.ts; src/lib/services/expenseService.ts; src/lib/services/expenseCategoryService.ts; +13 more,Strong Evidence,Yes,Prior module-level assessment: Implemented with parallel legacy and configured route families. This rebuilt row is route-level and does not treat prior Confirmed labels as human verification.
Kosh / Income,Implemented,/kosh/record/[id],src/app/(dashboard)/kosh/record/[id]/page.tsx,src/app/(dashboard)/layout.tsx,formatRupee; NumberInputRupee,RecordDetailPage,NumberInputRupee (src/components/treasury/NumberInputRupee.tsx),src/lib/incomeStore.ts,src/components/providers/AuthProvider.tsx,/api/income -> src/app/api/income/route.ts; /api/income/[id] -> src/app/api/income/[id]/route.ts,src/lib/services/incomeService.ts; src/lib/services/baseService.ts,src/lib/supabase/server.ts,src/lib/supabase/server.ts: @supabase/ssr Supabase project createServerClient; src/lib/middleware/auth.middleware.ts: supabase.auth Supabase Auth getUser,income_streams; users,Needs WD Verification - no direct field-map row found in traced files,None found in traced files,None found in traced files,None found in traced files,No,Probable,Probable,Yes - src/app/(dashboard)/layout.tsx and src/lib/supabase/middleware.ts,src/components/treasury/NumberInputRupee.tsx; src/components/layouts/DashboardLayout.tsx; src/components/layouts/BottomNav.tsx; src/components/shared/AlertToast.tsx; src/components/shared/GlobalTopRightMenu.tsx; src/components/shared/AuthSync.tsx; src/components/layouts/DesktopSidebar.tsx; src/components/layouts/DesktopRightPanel.tsx; src/components/ui/UserAvatar.tsx; src/components/providers/AuthProvider.tsx,Foundation family; Khate; Rajya; Suchak; Vyaya; notifications,"No duplicate/old route risk identified from supplied source; Needs WD Verification before deletion decisions. Static route-literal search found no reference outside the page file; dynamic navigation is possible, so linkage Needs WD Verification.",src/app/(dashboard)/kosh/record/[id]/page.tsx; src/app/(dashboard)/layout.tsx; src/app/api/income/route.ts; src/app/api/income/[id]/route.ts; src/lib/services/incomeService.ts; src/lib/services/baseService.ts; audit-output/02-database-and-dependencies/MODULE_DEPENDENCY_MATRIX.csv; audit-output/01-repository-and-architecture/REPOSITORY_INVENTORY.md; audit-output/01-repository-and-architecture/GOOGLE_AUTH_CODE_FLOW.md; audit-input/01-database-structure/schema.sql; audit-input/01-database-structure/database.types.ts; audit-input/02-existing-team-outputs/2026-07-19_MODULE_CRUD_TRACE.csv; audit-input/02-existing-team-outputs/PM_MODULE_INVENTORY.csv; audit-input/02-existing-team-outputs/PM_SCREEN_INVENTORY.csv; audit-output/03-prd-traceability/PRD_IMPLEMENTATION_TRACEABILITY.csv,Strong Evidence,Yes,Prior module-level assessment: Implemented with parallel legacy and configured route families. This rebuilt row is route-level and does not treat prior Confirmed labels as human verification.
Kosh / Income,Implemented,/kosh/sources,src/app/(dashboard)/kosh/sources/page.tsx,src/app/(dashboard)/layout.tsx,No distinct form component found in this route,KoshHub; BarChart3; TreasurySummaryCard,TreasurySummaryCard (src/components/cards/TreasurySummaryCard.tsx); TreasuryMaturityBar (src/components/cards/TreasuryMaturityBar.tsx); PageGuide (src/components/shared/PageGuide.tsx); TutorialCard (src/components/tutorials/TutorialCard.tsx); DependencyBadge (src/components/cards/DependencyBadge.tsx),src/lib/stores/incomeStore.ts,src/components/providers/AuthProvider.tsx,/api/income -> src/app/api/income/route.ts; /api/income/[id] -> src/app/api/income/[id]/route.ts,src/lib/services/incomeService.ts; src/lib/services/baseService.ts,src/lib/supabase/server.ts,src/lib/supabase/server.ts: @supabase/ssr Supabase project createServerClient; src/lib/middleware/auth.middleware.ts: supabase.auth Supabase Auth getUser,income_streams; users,Needs WD Verification - no direct field-map row found in traced files,None found in traced files,None found in traced files,None found in traced files,No,Probable,Probable,Yes - src/app/(dashboard)/layout.tsx and src/lib/supabase/middleware.ts,src/components/shared/PageGuide.tsx; src/components/tutorials/TutorialCard.tsx; src/components/layouts/DashboardLayout.tsx; src/components/layouts/BottomNav.tsx; src/components/shared/AlertToast.tsx; src/components/shared/GlobalTopRightMenu.tsx; src/components/shared/AuthSync.tsx; src/components/layouts/DesktopSidebar.tsx; src/components/layouts/DesktopRightPanel.tsx; src/components/ui/UserAvatar.tsx; src/components/providers/AuthProvider.tsx,Foundation family; Khate; Rajya; Suchak; Vyaya; notifications,No duplicate/old route risk identified from supplied source; Needs WD Verification before deletion decisions.,src/app/(dashboard)/kosh/sources/page.tsx; src/app/(dashboard)/layout.tsx; src/app/api/income/route.ts; src/app/api/income/[id]/route.ts; src/lib/services/incomeService.ts; src/lib/services/baseService.ts; audit-output/02-database-and-dependencies/MODULE_DEPENDENCY_MATRIX.csv; audit-output/01-repository-and-architecture/REPOSITORY_INVENTORY.md; audit-output/01-repository-and-architecture/GOOGLE_AUTH_CODE_FLOW.md; audit-input/01-database-structure/schema.sql; audit-input/01-database-structure/database.types.ts; audit-input/02-existing-team-outputs/2026-07-19_MODULE_CRUD_TRACE.csv; audit-input/02-existing-team-outputs/PM_MODULE_INVENTORY.csv; audit-input/02-existing-team-outputs/PM_SCREEN_INVENTORY.csv; audit-output/03-prd-traceability/PRD_IMPLEMENTATION_TRACEABILITY.csv,Strong Evidence,Yes,Prior module-level assessment: Implemented with parallel legacy and configured route families. This rebuilt row is route-level and does not treat prior Confirmed labels as human verification.
Kosh / Income,Implemented,/kosh/sources/add,src/app/(dashboard)/kosh/sources/add/page.tsx,src/app/(dashboard)/layout.tsx,AddIncomePage; NumberInputRupee,AddIncomePage,IncomeTypeChips (src/components/cards/IncomeTypeChips.tsx); NumberInputRupee (src/components/shared/NumberInputRupee.tsx); TutorialCard (src/components/tutorials/TutorialCard.tsx),src/lib/stores/incomeStore.ts,src/components/providers/AuthProvider.tsx,/api/income -> src/app/api/income/route.ts; /api/income/[id] -> src/app/api/income/[id]/route.ts,src/lib/services/incomeService.ts; src/lib/services/baseService.ts,src/lib/supabase/server.ts,src/lib/supabase/server.ts: @supabase/ssr Supabase project createServerClient; src/lib/middleware/auth.middleware.ts: supabase.auth Supabase Auth getUser,income_streams; users; Not persisted to supplied database by this screen,Not persisted to supplied database by this screen.Not mapped,None found in traced files,None found in traced files,None found in traced files,No,Probable,Probable,Yes - src/app/(dashboard)/layout.tsx and src/lib/supabase/middleware.ts,src/components/shared/NumberInputRupee.tsx; src/components/tutorials/TutorialCard.tsx; src/components/layouts/DashboardLayout.tsx; src/components/layouts/BottomNav.tsx; src/components/shared/AlertToast.tsx; src/components/shared/GlobalTopRightMenu.tsx; src/components/shared/AuthSync.tsx; src/components/layouts/DesktopSidebar.tsx; src/components/layouts/DesktopRightPanel.tsx; src/components/ui/UserAvatar.tsx; src/components/providers/AuthProvider.tsx,Foundation family; Khate; Rajya; Suchak; Vyaya; notifications,"No duplicate/old route risk identified from supplied source; Needs WD Verification before deletion decisions. Static route-literal search found no reference outside the page file; dynamic navigation is possible, so linkage Needs WD Verification.",src/app/(dashboard)/kosh/sources/add/page.tsx; src/app/(dashboard)/layout.tsx; src/app/api/income/route.ts; src/app/api/income/[id]/route.ts; src/lib/services/incomeService.ts; src/lib/services/baseService.ts; audit-output/02-database-and-dependencies/FRONTEND_DATABASE_FIELD_MAP.csv; audit-output/02-database-and-dependencies/MODULE_DEPENDENCY_MATRIX.csv; audit-output/01-repository-and-architecture/REPOSITORY_INVENTORY.md; audit-output/01-repository-and-architecture/GOOGLE_AUTH_CODE_FLOW.md; audit-input/01-database-structure/schema.sql; audit-input/01-database-structure/database.types.ts; audit-input/02-existing-team-outputs/2026-07-19_MODULE_CRUD_TRACE.csv; audit-input/02-existing-team-outputs/PM_MODULE_INVENTORY.csv; audit-input/02-existing-team-outputs/PM_SCREEN_INVENTORY.csv; audit-output/03-prd-traceability/PRD_IMPLEMENTATION_TRACEABILITY.csv,Strong Evidence,Yes,Prior module-level assessment: Implemented with parallel legacy and configured route families. This rebuilt row is route-level and does not treat prior Confirmed labels as human verification.
Kunji / Dwaar Credentials,Implemented,/dwaar/portals,src/app/(dashboard)/dwaar/portals/page.tsx,src/app/(dashboard)/layout.tsx,No distinct form component found in this route,KeyChamberHub; KeyStabilityMeter; PortalCard,KeyStabilityMeter (src/components/credentials/KeyStabilityMeter.tsx); PortalCard (src/components/credentials/PortalCard.tsx); MasterPassphraseModal (src/components/credentials/MasterPassphraseModal.tsx); VideoTutorialPlaceholder (src/components/ui/VideoTutorialPlaceholder.tsx); PageGuide (src/components/ui/PageGuide.tsx),src/lib/credentialStore.ts; src/lib/identityStore.ts; src/lib/onboardingStore.ts,src/components/providers/AuthProvider.tsx,/api/credentials -> src/app/api/credentials/route.ts; /api/credentials/[id] -> src/app/api/credentials/[id]/route.ts; /api/identity -> src/app/api/identity/route.ts; /api/profile -> src/app/api/profile/route.ts; /api/family -> src/app/api/family/route.ts,src/lib/services/credentialService.ts; src/lib/services/identityService.ts; src/lib/services/userService.ts; src/lib/services/familyService.ts; src/lib/services/baseService.ts,src/lib/supabase/server.ts,src/lib/supabase/server.ts: @supabase/ssr Supabase project createServerClient; src/lib/middleware/auth.middleware.ts: supabase.auth Supabase Auth getUser; src/app/api/profile/route.ts: supabase.auth Supabase Auth updateUser; src/lib/services/userService.ts: supabaseAdmin.auth.admin Supabase Auth admin getUserById; updateUserById; deleteUser,document_meta; users; credential_records; identity_records; family_members,Needs WD Verification - no direct field-map row found in traced files,src/lib/crypto.ts,src/lib/contactValidation.ts,None found in traced files,Probable,Probable,Probable,Yes - src/app/(dashboard)/layout.tsx and src/lib/supabase/middleware.ts,src/components/credentials/MasterPassphraseModal.tsx; src/components/ui/VideoTutorialPlaceholder.tsx; src/components/ui/PageGuide.tsx; src/components/layouts/DashboardLayout.tsx; src/components/layouts/BottomNav.tsx; src/components/shared/AlertToast.tsx; src/components/shared/GlobalTopRightMenu.tsx; src/components/shared/AuthSync.tsx; src/components/layouts/DesktopSidebar.tsx; src/components/layouts/DesktopRightPanel.tsx; src/components/ui/UserAvatar.tsx; src/components/providers/AuthProvider.tsx,Foundation contacts; Rajya; continuity workflows,No duplicate/old route risk identified from supplied source; Needs WD Verification before deletion decisions.,src/app/(dashboard)/dwaar/portals/page.tsx; src/app/(dashboard)/layout.tsx; src/app/api/credentials/route.ts; src/app/api/credentials/[id]/route.ts; src/app/api/identity/route.ts; src/app/api/profile/route.ts; src/app/api/family/route.ts; src/lib/services/credentialService.ts; src/lib/services/identityService.ts; src/lib/services/userService.ts; src/lib/services/familyService.ts; src/lib/services/baseService.ts; audit-output/02-database-and-dependencies/MODULE_DEPENDENCY_MATRIX.csv; audit-output/01-repository-and-architecture/REPOSITORY_INVENTORY.md; audit-output/01-repository-and-architecture/GOOGLE_AUTH_CODE_FLOW.md; audit-input/01-database-structure/schema.sql; +5 more,Strong Evidence,Yes,Prior module-level assessment: Implemented. This rebuilt row is route-level and does not treat prior Confirmed labels as human verification.
Kunji / Dwaar Credentials,Implemented,/dwaar/portals/access,src/app/(dashboard)/dwaar/portals/access/page.tsx,src/app/(dashboard)/layout.tsx,No distinct form component found in this route,AccessOverviewPage,None found in traced files,src/lib/credentialStore.ts; src/lib/identityStore.ts; src/lib/onboardingStore.ts,src/components/providers/AuthProvider.tsx,/api/profile -> src/app/api/profile/route.ts; /api/credentials -> src/app/api/credentials/route.ts; /api/credentials/[id] -> src/app/api/credentials/[id]/route.ts; /api/identity -> src/app/api/identity/route.ts; /api/family -> src/app/api/family/route.ts,src/lib/services/userService.ts; src/lib/services/credentialService.ts; src/lib/services/identityService.ts; src/lib/services/familyService.ts; src/lib/services/baseService.ts,src/lib/supabase/server.ts,src/lib/supabase/server.ts: @supabase/ssr Supabase project createServerClient; src/lib/middleware/auth.middleware.ts: supabase.auth Supabase Auth getUser; src/app/api/profile/route.ts: supabase.auth Supabase Auth updateUser; src/lib/services/userService.ts: supabaseAdmin.auth.admin Supabase Auth admin getUserById; updateUserById; deleteUser,document_meta; users; credential_records; identity_records; family_members,Needs WD Verification - no direct field-map row found in traced files,None found in traced files,src/lib/contactValidation.ts,None found in traced files,Probable,Probable,Probable,Yes - src/app/(dashboard)/layout.tsx and src/lib/supabase/middleware.ts,src/components/layouts/DashboardLayout.tsx; src/components/layouts/BottomNav.tsx; src/components/shared/AlertToast.tsx; src/components/shared/GlobalTopRightMenu.tsx; src/components/shared/AuthSync.tsx; src/components/layouts/DesktopSidebar.tsx; src/components/layouts/DesktopRightPanel.tsx; src/components/ui/UserAvatar.tsx; src/components/providers/AuthProvider.tsx,Foundation contacts; Rajya; continuity workflows,No duplicate/old route risk identified from supplied source; Needs WD Verification before deletion decisions.,src/app/(dashboard)/dwaar/portals/access/page.tsx; src/app/(dashboard)/layout.tsx; src/app/api/profile/route.ts; src/app/api/credentials/route.ts; src/app/api/credentials/[id]/route.ts; src/app/api/identity/route.ts; src/app/api/family/route.ts; src/lib/services/userService.ts; src/lib/services/credentialService.ts; src/lib/services/identityService.ts; src/lib/services/familyService.ts; src/lib/services/baseService.ts; audit-output/02-database-and-dependencies/MODULE_DEPENDENCY_MATRIX.csv; audit-output/01-repository-and-architecture/REPOSITORY_INVENTORY.md; audit-output/01-repository-and-architecture/GOOGLE_AUTH_CODE_FLOW.md; audit-input/01-database-structure/schema.sql; +5 more,Strong Evidence,Yes,Prior module-level assessment: Implemented. This rebuilt row is route-level and does not treat prior Confirmed labels as human verification.
Kunji / Dwaar Credentials,Implemented,/dwaar/portals/add,src/app/(dashboard)/dwaar/portals/add/page.tsx,src/app/(dashboard)/layout.tsx,AddPortalPage,AddPortalPage; OnboardingStore,MasterPassphraseModal (src/components/credentials/MasterPassphraseModal.tsx); VideoTutorialPlaceholder (src/components/ui/VideoTutorialPlaceholder.tsx),src/lib/credentialStore.ts; src/lib/identityStore.ts; src/lib/onboardingStore.ts,src/components/providers/AuthProvider.tsx,/api/profile -> src/app/api/profile/route.ts; /api/credentials -> src/app/api/credentials/route.ts; /api/credentials/[id] -> src/app/api/credentials/[id]/route.ts; /api/identity -> src/app/api/identity/route.ts; /api/family -> src/app/api/family/route.ts,src/lib/services/userService.ts; src/lib/services/credentialService.ts; src/lib/services/identityService.ts; src/lib/services/familyService.ts; src/lib/services/baseService.ts,src/lib/supabase/server.ts,src/lib/supabase/server.ts: @supabase/ssr Supabase project createServerClient; src/lib/middleware/auth.middleware.ts: supabase.auth Supabase Auth getUser; src/app/api/profile/route.ts: supabase.auth Supabase Auth updateUser; src/lib/services/userService.ts: supabaseAdmin.auth.admin Supabase Auth admin getUserById; updateUserById; deleteUser,document_meta; users; credential_records; identity_records; family_members; Not persisted to supplied database by this screen,Not persisted to supplied database by this screen.Not mapped,src/lib/crypto.ts,src/lib/contactValidation.ts,None found in traced files,Probable,Probable,Probable,Yes - src/app/(dashboard)/layout.tsx and src/lib/supabase/middleware.ts,src/components/credentials/MasterPassphraseModal.tsx; src/components/ui/VideoTutorialPlaceholder.tsx; src/components/layouts/DashboardLayout.tsx; src/components/layouts/BottomNav.tsx; src/components/shared/AlertToast.tsx; src/components/shared/GlobalTopRightMenu.tsx; src/components/shared/AuthSync.tsx; src/components/layouts/DesktopSidebar.tsx; src/components/layouts/DesktopRightPanel.tsx; src/components/ui/UserAvatar.tsx; src/components/providers/AuthProvider.tsx,Foundation contacts; Rajya; continuity workflows,"No duplicate/old route risk identified from supplied source; Needs WD Verification before deletion decisions. Static route-literal search found no reference outside the page file; dynamic navigation is possible, so linkage Needs WD Verification.",src/app/(dashboard)/dwaar/portals/add/page.tsx; src/app/(dashboard)/layout.tsx; src/app/api/profile/route.ts; src/app/api/credentials/route.ts; src/app/api/credentials/[id]/route.ts; src/app/api/identity/route.ts; src/app/api/family/route.ts; src/lib/services/userService.ts; src/lib/services/credentialService.ts; src/lib/services/identityService.ts; src/lib/services/familyService.ts; src/lib/services/baseService.ts; audit-output/02-database-and-dependencies/FRONTEND_DATABASE_FIELD_MAP.csv; audit-output/02-database-and-dependencies/MODULE_DEPENDENCY_MATRIX.csv; audit-output/01-repository-and-architecture/REPOSITORY_INVENTORY.md; audit-output/01-repository-and-architecture/GOOGLE_AUTH_CODE_FLOW.md; +6 more,Strong Evidence,Yes,Prior module-level assessment: Implemented. This rebuilt row is route-level and does not treat prior Confirmed labels as human verification.
Kunji / Dwaar Credentials,Implemented,/dwaar/portals/portal/[id],src/app/(dashboard)/dwaar/portals/portal/[id]/page.tsx,src/app/(dashboard)/layout.tsx,No distinct form component found in this route,No distinct display/list component found in this route,MasterPassphraseModal (src/components/credentials/MasterPassphraseModal.tsx),src/lib/credentialStore.ts; src/lib/identityStore.ts; src/lib/onboardingStore.ts,src/components/providers/AuthProvider.tsx,/api/profile -> src/app/api/profile/route.ts; /api/credentials -> src/app/api/credentials/route.ts; /api/credentials/[id] -> src/app/api/credentials/[id]/route.ts; /api/identity -> src/app/api/identity/route.ts; /api/family -> src/app/api/family/route.ts,src/lib/services/userService.ts; src/lib/services/credentialService.ts; src/lib/services/identityService.ts; src/lib/services/familyService.ts; src/lib/services/baseService.ts,src/lib/supabase/server.ts,src/lib/supabase/server.ts: @supabase/ssr Supabase project createServerClient; src/lib/middleware/auth.middleware.ts: supabase.auth Supabase Auth getUser; src/app/api/profile/route.ts: supabase.auth Supabase Auth updateUser; src/lib/services/userService.ts: supabaseAdmin.auth.admin Supabase Auth admin getUserById; updateUserById; deleteUser,document_meta; users; credential_records; identity_records; family_members,Needs WD Verification - no direct field-map row found in traced files,src/lib/crypto.ts,src/lib/contactValidation.ts,None found in traced files,Probable,Probable,Probable,Yes - src/app/(dashboard)/layout.tsx and src/lib/supabase/middleware.ts,src/components/credentials/MasterPassphraseModal.tsx; src/components/layouts/DashboardLayout.tsx; src/components/layouts/BottomNav.tsx; src/components/shared/AlertToast.tsx; src/components/shared/GlobalTopRightMenu.tsx; src/components/shared/AuthSync.tsx; src/components/layouts/DesktopSidebar.tsx; src/components/layouts/DesktopRightPanel.tsx; src/components/ui/UserAvatar.tsx; src/components/providers/AuthProvider.tsx,Foundation contacts; Rajya; continuity workflows,"No duplicate/old route risk identified from supplied source; Needs WD Verification before deletion decisions. Static route-literal search found no reference outside the page file; dynamic navigation is possible, so linkage Needs WD Verification.",src/app/(dashboard)/dwaar/portals/portal/[id]/page.tsx; src/app/(dashboard)/layout.tsx; src/app/api/profile/route.ts; src/app/api/credentials/route.ts; src/app/api/credentials/[id]/route.ts; src/app/api/identity/route.ts; src/app/api/family/route.ts; src/lib/services/userService.ts; src/lib/services/credentialService.ts; src/lib/services/identityService.ts; src/lib/services/familyService.ts; src/lib/services/baseService.ts; audit-output/02-database-and-dependencies/MODULE_DEPENDENCY_MATRIX.csv; audit-output/01-repository-and-architecture/REPOSITORY_INVENTORY.md; audit-output/01-repository-and-architecture/GOOGLE_AUTH_CODE_FLOW.md; audit-input/01-database-structure/schema.sql; +5 more,Strong Evidence,Yes,Prior module-level assessment: Implemented. This rebuilt row is route-level and does not treat prior Confirmed labels as human verification.
Lakshya / Goals,Placeholder,/lakshya,src/app/(dashboard)/lakshya/page.tsx,src/app/(dashboard)/layout.tsx,No distinct form component found in this route,No distinct display/list component found in this route,None found in traced files,None found in traced files,src/components/providers/AuthProvider.tsx,None found in traced page/import chain,None found in traced files,No direct Supabase client import found in traced files,No direct .from/.select/.insert/.upsert/.update/.delete/.rpc/auth/storage evidence in traced files,goals (module-level dependency evidence; Needs WD Verification for this route),Needs WD Verification - no direct field-map row found in traced files,None found in traced files,None found in traced files,None found in traced files,No,Probable,Probable,Yes - src/app/(dashboard)/layout.tsx and src/lib/supabase/middleware.ts,src/components/layouts/DashboardLayout.tsx; src/components/layouts/BottomNav.tsx; src/components/shared/AlertToast.tsx; src/components/shared/GlobalTopRightMenu.tsx; src/components/shared/AuthSync.tsx; src/components/layouts/DesktopSidebar.tsx; src/components/layouts/DesktopRightPanel.tsx; src/components/ui/UserAvatar.tsx; src/components/providers/AuthProvider.tsx,Beej; Rajya; Doot,No duplicate/old route risk identified from supplied source; Needs WD Verification before deletion decisions.,src/app/(dashboard)/lakshya/page.tsx; src/app/(dashboard)/layout.tsx; audit-output/02-database-and-dependencies/MODULE_DEPENDENCY_MATRIX.csv; audit-output/01-repository-and-architecture/REPOSITORY_INVENTORY.md; audit-output/01-repository-and-architecture/GOOGLE_AUTH_CODE_FLOW.md; audit-input/01-database-structure/schema.sql; audit-input/01-database-structure/database.types.ts; audit-input/02-existing-team-outputs/2026-07-19_MODULE_CRUD_TRACE.csv; audit-output/03-prd-traceability/PRD_IMPLEMENTATION_TRACEABILITY.csv,Probable,Yes,Prior module-level assessment: Placeholder page despite schema model. This rebuilt row is route-level and does not treat prior Confirmed labels as human verification.
Leakage / Subscriptions,Implemented,/leakage,src/app/(dashboard)/leakage/page.tsx,src/app/(dashboard)/layout.tsx,No distinct form component found in this route,LeakageModulePage; BadgeCheck,None found in traced files,None found in traced files,src/components/providers/AuthProvider.tsx,/api/subscriptions -> src/app/api/subscriptions/route.ts,src/lib/services/subscriptionService.ts; src/lib/services/baseService.ts,src/lib/supabase/server.ts,src/lib/supabase/server.ts: @supabase/ssr Supabase project createServerClient; src/lib/middleware/auth.middleware.ts: supabase.auth Supabase Auth getUser,subscriptions; users,Needs WD Verification - no direct field-map row found in traced files,None found in traced files,None found in traced files,src/lib/subscriptionMetrics.ts,No,Probable,Probable,Yes - src/app/(dashboard)/layout.tsx and src/lib/supabase/middleware.ts,src/components/layouts/DashboardLayout.tsx; src/components/layouts/BottomNav.tsx; src/components/shared/AlertToast.tsx; src/components/shared/GlobalTopRightMenu.tsx; src/components/shared/AuthSync.tsx; src/components/layouts/DesktopSidebar.tsx; src/components/layouts/DesktopRightPanel.tsx; src/components/ui/UserAvatar.tsx; src/components/providers/AuthProvider.tsx,Vyaya; Khate; Rajya; Doot,No duplicate/old route risk identified from supplied source; Needs WD Verification before deletion decisions.,src/app/(dashboard)/leakage/page.tsx; src/app/(dashboard)/layout.tsx; src/app/api/subscriptions/route.ts; src/lib/services/subscriptionService.ts; src/lib/services/baseService.ts; audit-output/02-database-and-dependencies/MODULE_DEPENDENCY_MATRIX.csv; audit-output/01-repository-and-architecture/REPOSITORY_INVENTORY.md; audit-output/01-repository-and-architecture/GOOGLE_AUTH_CODE_FLOW.md; audit-input/01-database-structure/schema.sql; audit-input/01-database-structure/database.types.ts; audit-input/02-existing-team-outputs/2026-07-19_MODULE_CRUD_TRACE.csv; audit-input/02-existing-team-outputs/PM_MODULE_INVENTORY.csv; audit-input/02-existing-team-outputs/PM_SCREEN_INVENTORY.csv; audit-output/03-prd-traceability/PRD_IMPLEMENTATION_TRACEABILITY.csv,Strong Evidence,Yes,Prior module-level assessment: Implemented across overlapping subscription route families. This rebuilt row is route-level and does not treat prior Confirmed labels as human verification.
Leakage / Subscriptions,Implemented,/leakage/subscriptions,src/app/(dashboard)/leakage/subscriptions/page.tsx,src/app/(dashboard)/layout.tsx,formatRupee,SubscriptionsPage,TutorialCard (src/components/tutorials/TutorialCard.tsx),src/lib/stores/expenseStore.ts; src/lib/stores/incomeStore.ts,src/components/providers/AuthProvider.tsx,/api/expenses -> src/app/api/expenses/route.ts; /api/income -> src/app/api/income/route.ts; /api/income/[id] -> src/app/api/income/[id]/route.ts,src/lib/services/expenseService.ts; src/lib/services/incomeService.ts; src/lib/services/baseService.ts,src/lib/supabase/server.ts,src/lib/supabase/server.ts: @supabase/ssr Supabase project createServerClient; src/lib/middleware/auth.middleware.ts: supabase.auth Supabase Auth getUser,expense_entries; users; income_streams; Not persisted to subscriptions by this screen,Not persisted to subscriptions by this screen.Not mapped,None found in traced files,None found in traced files,None found in traced files,No,Probable,Probable,Yes - src/app/(dashboard)/layout.tsx and src/lib/supabase/middleware.ts,src/components/tutorials/TutorialCard.tsx; src/components/layouts/DashboardLayout.tsx; src/components/layouts/BottomNav.tsx; src/components/shared/AlertToast.tsx; src/components/shared/GlobalTopRightMenu.tsx; src/components/shared/AuthSync.tsx; src/components/layouts/DesktopSidebar.tsx; src/components/layouts/DesktopRightPanel.tsx; src/components/ui/UserAvatar.tsx; src/components/providers/AuthProvider.tsx,Vyaya; Khate; Rajya; Doot,"No duplicate/old route risk identified from supplied source; Needs WD Verification before deletion decisions. Static route-literal search found no reference outside the page file; dynamic navigation is possible, so linkage Needs WD Verification.",src/app/(dashboard)/leakage/subscriptions/page.tsx; src/app/(dashboard)/layout.tsx; src/app/api/expenses/route.ts; src/app/api/income/route.ts; src/app/api/income/[id]/route.ts; src/lib/services/expenseService.ts; src/lib/services/incomeService.ts; src/lib/services/baseService.ts; audit-output/02-database-and-dependencies/FRONTEND_DATABASE_FIELD_MAP.csv; audit-output/02-database-and-dependencies/MODULE_DEPENDENCY_MATRIX.csv; audit-output/01-repository-and-architecture/REPOSITORY_INVENTORY.md; audit-output/01-repository-and-architecture/GOOGLE_AUTH_CODE_FLOW.md; audit-input/01-database-structure/schema.sql; audit-input/01-database-structure/database.types.ts; audit-input/02-existing-team-outputs/2026-07-19_MODULE_CRUD_TRACE.csv; audit-input/02-existing-team-outputs/PM_MODULE_INVENTORY.csv; +2 more,Strong Evidence,Yes,Prior module-level assessment: Implemented across overlapping subscription route families. This rebuilt row is route-level and does not treat prior Confirmed labels as human verification.
Leakage / Subscriptions,Duplicate / Old Version,/subscriptions,src/app/(dashboard)/subscriptions/page.tsx,src/app/(dashboard)/layout.tsx,No distinct form component found in this route,SubscriptionsModulePage,None found in traced files,None found in traced files,src/components/providers/AuthProvider.tsx,/api/subscriptions -> src/app/api/subscriptions/route.ts; /api/subscriptions/[id] -> src/app/api/subscriptions/[id]/route.ts,src/lib/services/subscriptionService.ts; src/lib/services/baseService.ts,src/lib/supabase/server.ts,src/lib/supabase/server.ts: @supabase/ssr Supabase project createServerClient; src/lib/middleware/auth.middleware.ts: supabase.auth Supabase Auth getUser,subscriptions; users,Needs WD Verification - no direct field-map row found in traced files,None found in traced files,None found in traced files,src/lib/subscriptionMetrics.ts,No,Probable,Probable,Yes - src/app/(dashboard)/layout.tsx and src/lib/supabase/middleware.ts,src/components/layouts/DashboardLayout.tsx; src/components/layouts/BottomNav.tsx; src/components/shared/AlertToast.tsx; src/components/shared/GlobalTopRightMenu.tsx; src/components/shared/AuthSync.tsx; src/components/layouts/DesktopSidebar.tsx; src/components/layouts/DesktopRightPanel.tsx; src/components/ui/UserAvatar.tsx; src/components/providers/AuthProvider.tsx,Vyaya; Khate; Rajya; Doot,Overlaps configured Leakage and /leakage/subscriptions route families; authoritative path needs WD verification.,src/app/(dashboard)/subscriptions/page.tsx; src/app/(dashboard)/layout.tsx; src/app/api/subscriptions/route.ts; src/app/api/subscriptions/[id]/route.ts; src/lib/services/subscriptionService.ts; src/lib/services/baseService.ts; audit-output/02-database-and-dependencies/MODULE_DEPENDENCY_MATRIX.csv; audit-output/01-repository-and-architecture/REPOSITORY_INVENTORY.md; audit-output/01-repository-and-architecture/GOOGLE_AUTH_CODE_FLOW.md; audit-output/01-repository-and-architecture/ARCHITECTURE_AND_COUPLING_RISKS.md; audit-input/01-database-structure/schema.sql; audit-input/01-database-structure/database.types.ts; audit-input/02-existing-team-outputs/2026-07-19_MODULE_CRUD_TRACE.csv; audit-input/02-existing-team-outputs/PM_MODULE_INVENTORY.csv; audit-input/02-existing-team-outputs/PM_SCREEN_INVENTORY.csv; audit-output/03-prd-traceability/PRD_IMPLEMENTATION_TRACEABILITY.csv,Strong Evidence,Yes,Prior module-level assessment: Implemented across overlapping subscription route families. This rebuilt row is route-level and does not treat prior Confirmed labels as human verification.
Mantri / Insights,Placeholder,/mantri,src/app/(dashboard)/mantri/page.tsx,src/app/(dashboard)/layout.tsx,No distinct form component found in this route,No distinct display/list component found in this route,None found in traced files,None found in traced files,src/components/providers/AuthProvider.tsx,None found in traced page/import chain,None found in traced files,No direct Supabase client import found in traced files,No direct .from/.select/.insert/.upsert/.update/.delete/.rpc/auth/storage evidence in traced files,No confirmed table or API (module-level dependency evidence; Needs WD Verification for this route),Needs WD Verification - no direct field-map row found in traced files,None found in traced files,None found in traced files,None found in traced files,No,No,No,Yes - src/app/(dashboard)/layout.tsx and src/lib/supabase/middleware.ts,src/components/layouts/DashboardLayout.tsx; src/components/layouts/BottomNav.tsx; src/components/shared/AlertToast.tsx; src/components/shared/GlobalTopRightMenu.tsx; src/components/shared/AuthSync.tsx; src/components/layouts/DesktopSidebar.tsx; src/components/layouts/DesktopRightPanel.tsx; src/components/ui/UserAvatar.tsx; src/components/providers/AuthProvider.tsx,None confirmed,No duplicate/old route risk identified from supplied source; Needs WD Verification before deletion decisions.,src/app/(dashboard)/mantri/page.tsx; src/app/(dashboard)/layout.tsx; audit-output/02-database-and-dependencies/MODULE_DEPENDENCY_MATRIX.csv; audit-output/01-repository-and-architecture/REPOSITORY_INVENTORY.md; audit-output/01-repository-and-architecture/GOOGLE_AUTH_CODE_FLOW.md; audit-input/02-existing-team-outputs/2026-07-19_MODULE_CRUD_TRACE.csv; audit-output/03-prd-traceability/PRD_IMPLEMENTATION_TRACEABILITY.csv,Probable,Yes,Prior module-level assessment: Coming Soon placeholder. This rebuilt row is route-level and does not treat prior Confirmed labels as human verification.
Mitra / Nominees and Will,Implemented,/mitra,src/app/(dashboard)/mitra/page.tsx,src/app/(dashboard)/layout.tsx,No distinct form component found in this route,MitraModule,MicroLearningWrapper (src/components/module/MicroLearningWrapper.tsx); VideoTutorialPlaceholder (src/components/ui/VideoTutorialPlaceholder.tsx); ToastProvider (src/components/providers/ToastProvider.tsx),None found in traced files,src/components/providers/ToastProvider.tsx; src/components/providers/AuthProvider.tsx,/api/will -> src/app/api/will/route.ts,src/lib/services/willService.ts; src/lib/services/baseService.ts,src/lib/supabase/server.ts,src/lib/supabase/server.ts: @supabase/ssr Supabase project createServerClient; src/lib/middleware/auth.middleware.ts: supabase.auth Supabase Auth getUser,will_status; users,Needs WD Verification - no direct field-map row found in traced files,None found in traced files,None found in traced files,None found in traced files,Probable,Probable,Probable,Yes - src/app/(dashboard)/layout.tsx and src/lib/supabase/middleware.ts,src/components/module/MicroLearningWrapper.tsx; src/components/ui/VideoTutorialPlaceholder.tsx; src/components/providers/ToastProvider.tsx; src/components/layouts/DashboardLayout.tsx; src/components/layouts/BottomNav.tsx; src/components/shared/AlertToast.tsx; src/components/shared/GlobalTopRightMenu.tsx; src/components/shared/AuthSync.tsx; src/components/layouts/DesktopSidebar.tsx; src/components/layouts/DesktopRightPanel.tsx; src/components/ui/UserAvatar.tsx; src/components/providers/AuthProvider.tsx,Foundation family; bank; insurance; property; investment; Succession; Rajya,No duplicate/old route risk identified from supplied source; Needs WD Verification before deletion decisions.,src/app/(dashboard)/mitra/page.tsx; src/app/(dashboard)/layout.tsx; src/app/api/will/route.ts; src/lib/services/willService.ts; src/lib/services/baseService.ts; audit-output/02-database-and-dependencies/MODULE_DEPENDENCY_MATRIX.csv; audit-output/01-repository-and-architecture/REPOSITORY_INVENTORY.md; audit-output/01-repository-and-architecture/GOOGLE_AUTH_CODE_FLOW.md; audit-input/01-database-structure/schema.sql; audit-input/01-database-structure/database.types.ts; audit-input/02-existing-team-outputs/2026-07-19_MODULE_CRUD_TRACE.csv; audit-input/02-existing-team-outputs/PM_MODULE_INVENTORY.csv; audit-input/02-existing-team-outputs/PM_SCREEN_INVENTORY.csv; audit-output/03-prd-traceability/PRD_IMPLEMENTATION_TRACEABILITY.csv,Strong Evidence,Yes,Prior module-level assessment: Implemented. This rebuilt row is route-level and does not treat prior Confirmed labels as human verification.
Mitra / Nominees and Will,Implemented,/mitra/assets,src/app/(dashboard)/mitra/assets/page.tsx,src/app/(dashboard)/layout.tsx,No distinct form component found in this route,AssetNomineeDashboard,ToastProvider (src/components/providers/ToastProvider.tsx),None found in traced files,src/components/providers/ToastProvider.tsx; src/components/providers/AuthProvider.tsx,/api/nominee/assets -> src/app/api/nominee/assets/route.ts; /api/family -> src/app/api/family/route.ts; /api/nominee -> src/app/api/nominee/route.ts; /api/nominee/[id] -> src/app/api/nominee/[id]/route.ts,src/lib/services/familyService.ts; src/lib/services/nomineeService.ts; src/lib/services/baseService.ts,src/lib/supabase/server.ts,src/lib/supabase/server.ts: @supabase/ssr Supabase project createServerClient; src/lib/middleware/auth.middleware.ts: supabase.auth Supabase Auth getUser,nominee_mapping; insurance_policies; bank_accounts; property_assets; investment_holdings; users; family_members,nominee_mapping.assetRef; nominee_mapping.assetType; nominee_mapping.nomineeId; nominee_mapping.sharePercent; nominee_mapping.Not stored,None found in traced files,None found in traced files,None found in traced files,Probable,Probable,Probable,Yes - src/app/(dashboard)/layout.tsx and src/lib/supabase/middleware.ts,src/components/providers/ToastProvider.tsx; src/components/layouts/DashboardLayout.tsx; src/components/layouts/BottomNav.tsx; src/components/shared/AlertToast.tsx; src/components/shared/GlobalTopRightMenu.tsx; src/components/shared/AuthSync.tsx; src/components/layouts/DesktopSidebar.tsx; src/components/layouts/DesktopRightPanel.tsx; src/components/ui/UserAvatar.tsx; src/components/providers/AuthProvider.tsx,Foundation family; bank; insurance; property; investment; Succession; Rajya,"No duplicate/old route risk identified from supplied source; Needs WD Verification before deletion decisions. Static route-literal search found no reference outside the page file; dynamic navigation is possible, so linkage Needs WD Verification.",src/app/(dashboard)/mitra/assets/page.tsx; src/app/(dashboard)/layout.tsx; src/app/api/nominee/assets/route.ts; src/app/api/family/route.ts; src/app/api/nominee/route.ts; src/app/api/nominee/[id]/route.ts; src/lib/services/familyService.ts; src/lib/services/nomineeService.ts; src/lib/services/baseService.ts; audit-output/02-database-and-dependencies/FRONTEND_DATABASE_FIELD_MAP.csv; audit-output/02-database-and-dependencies/MODULE_DEPENDENCY_MATRIX.csv; audit-output/01-repository-and-architecture/REPOSITORY_INVENTORY.md; audit-output/01-repository-and-architecture/GOOGLE_AUTH_CODE_FLOW.md; audit-input/01-database-structure/schema.sql; audit-input/01-database-structure/database.types.ts; audit-input/02-existing-team-outputs/2026-07-19_MODULE_CRUD_TRACE.csv; +3 more,Strong Evidence,Yes,Prior module-level assessment: Implemented. This rebuilt row is route-level and does not treat prior Confirmed labels as human verification.
Mitra / Nominees and Will,Implemented,/mitra/will,src/app/(dashboard)/mitra/will/page.tsx,src/app/(dashboard)/layout.tsx,No distinct form component found in this route,No distinct display/list component found in this route,ToastProvider (src/components/providers/ToastProvider.tsx),None found in traced files,src/components/providers/ToastProvider.tsx; src/components/providers/AuthProvider.tsx,/api/will -> src/app/api/will/route.ts,src/lib/services/willService.ts; src/lib/services/baseService.ts,src/lib/supabase/server.ts,src/lib/supabase/server.ts: @supabase/ssr Supabase project createServerClient; src/lib/middleware/auth.middleware.ts: supabase.auth Supabase Auth getUser,will_status; users,will_status.existsFlag; will_status.location; will_status.executorName; will_status.executorContact; will_status.lastReviewDate; will_status.instructions,None found in traced files,None found in traced files,None found in traced files,Probable,Probable,Probable,Yes - src/app/(dashboard)/layout.tsx and src/lib/supabase/middleware.ts,src/components/providers/ToastProvider.tsx; src/components/layouts/DashboardLayout.tsx; src/components/layouts/BottomNav.tsx; src/components/shared/AlertToast.tsx; src/components/shared/GlobalTopRightMenu.tsx; src/components/shared/AuthSync.tsx; src/components/layouts/DesktopSidebar.tsx; src/components/layouts/DesktopRightPanel.tsx; src/components/ui/UserAvatar.tsx; src/components/providers/AuthProvider.tsx,Foundation family; bank; insurance; property; investment; Succession; Rajya,No duplicate/old route risk identified from supplied source; Needs WD Verification before deletion decisions.,src/app/(dashboard)/mitra/will/page.tsx; src/app/(dashboard)/layout.tsx; src/app/api/will/route.ts; src/lib/services/willService.ts; src/lib/services/baseService.ts; audit-output/02-database-and-dependencies/FRONTEND_DATABASE_FIELD_MAP.csv; audit-output/02-database-and-dependencies/MODULE_DEPENDENCY_MATRIX.csv; audit-output/01-repository-and-architecture/REPOSITORY_INVENTORY.md; audit-output/01-repository-and-architecture/GOOGLE_AUTH_CODE_FLOW.md; audit-input/01-database-structure/schema.sql; audit-input/01-database-structure/database.types.ts; audit-input/02-existing-team-outputs/2026-07-19_MODULE_CRUD_TRACE.csv; audit-input/02-existing-team-outputs/PM_MODULE_INVENTORY.csv; audit-input/02-existing-team-outputs/PM_SCREEN_INVENTORY.csv; audit-output/03-prd-traceability/PRD_IMPLEMENTATION_TRACEABILITY.csv,Strong Evidence,Yes,Prior module-level assessment: Implemented. This rebuilt row is route-level and does not treat prior Confirmed labels as human verification.
Notifications,Duplicate / Old Version,/notifications,src/app/(dashboard)/notifications/page.tsx,src/app/(dashboard)/layout.tsx,No distinct form component found in this route,NotificationsPage,None found in traced files,src/lib/stores/notificationStore.ts,src/components/providers/AuthProvider.tsx,/api/notifications -> src/app/api/notifications/route.ts; /api/notifications/[id] -> src/app/api/notifications/[id]/route.ts; /api/notifications/read-all -> src/app/api/notifications/read-all/route.ts,src/lib/services/notificationService.ts; src/lib/services/baseService.ts,src/lib/supabase/server.ts,src/lib/supabase/server.ts: @supabase/ssr Supabase project createServerClient; src/lib/middleware/auth.middleware.ts: supabase.auth Supabase Auth getUser,insurance_policies; notifications; budget_plans; expense_entries; bank_accounts; subscriptions; identity_records; will_status; loan_accounts; goals; users; income_streams,Needs WD Verification - no direct field-map row found in traced files,None found in traced files,None found in traced files,None found in traced files,Probable,Yes,Probable,Yes - src/app/(dashboard)/layout.tsx and src/lib/supabase/middleware.ts,src/components/layouts/DashboardLayout.tsx; src/components/layouts/BottomNav.tsx; src/components/shared/AlertToast.tsx; src/components/shared/GlobalTopRightMenu.tsx; src/components/shared/AuthSync.tsx; src/components/layouts/DesktopSidebar.tsx; src/components/layouts/DesktopRightPanel.tsx; src/components/ui/UserAvatar.tsx; src/components/providers/AuthProvider.tsx,Notification-producing modules; Dashboard shell,Overlaps configured Doot reminder/notification implementation; authoritative path needs WD verification.,src/app/(dashboard)/notifications/page.tsx; src/app/(dashboard)/layout.tsx; src/app/api/notifications/route.ts; src/app/api/notifications/[id]/route.ts; src/app/api/notifications/read-all/route.ts; src/lib/services/notificationService.ts; src/lib/services/baseService.ts; audit-output/02-database-and-dependencies/MODULE_DEPENDENCY_MATRIX.csv; audit-output/01-repository-and-architecture/REPOSITORY_INVENTORY.md; audit-output/01-repository-and-architecture/GOOGLE_AUTH_CODE_FLOW.md; audit-output/01-repository-and-architecture/ARCHITECTURE_AND_COUPLING_RISKS.md; audit-input/01-database-structure/schema.sql; audit-input/01-database-structure/database.types.ts; audit-input/02-existing-team-outputs/2026-07-19_MODULE_CRUD_TRACE.csv; audit-output/03-prd-traceability/PRD_IMPLEMENTATION_TRACEABILITY.csv,Strong Evidence,Yes,Prior module-level assessment: Functional local notification page absent from config and overlapping Doot. This rebuilt row is route-level and does not treat prior Confirmed labels as human verification.
Onboarding,Implemented,/onboarding/contact-info,src/app/(onboarding)/onboarding/contact-info/page.tsx,src/app/(onboarding)/onboarding/layout.tsx,No distinct form component found in this route,ContactStep,None found in traced files,None found in traced files,None found in traced files,/api/profile -> src/app/api/profile/route.ts,src/lib/services/userService.ts; src/lib/services/baseService.ts,src/lib/supabase/server.ts,src/lib/supabase/server.ts: @supabase/ssr Supabase project createServerClient; src/lib/middleware/auth.middleware.ts: supabase.auth Supabase Auth getUser; src/app/api/profile/route.ts: supabase.auth Supabase Auth updateUser; src/lib/services/userService.ts: supabaseAdmin.auth.admin Supabase Auth admin getUserById; updateUserById; deleteUser,users,Needs WD Verification - no direct field-map row found in traced files,None found in traced files,src/lib/validators/contactValidator.ts,None found in traced files,Needs WD Verification,Needs WD Verification,Needs WD Verification,Probable - onboarding store/auth session linkage; Needs WD Verification,None found in traced files,Needs WD Verification - no matching dependency-matrix row,"No duplicate/old route risk identified from supplied source; Needs WD Verification before deletion decisions. Static route-literal search found no reference outside the page file; dynamic navigation is possible, so linkage Needs WD Verification.",src/app/(onboarding)/onboarding/contact-info/page.tsx; src/app/(onboarding)/onboarding/layout.tsx; src/app/api/profile/route.ts; src/lib/services/userService.ts; src/lib/services/baseService.ts; audit-output/01-repository-and-architecture/REPOSITORY_INVENTORY.md; audit-input/01-database-structure/schema.sql; audit-input/01-database-structure/database.types.ts; audit-output/03-prd-traceability/PRD_IMPLEMENTATION_TRACEABILITY.csv,Strong Evidence,Yes,Route exists in the source snapshot; module ownership and live deployment parity require WD verification.
Onboarding,Implemented,/onboarding/dob,src/app/(onboarding)/onboarding/dob/page.tsx,src/app/(onboarding)/onboarding/layout.tsx,No distinct form component found in this route,DOBStep; OnboardingStore,None found in traced files,src/lib/stores/onboardingStore.ts,None found in traced files,/api/profile -> src/app/api/profile/route.ts; /api/family -> src/app/api/family/route.ts,src/lib/services/userService.ts; src/lib/services/familyService.ts; src/lib/services/baseService.ts,src/lib/supabase/server.ts,src/lib/supabase/server.ts: @supabase/ssr Supabase project createServerClient; src/lib/middleware/auth.middleware.ts: supabase.auth Supabase Auth getUser; src/app/api/profile/route.ts: supabase.auth Supabase Auth updateUser; src/lib/services/userService.ts: supabaseAdmin.auth.admin Supabase Auth admin getUserById; updateUserById; deleteUser,users; family_members,Needs WD Verification - no direct field-map row found in traced files,None found in traced files,None found in traced files,None found in traced files,Needs WD Verification,Needs WD Verification,Needs WD Verification,Probable - onboarding store/auth session linkage; Needs WD Verification,None found in traced files,Needs WD Verification - no matching dependency-matrix row,"No duplicate/old route risk identified from supplied source; Needs WD Verification before deletion decisions. Static route-literal search found no reference outside the page file; dynamic navigation is possible, so linkage Needs WD Verification.",src/app/(onboarding)/onboarding/dob/page.tsx; src/app/(onboarding)/onboarding/layout.tsx; src/app/api/profile/route.ts; src/app/api/family/route.ts; src/lib/services/userService.ts; src/lib/services/familyService.ts; src/lib/services/baseService.ts; audit-output/01-repository-and-architecture/REPOSITORY_INVENTORY.md; audit-input/01-database-structure/schema.sql; audit-input/01-database-structure/database.types.ts; audit-output/03-prd-traceability/PRD_IMPLEMENTATION_TRACEABILITY.csv,Strong Evidence,Yes,Route exists in the source snapshot; module ownership and live deployment parity require WD verification.
Onboarding,Implemented,/onboarding/family,src/app/(onboarding)/onboarding/family/page.tsx,src/app/(onboarding)/onboarding/layout.tsx,No distinct form component found in this route,TrustDeclaration,None found in traced files,None found in traced files,None found in traced files,None found in traced page/import chain,None found in traced files,No direct Supabase client import found in traced files,No direct .from/.select/.insert/.upsert/.update/.delete/.rpc/auth/storage evidence in traced files,Needs WD Verification - no direct table evidence found for this route,Needs WD Verification - no direct field-map row found in traced files,None found in traced files,None found in traced files,None found in traced files,Needs WD Verification,Needs WD Verification,Needs WD Verification,Probable - onboarding store/auth session linkage; Needs WD Verification,None found in traced files,Needs WD Verification - no matching dependency-matrix row,"No duplicate/old route risk identified from supplied source; Needs WD Verification before deletion decisions. Static route-literal search found no reference outside the page file; dynamic navigation is possible, so linkage Needs WD Verification.",src/app/(onboarding)/onboarding/family/page.tsx; src/app/(onboarding)/onboarding/layout.tsx; audit-output/01-repository-and-architecture/REPOSITORY_INVENTORY.md; audit-output/03-prd-traceability/PRD_IMPLEMENTATION_TRACEABILITY.csv,Unconfirmed,Yes,Route exists in the source snapshot; module ownership and live deployment parity require WD verification.
Onboarding,Implemented,/onboarding/firstwin,src/app/(onboarding)/onboarding/firstwin/page.tsx,src/app/(onboarding)/onboarding/layout.tsx,No distinct form component found in this route,FirstWin; OnboardingStore,None found in traced files,src/lib/stores/onboardingStore.ts,None found in traced files,/api/profile -> src/app/api/profile/route.ts; /api/family -> src/app/api/family/route.ts,src/lib/services/userService.ts; src/lib/services/familyService.ts; src/lib/services/baseService.ts,src/lib/supabase/client.ts; src/lib/supabase/server.ts,src/lib/supabase/client.ts: @supabase/ssr Supabase project createBrowserClient; src/lib/supabase/server.ts: @supabase/ssr Supabase project createServerClient; src/lib/middleware/auth.middleware.ts: supabase.auth Supabase Auth getUser; src/app/(onboarding)/onboarding/firstwin/page.tsx: supabase.auth Supabase Auth updateUser; src/app/api/profile/route.ts: supabase.auth Supabase Auth updateUser; src/lib/services/userService.ts: supabaseAdmin.auth.admin Supabase Auth admin getUserById; updateUserById; deleteUser,users; family_members,Needs WD Verification - no direct field-map row found in traced files,None found in traced files,None found in traced files,None found in traced files,Needs WD Verification,Needs WD Verification,Needs WD Verification,Probable - onboarding store/auth session linkage; Needs WD Verification,None found in traced files,Needs WD Verification - no matching dependency-matrix row,"No duplicate/old route risk identified from supplied source; Needs WD Verification before deletion decisions. Static route-literal search found no reference outside the page file; dynamic navigation is possible, so linkage Needs WD Verification.",src/app/(onboarding)/onboarding/firstwin/page.tsx; src/app/(onboarding)/onboarding/layout.tsx; src/app/api/profile/route.ts; src/app/api/family/route.ts; src/lib/services/userService.ts; src/lib/services/familyService.ts; src/lib/services/baseService.ts; audit-output/01-repository-and-architecture/REPOSITORY_INVENTORY.md; audit-input/01-database-structure/schema.sql; audit-input/01-database-structure/database.types.ts; audit-output/03-prd-traceability/PRD_IMPLEMENTATION_TRACEABILITY.csv,Strong Evidence,Yes,Route exists in the source snapshot; module ownership and live deployment parity require WD verification.
Onboarding,Implemented,/onboarding/intro,src/app/(onboarding)/onboarding/intro/page.tsx,src/app/(onboarding)/onboarding/layout.tsx,No distinct form component found in this route,RajyaNirmaanIntro,None found in traced files,None found in traced files,None found in traced files,/api/profile -> src/app/api/profile/route.ts,src/lib/services/userService.ts; src/lib/services/baseService.ts,src/lib/supabase/server.ts,src/lib/supabase/server.ts: @supabase/ssr Supabase project createServerClient; src/lib/middleware/auth.middleware.ts: supabase.auth Supabase Auth getUser; src/app/api/profile/route.ts: supabase.auth Supabase Auth updateUser; src/lib/services/userService.ts: supabaseAdmin.auth.admin Supabase Auth admin getUserById; updateUserById; deleteUser,users,Needs WD Verification - no direct field-map row found in traced files,None found in traced files,None found in traced files,None found in traced files,Needs WD Verification,Needs WD Verification,Needs WD Verification,Probable - onboarding store/auth session linkage; Needs WD Verification,None found in traced files,Needs WD Verification - no matching dependency-matrix row,No duplicate/old route risk identified from supplied source; Needs WD Verification before deletion decisions.,src/app/(onboarding)/onboarding/intro/page.tsx; src/app/(onboarding)/onboarding/layout.tsx; src/app/api/profile/route.ts; src/lib/services/userService.ts; src/lib/services/baseService.ts; audit-output/01-repository-and-architecture/REPOSITORY_INVENTORY.md; audit-input/01-database-structure/schema.sql; audit-input/01-database-structure/database.types.ts; audit-output/03-prd-traceability/PRD_IMPLEMENTATION_TRACEABILITY.csv,Strong Evidence,Yes,Route exists in the source snapshot; module ownership and live deployment parity require WD verification.
Onboarding,Implemented,/onboarding/name,src/app/(onboarding)/onboarding/name/page.tsx,src/app/(onboarding)/onboarding/layout.tsx,No distinct form component found in this route,NameStep; OnboardingStore,AuthProvider (src/components/providers/AuthProvider.tsx),src/lib/stores/onboardingStore.ts,src/components/providers/AuthProvider.tsx,/api/profile -> src/app/api/profile/route.ts; /api/family -> src/app/api/family/route.ts,src/lib/services/userService.ts; src/lib/services/familyService.ts; src/lib/services/baseService.ts,src/lib/supabase/client.ts; src/lib/supabase/server.ts,src/lib/supabase/client.ts: @supabase/ssr Supabase project createBrowserClient; src/lib/supabase/server.ts: @supabase/ssr Supabase project createServerClient; src/lib/middleware/auth.middleware.ts: supabase.auth Supabase Auth getUser; src/components/providers/AuthProvider.tsx: supabase.auth Supabase Auth getSession; onAuthStateChange; signOut; src/app/api/profile/route.ts: supabase.auth Supabase Auth updateUser; src/lib/services/userService.ts: supabaseAdmin.auth.admin Supabase Auth admin getUserById; updateUserById; deleteUser,users; family_members,Needs WD Verification - no direct field-map row found in traced files,None found in traced files,None found in traced files,None found in traced files,Needs WD Verification,Needs WD Verification,Needs WD Verification,Probable - onboarding store/auth session linkage; Needs WD Verification,src/components/providers/AuthProvider.tsx,Needs WD Verification - no matching dependency-matrix row,"No duplicate/old route risk identified from supplied source; Needs WD Verification before deletion decisions. Static route-literal search found no reference outside the page file; dynamic navigation is possible, so linkage Needs WD Verification.",src/app/(onboarding)/onboarding/name/page.tsx; src/app/(onboarding)/onboarding/layout.tsx; src/app/api/profile/route.ts; src/app/api/family/route.ts; src/lib/services/userService.ts; src/lib/services/familyService.ts; src/lib/services/baseService.ts; audit-output/01-repository-and-architecture/REPOSITORY_INVENTORY.md; audit-input/01-database-structure/schema.sql; audit-input/01-database-structure/database.types.ts; audit-output/03-prd-traceability/PRD_IMPLEMENTATION_TRACEABILITY.csv,Strong Evidence,Yes,Route exists in the source snapshot; module ownership and live deployment parity require WD verification.
Onboarding,Implemented,/onboarding/occupation,src/app/(onboarding)/onboarding/occupation/page.tsx,src/app/(onboarding)/onboarding/layout.tsx,No distinct form component found in this route,OccupationStep; OnboardingStore,None found in traced files,src/lib/stores/onboardingStore.ts,None found in traced files,/api/profile -> src/app/api/profile/route.ts; /api/family -> src/app/api/family/route.ts,src/lib/services/userService.ts; src/lib/services/familyService.ts; src/lib/services/baseService.ts,src/lib/supabase/server.ts,src/lib/supabase/server.ts: @supabase/ssr Supabase project createServerClient; src/lib/middleware/auth.middleware.ts: supabase.auth Supabase Auth getUser; src/app/api/profile/route.ts: supabase.auth Supabase Auth updateUser; src/lib/services/userService.ts: supabaseAdmin.auth.admin Supabase Auth admin getUserById; updateUserById; deleteUser,users; family_members,Needs WD Verification - no direct field-map row found in traced files,None found in traced files,None found in traced files,None found in traced files,Needs WD Verification,Needs WD Verification,Needs WD Verification,Probable - onboarding store/auth session linkage; Needs WD Verification,None found in traced files,Needs WD Verification - no matching dependency-matrix row,"No duplicate/old route risk identified from supplied source; Needs WD Verification before deletion decisions. Static route-literal search found no reference outside the page file; dynamic navigation is possible, so linkage Needs WD Verification.",src/app/(onboarding)/onboarding/occupation/page.tsx; src/app/(onboarding)/onboarding/layout.tsx; src/app/api/profile/route.ts; src/app/api/family/route.ts; src/lib/services/userService.ts; src/lib/services/familyService.ts; src/lib/services/baseService.ts; audit-output/01-repository-and-architecture/REPOSITORY_INVENTORY.md; audit-input/01-database-structure/schema.sql; audit-input/01-database-structure/database.types.ts; audit-output/03-prd-traceability/PRD_IMPLEMENTATION_TRACEABILITY.csv,Strong Evidence,Yes,Route exists in the source snapshot; module ownership and live deployment parity require WD verification.
Onboarding,Implemented,/onboarding/status,src/app/(onboarding)/onboarding/status/page.tsx,src/app/(onboarding)/onboarding/layout.tsx,No distinct form component found in this route,StatusStep; OnboardingStore,None found in traced files,src/lib/stores/onboardingStore.ts,None found in traced files,/api/profile -> src/app/api/profile/route.ts; /api/family -> src/app/api/family/route.ts,src/lib/services/userService.ts; src/lib/services/familyService.ts; src/lib/services/baseService.ts,src/lib/supabase/server.ts,src/lib/supabase/server.ts: @supabase/ssr Supabase project createServerClient; src/lib/middleware/auth.middleware.ts: supabase.auth Supabase Auth getUser; src/app/api/profile/route.ts: supabase.auth Supabase Auth updateUser; src/lib/services/userService.ts: supabaseAdmin.auth.admin Supabase Auth admin getUserById; updateUserById; deleteUser,users; family_members,Needs WD Verification - no direct field-map row found in traced files,None found in traced files,None found in traced files,None found in traced files,Needs WD Verification,Needs WD Verification,Needs WD Verification,Probable - onboarding store/auth session linkage; Needs WD Verification,None found in traced files,Needs WD Verification - no matching dependency-matrix row,"No duplicate/old route risk identified from supplied source; Needs WD Verification before deletion decisions. Static route-literal search found no reference outside the page file; dynamic navigation is possible, so linkage Needs WD Verification.",src/app/(onboarding)/onboarding/status/page.tsx; src/app/(onboarding)/onboarding/layout.tsx; src/app/api/profile/route.ts; src/app/api/family/route.ts; src/lib/services/userService.ts; src/lib/services/familyService.ts; src/lib/services/baseService.ts; audit-output/01-repository-and-architecture/REPOSITORY_INVENTORY.md; audit-input/01-database-structure/schema.sql; audit-input/01-database-structure/database.types.ts; audit-output/03-prd-traceability/PRD_IMPLEMENTATION_TRACEABILITY.csv,Strong Evidence,Yes,Route exists in the source snapshot; module ownership and live deployment parity require WD verification.
Pehchaan / Identity Vault,Implemented,/pehchaan/mapping,src/app/(dashboard)/pehchaan/mapping/page.tsx,src/app/(dashboard)/layout.tsx,No distinct form component found in this route,LinksListPage,None found in traced files,src/lib/stores/identityStore.ts; src/lib/stores/onboardingStore.ts,src/components/providers/AuthProvider.tsx,/api/identity -> src/app/api/identity/route.ts; /api/profile -> src/app/api/profile/route.ts; /api/family -> src/app/api/family/route.ts,src/lib/services/identityService.ts; src/lib/services/userService.ts; src/lib/services/familyService.ts; src/lib/services/baseService.ts,src/lib/supabase/server.ts,src/lib/supabase/server.ts: @supabase/ssr Supabase project createServerClient; src/lib/middleware/auth.middleware.ts: supabase.auth Supabase Auth getUser; src/app/api/profile/route.ts: supabase.auth Supabase Auth updateUser; src/lib/services/userService.ts: supabaseAdmin.auth.admin Supabase Auth admin getUserById; updateUserById; deleteUser,document_meta; users; identity_records; family_members,Needs WD Verification - no direct field-map row found in traced files,None found in traced files,src/lib/validators/contactValidator.ts,None found in traced files,Probable,Probable,Probable,Yes - src/app/(dashboard)/layout.tsx and src/lib/supabase/middleware.ts,src/components/layouts/DashboardLayout.tsx; src/components/layouts/BottomNav.tsx; src/components/shared/AlertToast.tsx; src/components/shared/GlobalTopRightMenu.tsx; src/components/shared/AuthSync.tsx; src/components/layouts/DesktopSidebar.tsx; src/components/layouts/DesktopRightPanel.tsx; src/components/ui/UserAvatar.tsx; src/components/providers/AuthProvider.tsx,Foundation family; Rajya; Doot; Vault,"No duplicate/old route risk identified from supplied source; Needs WD Verification before deletion decisions. Static route-literal search found no reference outside the page file; dynamic navigation is possible, so linkage Needs WD Verification.",src/app/(dashboard)/pehchaan/mapping/page.tsx; src/app/(dashboard)/layout.tsx; src/app/api/identity/route.ts; src/app/api/profile/route.ts; src/app/api/family/route.ts; src/lib/services/identityService.ts; src/lib/services/userService.ts; src/lib/services/familyService.ts; src/lib/services/baseService.ts; audit-output/02-database-and-dependencies/MODULE_DEPENDENCY_MATRIX.csv; audit-output/01-repository-and-architecture/REPOSITORY_INVENTORY.md; audit-output/01-repository-and-architecture/GOOGLE_AUTH_CODE_FLOW.md; audit-input/01-database-structure/schema.sql; audit-input/01-database-structure/database.types.ts; audit-input/02-existing-team-outputs/2026-07-19_MODULE_CRUD_TRACE.csv; audit-input/02-existing-team-outputs/PM_MODULE_INVENTORY.csv; +2 more,Strong Evidence,Yes,Prior module-level assessment: Implemented with parallel old/new route and store paths. This rebuilt row is route-level and does not treat prior Confirmed labels as human verification.
Pehchaan / Identity Vault,Implemented,/pehchaan/mapping/add,src/app/(dashboard)/pehchaan/mapping/add/page.tsx,src/app/(dashboard)/layout.tsx,LinkWizard,LinkWizard,None found in traced files,src/lib/stores/identityStore.ts; src/lib/stores/onboardingStore.ts,src/components/providers/AuthProvider.tsx,/api/identity -> src/app/api/identity/route.ts; /api/profile -> src/app/api/profile/route.ts; /api/family -> src/app/api/family/route.ts,src/lib/services/identityService.ts; src/lib/services/userService.ts; src/lib/services/familyService.ts; src/lib/services/baseService.ts,src/lib/supabase/server.ts,src/lib/supabase/server.ts: @supabase/ssr Supabase project createServerClient; src/lib/middleware/auth.middleware.ts: supabase.auth Supabase Auth getUser; src/app/api/profile/route.ts: supabase.auth Supabase Auth updateUser; src/lib/services/userService.ts: supabaseAdmin.auth.admin Supabase Auth admin getUserById; updateUserById; deleteUser,document_meta; users; identity_records; family_members,Needs WD Verification - no direct field-map row found in traced files,None found in traced files,src/lib/validators/contactValidator.ts,None found in traced files,Probable,Probable,Probable,Yes - src/app/(dashboard)/layout.tsx and src/lib/supabase/middleware.ts,src/components/layouts/DashboardLayout.tsx; src/components/layouts/BottomNav.tsx; src/components/shared/AlertToast.tsx; src/components/shared/GlobalTopRightMenu.tsx; src/components/shared/AuthSync.tsx; src/components/layouts/DesktopSidebar.tsx; src/components/layouts/DesktopRightPanel.tsx; src/components/ui/UserAvatar.tsx; src/components/providers/AuthProvider.tsx,Foundation family; Rajya; Doot; Vault,"No duplicate/old route risk identified from supplied source; Needs WD Verification before deletion decisions. Static route-literal search found no reference outside the page file; dynamic navigation is possible, so linkage Needs WD Verification.",src/app/(dashboard)/pehchaan/mapping/add/page.tsx; src/app/(dashboard)/layout.tsx; src/app/api/identity/route.ts; src/app/api/profile/route.ts; src/app/api/family/route.ts; src/lib/services/identityService.ts; src/lib/services/userService.ts; src/lib/services/familyService.ts; src/lib/services/baseService.ts; audit-output/02-database-and-dependencies/MODULE_DEPENDENCY_MATRIX.csv; audit-output/01-repository-and-architecture/REPOSITORY_INVENTORY.md; audit-output/01-repository-and-architecture/GOOGLE_AUTH_CODE_FLOW.md; audit-input/01-database-structure/schema.sql; audit-input/01-database-structure/database.types.ts; audit-input/02-existing-team-outputs/2026-07-19_MODULE_CRUD_TRACE.csv; audit-input/02-existing-team-outputs/PM_MODULE_INVENTORY.csv; +2 more,Strong Evidence,Yes,Prior module-level assessment: Implemented with parallel old/new route and store paths. This rebuilt row is route-level and does not treat prior Confirmed labels as human verification.
Pehchaan / Identity Vault,Implemented,/pehchaan/records,src/app/(dashboard)/pehchaan/records/page.tsx,src/app/(dashboard)/layout.tsx,No distinct form component found in this route,IdentityHub; CreditCard,SealStrengthRing (src/components/identity/SealStrengthRing.tsx); VideoTutorialPlaceholder (src/components/ui/VideoTutorialPlaceholder.tsx); PageGuide (src/components/ui/PageGuide.tsx); ToastProvider (src/components/providers/ToastProvider.tsx); ConfirmModal (src/components/ui/ConfirmModal.tsx),src/lib/identityStore.ts; src/lib/onboardingStore.ts,src/components/providers/ToastProvider.tsx; src/components/providers/AuthProvider.tsx,/api/auth/google-status -> src/app/api/auth/google-status/route.ts; /api/identity -> src/app/api/identity/route.ts; /api/auth/unlink-google -> src/app/api/auth/unlink-google/route.ts; /api/auth/link-google -> src/app/api/auth/link-google/route.ts; /api/profile -> src/app/api/profile/route.ts; /api/family -> src/app/api/family/route.ts,src/lib/services/identityService.ts; src/lib/services/userService.ts; src/lib/services/familyService.ts; src/lib/services/baseService.ts,src/lib/supabase/server.ts,src/lib/supabase/server.ts: @supabase/ssr Supabase project createServerClient; src/lib/middleware/auth.middleware.ts: supabase.auth Supabase Auth getUser; src/app/api/profile/route.ts: supabase.auth Supabase Auth updateUser; src/app/api/auth/link-google/route.ts: supabase.auth Supabase Auth getSession; src/app/api/auth/google-status/route.ts: supabase.auth Supabase Auth getSession; src/lib/services/userService.ts: supabaseAdmin.auth.admin Supabase Auth admin getUserById; updateUserById; deleteUser,users; document_meta; identity_records; family_members,Needs WD Verification - no direct field-map row found in traced files,None found in traced files,src/lib/contactValidation.ts,None found in traced files,Probable,Probable,Probable,Yes - src/app/(dashboard)/layout.tsx and src/lib/supabase/middleware.ts,src/components/identity/SealStrengthRing.tsx; src/components/ui/VideoTutorialPlaceholder.tsx; src/components/ui/PageGuide.tsx; src/components/providers/ToastProvider.tsx; src/components/ui/ConfirmModal.tsx; src/components/layouts/DashboardLayout.tsx; src/components/layouts/BottomNav.tsx; src/components/shared/AlertToast.tsx; src/components/shared/GlobalTopRightMenu.tsx; src/components/shared/AuthSync.tsx; src/components/layouts/DesktopSidebar.tsx; src/components/layouts/DesktopRightPanel.tsx; +2 more,Foundation family; Rajya; Doot; Vault,No duplicate/old route risk identified from supplied source; Needs WD Verification before deletion decisions.,src/app/(dashboard)/pehchaan/records/page.tsx; src/app/(dashboard)/layout.tsx; src/app/api/auth/google-status/route.ts; src/app/api/identity/route.ts; src/app/api/auth/unlink-google/route.ts; src/app/api/auth/link-google/route.ts; src/app/api/profile/route.ts; src/app/api/family/route.ts; src/lib/services/identityService.ts; src/lib/services/userService.ts; src/lib/services/familyService.ts; src/lib/services/baseService.ts; audit-output/02-database-and-dependencies/MODULE_DEPENDENCY_MATRIX.csv; audit-output/01-repository-and-architecture/REPOSITORY_INVENTORY.md; audit-output/01-repository-and-architecture/GOOGLE_AUTH_CODE_FLOW.md; audit-input/01-database-structure/schema.sql; +5 more,Strong Evidence,Yes,Prior module-level assessment: Implemented with parallel old/new route and store paths. This rebuilt row is route-level and does not treat prior Confirmed labels as human verification.
Pehchaan / Identity Vault,Implemented,/pehchaan/records/[id]/edit,src/app/(dashboard)/pehchaan/records/[id]/edit/page.tsx,src/app/(dashboard)/layout.tsx,EditDocument; FileUploader,EditDocument,FileUploader (src/components/vault/FileUploader.tsx); ToastProvider (src/components/providers/ToastProvider.tsx),src/lib/identityStore.ts; src/lib/onboardingStore.ts,src/components/providers/ToastProvider.tsx; src/components/providers/AuthProvider.tsx,/api/auth/google-status -> src/app/api/auth/google-status/route.ts; /api/family -> src/app/api/family/route.ts; /api/identity/[id] -> src/app/api/identity/[id]/route.ts; /api/identity -> src/app/api/identity/route.ts; /api/google-drive/upload -> src/app/api/google-drive/upload/route.ts; /api/google-drive/download -> src/app/api/google-drive/download/route.ts; /api/profile -> src/app/api/profile/route.ts,src/lib/services/familyService.ts; src/lib/services/identityService.ts; src/lib/services/userService.ts; src/lib/services/baseService.ts,src/lib/supabase/client.ts; src/lib/supabase/server.ts,src/lib/supabase/client.ts: @supabase/ssr Supabase project createBrowserClient; src/lib/supabase/server.ts: @supabase/ssr Supabase project createServerClient; src/lib/middleware/auth.middleware.ts: supabase.auth Supabase Auth getUser; src/components/vault/FileUploader.tsx: supabase.auth Supabase Auth getUser; src/components/vault/FileUploader.tsx: supabase.storage Dynamic bucket from folder prop .from(folder).upload; getPublicUrl; src/app/api/profile/route.ts: supabase.auth Supabase Auth updateUser; src/app/api/auth/google-status/route.ts: supabase.auth Supabase Auth getSession; src/app/api/google-drive/upload/route.ts: supabase.auth Supabase Auth getSession; src/app/api/google-drive/download/route.ts: supabase.auth Supabase Auth getSession; src/lib/services/userService.ts: supabaseAdmin.auth.admin Supabase Auth admin getUserById; updateUserById; deleteUser,users; document_meta; family_members; identity_records,Needs WD Verification - no direct field-map row found in traced files,src/lib/localVaultEngine.ts; src/lib/googleDriveUtils.ts,src/lib/contactValidation.ts,None found in traced files,Yes,Probable,Probable,Yes - src/app/(dashboard)/layout.tsx and src/lib/supabase/middleware.ts,src/components/vault/FileUploader.tsx; src/components/providers/ToastProvider.tsx; src/components/layouts/DashboardLayout.tsx; src/components/layouts/BottomNav.tsx; src/components/shared/AlertToast.tsx; src/components/shared/GlobalTopRightMenu.tsx; src/components/shared/AuthSync.tsx; src/components/layouts/DesktopSidebar.tsx; src/components/layouts/DesktopRightPanel.tsx; src/components/ui/UserAvatar.tsx; src/components/providers/AuthProvider.tsx,Foundation family; Rajya; Doot; Vault,"No duplicate/old route risk identified from supplied source; Needs WD Verification before deletion decisions. Static route-literal search found no reference outside the page file; dynamic navigation is possible, so linkage Needs WD Verification.",src/app/(dashboard)/pehchaan/records/[id]/edit/page.tsx; src/app/(dashboard)/layout.tsx; src/app/api/auth/google-status/route.ts; src/app/api/family/route.ts; src/app/api/identity/[id]/route.ts; src/app/api/identity/route.ts; src/app/api/google-drive/upload/route.ts; src/app/api/google-drive/download/route.ts; src/app/api/profile/route.ts; src/lib/services/familyService.ts; src/lib/services/identityService.ts; src/lib/services/userService.ts; src/lib/services/baseService.ts; audit-output/02-database-and-dependencies/MODULE_DEPENDENCY_MATRIX.csv; audit-output/01-repository-and-architecture/REPOSITORY_INVENTORY.md; audit-output/01-repository-and-architecture/GOOGLE_AUTH_CODE_FLOW.md; +6 more,Strong Evidence,Yes,Prior module-level assessment: Implemented with parallel old/new route and store paths. This rebuilt row is route-level and does not treat prior Confirmed labels as human verification.
Pehchaan / Identity Vault,Implemented,/pehchaan/records/add,src/app/(dashboard)/pehchaan/records/add/page.tsx,src/app/(dashboard)/layout.tsx,AddDocument; FileUploader,AddDocument; OnboardingStore,FileUploader (src/components/vault/FileUploader.tsx); ToastProvider (src/components/providers/ToastProvider.tsx),src/lib/identityStore.ts; src/lib/stores/onboardingStore.ts; src/lib/onboardingStore.ts,src/components/providers/ToastProvider.tsx; src/components/providers/AuthProvider.tsx,/api/auth/google-status -> src/app/api/auth/google-status/route.ts; /api/family -> src/app/api/family/route.ts; /api/identity -> src/app/api/identity/route.ts; /api/profile -> src/app/api/profile/route.ts; /api/google-drive/upload -> src/app/api/google-drive/upload/route.ts; /api/google-drive/download -> src/app/api/google-drive/download/route.ts,src/lib/services/familyService.ts; src/lib/services/identityService.ts; src/lib/services/userService.ts; src/lib/services/baseService.ts,src/lib/supabase/client.ts; src/lib/supabase/server.ts,src/lib/supabase/client.ts: @supabase/ssr Supabase project createBrowserClient; src/lib/supabase/server.ts: @supabase/ssr Supabase project createServerClient; src/lib/middleware/auth.middleware.ts: supabase.auth Supabase Auth getUser; src/components/vault/FileUploader.tsx: supabase.auth Supabase Auth getUser; src/components/vault/FileUploader.tsx: supabase.storage Dynamic bucket from folder prop .from(folder).upload; getPublicUrl; src/app/api/profile/route.ts: supabase.auth Supabase Auth updateUser; src/app/api/auth/google-status/route.ts: supabase.auth Supabase Auth getSession; src/app/api/google-drive/upload/route.ts: supabase.auth Supabase Auth getSession; src/app/api/google-drive/download/route.ts: supabase.auth Supabase Auth getSession; src/lib/services/userService.ts: supabaseAdmin.auth.admin Supabase Auth admin getUserById; updateUserById; deleteUser,users; document_meta; family_members; identity_records,identity_records.idType; identity_records.numberMasked; identity_records.issuedDate; identity_records.expiryDate; identity_records.placeOfIssue; identity_records.dobOnDoc; identity_records.nameOnDoc; identity_records.vaultFileId; identity_records.familyMemberId,src/lib/localVaultEngine.ts,src/lib/documentValidation.ts; src/lib/contactValidation.ts,None found in traced files,Yes,Probable,Probable,Yes - src/app/(dashboard)/layout.tsx and src/lib/supabase/middleware.ts,src/components/vault/FileUploader.tsx; src/components/providers/ToastProvider.tsx; src/components/layouts/DashboardLayout.tsx; src/components/layouts/BottomNav.tsx; src/components/shared/AlertToast.tsx; src/components/shared/GlobalTopRightMenu.tsx; src/components/shared/AuthSync.tsx; src/components/layouts/DesktopSidebar.tsx; src/components/layouts/DesktopRightPanel.tsx; src/components/ui/UserAvatar.tsx; src/components/providers/AuthProvider.tsx,Foundation family; Rajya; Doot; Vault,No duplicate/old route risk identified from supplied source; Needs WD Verification before deletion decisions.,src/app/(dashboard)/pehchaan/records/add/page.tsx; src/app/(dashboard)/layout.tsx; src/app/api/auth/google-status/route.ts; src/app/api/family/route.ts; src/app/api/identity/route.ts; src/app/api/profile/route.ts; src/app/api/google-drive/upload/route.ts; src/app/api/google-drive/download/route.ts; src/lib/services/familyService.ts; src/lib/services/identityService.ts; src/lib/services/userService.ts; src/lib/services/baseService.ts; audit-output/02-database-and-dependencies/FRONTEND_DATABASE_FIELD_MAP.csv; audit-output/02-database-and-dependencies/MODULE_DEPENDENCY_MATRIX.csv; audit-output/01-repository-and-architecture/REPOSITORY_INVENTORY.md; audit-output/01-repository-and-architecture/GOOGLE_AUTH_CODE_FLOW.md; +6 more,Strong Evidence,Yes,Prior module-level assessment: Implemented with parallel old/new route and store paths. This rebuilt row is route-level and does not treat prior Confirmed labels as human verification.
Pehchaan / Identity Vault,Implemented,/pehchaan/records/doc/[id],src/app/(dashboard)/pehchaan/records/doc/[id]/page.tsx,src/app/(dashboard)/layout.tsx,FileUploader,DocDetail; OnboardingStore,SealStrengthRing (src/components/identity/SealStrengthRing.tsx); FileUploader (src/components/vault/FileUploader.tsx); ToastProvider (src/components/providers/ToastProvider.tsx),src/lib/identityStore.ts; src/lib/onboardingStore.ts,src/components/providers/ToastProvider.tsx; src/components/providers/AuthProvider.tsx,/api/identity/[id] -> src/app/api/identity/[id]/route.ts; /api/identity -> src/app/api/identity/route.ts; /api/profile -> src/app/api/profile/route.ts; /api/family -> src/app/api/family/route.ts; /api/google-drive/upload -> src/app/api/google-drive/upload/route.ts; /api/google-drive/download -> src/app/api/google-drive/download/route.ts,src/lib/services/identityService.ts; src/lib/services/userService.ts; src/lib/services/familyService.ts; src/lib/services/baseService.ts,src/lib/supabase/client.ts; src/lib/supabase/server.ts,src/lib/supabase/client.ts: @supabase/ssr Supabase project createBrowserClient; src/lib/supabase/server.ts: @supabase/ssr Supabase project createServerClient; src/lib/middleware/auth.middleware.ts: supabase.auth Supabase Auth getUser; src/components/vault/FileUploader.tsx: supabase.auth Supabase Auth getUser; src/components/vault/FileUploader.tsx: supabase.storage Dynamic bucket from folder prop .from(folder).upload; getPublicUrl; src/app/api/profile/route.ts: supabase.auth Supabase Auth updateUser; src/app/api/google-drive/upload/route.ts: supabase.auth Supabase Auth getSession; src/app/api/google-drive/download/route.ts: supabase.auth Supabase Auth getSession; src/lib/services/userService.ts: supabaseAdmin.auth.admin Supabase Auth admin getUserById; updateUserById; deleteUser,document_meta; family_members; users; identity_records,Needs WD Verification - no direct field-map row found in traced files,src/lib/localVaultEngine.ts; src/lib/googleDriveUtils.ts,src/lib/contactValidation.ts,None found in traced files,Yes,Probable,Probable,Yes - src/app/(dashboard)/layout.tsx and src/lib/supabase/middleware.ts,src/components/identity/SealStrengthRing.tsx; src/components/vault/FileUploader.tsx; src/components/providers/ToastProvider.tsx; src/components/layouts/DashboardLayout.tsx; src/components/layouts/BottomNav.tsx; src/components/shared/AlertToast.tsx; src/components/shared/GlobalTopRightMenu.tsx; src/components/shared/AuthSync.tsx; src/components/layouts/DesktopSidebar.tsx; src/components/layouts/DesktopRightPanel.tsx; src/components/ui/UserAvatar.tsx; src/components/providers/AuthProvider.tsx,Foundation family; Rajya; Doot; Vault,"No duplicate/old route risk identified from supplied source; Needs WD Verification before deletion decisions. Static route-literal search found no reference outside the page file; dynamic navigation is possible, so linkage Needs WD Verification.",src/app/(dashboard)/pehchaan/records/doc/[id]/page.tsx; src/app/(dashboard)/layout.tsx; src/app/api/identity/[id]/route.ts; src/app/api/identity/route.ts; src/app/api/profile/route.ts; src/app/api/family/route.ts; src/app/api/google-drive/upload/route.ts; src/app/api/google-drive/download/route.ts; src/lib/services/identityService.ts; src/lib/services/userService.ts; src/lib/services/familyService.ts; src/lib/services/baseService.ts; audit-output/02-database-and-dependencies/MODULE_DEPENDENCY_MATRIX.csv; audit-output/01-repository-and-architecture/REPOSITORY_INVENTORY.md; audit-output/01-repository-and-architecture/GOOGLE_AUTH_CODE_FLOW.md; audit-input/01-database-structure/schema.sql; +5 more,Strong Evidence,Yes,Prior module-level assessment: Implemented with parallel old/new route and store paths. This rebuilt row is route-level and does not treat prior Confirmed labels as human verification.
Pehchaan / Identity Vault,Implemented,/pehchaan/records/links,src/app/(dashboard)/pehchaan/records/links/page.tsx,src/app/(dashboard)/layout.tsx,No distinct form component found in this route,LinksListPage,None found in traced files,src/lib/identityStore.ts; src/lib/onboardingStore.ts,src/components/providers/AuthProvider.tsx,/api/identity/links -> src/app/api/identity/links/route.ts; /api/identity -> src/app/api/identity/route.ts; /api/profile -> src/app/api/profile/route.ts; /api/family -> src/app/api/family/route.ts,src/lib/services/identityService.ts; src/lib/services/userService.ts; src/lib/services/familyService.ts; src/lib/services/baseService.ts,src/lib/supabase/server.ts,src/lib/supabase/server.ts: @supabase/ssr Supabase project createServerClient; src/lib/middleware/auth.middleware.ts: supabase.auth Supabase Auth getUser; src/app/api/profile/route.ts: supabase.auth Supabase Auth updateUser; src/lib/services/userService.ts: supabaseAdmin.auth.admin Supabase Auth admin getUserById; updateUserById; deleteUser,identity_links; document_meta; users; identity_records; family_members,Needs WD Verification - no direct field-map row found in traced files,None found in traced files,src/lib/contactValidation.ts,None found in traced files,Probable,Probable,Probable,Yes - src/app/(dashboard)/layout.tsx and src/lib/supabase/middleware.ts,src/components/layouts/DashboardLayout.tsx; src/components/layouts/BottomNav.tsx; src/components/shared/AlertToast.tsx; src/components/shared/GlobalTopRightMenu.tsx; src/components/shared/AuthSync.tsx; src/components/layouts/DesktopSidebar.tsx; src/components/layouts/DesktopRightPanel.tsx; src/components/ui/UserAvatar.tsx; src/components/providers/AuthProvider.tsx,Foundation family; Rajya; Doot; Vault,"No duplicate/old route risk identified from supplied source; Needs WD Verification before deletion decisions. Static route-literal search found no reference outside the page file; dynamic navigation is possible, so linkage Needs WD Verification.",src/app/(dashboard)/pehchaan/records/links/page.tsx; src/app/(dashboard)/layout.tsx; src/app/api/identity/links/route.ts; src/app/api/identity/route.ts; src/app/api/profile/route.ts; src/app/api/family/route.ts; src/lib/services/identityService.ts; src/lib/services/userService.ts; src/lib/services/familyService.ts; src/lib/services/baseService.ts; audit-output/02-database-and-dependencies/MODULE_DEPENDENCY_MATRIX.csv; audit-output/01-repository-and-architecture/REPOSITORY_INVENTORY.md; audit-output/01-repository-and-architecture/GOOGLE_AUTH_CODE_FLOW.md; audit-input/01-database-structure/schema.sql; audit-input/01-database-structure/database.types.ts; audit-input/02-existing-team-outputs/2026-07-19_MODULE_CRUD_TRACE.csv; +3 more,Strong Evidence,Yes,Prior module-level assessment: Implemented with parallel old/new route and store paths. This rebuilt row is route-level and does not treat prior Confirmed labels as human verification.
Pehchaan / Identity Vault,Implemented,/pehchaan/records/links/add,src/app/(dashboard)/pehchaan/records/links/add/page.tsx,src/app/(dashboard)/layout.tsx,LinkWizard,LinkWizard,None found in traced files,src/lib/identityStore.ts; src/lib/onboardingStore.ts,src/components/providers/AuthProvider.tsx,/api/identity -> src/app/api/identity/route.ts; /api/profile -> src/app/api/profile/route.ts; /api/identity/links -> src/app/api/identity/links/route.ts; /api/family -> src/app/api/family/route.ts,src/lib/services/identityService.ts; src/lib/services/userService.ts; src/lib/services/familyService.ts; src/lib/services/baseService.ts,src/lib/supabase/server.ts,src/lib/supabase/server.ts: @supabase/ssr Supabase project createServerClient; src/lib/middleware/auth.middleware.ts: supabase.auth Supabase Auth getUser; src/app/api/profile/route.ts: supabase.auth Supabase Auth updateUser; src/lib/services/userService.ts: supabaseAdmin.auth.admin Supabase Auth admin getUserById; updateUserById; deleteUser,document_meta; identity_links; users; identity_records; family_members,Needs WD Verification - no direct field-map row found in traced files,None found in traced files,src/lib/contactValidation.ts,None found in traced files,Probable,Probable,Probable,Yes - src/app/(dashboard)/layout.tsx and src/lib/supabase/middleware.ts,src/components/layouts/DashboardLayout.tsx; src/components/layouts/BottomNav.tsx; src/components/shared/AlertToast.tsx; src/components/shared/GlobalTopRightMenu.tsx; src/components/shared/AuthSync.tsx; src/components/layouts/DesktopSidebar.tsx; src/components/layouts/DesktopRightPanel.tsx; src/components/ui/UserAvatar.tsx; src/components/providers/AuthProvider.tsx,Foundation family; Rajya; Doot; Vault,"No duplicate/old route risk identified from supplied source; Needs WD Verification before deletion decisions. Static route-literal search found no reference outside the page file; dynamic navigation is possible, so linkage Needs WD Verification.",src/app/(dashboard)/pehchaan/records/links/add/page.tsx; src/app/(dashboard)/layout.tsx; src/app/api/identity/route.ts; src/app/api/profile/route.ts; src/app/api/identity/links/route.ts; src/app/api/family/route.ts; src/lib/services/identityService.ts; src/lib/services/userService.ts; src/lib/services/familyService.ts; src/lib/services/baseService.ts; audit-output/02-database-and-dependencies/MODULE_DEPENDENCY_MATRIX.csv; audit-output/01-repository-and-architecture/REPOSITORY_INVENTORY.md; audit-output/01-repository-and-architecture/GOOGLE_AUTH_CODE_FLOW.md; audit-input/01-database-structure/schema.sql; audit-input/01-database-structure/database.types.ts; audit-input/02-existing-team-outputs/2026-07-19_MODULE_CRUD_TRACE.csv; +3 more,Strong Evidence,Yes,Prior module-level assessment: Implemented with parallel old/new route and store paths. This rebuilt row is route-level and does not treat prior Confirmed labels as human verification.
Pehchaan / Identity Vault,Implemented,/pehchaan/records/renewals,src/app/(dashboard)/pehchaan/records/renewals/page.tsx,src/app/(dashboard)/layout.tsx,No distinct form component found in this route,Renewals,None found in traced files,src/lib/identityStore.ts; src/lib/onboardingStore.ts,src/components/providers/AuthProvider.tsx,/api/identity -> src/app/api/identity/route.ts; /api/identity/reminders -> src/app/api/identity/reminders/route.ts; /api/profile -> src/app/api/profile/route.ts; /api/family -> src/app/api/family/route.ts,src/lib/services/identityService.ts; src/lib/services/userService.ts; src/lib/services/familyService.ts; src/lib/services/baseService.ts,src/lib/supabase/server.ts,src/lib/supabase/server.ts: @supabase/ssr Supabase project createServerClient; src/lib/middleware/auth.middleware.ts: supabase.auth Supabase Auth getUser; src/app/api/profile/route.ts: supabase.auth Supabase Auth updateUser; src/lib/services/userService.ts: supabaseAdmin.auth.admin Supabase Auth admin getUserById; updateUserById; deleteUser,document_meta; reminders; users; identity_records; family_members,Needs WD Verification - no direct field-map row found in traced files,None found in traced files,src/lib/contactValidation.ts,None found in traced files,Probable,Yes,Probable,Yes - src/app/(dashboard)/layout.tsx and src/lib/supabase/middleware.ts,src/components/layouts/DashboardLayout.tsx; src/components/layouts/BottomNav.tsx; src/components/shared/AlertToast.tsx; src/components/shared/GlobalTopRightMenu.tsx; src/components/shared/AuthSync.tsx; src/components/layouts/DesktopSidebar.tsx; src/components/layouts/DesktopRightPanel.tsx; src/components/ui/UserAvatar.tsx; src/components/providers/AuthProvider.tsx,Foundation family; Rajya; Doot; Vault,"No duplicate/old route risk identified from supplied source; Needs WD Verification before deletion decisions. Static route-literal search found no reference outside the page file; dynamic navigation is possible, so linkage Needs WD Verification.",src/app/(dashboard)/pehchaan/records/renewals/page.tsx; src/app/(dashboard)/layout.tsx; src/app/api/identity/route.ts; src/app/api/identity/reminders/route.ts; src/app/api/profile/route.ts; src/app/api/family/route.ts; src/lib/services/identityService.ts; src/lib/services/userService.ts; src/lib/services/familyService.ts; src/lib/services/baseService.ts; audit-output/02-database-and-dependencies/MODULE_DEPENDENCY_MATRIX.csv; audit-output/01-repository-and-architecture/REPOSITORY_INVENTORY.md; audit-output/01-repository-and-architecture/GOOGLE_AUTH_CODE_FLOW.md; audit-input/01-database-structure/schema.sql; audit-input/01-database-structure/database.types.ts; audit-input/02-existing-team-outputs/2026-07-19_MODULE_CRUD_TRACE.csv; +3 more,Strong Evidence,Yes,Prior module-level assessment: Implemented with parallel old/new route and store paths. This rebuilt row is route-level and does not treat prior Confirmed labels as human verification.
Pehchaan / Identity Vault,Implemented,/pehchaan/records/settings,src/app/(dashboard)/pehchaan/records/settings/page.tsx,src/app/(dashboard)/layout.tsx,No distinct form component found in this route,VaultSettings,None found in traced files,src/lib/identityStore.ts; src/lib/onboardingStore.ts,src/components/providers/AuthProvider.tsx,/api/identity/settings -> src/app/api/identity/settings/route.ts; /api/identity -> src/app/api/identity/route.ts; /api/profile -> src/app/api/profile/route.ts; /api/family -> src/app/api/family/route.ts,src/lib/services/identityService.ts; src/lib/services/userService.ts; src/lib/services/familyService.ts; src/lib/services/baseService.ts,src/lib/supabase/server.ts,src/lib/supabase/server.ts: @supabase/ssr Supabase project createServerClient; src/lib/middleware/auth.middleware.ts: supabase.auth Supabase Auth getUser; src/app/api/profile/route.ts: supabase.auth Supabase Auth updateUser; src/lib/services/userService.ts: supabaseAdmin.auth.admin Supabase Auth admin getUserById; updateUserById; deleteUser,users; document_meta; identity_records; family_members,Needs WD Verification - no direct field-map row found in traced files,src/lib/vaultExporter.ts; src/lib/localVaultEngine.ts,src/lib/contactValidation.ts,None found in traced files,Yes,Probable,Probable,Yes - src/app/(dashboard)/layout.tsx and src/lib/supabase/middleware.ts,src/components/layouts/DashboardLayout.tsx; src/components/layouts/BottomNav.tsx; src/components/shared/AlertToast.tsx; src/components/shared/GlobalTopRightMenu.tsx; src/components/shared/AuthSync.tsx; src/components/layouts/DesktopSidebar.tsx; src/components/layouts/DesktopRightPanel.tsx; src/components/ui/UserAvatar.tsx; src/components/providers/AuthProvider.tsx,Foundation family; Rajya; Doot; Vault,"No duplicate/old route risk identified from supplied source; Needs WD Verification before deletion decisions. Static route-literal search found no reference outside the page file; dynamic navigation is possible, so linkage Needs WD Verification.",src/app/(dashboard)/pehchaan/records/settings/page.tsx; src/app/(dashboard)/layout.tsx; src/app/api/identity/settings/route.ts; src/app/api/identity/route.ts; src/app/api/profile/route.ts; src/app/api/family/route.ts; src/lib/services/identityService.ts; src/lib/services/userService.ts; src/lib/services/familyService.ts; src/lib/services/baseService.ts; audit-output/02-database-and-dependencies/MODULE_DEPENDENCY_MATRIX.csv; audit-output/01-repository-and-architecture/REPOSITORY_INVENTORY.md; audit-output/01-repository-and-architecture/GOOGLE_AUTH_CODE_FLOW.md; audit-input/01-database-structure/schema.sql; audit-input/01-database-structure/database.types.ts; audit-input/02-existing-team-outputs/2026-07-19_MODULE_CRUD_TRACE.csv; +3 more,Strong Evidence,Yes,Prior module-level assessment: Implemented with parallel old/new route and store paths. This rebuilt row is route-level and does not treat prior Confirmed labels as human verification.
Pehchaan / Identity Vault,Implemented,/pehchaan/settings,src/app/(dashboard)/pehchaan/settings/page.tsx,src/app/(dashboard)/layout.tsx,No distinct form component found in this route,VaultSettings,None found in traced files,src/lib/stores/identityStore.ts; src/lib/stores/onboardingStore.ts,src/components/providers/AuthProvider.tsx,/api/identity -> src/app/api/identity/route.ts; /api/profile -> src/app/api/profile/route.ts; /api/family -> src/app/api/family/route.ts,src/lib/services/identityService.ts; src/lib/services/userService.ts; src/lib/services/familyService.ts; src/lib/services/baseService.ts,src/lib/supabase/server.ts,src/lib/supabase/server.ts: @supabase/ssr Supabase project createServerClient; src/lib/middleware/auth.middleware.ts: supabase.auth Supabase Auth getUser; src/app/api/profile/route.ts: supabase.auth Supabase Auth updateUser; src/lib/services/userService.ts: supabaseAdmin.auth.admin Supabase Auth admin getUserById; updateUserById; deleteUser,document_meta; users; identity_records; family_members,Needs WD Verification - no direct field-map row found in traced files,src/lib/vaultExporter.ts; src/lib/localVaultEngine.ts,src/lib/validators/contactValidator.ts,None found in traced files,Yes,Probable,Probable,Yes - src/app/(dashboard)/layout.tsx and src/lib/supabase/middleware.ts,src/components/layouts/DashboardLayout.tsx; src/components/layouts/BottomNav.tsx; src/components/shared/AlertToast.tsx; src/components/shared/GlobalTopRightMenu.tsx; src/components/shared/AuthSync.tsx; src/components/layouts/DesktopSidebar.tsx; src/components/layouts/DesktopRightPanel.tsx; src/components/ui/UserAvatar.tsx; src/components/providers/AuthProvider.tsx,Foundation family; Rajya; Doot; Vault,"No duplicate/old route risk identified from supplied source; Needs WD Verification before deletion decisions. Static route-literal search found no reference outside the page file; dynamic navigation is possible, so linkage Needs WD Verification.",src/app/(dashboard)/pehchaan/settings/page.tsx; src/app/(dashboard)/layout.tsx; src/app/api/identity/route.ts; src/app/api/profile/route.ts; src/app/api/family/route.ts; src/lib/services/identityService.ts; src/lib/services/userService.ts; src/lib/services/familyService.ts; src/lib/services/baseService.ts; audit-output/02-database-and-dependencies/MODULE_DEPENDENCY_MATRIX.csv; audit-output/01-repository-and-architecture/REPOSITORY_INVENTORY.md; audit-output/01-repository-and-architecture/GOOGLE_AUTH_CODE_FLOW.md; audit-input/01-database-structure/schema.sql; audit-input/01-database-structure/database.types.ts; audit-input/02-existing-team-outputs/2026-07-19_MODULE_CRUD_TRACE.csv; audit-input/02-existing-team-outputs/PM_MODULE_INVENTORY.csv; +2 more,Strong Evidence,Yes,Prior module-level assessment: Implemented with parallel old/new route and store paths. This rebuilt row is route-level and does not treat prior Confirmed labels as human verification.
Pehchaan / Identity Vault,Implemented,/pehchaan/validity,src/app/(dashboard)/pehchaan/validity/page.tsx,src/app/(dashboard)/layout.tsx,No distinct form component found in this route,Renewals,None found in traced files,src/lib/stores/identityStore.ts; src/lib/stores/onboardingStore.ts,src/components/providers/AuthProvider.tsx,/api/identity -> src/app/api/identity/route.ts; /api/profile -> src/app/api/profile/route.ts; /api/family -> src/app/api/family/route.ts,src/lib/services/identityService.ts; src/lib/services/userService.ts; src/lib/services/familyService.ts; src/lib/services/baseService.ts,src/lib/supabase/server.ts,src/lib/supabase/server.ts: @supabase/ssr Supabase project createServerClient; src/lib/middleware/auth.middleware.ts: supabase.auth Supabase Auth getUser; src/app/api/profile/route.ts: supabase.auth Supabase Auth updateUser; src/lib/services/userService.ts: supabaseAdmin.auth.admin Supabase Auth admin getUserById; updateUserById; deleteUser,document_meta; users; identity_records; family_members,Needs WD Verification - no direct field-map row found in traced files,None found in traced files,src/lib/validators/contactValidator.ts,None found in traced files,Probable,Probable,Probable,Yes - src/app/(dashboard)/layout.tsx and src/lib/supabase/middleware.ts,src/components/layouts/DashboardLayout.tsx; src/components/layouts/BottomNav.tsx; src/components/shared/AlertToast.tsx; src/components/shared/GlobalTopRightMenu.tsx; src/components/shared/AuthSync.tsx; src/components/layouts/DesktopSidebar.tsx; src/components/layouts/DesktopRightPanel.tsx; src/components/ui/UserAvatar.tsx; src/components/providers/AuthProvider.tsx,Foundation family; Rajya; Doot; Vault,"No duplicate/old route risk identified from supplied source; Needs WD Verification before deletion decisions. Static route-literal search found no reference outside the page file; dynamic navigation is possible, so linkage Needs WD Verification.",src/app/(dashboard)/pehchaan/validity/page.tsx; src/app/(dashboard)/layout.tsx; src/app/api/identity/route.ts; src/app/api/profile/route.ts; src/app/api/family/route.ts; src/lib/services/identityService.ts; src/lib/services/userService.ts; src/lib/services/familyService.ts; src/lib/services/baseService.ts; audit-output/02-database-and-dependencies/MODULE_DEPENDENCY_MATRIX.csv; audit-output/01-repository-and-architecture/REPOSITORY_INVENTORY.md; audit-output/01-repository-and-architecture/GOOGLE_AUTH_CODE_FLOW.md; audit-input/01-database-structure/schema.sql; audit-input/01-database-structure/database.types.ts; audit-input/02-existing-team-outputs/2026-07-19_MODULE_CRUD_TRACE.csv; audit-input/02-existing-team-outputs/PM_MODULE_INVENTORY.csv; +2 more,Strong Evidence,Yes,Prior module-level assessment: Implemented with parallel old/new route and store paths. This rebuilt row is route-level and does not treat prior Confirmed labels as human verification.
Pravah / Khate Bank Hub,Implemented,/khate/accounts,src/app/(dashboard)/khate/accounts/page.tsx,src/app/(dashboard)/layout.tsx,No distinct form component found in this route,BankHub; fetchBankSummary,None found in traced files,src/lib/bankStore.ts; src/lib/expenseStore.ts; src/lib/incomeStore.ts,src/components/providers/AuthProvider.tsx,/api/bank/[id] -> src/app/api/bank/[id]/route.ts; /api/bank -> src/app/api/bank/route.ts; /api/expense-categories -> src/app/api/expense-categories/route.ts; /api/expenses -> src/app/api/expenses/route.ts; /api/expenses/[id] -> src/app/api/expenses/[id]/route.ts; /api/subscriptions -> src/app/api/subscriptions/route.ts; /api/subscriptions/[id] -> src/app/api/subscriptions/[id]/route.ts; /api/budget -> src/app/api/budget/route.ts; /api/income -> src/app/api/income/route.ts; /api/income/[id] -> src/app/api/income/[id]/route.ts,src/lib/bankApi.ts; src/lib/services/bankService.ts; src/lib/services/incomeService.ts; src/lib/services/expenseService.ts; src/lib/services/expenseCategoryService.ts; src/lib/services/subscriptionService.ts; src/lib/services/budgetService.ts; src/lib/services/baseService.ts,src/lib/supabase/server.ts,src/lib/supabase/server.ts: @supabase/ssr Supabase project createServerClient; src/lib/middleware/auth.middleware.ts: supabase.auth Supabase Auth getUser,bank_accounts; balance_history; cash_wallets; users; income_streams; expense_entries; expense_categories; subscriptions; budget_plans,Needs WD Verification - no direct field-map row found in traced files,None found in traced files,None found in traced files,None found in traced files,No,Probable,Probable,Yes - src/app/(dashboard)/layout.tsx and src/lib/supabase/middleware.ts,src/components/layouts/DashboardLayout.tsx; src/components/layouts/BottomNav.tsx; src/components/shared/AlertToast.tsx; src/components/shared/GlobalTopRightMenu.tsx; src/components/shared/AuthSync.tsx; src/components/layouts/DesktopSidebar.tsx; src/components/layouts/DesktopRightPanel.tsx; src/components/ui/UserAvatar.tsx; src/components/providers/AuthProvider.tsx,Kosh; Vyaya; Rajya; Suchak; Leakage,No duplicate/old route risk identified from supplied source; Needs WD Verification before deletion decisions.,src/app/(dashboard)/khate/accounts/page.tsx; src/app/(dashboard)/layout.tsx; src/app/api/bank/[id]/route.ts; src/app/api/bank/route.ts; src/app/api/expense-categories/route.ts; src/app/api/expenses/route.ts; src/app/api/expenses/[id]/route.ts; src/app/api/subscriptions/route.ts; src/app/api/subscriptions/[id]/route.ts; src/app/api/budget/route.ts; src/app/api/income/route.ts; src/app/api/income/[id]/route.ts; src/lib/bankApi.ts; src/lib/services/bankService.ts; src/lib/services/incomeService.ts; src/lib/services/expenseService.ts; +13 more,Strong Evidence,Yes,Prior module-level assessment: Implemented with duplicate route/store families. This rebuilt row is route-level and does not treat prior Confirmed labels as human verification.
Pravah / Khate Bank Hub,Implemented,/khate/accounts/[id]/edit,src/app/(dashboard)/khate/accounts/[id]/edit/page.tsx,src/app/(dashboard)/layout.tsx,EditBankAccount,EditBankAccount,None found in traced files,src/lib/bankStore.ts; src/lib/expenseStore.ts; src/lib/incomeStore.ts,src/components/providers/AuthProvider.tsx,/api/bank/[id] -> src/app/api/bank/[id]/route.ts; /api/expense-categories -> src/app/api/expense-categories/route.ts; /api/expenses -> src/app/api/expenses/route.ts; /api/expenses/[id] -> src/app/api/expenses/[id]/route.ts; /api/subscriptions -> src/app/api/subscriptions/route.ts; /api/subscriptions/[id] -> src/app/api/subscriptions/[id]/route.ts; /api/budget -> src/app/api/budget/route.ts; /api/income -> src/app/api/income/route.ts; /api/income/[id] -> src/app/api/income/[id]/route.ts,src/lib/services/expenseCategoryService.ts; src/lib/services/expenseService.ts; src/lib/services/subscriptionService.ts; src/lib/services/budgetService.ts; src/lib/services/incomeService.ts; src/lib/services/baseService.ts,src/lib/supabase/server.ts,src/lib/supabase/server.ts: @supabase/ssr Supabase project createServerClient; src/lib/middleware/auth.middleware.ts: supabase.auth Supabase Auth getUser,bank_accounts; balance_history; users; expense_categories; expense_entries; subscriptions; budget_plans; income_streams,Needs WD Verification - no direct field-map row found in traced files,None found in traced files,None found in traced files,None found in traced files,No,Probable,Probable,Yes - src/app/(dashboard)/layout.tsx and src/lib/supabase/middleware.ts,src/components/layouts/DashboardLayout.tsx; src/components/layouts/BottomNav.tsx; src/components/shared/AlertToast.tsx; src/components/shared/GlobalTopRightMenu.tsx; src/components/shared/AuthSync.tsx; src/components/layouts/DesktopSidebar.tsx; src/components/layouts/DesktopRightPanel.tsx; src/components/ui/UserAvatar.tsx; src/components/providers/AuthProvider.tsx,Kosh; Vyaya; Rajya; Suchak; Leakage,"No duplicate/old route risk identified from supplied source; Needs WD Verification before deletion decisions. Static route-literal search found no reference outside the page file; dynamic navigation is possible, so linkage Needs WD Verification.",src/app/(dashboard)/khate/accounts/[id]/edit/page.tsx; src/app/(dashboard)/layout.tsx; src/app/api/bank/[id]/route.ts; src/app/api/expense-categories/route.ts; src/app/api/expenses/route.ts; src/app/api/expenses/[id]/route.ts; src/app/api/subscriptions/route.ts; src/app/api/subscriptions/[id]/route.ts; src/app/api/budget/route.ts; src/app/api/income/route.ts; src/app/api/income/[id]/route.ts; src/lib/services/expenseCategoryService.ts; src/lib/services/expenseService.ts; src/lib/services/subscriptionService.ts; src/lib/services/budgetService.ts; src/lib/services/incomeService.ts; +10 more,Strong Evidence,Yes,Prior module-level assessment: Implemented with duplicate route/store families. This rebuilt row is route-level and does not treat prior Confirmed labels as human verification.
Pravah / Khate Bank Hub,Implemented,/khate/accounts/add,src/app/(dashboard)/khate/accounts/add/page.tsx,src/app/(dashboard)/layout.tsx,AddBankAccount,AddBankAccount; fetchBankSummary,None found in traced files,src/lib/bankStore.ts; src/lib/expenseStore.ts; src/lib/incomeStore.ts,src/components/providers/AuthProvider.tsx,/api/family -> src/app/api/family/route.ts; /api/identity -> src/app/api/identity/route.ts; /api/credentials -> src/app/api/credentials/route.ts; /api/bank -> src/app/api/bank/route.ts; /api/expense-categories -> src/app/api/expense-categories/route.ts; /api/expenses -> src/app/api/expenses/route.ts; /api/expenses/[id] -> src/app/api/expenses/[id]/route.ts; /api/subscriptions -> src/app/api/subscriptions/route.ts; /api/subscriptions/[id] -> src/app/api/subscriptions/[id]/route.ts; /api/budget -> src/app/api/budget/route.ts; /api/income -> src/app/api/income/route.ts; /api/income/[id] -> src/app/api/income/[id]/route.ts,src/lib/bankApi.ts; src/lib/services/familyService.ts; src/lib/services/identityService.ts; src/lib/services/credentialService.ts; src/lib/services/bankService.ts; src/lib/services/incomeService.ts; src/lib/services/expenseService.ts; src/lib/services/expenseCategoryService.ts; src/lib/services/subscriptionService.ts; src/lib/services/budgetService.ts; src/lib/services/baseService.ts,src/lib/supabase/server.ts,src/lib/supabase/server.ts: @supabase/ssr Supabase project createServerClient; src/lib/middleware/auth.middleware.ts: supabase.auth Supabase Auth getUser,users; document_meta; cash_wallets; family_members; identity_records; credential_records; bank_accounts; income_streams; expense_entries; expense_categories; subscriptions; budget_plans,bank_accounts.bankName; bank_accounts.accountType; bank_accounts.accountLast4; bank_accounts.ifsc; bank_accounts.nickname; bank_accounts.currentBalance; bank_accounts.latestBalanceAsOf; bank_accounts.isPrimary; bank_accounts.notes,None found in traced files,None found in traced files,None found in traced files,No,Probable,Probable,Yes - src/app/(dashboard)/layout.tsx and src/lib/supabase/middleware.ts,src/components/layouts/DashboardLayout.tsx; src/components/layouts/BottomNav.tsx; src/components/shared/AlertToast.tsx; src/components/shared/GlobalTopRightMenu.tsx; src/components/shared/AuthSync.tsx; src/components/layouts/DesktopSidebar.tsx; src/components/layouts/DesktopRightPanel.tsx; src/components/ui/UserAvatar.tsx; src/components/providers/AuthProvider.tsx,Kosh; Vyaya; Rajya; Suchak; Leakage,"No duplicate/old route risk identified from supplied source; Needs WD Verification before deletion decisions. Static route-literal search found no reference outside the page file; dynamic navigation is possible, so linkage Needs WD Verification.",src/app/(dashboard)/khate/accounts/add/page.tsx; src/app/(dashboard)/layout.tsx; src/app/api/family/route.ts; src/app/api/identity/route.ts; src/app/api/credentials/route.ts; src/app/api/bank/route.ts; src/app/api/expense-categories/route.ts; src/app/api/expenses/route.ts; src/app/api/expenses/[id]/route.ts; src/app/api/subscriptions/route.ts; src/app/api/subscriptions/[id]/route.ts; src/app/api/budget/route.ts; src/app/api/income/route.ts; src/app/api/income/[id]/route.ts; src/lib/bankApi.ts; src/lib/services/familyService.ts; +19 more,Strong Evidence,Yes,Prior module-level assessment: Implemented with duplicate route/store families. This rebuilt row is route-level and does not treat prior Confirmed labels as human verification.
Pravah / Khate Bank Hub,Implemented,/khate/accounts/cash,src/app/(dashboard)/khate/accounts/cash/page.tsx,src/app/(dashboard)/layout.tsx,No distinct form component found in this route,CashWalletPage; fetchBankSummary,None found in traced files,src/lib/bankStore.ts; src/lib/expenseStore.ts; src/lib/incomeStore.ts,src/components/providers/AuthProvider.tsx,/api/bank -> src/app/api/bank/route.ts; /api/expense-categories -> src/app/api/expense-categories/route.ts; /api/expenses -> src/app/api/expenses/route.ts; /api/expenses/[id] -> src/app/api/expenses/[id]/route.ts; /api/subscriptions -> src/app/api/subscriptions/route.ts; /api/subscriptions/[id] -> src/app/api/subscriptions/[id]/route.ts; /api/budget -> src/app/api/budget/route.ts; /api/income -> src/app/api/income/route.ts; /api/income/[id] -> src/app/api/income/[id]/route.ts,src/lib/bankApi.ts; src/lib/services/bankService.ts; src/lib/services/incomeService.ts; src/lib/services/expenseService.ts; src/lib/services/expenseCategoryService.ts; src/lib/services/subscriptionService.ts; src/lib/services/budgetService.ts; src/lib/services/baseService.ts,src/lib/supabase/server.ts,src/lib/supabase/server.ts: @supabase/ssr Supabase project createServerClient; src/lib/middleware/auth.middleware.ts: supabase.auth Supabase Auth getUser,cash_wallets; bank_accounts; income_streams; expense_entries; users; expense_categories; subscriptions; budget_plans,Needs WD Verification - no direct field-map row found in traced files,None found in traced files,None found in traced files,None found in traced files,No,Probable,Probable,Yes - src/app/(dashboard)/layout.tsx and src/lib/supabase/middleware.ts,src/components/layouts/DashboardLayout.tsx; src/components/layouts/BottomNav.tsx; src/components/shared/AlertToast.tsx; src/components/shared/GlobalTopRightMenu.tsx; src/components/shared/AuthSync.tsx; src/components/layouts/DesktopSidebar.tsx; src/components/layouts/DesktopRightPanel.tsx; src/components/ui/UserAvatar.tsx; src/components/providers/AuthProvider.tsx,Kosh; Vyaya; Rajya; Suchak; Leakage,"No duplicate/old route risk identified from supplied source; Needs WD Verification before deletion decisions. Static route-literal search found no reference outside the page file; dynamic navigation is possible, so linkage Needs WD Verification.",src/app/(dashboard)/khate/accounts/cash/page.tsx; src/app/(dashboard)/layout.tsx; src/app/api/bank/route.ts; src/app/api/expense-categories/route.ts; src/app/api/expenses/route.ts; src/app/api/expenses/[id]/route.ts; src/app/api/subscriptions/route.ts; src/app/api/subscriptions/[id]/route.ts; src/app/api/budget/route.ts; src/app/api/income/route.ts; src/app/api/income/[id]/route.ts; src/lib/bankApi.ts; src/lib/services/bankService.ts; src/lib/services/incomeService.ts; src/lib/services/expenseService.ts; src/lib/services/expenseCategoryService.ts; +12 more,Strong Evidence,Yes,Prior module-level assessment: Implemented with duplicate route/store families. This rebuilt row is route-level and does not treat prior Confirmed labels as human verification.
Pravah / Khate Bank Hub,Implemented,/khate/accounts/flow,src/app/(dashboard)/khate/accounts/flow/page.tsx,src/app/(dashboard)/layout.tsx,No distinct form component found in this route,CashFlowEngine; fetchBankSummary,None found in traced files,src/lib/bankStore.ts; src/lib/expenseStore.ts; src/lib/incomeStore.ts,src/components/providers/AuthProvider.tsx,/api/bank -> src/app/api/bank/route.ts; /api/expense-categories -> src/app/api/expense-categories/route.ts; /api/expenses -> src/app/api/expenses/route.ts; /api/expenses/[id] -> src/app/api/expenses/[id]/route.ts; /api/subscriptions -> src/app/api/subscriptions/route.ts; /api/subscriptions/[id] -> src/app/api/subscriptions/[id]/route.ts; /api/budget -> src/app/api/budget/route.ts; /api/income -> src/app/api/income/route.ts; /api/income/[id] -> src/app/api/income/[id]/route.ts,src/lib/bankApi.ts; src/lib/services/bankService.ts; src/lib/services/incomeService.ts; src/lib/services/expenseService.ts; src/lib/services/expenseCategoryService.ts; src/lib/services/subscriptionService.ts; src/lib/services/budgetService.ts; src/lib/services/baseService.ts,src/lib/supabase/server.ts,src/lib/supabase/server.ts: @supabase/ssr Supabase project createServerClient; src/lib/middleware/auth.middleware.ts: supabase.auth Supabase Auth getUser,cash_wallets; bank_accounts; income_streams; expense_entries; users; expense_categories; subscriptions; budget_plans,Needs WD Verification - no direct field-map row found in traced files,None found in traced files,None found in traced files,None found in traced files,No,Probable,Probable,Yes - src/app/(dashboard)/layout.tsx and src/lib/supabase/middleware.ts,src/components/layouts/DashboardLayout.tsx; src/components/layouts/BottomNav.tsx; src/components/shared/AlertToast.tsx; src/components/shared/GlobalTopRightMenu.tsx; src/components/shared/AuthSync.tsx; src/components/layouts/DesktopSidebar.tsx; src/components/layouts/DesktopRightPanel.tsx; src/components/ui/UserAvatar.tsx; src/components/providers/AuthProvider.tsx,Kosh; Vyaya; Rajya; Suchak; Leakage,"No duplicate/old route risk identified from supplied source; Needs WD Verification before deletion decisions. Static route-literal search found no reference outside the page file; dynamic navigation is possible, so linkage Needs WD Verification.",src/app/(dashboard)/khate/accounts/flow/page.tsx; src/app/(dashboard)/layout.tsx; src/app/api/bank/route.ts; src/app/api/expense-categories/route.ts; src/app/api/expenses/route.ts; src/app/api/expenses/[id]/route.ts; src/app/api/subscriptions/route.ts; src/app/api/subscriptions/[id]/route.ts; src/app/api/budget/route.ts; src/app/api/income/route.ts; src/app/api/income/[id]/route.ts; src/lib/bankApi.ts; src/lib/services/bankService.ts; src/lib/services/incomeService.ts; src/lib/services/expenseService.ts; src/lib/services/expenseCategoryService.ts; +12 more,Strong Evidence,Yes,Prior module-level assessment: Implemented with duplicate route/store families. This rebuilt row is route-level and does not treat prior Confirmed labels as human verification.
Pravah / Khate Bank Hub,Implemented,/khate/accounts/idle,src/app/(dashboard)/khate/accounts/idle/page.tsx,src/app/(dashboard)/layout.tsx,No distinct form component found in this route,IdleMoneyEngine; fetchBankSummary; CreditCard,None found in traced files,src/lib/bankStore.ts; src/lib/expenseStore.ts; src/lib/incomeStore.ts,src/components/providers/AuthProvider.tsx,/api/bank -> src/app/api/bank/route.ts; /api/expense-categories -> src/app/api/expense-categories/route.ts; /api/expenses -> src/app/api/expenses/route.ts; /api/expenses/[id] -> src/app/api/expenses/[id]/route.ts; /api/subscriptions -> src/app/api/subscriptions/route.ts; /api/subscriptions/[id] -> src/app/api/subscriptions/[id]/route.ts; /api/budget -> src/app/api/budget/route.ts; /api/income -> src/app/api/income/route.ts; /api/income/[id] -> src/app/api/income/[id]/route.ts,src/lib/bankApi.ts; src/lib/services/bankService.ts; src/lib/services/incomeService.ts; src/lib/services/expenseService.ts; src/lib/services/expenseCategoryService.ts; src/lib/services/subscriptionService.ts; src/lib/services/budgetService.ts; src/lib/services/baseService.ts,src/lib/supabase/server.ts,src/lib/supabase/server.ts: @supabase/ssr Supabase project createServerClient; src/lib/middleware/auth.middleware.ts: supabase.auth Supabase Auth getUser,cash_wallets; bank_accounts; income_streams; expense_entries; users; expense_categories; subscriptions; budget_plans,Needs WD Verification - no direct field-map row found in traced files,None found in traced files,None found in traced files,None found in traced files,No,Probable,Probable,Yes - src/app/(dashboard)/layout.tsx and src/lib/supabase/middleware.ts,src/components/layouts/DashboardLayout.tsx; src/components/layouts/BottomNav.tsx; src/components/shared/AlertToast.tsx; src/components/shared/GlobalTopRightMenu.tsx; src/components/shared/AuthSync.tsx; src/components/layouts/DesktopSidebar.tsx; src/components/layouts/DesktopRightPanel.tsx; src/components/ui/UserAvatar.tsx; src/components/providers/AuthProvider.tsx,Kosh; Vyaya; Rajya; Suchak; Leakage,No duplicate/old route risk identified from supplied source; Needs WD Verification before deletion decisions.,src/app/(dashboard)/khate/accounts/idle/page.tsx; src/app/(dashboard)/layout.tsx; src/app/api/bank/route.ts; src/app/api/expense-categories/route.ts; src/app/api/expenses/route.ts; src/app/api/expenses/[id]/route.ts; src/app/api/subscriptions/route.ts; src/app/api/subscriptions/[id]/route.ts; src/app/api/budget/route.ts; src/app/api/income/route.ts; src/app/api/income/[id]/route.ts; src/lib/bankApi.ts; src/lib/services/bankService.ts; src/lib/services/incomeService.ts; src/lib/services/expenseService.ts; src/lib/services/expenseCategoryService.ts; +12 more,Strong Evidence,Yes,Prior module-level assessment: Implemented with duplicate route/store families. This rebuilt row is route-level and does not treat prior Confirmed labels as human verification.
Pravah / Khate Bank Hub,Implemented,/khate/cash,src/app/(dashboard)/khate/cash/page.tsx,src/app/(dashboard)/layout.tsx,No distinct form component found in this route,CashWalletPage; fetchBankSummary,None found in traced files,src/lib/stores/bankStore.ts; src/lib/stores/expenseStore.ts; src/lib/stores/incomeStore.ts; src/lib/bankStore.ts; src/lib/expenseStore.ts; src/lib/incomeStore.ts,src/components/providers/AuthProvider.tsx,/api/bank -> src/app/api/bank/route.ts; /api/expenses -> src/app/api/expenses/route.ts; /api/income -> src/app/api/income/route.ts; /api/income/[id] -> src/app/api/income/[id]/route.ts; /api/expense-categories -> src/app/api/expense-categories/route.ts; /api/expenses/[id] -> src/app/api/expenses/[id]/route.ts; /api/subscriptions -> src/app/api/subscriptions/route.ts; /api/subscriptions/[id] -> src/app/api/subscriptions/[id]/route.ts; /api/budget -> src/app/api/budget/route.ts,src/lib/bankApi.ts; src/lib/services/bankService.ts; src/lib/services/incomeService.ts; src/lib/services/expenseService.ts; src/lib/services/expenseCategoryService.ts; src/lib/services/subscriptionService.ts; src/lib/services/budgetService.ts; src/lib/services/baseService.ts,src/lib/supabase/server.ts,src/lib/supabase/server.ts: @supabase/ssr Supabase project createServerClient; src/lib/middleware/auth.middleware.ts: supabase.auth Supabase Auth getUser,cash_wallets; bank_accounts; income_streams; expense_entries; users; expense_categories; subscriptions; budget_plans,Needs WD Verification - no direct field-map row found in traced files,None found in traced files,None found in traced files,None found in traced files,No,Probable,Probable,Yes - src/app/(dashboard)/layout.tsx and src/lib/supabase/middleware.ts,src/components/layouts/DashboardLayout.tsx; src/components/layouts/BottomNav.tsx; src/components/shared/AlertToast.tsx; src/components/shared/GlobalTopRightMenu.tsx; src/components/shared/AuthSync.tsx; src/components/layouts/DesktopSidebar.tsx; src/components/layouts/DesktopRightPanel.tsx; src/components/ui/UserAvatar.tsx; src/components/providers/AuthProvider.tsx,Kosh; Vyaya; Rajya; Suchak; Leakage,"Parallel Khate screens overlap /khate/accounts/cash, /flow and /idle; authoritative route needs WD verification. Static route-literal search found no reference outside the page file; dynamic navigation is possible, so linkage Needs WD Verification.",src/app/(dashboard)/khate/cash/page.tsx; src/app/(dashboard)/layout.tsx; src/app/api/bank/route.ts; src/app/api/expenses/route.ts; src/app/api/income/route.ts; src/app/api/income/[id]/route.ts; src/app/api/expense-categories/route.ts; src/app/api/expenses/[id]/route.ts; src/app/api/subscriptions/route.ts; src/app/api/subscriptions/[id]/route.ts; src/app/api/budget/route.ts; src/lib/bankApi.ts; src/lib/services/bankService.ts; src/lib/services/incomeService.ts; src/lib/services/expenseService.ts; src/lib/services/expenseCategoryService.ts; +13 more,Strong Evidence,Yes,Prior module-level assessment: Implemented with duplicate route/store families. This rebuilt row is route-level and does not treat prior Confirmed labels as human verification.
Pravah / Khate Bank Hub,Implemented,/khate/cash-flow,src/app/(dashboard)/khate/cash-flow/page.tsx,src/app/(dashboard)/layout.tsx,No distinct form component found in this route,CashFlowEngine; fetchBankSummary,None found in traced files,src/lib/stores/bankStore.ts; src/lib/stores/expenseStore.ts; src/lib/stores/incomeStore.ts; src/lib/bankStore.ts; src/lib/expenseStore.ts; src/lib/incomeStore.ts,src/components/providers/AuthProvider.tsx,/api/bank -> src/app/api/bank/route.ts; /api/expenses -> src/app/api/expenses/route.ts; /api/income -> src/app/api/income/route.ts; /api/income/[id] -> src/app/api/income/[id]/route.ts; /api/expense-categories -> src/app/api/expense-categories/route.ts; /api/expenses/[id] -> src/app/api/expenses/[id]/route.ts; /api/subscriptions -> src/app/api/subscriptions/route.ts; /api/subscriptions/[id] -> src/app/api/subscriptions/[id]/route.ts; /api/budget -> src/app/api/budget/route.ts,src/lib/bankApi.ts; src/lib/services/bankService.ts; src/lib/services/incomeService.ts; src/lib/services/expenseService.ts; src/lib/services/expenseCategoryService.ts; src/lib/services/subscriptionService.ts; src/lib/services/budgetService.ts; src/lib/services/baseService.ts,src/lib/supabase/server.ts,src/lib/supabase/server.ts: @supabase/ssr Supabase project createServerClient; src/lib/middleware/auth.middleware.ts: supabase.auth Supabase Auth getUser,cash_wallets; bank_accounts; income_streams; expense_entries; users; expense_categories; subscriptions; budget_plans,Needs WD Verification - no direct field-map row found in traced files,None found in traced files,None found in traced files,None found in traced files,No,Probable,Probable,Yes - src/app/(dashboard)/layout.tsx and src/lib/supabase/middleware.ts,src/components/layouts/DashboardLayout.tsx; src/components/layouts/BottomNav.tsx; src/components/shared/AlertToast.tsx; src/components/shared/GlobalTopRightMenu.tsx; src/components/shared/AuthSync.tsx; src/components/layouts/DesktopSidebar.tsx; src/components/layouts/DesktopRightPanel.tsx; src/components/ui/UserAvatar.tsx; src/components/providers/AuthProvider.tsx,Kosh; Vyaya; Rajya; Suchak; Leakage,"Parallel Khate screens overlap /khate/accounts/cash, /flow and /idle; authoritative route needs WD verification. Static route-literal search found no reference outside the page file; dynamic navigation is possible, so linkage Needs WD Verification.",src/app/(dashboard)/khate/cash-flow/page.tsx; src/app/(dashboard)/layout.tsx; src/app/api/bank/route.ts; src/app/api/expenses/route.ts; src/app/api/income/route.ts; src/app/api/income/[id]/route.ts; src/app/api/expense-categories/route.ts; src/app/api/expenses/[id]/route.ts; src/app/api/subscriptions/route.ts; src/app/api/subscriptions/[id]/route.ts; src/app/api/budget/route.ts; src/lib/bankApi.ts; src/lib/services/bankService.ts; src/lib/services/incomeService.ts; src/lib/services/expenseService.ts; src/lib/services/expenseCategoryService.ts; +13 more,Strong Evidence,Yes,Prior module-level assessment: Implemented with duplicate route/store families. This rebuilt row is route-level and does not treat prior Confirmed labels as human verification.
Pravah / Khate Bank Hub,Implemented,/khate/idle-detection,src/app/(dashboard)/khate/idle-detection/page.tsx,src/app/(dashboard)/layout.tsx,No distinct form component found in this route,IdleMoneyEngine; fetchBankSummary,None found in traced files,src/lib/stores/bankStore.ts; src/lib/stores/expenseStore.ts; src/lib/stores/incomeStore.ts; src/lib/bankStore.ts; src/lib/expenseStore.ts; src/lib/incomeStore.ts,src/components/providers/AuthProvider.tsx,/api/bank -> src/app/api/bank/route.ts; /api/expenses -> src/app/api/expenses/route.ts; /api/income -> src/app/api/income/route.ts; /api/income/[id] -> src/app/api/income/[id]/route.ts; /api/expense-categories -> src/app/api/expense-categories/route.ts; /api/expenses/[id] -> src/app/api/expenses/[id]/route.ts; /api/subscriptions -> src/app/api/subscriptions/route.ts; /api/subscriptions/[id] -> src/app/api/subscriptions/[id]/route.ts; /api/budget -> src/app/api/budget/route.ts,src/lib/bankApi.ts; src/lib/services/bankService.ts; src/lib/services/incomeService.ts; src/lib/services/expenseService.ts; src/lib/services/expenseCategoryService.ts; src/lib/services/subscriptionService.ts; src/lib/services/budgetService.ts; src/lib/services/baseService.ts,src/lib/supabase/server.ts,src/lib/supabase/server.ts: @supabase/ssr Supabase project createServerClient; src/lib/middleware/auth.middleware.ts: supabase.auth Supabase Auth getUser,cash_wallets; bank_accounts; income_streams; expense_entries; users; expense_categories; subscriptions; budget_plans,Needs WD Verification - no direct field-map row found in traced files,None found in traced files,None found in traced files,None found in traced files,No,Probable,Probable,Yes - src/app/(dashboard)/layout.tsx and src/lib/supabase/middleware.ts,src/components/layouts/DashboardLayout.tsx; src/components/layouts/BottomNav.tsx; src/components/shared/AlertToast.tsx; src/components/shared/GlobalTopRightMenu.tsx; src/components/shared/AuthSync.tsx; src/components/layouts/DesktopSidebar.tsx; src/components/layouts/DesktopRightPanel.tsx; src/components/ui/UserAvatar.tsx; src/components/providers/AuthProvider.tsx,Kosh; Vyaya; Rajya; Suchak; Leakage,"Parallel Khate screens overlap /khate/accounts/cash, /flow and /idle; authoritative route needs WD verification. Static route-literal search found no reference outside the page file; dynamic navigation is possible, so linkage Needs WD Verification.",src/app/(dashboard)/khate/idle-detection/page.tsx; src/app/(dashboard)/layout.tsx; src/app/api/bank/route.ts; src/app/api/expenses/route.ts; src/app/api/income/route.ts; src/app/api/income/[id]/route.ts; src/app/api/expense-categories/route.ts; src/app/api/expenses/[id]/route.ts; src/app/api/subscriptions/route.ts; src/app/api/subscriptions/[id]/route.ts; src/app/api/budget/route.ts; src/lib/bankApi.ts; src/lib/services/bankService.ts; src/lib/services/incomeService.ts; src/lib/services/expenseService.ts; src/lib/services/expenseCategoryService.ts; +13 more,Strong Evidence,Yes,Prior module-level assessment: Implemented with duplicate route/store families. This rebuilt row is route-level and does not treat prior Confirmed labels as human verification.
Public Website / Landing,Implemented,/,src/app/(landing)/page.tsx,src/app/(landing)/layout.tsx,No distinct form component found in this route,LandingPage; CreditCard; Card; Badge,Button (src/components/landing/ui/Button.tsx); Card (src/components/landing/ui/Card.tsx); Badge (src/components/landing/ui/Badge.tsx); ProgressRing (src/components/landing/ui/ProgressRing.tsx); ZoneFloatingGrid (src/components/landing/ZoneFloatingGrid.tsx); Navbar (src/components/landing/Navbar.tsx); Footer (src/components/landing/Footer.tsx),src/context/landing/LanguageContext.tsx,src/context/landing/LanguageContext.tsx,None found in traced page/import chain,None found in traced files,No direct Supabase client import found in traced files,No direct .from/.select/.insert/.upsert/.update/.delete/.rpc/auth/storage evidence in traced files,Needs WD Verification - no direct table evidence found for this route,Needs WD Verification - no direct field-map row found in traced files,None found in traced files,None found in traced files,None found in traced files,Needs WD Verification,Needs WD Verification,Needs WD Verification,No protected-route evidence for this public route,src/components/landing/Navbar.tsx; src/components/landing/Footer.tsx,Needs WD Verification - no matching dependency-matrix row,No duplicate/old route risk identified from supplied source; Needs WD Verification before deletion decisions.,src/app/(landing)/page.tsx; src/app/(landing)/layout.tsx; audit-output/01-repository-and-architecture/REPOSITORY_INVENTORY.md; audit-output/03-prd-traceability/PRD_IMPLEMENTATION_TRACEABILITY.csv,Probable,Yes,Route exists in the source snapshot; module ownership and live deployment parity require WD verification.
Public Website / Landing,Implemented,/about,src/app/(landing)/about/page.tsx,src/app/(landing)/layout.tsx,No distinct form component found in this route,No distinct display/list component found in this route,Navbar (src/components/landing/Navbar.tsx); Footer (src/components/landing/Footer.tsx); Button (src/components/landing/ui/Button.tsx),src/context/landing/LanguageContext.tsx,src/context/landing/LanguageContext.tsx,None found in traced page/import chain,None found in traced files,No direct Supabase client import found in traced files,No direct .from/.select/.insert/.upsert/.update/.delete/.rpc/auth/storage evidence in traced files,Needs WD Verification - no direct table evidence found for this route,Needs WD Verification - no direct field-map row found in traced files,None found in traced files,None found in traced files,None found in traced files,Needs WD Verification,Needs WD Verification,Needs WD Verification,No protected-route evidence for this public route,src/components/landing/Navbar.tsx; src/components/landing/Footer.tsx,Needs WD Verification - no matching dependency-matrix row,No duplicate/old route risk identified from supplied source; Needs WD Verification before deletion decisions.,src/app/(landing)/about/page.tsx; src/app/(landing)/layout.tsx; audit-output/01-repository-and-architecture/REPOSITORY_INVENTORY.md; audit-output/03-prd-traceability/PRD_IMPLEMENTATION_TRACEABILITY.csv,Probable,Yes,Route exists in the source snapshot; module ownership and live deployment parity require WD verification.
Public Website / Landing,Implemented,/blog,src/app/(landing)/blog/page.tsx,src/app/(landing)/layout.tsx,No distinct form component found in this route,No distinct display/list component found in this route,Navbar (src/components/landing/Navbar.tsx); Footer (src/components/landing/Footer.tsx); Button (src/components/landing/ui/Button.tsx),src/context/landing/LanguageContext.tsx,src/context/landing/LanguageContext.tsx,None found in traced page/import chain,None found in traced files,No direct Supabase client import found in traced files,No direct .from/.select/.insert/.upsert/.update/.delete/.rpc/auth/storage evidence in traced files,Needs WD Verification - no direct table evidence found for this route,Needs WD Verification - no direct field-map row found in traced files,None found in traced files,None found in traced files,None found in traced files,Needs WD Verification,Needs WD Verification,Needs WD Verification,No protected-route evidence for this public route,src/components/landing/Navbar.tsx; src/components/landing/Footer.tsx,Needs WD Verification - no matching dependency-matrix row,No duplicate/old route risk identified from supplied source; Needs WD Verification before deletion decisions.,src/app/(landing)/blog/page.tsx; src/app/(landing)/layout.tsx; audit-output/01-repository-and-architecture/REPOSITORY_INVENTORY.md; audit-output/03-prd-traceability/PRD_IMPLEMENTATION_TRACEABILITY.csv,Probable,Yes,Route exists in the source snapshot; module ownership and live deployment parity require WD verification.
Public Website / Landing,Implemented,/careers,src/app/(landing)/careers/page.tsx,src/app/(landing)/layout.tsx,No distinct form component found in this route,No distinct display/list component found in this route,Navbar (src/components/landing/Navbar.tsx); Footer (src/components/landing/Footer.tsx); Button (src/components/landing/ui/Button.tsx),src/context/landing/LanguageContext.tsx,src/context/landing/LanguageContext.tsx,None found in traced page/import chain,None found in traced files,No direct Supabase client import found in traced files,No direct .from/.select/.insert/.upsert/.update/.delete/.rpc/auth/storage evidence in traced files,Needs WD Verification - no direct table evidence found for this route,Needs WD Verification - no direct field-map row found in traced files,None found in traced files,None found in traced files,None found in traced files,Needs WD Verification,Needs WD Verification,Needs WD Verification,No protected-route evidence for this public route,src/components/landing/Navbar.tsx; src/components/landing/Footer.tsx,Needs WD Verification - no matching dependency-matrix row,No duplicate/old route risk identified from supplied source; Needs WD Verification before deletion decisions.,src/app/(landing)/careers/page.tsx; src/app/(landing)/layout.tsx; audit-output/01-repository-and-architecture/REPOSITORY_INVENTORY.md; audit-output/03-prd-traceability/PRD_IMPLEMENTATION_TRACEABILITY.csv,Probable,Yes,Route exists in the source snapshot; module ownership and live deployment parity require WD verification.
Public Website / Landing,Implemented,/contact,src/app/(landing)/contact/page.tsx,src/app/(landing)/layout.tsx,ContactPage,No distinct display/list component found in this route,Navbar (src/components/landing/Navbar.tsx); Footer (src/components/landing/Footer.tsx); Button (src/components/landing/ui/Button.tsx),src/context/landing/LanguageContext.tsx,src/context/landing/LanguageContext.tsx,/api/contact -> src/app/api/contact/route.ts,None found in traced files,No direct Supabase client import found in traced files,No direct .from/.select/.insert/.upsert/.update/.delete/.rpc/auth/storage evidence in traced files,contact_messages,Needs WD Verification - no direct field-map row found in traced files,None found in traced files,None found in traced files,None found in traced files,Needs WD Verification,Needs WD Verification,Needs WD Verification,No protected-route evidence for this public route,src/components/landing/Navbar.tsx; src/components/landing/Footer.tsx,Needs WD Verification - no matching dependency-matrix row,No duplicate/old route risk identified from supplied source; Needs WD Verification before deletion decisions.,src/app/(landing)/contact/page.tsx; src/app/(landing)/layout.tsx; src/app/api/contact/route.ts; audit-output/01-repository-and-architecture/REPOSITORY_INVENTORY.md; audit-input/01-database-structure/schema.sql; audit-input/01-database-structure/database.types.ts; audit-output/03-prd-traceability/PRD_IMPLEMENTATION_TRACEABILITY.csv,Strong Evidence,Yes,Route exists in the source snapshot; module ownership and live deployment parity require WD verification.
Public Website / Landing,Implemented,/customers-reviews,src/app/(landing)/customers-reviews/page.tsx,src/app/(landing)/layout.tsx,No distinct form component found in this route,No distinct display/list component found in this route,Navbar (src/components/landing/Navbar.tsx); Footer (src/components/landing/Footer.tsx); Button (src/components/landing/ui/Button.tsx),src/context/landing/LanguageContext.tsx,src/context/landing/LanguageContext.tsx,None found in traced page/import chain,None found in traced files,No direct Supabase client import found in traced files,No direct .from/.select/.insert/.upsert/.update/.delete/.rpc/auth/storage evidence in traced files,Needs WD Verification - no direct table evidence found for this route,Needs WD Verification - no direct field-map row found in traced files,None found in traced files,None found in traced files,None found in traced files,Needs WD Verification,Needs WD Verification,Needs WD Verification,No protected-route evidence for this public route,src/components/landing/Navbar.tsx; src/components/landing/Footer.tsx,Needs WD Verification - no matching dependency-matrix row,No duplicate/old route risk identified from supplied source; Needs WD Verification before deletion decisions.,src/app/(landing)/customers-reviews/page.tsx; src/app/(landing)/layout.tsx; audit-output/01-repository-and-architecture/REPOSITORY_INVENTORY.md; audit-output/03-prd-traceability/PRD_IMPLEMENTATION_TRACEABILITY.csv,Probable,Yes,Route exists in the source snapshot; module ownership and live deployment parity require WD verification.
Public Website / Landing,Implemented,/features,src/app/(landing)/features/page.tsx,src/app/(landing)/layout.tsx,No distinct form component found in this route,No distinct display/list component found in this route,None found in traced files,None found in traced files,None found in traced files,None found in traced page/import chain,None found in traced files,No direct Supabase client import found in traced files,No direct .from/.select/.insert/.upsert/.update/.delete/.rpc/auth/storage evidence in traced files,Needs WD Verification - no direct table evidence found for this route,Needs WD Verification - no direct field-map row found in traced files,None found in traced files,None found in traced files,None found in traced files,Needs WD Verification,Needs WD Verification,Needs WD Verification,No protected-route evidence for this public route,None found in traced files,Needs WD Verification - no matching dependency-matrix row,No duplicate/old route risk identified from supplied source; Needs WD Verification before deletion decisions.,src/app/(landing)/features/page.tsx; src/app/(landing)/layout.tsx; audit-output/01-repository-and-architecture/REPOSITORY_INVENTORY.md; audit-output/03-prd-traceability/PRD_IMPLEMENTATION_TRACEABILITY.csv,Unconfirmed,Yes,Route exists in the source snapshot; module ownership and live deployment parity require WD verification.
Public Website / Landing,Implemented,/forget-password,src/app/(landing)/forget-password/page.tsx,src/app/(landing)/layout.tsx,ForgotPasswordPage,No distinct display/list component found in this route,Navbar (src/components/landing/Navbar.tsx); Footer (src/components/landing/Footer.tsx); Button (src/components/landing/ui/Button.tsx),src/context/landing/LanguageContext.tsx,src/context/landing/LanguageContext.tsx,None found in traced page/import chain,None found in traced files,src/lib/supabase/client.ts,src/lib/supabase/client.ts: @supabase/ssr Supabase project createBrowserClient; src/app/(landing)/forget-password/page.tsx: supabase.auth Supabase Auth resetPasswordForEmail,Needs WD Verification - no direct table evidence found for this route,Needs WD Verification - no direct field-map row found in traced files,None found in traced files,None found in traced files,None found in traced files,Needs WD Verification,Needs WD Verification,Needs WD Verification,No protected-route evidence for this public route,src/components/landing/Navbar.tsx; src/components/landing/Footer.tsx,Needs WD Verification - no matching dependency-matrix row,No duplicate/old route risk identified from supplied source; Needs WD Verification before deletion decisions.,src/app/(landing)/forget-password/page.tsx; src/app/(landing)/layout.tsx; audit-output/01-repository-and-architecture/REPOSITORY_INVENTORY.md; audit-output/03-prd-traceability/PRD_IMPLEMENTATION_TRACEABILITY.csv,Probable,Yes,Route exists in the source snapshot; module ownership and live deployment parity require WD verification.
Public Website / Landing,Implemented,/login,src/app/(landing)/login/page.tsx,src/app/(landing)/layout.tsx,No distinct form component found in this route,No distinct display/list component found in this route,None found in traced files,None found in traced files,None found in traced files,None found in traced page/import chain,None found in traced files,No direct Supabase client import found in traced files,No direct .from/.select/.insert/.upsert/.update/.delete/.rpc/auth/storage evidence in traced files,Needs WD Verification - no direct table evidence found for this route,Needs WD Verification - no direct field-map row found in traced files,None found in traced files,None found in traced files,None found in traced files,Needs WD Verification,Needs WD Verification,Needs WD Verification,No protected-route evidence for this public route,None found in traced files,Needs WD Verification - no matching dependency-matrix row,No duplicate/old route risk identified from supplied source; Needs WD Verification before deletion decisions.,src/app/(landing)/login/page.tsx; src/app/(landing)/layout.tsx; audit-output/01-repository-and-architecture/REPOSITORY_INVENTORY.md; audit-output/03-prd-traceability/PRD_IMPLEMENTATION_TRACEABILITY.csv,Unconfirmed,Yes,Route exists in the source snapshot; module ownership and live deployment parity require WD verification.
Public Website / Landing,Implemented,/map,src/app/(landing)/map/page.tsx,src/app/(landing)/layout.tsx,No distinct form component found in this route,No distinct display/list component found in this route,None found in traced files,None found in traced files,None found in traced files,None found in traced page/import chain,None found in traced files,No direct Supabase client import found in traced files,No direct .from/.select/.insert/.upsert/.update/.delete/.rpc/auth/storage evidence in traced files,Needs WD Verification - no direct table evidence found for this route,Needs WD Verification - no direct field-map row found in traced files,None found in traced files,None found in traced files,None found in traced files,Needs WD Verification,Needs WD Verification,Needs WD Verification,No protected-route evidence for this public route,None found in traced files,Needs WD Verification - no matching dependency-matrix row,No duplicate/old route risk identified from supplied source; Needs WD Verification before deletion decisions.,src/app/(landing)/map/page.tsx; src/app/(landing)/layout.tsx; audit-output/01-repository-and-architecture/REPOSITORY_INVENTORY.md; audit-output/03-prd-traceability/PRD_IMPLEMENTATION_TRACEABILITY.csv,Unconfirmed,Yes,Route exists in the source snapshot; module ownership and live deployment parity require WD verification.
Public Website / Landing,Implemented,/partner-with-us,src/app/(landing)/partner-with-us/page.tsx,src/app/(landing)/layout.tsx,No distinct form component found in this route,PartnerWithUsPage,Navbar (src/components/landing/Navbar.tsx); Footer (src/components/landing/Footer.tsx); Button (src/components/landing/ui/Button.tsx),src/context/landing/LanguageContext.tsx,src/context/landing/LanguageContext.tsx,None found in traced page/import chain,None found in traced files,No direct Supabase client import found in traced files,No direct .from/.select/.insert/.upsert/.update/.delete/.rpc/auth/storage evidence in traced files,Needs WD Verification - no direct table evidence found for this route,Needs WD Verification - no direct field-map row found in traced files,None found in traced files,None found in traced files,None found in traced files,Needs WD Verification,Needs WD Verification,Needs WD Verification,No protected-route evidence for this public route,src/components/landing/Navbar.tsx; src/components/landing/Footer.tsx,Needs WD Verification - no matching dependency-matrix row,No duplicate/old route risk identified from supplied source; Needs WD Verification before deletion decisions.,src/app/(landing)/partner-with-us/page.tsx; src/app/(landing)/layout.tsx; audit-output/01-repository-and-architecture/REPOSITORY_INVENTORY.md; audit-output/03-prd-traceability/PRD_IMPLEMENTATION_TRACEABILITY.csv,Probable,Yes,Route exists in the source snapshot; module ownership and live deployment parity require WD verification.
Public Website / Landing,Implemented,/pricing,src/app/(landing)/pricing/page.tsx,src/app/(landing)/layout.tsx,No distinct form component found in this route,No distinct display/list component found in this route,Navbar (src/components/landing/Navbar.tsx); Footer (src/components/landing/Footer.tsx); Button (src/components/landing/ui/Button.tsx),src/context/landing/LanguageContext.tsx,src/context/landing/LanguageContext.tsx,None found in traced page/import chain,None found in traced files,No direct Supabase client import found in traced files,No direct .from/.select/.insert/.upsert/.update/.delete/.rpc/auth/storage evidence in traced files,Needs WD Verification - no direct table evidence found for this route,Needs WD Verification - no direct field-map row found in traced files,None found in traced files,None found in traced files,None found in traced files,Needs WD Verification,Needs WD Verification,Needs WD Verification,No protected-route evidence for this public route,src/components/landing/Navbar.tsx; src/components/landing/Footer.tsx,Needs WD Verification - no matching dependency-matrix row,No duplicate/old route risk identified from supplied source; Needs WD Verification before deletion decisions.,src/app/(landing)/pricing/page.tsx; src/app/(landing)/layout.tsx; audit-output/01-repository-and-architecture/REPOSITORY_INVENTORY.md; audit-output/03-prd-traceability/PRD_IMPLEMENTATION_TRACEABILITY.csv,Probable,Yes,Route exists in the source snapshot; module ownership and live deployment parity require WD verification.
Public Website / Landing,Implemented,/privacy,src/app/(landing)/privacy/page.tsx,src/app/(landing)/layout.tsx,No distinct form component found in this route,No distinct display/list component found in this route,Navbar (src/components/landing/Navbar.tsx); Footer (src/components/landing/Footer.tsx); Button (src/components/landing/ui/Button.tsx),src/context/landing/LanguageContext.tsx,src/context/landing/LanguageContext.tsx,None found in traced page/import chain,None found in traced files,No direct Supabase client import found in traced files,No direct .from/.select/.insert/.upsert/.update/.delete/.rpc/auth/storage evidence in traced files,Needs WD Verification - no direct table evidence found for this route,Needs WD Verification - no direct field-map row found in traced files,None found in traced files,None found in traced files,None found in traced files,Needs WD Verification,Needs WD Verification,Needs WD Verification,No protected-route evidence for this public route,src/components/landing/Navbar.tsx; src/components/landing/Footer.tsx,Needs WD Verification - no matching dependency-matrix row,No duplicate/old route risk identified from supplied source; Needs WD Verification before deletion decisions.,src/app/(landing)/privacy/page.tsx; src/app/(landing)/layout.tsx; audit-output/01-repository-and-architecture/REPOSITORY_INVENTORY.md; audit-output/03-prd-traceability/PRD_IMPLEMENTATION_TRACEABILITY.csv,Probable,Yes,Route exists in the source snapshot; module ownership and live deployment parity require WD verification.
Public Website / Landing,Implemented,/register,src/app/(landing)/register/page.tsx,src/app/(landing)/layout.tsx,No distinct form component found in this route,No distinct display/list component found in this route,None found in traced files,None found in traced files,None found in traced files,None found in traced page/import chain,None found in traced files,No direct Supabase client import found in traced files,No direct .from/.select/.insert/.upsert/.update/.delete/.rpc/auth/storage evidence in traced files,Needs WD Verification - no direct table evidence found for this route,Needs WD Verification - no direct field-map row found in traced files,None found in traced files,None found in traced files,None found in traced files,Needs WD Verification,Needs WD Verification,Needs WD Verification,No protected-route evidence for this public route,None found in traced files,Needs WD Verification - no matching dependency-matrix row,No duplicate/old route risk identified from supplied source; Needs WD Verification before deletion decisions.,src/app/(landing)/register/page.tsx; src/app/(landing)/layout.tsx; audit-output/01-repository-and-architecture/REPOSITORY_INVENTORY.md; audit-output/03-prd-traceability/PRD_IMPLEMENTATION_TRACEABILITY.csv,Unconfirmed,Yes,Route exists in the source snapshot; module ownership and live deployment parity require WD verification.
Public Website / Landing,Implemented,/roadmap,src/app/(landing)/roadmap/page.tsx,src/app/(landing)/layout.tsx,No distinct form component found in this route,No distinct display/list component found in this route,None found in traced files,None found in traced files,None found in traced files,None found in traced page/import chain,None found in traced files,No direct Supabase client import found in traced files,No direct .from/.select/.insert/.upsert/.update/.delete/.rpc/auth/storage evidence in traced files,Needs WD Verification - no direct table evidence found for this route,Needs WD Verification - no direct field-map row found in traced files,None found in traced files,None found in traced files,None found in traced files,Needs WD Verification,Needs WD Verification,Needs WD Verification,No protected-route evidence for this public route,None found in traced files,Needs WD Verification - no matching dependency-matrix row,No duplicate/old route risk identified from supplied source; Needs WD Verification before deletion decisions.,src/app/(landing)/roadmap/page.tsx; src/app/(landing)/layout.tsx; audit-output/01-repository-and-architecture/REPOSITORY_INVENTORY.md; audit-output/03-prd-traceability/PRD_IMPLEMENTATION_TRACEABILITY.csv,Unconfirmed,Yes,Route exists in the source snapshot; module ownership and live deployment parity require WD verification.
Public Website / Landing,Implemented,/security,src/app/(landing)/security/page.tsx,src/app/(landing)/layout.tsx,No distinct form component found in this route,SecurityPage,Navbar (src/components/landing/Navbar.tsx); Footer (src/components/landing/Footer.tsx); Button (src/components/landing/ui/Button.tsx),src/context/landing/LanguageContext.tsx,src/context/landing/LanguageContext.tsx,None found in traced page/import chain,None found in traced files,No direct Supabase client import found in traced files,No direct .from/.select/.insert/.upsert/.update/.delete/.rpc/auth/storage evidence in traced files,Needs WD Verification - no direct table evidence found for this route,Needs WD Verification - no direct field-map row found in traced files,None found in traced files,None found in traced files,None found in traced files,Needs WD Verification,Needs WD Verification,Needs WD Verification,No protected-route evidence for this public route,src/components/landing/Navbar.tsx; src/components/landing/Footer.tsx,Needs WD Verification - no matching dependency-matrix row,No duplicate/old route risk identified from supplied source; Needs WD Verification before deletion decisions.,src/app/(landing)/security/page.tsx; src/app/(landing)/layout.tsx; audit-output/01-repository-and-architecture/REPOSITORY_INVENTORY.md; audit-output/03-prd-traceability/PRD_IMPLEMENTATION_TRACEABILITY.csv,Probable,Yes,Route exists in the source snapshot; module ownership and live deployment parity require WD verification.
Public Website / Landing,Implemented,/terms,src/app/(landing)/terms/page.tsx,src/app/(landing)/layout.tsx,No distinct form component found in this route,No distinct display/list component found in this route,Navbar (src/components/landing/Navbar.tsx); Footer (src/components/landing/Footer.tsx); Button (src/components/landing/ui/Button.tsx),src/context/landing/LanguageContext.tsx,src/context/landing/LanguageContext.tsx,None found in traced page/import chain,None found in traced files,No direct Supabase client import found in traced files,No direct .from/.select/.insert/.upsert/.update/.delete/.rpc/auth/storage evidence in traced files,Needs WD Verification - no direct table evidence found for this route,Needs WD Verification - no direct field-map row found in traced files,None found in traced files,None found in traced files,None found in traced files,Needs WD Verification,Needs WD Verification,Needs WD Verification,No protected-route evidence for this public route,src/components/landing/Navbar.tsx; src/components/landing/Footer.tsx,Needs WD Verification - no matching dependency-matrix row,No duplicate/old route risk identified from supplied source; Needs WD Verification before deletion decisions.,src/app/(landing)/terms/page.tsx; src/app/(landing)/layout.tsx; audit-output/01-repository-and-architecture/REPOSITORY_INVENTORY.md; audit-output/03-prd-traceability/PRD_IMPLEMENTATION_TRACEABILITY.csv,Probable,Yes,Route exists in the source snapshot; module ownership and live deployment parity require WD verification.
Raj Mantri / AI Assistant,Placeholder,/raj-mantri,src/app/(dashboard)/raj-mantri/page.tsx,src/app/(dashboard)/layout.tsx,No distinct form component found in this route,No distinct display/list component found in this route,None found in traced files,None found in traced files,src/components/providers/AuthProvider.tsx,None found in traced page/import chain,None found in traced files,No direct Supabase client import found in traced files,No direct .from/.select/.insert/.upsert/.update/.delete/.rpc/auth/storage evidence in traced files,Needs WD Verification - no direct table evidence found for this route,Needs WD Verification - no direct field-map row found in traced files,None found in traced files,None found in traced files,None found in traced files,Needs WD Verification,Needs WD Verification,Needs WD Verification,Yes - src/app/(dashboard)/layout.tsx and src/lib/supabase/middleware.ts,src/components/layouts/DashboardLayout.tsx; src/components/layouts/BottomNav.tsx; src/components/shared/AlertToast.tsx; src/components/shared/GlobalTopRightMenu.tsx; src/components/shared/AuthSync.tsx; src/components/layouts/DesktopSidebar.tsx; src/components/layouts/DesktopRightPanel.tsx; src/components/ui/UserAvatar.tsx; src/components/providers/AuthProvider.tsx,Needs WD Verification - no matching dependency-matrix row,No duplicate/old route risk identified from supplied source; Needs WD Verification before deletion decisions.,src/app/(dashboard)/raj-mantri/page.tsx; src/app/(dashboard)/layout.tsx; audit-output/01-repository-and-architecture/REPOSITORY_INVENTORY.md; audit-output/01-repository-and-architecture/GOOGLE_AUTH_CODE_FLOW.md; audit-output/03-prd-traceability/PRD_IMPLEMENTATION_TRACEABILITY.csv,Unconfirmed,Yes,Prior module-level assessment: Coming Soon placeholder. This rebuilt row is route-level and does not treat prior Confirmed labels as human verification.
Rajya / Kingdom Map,Implemented,/rajya,src/app/(dashboard)/rajya/page.tsx,src/app/(dashboard)/layout.tsx,formatRupee,Dashboard; OnboardingStore,VideoTutorialPlaceholder (src/components/ui/VideoTutorialPlaceholder.tsx); UserAvatar (src/components/ui/UserAvatar.tsx),src/lib/identityStore.ts; src/lib/credentialStore.ts; src/lib/incomeStore.ts; src/lib/expenseStore.ts; src/lib/bankStore.ts; src/lib/onboardingStore.ts; src/lib/themeStore.ts,src/components/providers/AuthProvider.tsx,/api/identity -> src/app/api/identity/route.ts; /api/credentials -> src/app/api/credentials/route.ts; /api/credentials/[id] -> src/app/api/credentials/[id]/route.ts; /api/income -> src/app/api/income/route.ts; /api/income/[id] -> src/app/api/income/[id]/route.ts; /api/expense-categories -> src/app/api/expense-categories/route.ts; /api/expenses -> src/app/api/expenses/route.ts; /api/expenses/[id] -> src/app/api/expenses/[id]/route.ts; /api/subscriptions -> src/app/api/subscriptions/route.ts; /api/subscriptions/[id] -> src/app/api/subscriptions/[id]/route.ts; /api/budget -> src/app/api/budget/route.ts; /api/profile -> src/app/api/profile/route.ts; /api/family -> src/app/api/family/route.ts,src/lib/services/identityService.ts; src/lib/services/credentialService.ts; src/lib/services/incomeService.ts; src/lib/services/expenseCategoryService.ts; src/lib/services/expenseService.ts; src/lib/services/subscriptionService.ts; src/lib/services/budgetService.ts; src/lib/services/userService.ts; src/lib/services/familyService.ts; src/lib/services/baseService.ts,src/lib/supabase/client.ts; src/lib/supabase/server.ts,src/lib/supabase/client.ts: @supabase/ssr Supabase project createBrowserClient; src/lib/supabase/server.ts: @supabase/ssr Supabase project createServerClient; src/lib/middleware/auth.middleware.ts: supabase.auth Supabase Auth getUser; src/app/api/profile/route.ts: supabase.auth Supabase Auth updateUser; src/lib/services/userService.ts: supabaseAdmin.auth.admin Supabase Auth admin getUserById; updateUserById; deleteUser,document_meta; users; identity_records; credential_records; income_streams; expense_categories; expense_entries; subscriptions; budget_plans; family_members,Needs WD Verification - no direct field-map row found in traced files,src/lib/utils/fetcher.ts,src/lib/contactValidation.ts,None found in traced files,No,Needs WD Verification,Yes,Yes - src/app/(dashboard)/layout.tsx and src/lib/supabase/middleware.ts,src/components/ui/VideoTutorialPlaceholder.tsx; src/components/ui/UserAvatar.tsx; src/components/layouts/DashboardLayout.tsx; src/components/layouts/BottomNav.tsx; src/components/shared/AlertToast.tsx; src/components/shared/GlobalTopRightMenu.tsx; src/components/shared/AuthSync.tsx; src/components/layouts/DesktopSidebar.tsx; src/components/layouts/DesktopRightPanel.tsx; src/components/providers/AuthProvider.tsx,Foundation; Pehchaan; Kosh; Vyaya; Khate; Raksha; Rin; others; Read-only aggregation intended,Overlaps configured Suchak dashboard purpose but is referenced by auth/navigation; ownership needs WD verification.,src/app/(dashboard)/rajya/page.tsx; src/app/(dashboard)/layout.tsx; src/app/api/identity/route.ts; src/app/api/credentials/route.ts; src/app/api/credentials/[id]/route.ts; src/app/api/income/route.ts; src/app/api/income/[id]/route.ts; src/app/api/expense-categories/route.ts; src/app/api/expenses/route.ts; src/app/api/expenses/[id]/route.ts; src/app/api/subscriptions/route.ts; src/app/api/subscriptions/[id]/route.ts; src/app/api/budget/route.ts; src/app/api/profile/route.ts; src/app/api/family/route.ts; src/lib/services/identityService.ts; +17 more,Strong Evidence,Yes,Prior module-level assessment: Functional and auth-linked dashboard absent from official module config. This rebuilt row is route-level and does not treat prior Confirmed labels as human verification.
Raksha / Insurance,Implemented,/raksha,src/app/(dashboard)/raksha/page.tsx,src/app/(dashboard)/layout.tsx,SelectGridGame,RakshaModule; List,MicroLearningWrapper (src/components/module/MicroLearningWrapper.tsx); SelectGridGame (src/components/module/SelectGridGame.tsx); VideoTutorialPlaceholder (src/components/ui/VideoTutorialPlaceholder.tsx),src/lib/stores/rakshaStore.ts,src/components/providers/AuthProvider.tsx,/api/insurance -> src/app/api/insurance/route.ts,src/lib/services/insuranceService.ts; src/lib/services/reminderService.ts,src/lib/supabase/server.ts,src/lib/supabase/server.ts: @supabase/ssr Supabase project createServerClient; src/lib/middleware/auth.middleware.ts: supabase.auth Supabase Auth getUser,insurance_policies; users; reminders,Needs WD Verification - no direct field-map row found in traced files,None found in traced files,None found in traced files,None found in traced files,Probable,Yes,Probable,Yes - src/app/(dashboard)/layout.tsx and src/lib/supabase/middleware.ts,src/components/module/MicroLearningWrapper.tsx; src/components/ui/VideoTutorialPlaceholder.tsx; src/components/layouts/DashboardLayout.tsx; src/components/layouts/BottomNav.tsx; src/components/shared/AlertToast.tsx; src/components/shared/GlobalTopRightMenu.tsx; src/components/shared/AuthSync.tsx; src/components/layouts/DesktopSidebar.tsx; src/components/layouts/DesktopRightPanel.tsx; src/components/ui/UserAvatar.tsx; src/components/providers/AuthProvider.tsx,Foundation family; Mitra; Succession; Rajya; Doot,No duplicate/old route risk identified from supplied source; Needs WD Verification before deletion decisions.,src/app/(dashboard)/raksha/page.tsx; src/app/(dashboard)/layout.tsx; src/app/api/insurance/route.ts; src/lib/services/insuranceService.ts; src/lib/services/reminderService.ts; audit-output/02-database-and-dependencies/MODULE_DEPENDENCY_MATRIX.csv; audit-output/01-repository-and-architecture/REPOSITORY_INVENTORY.md; audit-output/01-repository-and-architecture/GOOGLE_AUTH_CODE_FLOW.md; audit-input/01-database-structure/schema.sql; audit-input/01-database-structure/database.types.ts; audit-input/02-existing-team-outputs/2026-07-19_MODULE_CRUD_TRACE.csv; audit-input/02-existing-team-outputs/PM_MODULE_INVENTORY.csv; audit-input/02-existing-team-outputs/PM_SCREEN_INVENTORY.csv; audit-output/03-prd-traceability/PRD_IMPLEMENTATION_TRACEABILITY.csv,Strong Evidence,Yes,Prior module-level assessment: Implemented. This rebuilt row is route-level and does not treat prior Confirmed labels as human verification.
Raksha / Insurance,Implemented,/raksha/policies,src/app/(dashboard)/raksha/policies/page.tsx,src/app/(dashboard)/layout.tsx,formatRupee,InsuranceListPage,None found in traced files,src/lib/stores/rakshaStore.ts; src/lib/incomeStore.ts,src/components/providers/AuthProvider.tsx,/api/income -> src/app/api/income/route.ts; /api/insurance -> src/app/api/insurance/route.ts; /api/income/[id] -> src/app/api/income/[id]/route.ts,src/lib/services/incomeService.ts; src/lib/services/insuranceService.ts; src/lib/services/baseService.ts; src/lib/services/reminderService.ts,src/lib/supabase/server.ts,src/lib/supabase/server.ts: @supabase/ssr Supabase project createServerClient; src/lib/middleware/auth.middleware.ts: supabase.auth Supabase Auth getUser,income_streams; users; insurance_policies; reminders,Needs WD Verification - no direct field-map row found in traced files,None found in traced files,None found in traced files,None found in traced files,Probable,Yes,Probable,Yes - src/app/(dashboard)/layout.tsx and src/lib/supabase/middleware.ts,src/components/layouts/DashboardLayout.tsx; src/components/layouts/BottomNav.tsx; src/components/shared/AlertToast.tsx; src/components/shared/GlobalTopRightMenu.tsx; src/components/shared/AuthSync.tsx; src/components/layouts/DesktopSidebar.tsx; src/components/layouts/DesktopRightPanel.tsx; src/components/ui/UserAvatar.tsx; src/components/providers/AuthProvider.tsx,Foundation family; Mitra; Succession; Rajya; Doot,No duplicate/old route risk identified from supplied source; Needs WD Verification before deletion decisions.,src/app/(dashboard)/raksha/policies/page.tsx; src/app/(dashboard)/layout.tsx; src/app/api/income/route.ts; src/app/api/insurance/route.ts; src/app/api/income/[id]/route.ts; src/lib/services/incomeService.ts; src/lib/services/insuranceService.ts; src/lib/services/baseService.ts; src/lib/services/reminderService.ts; audit-output/02-database-and-dependencies/MODULE_DEPENDENCY_MATRIX.csv; audit-output/01-repository-and-architecture/REPOSITORY_INVENTORY.md; audit-output/01-repository-and-architecture/GOOGLE_AUTH_CODE_FLOW.md; audit-input/01-database-structure/schema.sql; audit-input/01-database-structure/database.types.ts; audit-input/02-existing-team-outputs/2026-07-19_MODULE_CRUD_TRACE.csv; audit-input/02-existing-team-outputs/PM_MODULE_INVENTORY.csv; +2 more,Strong Evidence,Yes,Prior module-level assessment: Implemented. This rebuilt row is route-level and does not treat prior Confirmed labels as human verification.
Raksha / Insurance,Implemented,/raksha/policies/[id],src/app/(dashboard)/raksha/policies/[id]/page.tsx,src/app/(dashboard)/layout.tsx,formatRupee; FileUploader,PolicyDetailPage; CreditCard,ConfirmModal (src/components/ui/ConfirmModal.tsx); FileUploader (src/components/vault/FileUploader.tsx); ToastProvider (src/components/providers/ToastProvider.tsx),src/lib/stores/rakshaStore.ts; src/lib/stores/notificationStore.ts; src/lib/incomeStore.ts,src/components/providers/ToastProvider.tsx; src/components/providers/AuthProvider.tsx,/api/insurance/[id] -> src/app/api/insurance/[id]/route.ts; /api/family -> src/app/api/family/route.ts; /api/income -> src/app/api/income/route.ts; /api/documents -> src/app/api/documents/route.ts; /api/insurance -> src/app/api/insurance/route.ts; /api/notifications -> src/app/api/notifications/route.ts; /api/notifications/[id] -> src/app/api/notifications/[id]/route.ts; /api/notifications/read-all -> src/app/api/notifications/read-all/route.ts; /api/google-drive/upload -> src/app/api/google-drive/upload/route.ts; /api/google-drive/download -> src/app/api/google-drive/download/route.ts; /api/income/[id] -> src/app/api/income/[id]/route.ts,src/lib/services/insuranceService.ts; src/lib/services/familyService.ts; src/lib/services/incomeService.ts; src/lib/services/notificationService.ts; src/lib/services/reminderService.ts; src/lib/services/baseService.ts,src/lib/supabase/client.ts; src/lib/supabase/server.ts,src/lib/supabase/client.ts: @supabase/ssr Supabase project createBrowserClient; src/lib/supabase/server.ts: @supabase/ssr Supabase project createServerClient; src/lib/middleware/auth.middleware.ts: supabase.auth Supabase Auth getUser; src/components/vault/FileUploader.tsx: supabase.auth Supabase Auth getUser; src/components/vault/FileUploader.tsx: supabase.storage Dynamic bucket from folder prop .from(folder).upload; getPublicUrl; src/app/api/google-drive/upload/route.ts: supabase.auth Supabase Auth getSession; src/app/api/google-drive/download/route.ts: supabase.auth Supabase Auth getSession,family_members; users; document_meta; insurance_policies; income_streams; notifications; budget_plans; expense_entries; bank_accounts; subscriptions; identity_records; will_status; loan_accounts; goals; reminders,Needs WD Verification - no direct field-map row found in traced files,src/lib/localVaultEngine.ts; src/lib/googleDriveUtils.ts,None found in traced files,None found in traced files,Yes,Yes,Probable,Yes - src/app/(dashboard)/layout.tsx and src/lib/supabase/middleware.ts,src/components/ui/ConfirmModal.tsx; src/components/vault/FileUploader.tsx; src/components/providers/ToastProvider.tsx; src/components/layouts/DashboardLayout.tsx; src/components/layouts/BottomNav.tsx; src/components/shared/AlertToast.tsx; src/components/shared/GlobalTopRightMenu.tsx; src/components/shared/AuthSync.tsx; src/components/layouts/DesktopSidebar.tsx; src/components/layouts/DesktopRightPanel.tsx; src/components/ui/UserAvatar.tsx; src/components/providers/AuthProvider.tsx,Foundation family; Mitra; Succession; Rajya; Doot,"No duplicate/old route risk identified from supplied source; Needs WD Verification before deletion decisions. Static route-literal search found no reference outside the page file; dynamic navigation is possible, so linkage Needs WD Verification.",src/app/(dashboard)/raksha/policies/[id]/page.tsx; src/app/(dashboard)/layout.tsx; src/app/api/insurance/[id]/route.ts; src/app/api/family/route.ts; src/app/api/income/route.ts; src/app/api/documents/route.ts; src/app/api/insurance/route.ts; src/app/api/notifications/route.ts; src/app/api/notifications/[id]/route.ts; src/app/api/notifications/read-all/route.ts; src/app/api/google-drive/upload/route.ts; src/app/api/google-drive/download/route.ts; src/app/api/income/[id]/route.ts; src/lib/services/insuranceService.ts; src/lib/services/familyService.ts; src/lib/services/incomeService.ts; +12 more,Strong Evidence,Yes,Prior module-level assessment: Implemented. This rebuilt row is route-level and does not treat prior Confirmed labels as human verification.
Raksha / Insurance,Implemented,/raksha/policies/[id]/edit,src/app/(dashboard)/raksha/policies/[id]/edit/page.tsx,src/app/(dashboard)/layout.tsx,EditPolicyPage,EditPolicyPage; CreditCard,None found in traced files,src/lib/stores/rakshaStore.ts; src/lib/stores/notificationStore.ts,src/components/providers/AuthProvider.tsx,/api/family -> src/app/api/family/route.ts; /api/insurance/[id] -> src/app/api/insurance/[id]/route.ts; /api/documents -> src/app/api/documents/route.ts; /api/insurance -> src/app/api/insurance/route.ts; /api/notifications -> src/app/api/notifications/route.ts; /api/notifications/[id] -> src/app/api/notifications/[id]/route.ts; /api/notifications/read-all -> src/app/api/notifications/read-all/route.ts,src/lib/services/familyService.ts; src/lib/services/insuranceService.ts; src/lib/services/notificationService.ts; src/lib/services/baseService.ts; src/lib/services/reminderService.ts,src/lib/supabase/server.ts,src/lib/supabase/server.ts: @supabase/ssr Supabase project createServerClient; src/lib/middleware/auth.middleware.ts: supabase.auth Supabase Auth getUser,users; family_members; document_meta; insurance_policies; notifications; budget_plans; expense_entries; bank_accounts; subscriptions; identity_records; will_status; loan_accounts; goals; income_streams; reminders,Needs WD Verification - no direct field-map row found in traced files,src/lib/googleDriveUtils.ts,None found in traced files,None found in traced files,Yes,Yes,Probable,Yes - src/app/(dashboard)/layout.tsx and src/lib/supabase/middleware.ts,src/components/layouts/DashboardLayout.tsx; src/components/layouts/BottomNav.tsx; src/components/shared/AlertToast.tsx; src/components/shared/GlobalTopRightMenu.tsx; src/components/shared/AuthSync.tsx; src/components/layouts/DesktopSidebar.tsx; src/components/layouts/DesktopRightPanel.tsx; src/components/ui/UserAvatar.tsx; src/components/providers/AuthProvider.tsx,Foundation family; Mitra; Succession; Rajya; Doot,"No duplicate/old route risk identified from supplied source; Needs WD Verification before deletion decisions. Static route-literal search found no reference outside the page file; dynamic navigation is possible, so linkage Needs WD Verification.",src/app/(dashboard)/raksha/policies/[id]/edit/page.tsx; src/app/(dashboard)/layout.tsx; src/app/api/family/route.ts; src/app/api/insurance/[id]/route.ts; src/app/api/documents/route.ts; src/app/api/insurance/route.ts; src/app/api/notifications/route.ts; src/app/api/notifications/[id]/route.ts; src/app/api/notifications/read-all/route.ts; src/lib/services/familyService.ts; src/lib/services/insuranceService.ts; src/lib/services/notificationService.ts; src/lib/services/baseService.ts; src/lib/services/reminderService.ts; audit-output/02-database-and-dependencies/MODULE_DEPENDENCY_MATRIX.csv; audit-output/01-repository-and-architecture/REPOSITORY_INVENTORY.md; +7 more,Strong Evidence,Yes,Prior module-level assessment: Implemented. This rebuilt row is route-level and does not treat prior Confirmed labels as human verification.
Raksha / Insurance,Implemented,/raksha/policies/add,src/app/(dashboard)/raksha/policies/add/page.tsx,src/app/(dashboard)/layout.tsx,AddPolicyPage; FileUploader,AddPolicyPage; CreditCard,FileUploader (src/components/vault/FileUploader.tsx); ToastProvider (src/components/providers/ToastProvider.tsx),src/lib/stores/rakshaStore.ts; src/lib/stores/notificationStore.ts,src/components/providers/ToastProvider.tsx; src/components/providers/AuthProvider.tsx,/api/family -> src/app/api/family/route.ts; /api/insurance -> src/app/api/insurance/route.ts; /api/google-drive/upload -> src/app/api/google-drive/upload/route.ts; /api/notifications -> src/app/api/notifications/route.ts; /api/notifications/[id] -> src/app/api/notifications/[id]/route.ts; /api/notifications/read-all -> src/app/api/notifications/read-all/route.ts; /api/google-drive/download -> src/app/api/google-drive/download/route.ts,src/lib/services/familyService.ts; src/lib/services/insuranceService.ts; src/lib/services/notificationService.ts; src/lib/services/baseService.ts; src/lib/services/reminderService.ts,src/lib/supabase/client.ts; src/lib/supabase/server.ts,src/lib/supabase/client.ts: @supabase/ssr Supabase project createBrowserClient; src/lib/supabase/server.ts: @supabase/ssr Supabase project createServerClient; src/lib/middleware/auth.middleware.ts: supabase.auth Supabase Auth getUser; src/components/vault/FileUploader.tsx: supabase.auth Supabase Auth getUser; src/components/vault/FileUploader.tsx: supabase.storage Dynamic bucket from folder prop .from(folder).upload; getPublicUrl; src/app/api/google-drive/upload/route.ts: supabase.auth Supabase Auth getSession; src/app/api/google-drive/download/route.ts: supabase.auth Supabase Auth getSession,users; family_members; insurance_policies; notifications; budget_plans; expense_entries; bank_accounts; subscriptions; identity_records; will_status; loan_accounts; goals; income_streams; reminders,insurance_policies.type; insurance_policies.policyNumber; insurance_policies.insurerName; insurance_policies.sumAssured; insurance_policies.premium; insurance_policies.premiumFrequency; insurance_policies.dueDate; insurance_policies.maturityDate; insurance_policies.nomineeId; insurance_policies.documentId,src/lib/localVaultEngine.ts,None found in traced files,None found in traced files,Yes,Yes,Probable,Yes - src/app/(dashboard)/layout.tsx and src/lib/supabase/middleware.ts,src/components/vault/FileUploader.tsx; src/components/providers/ToastProvider.tsx; src/components/layouts/DashboardLayout.tsx; src/components/layouts/BottomNav.tsx; src/components/shared/AlertToast.tsx; src/components/shared/GlobalTopRightMenu.tsx; src/components/shared/AuthSync.tsx; src/components/layouts/DesktopSidebar.tsx; src/components/layouts/DesktopRightPanel.tsx; src/components/ui/UserAvatar.tsx; src/components/providers/AuthProvider.tsx,Foundation family; Mitra; Succession; Rajya; Doot,"No duplicate/old route risk identified from supplied source; Needs WD Verification before deletion decisions. Static route-literal search found no reference outside the page file; dynamic navigation is possible, so linkage Needs WD Verification.",src/app/(dashboard)/raksha/policies/add/page.tsx; src/app/(dashboard)/layout.tsx; src/app/api/family/route.ts; src/app/api/insurance/route.ts; src/app/api/google-drive/upload/route.ts; src/app/api/notifications/route.ts; src/app/api/notifications/[id]/route.ts; src/app/api/notifications/read-all/route.ts; src/app/api/google-drive/download/route.ts; src/lib/services/familyService.ts; src/lib/services/insuranceService.ts; src/lib/services/notificationService.ts; src/lib/services/baseService.ts; src/lib/services/reminderService.ts; audit-output/02-database-and-dependencies/FRONTEND_DATABASE_FIELD_MAP.csv; audit-output/02-database-and-dependencies/MODULE_DEPENDENCY_MATRIX.csv; +8 more,Strong Evidence,Yes,Prior module-level assessment: Implemented. This rebuilt row is route-level and does not treat prior Confirmed labels as human verification.
Rin / Loans,Implemented,/rin,src/app/(dashboard)/rin/page.tsx,src/app/(dashboard)/layout.tsx,No distinct form component found in this route,RinDashboard; CreditCard,MicroLearningWrapper (src/components/module/MicroLearningWrapper.tsx),None found in traced files,src/components/providers/AuthProvider.tsx,/api/loans -> src/app/api/loans/route.ts,src/lib/services/loanService.ts; src/lib/services/incomeService.ts; src/lib/services/baseService.ts,src/lib/supabase/server.ts,src/lib/supabase/server.ts: @supabase/ssr Supabase project createServerClient; src/lib/middleware/auth.middleware.ts: supabase.auth Supabase Auth getUser,loan_accounts; income_streams; users,Needs WD Verification - no direct field-map row found in traced files,None found in traced files,None found in traced files,None found in traced files,Probable,Probable,Probable,Yes - src/app/(dashboard)/layout.tsx and src/lib/supabase/middleware.ts,src/components/module/MicroLearningWrapper.tsx; src/components/layouts/DashboardLayout.tsx; src/components/layouts/BottomNav.tsx; src/components/shared/AlertToast.tsx; src/components/shared/GlobalTopRightMenu.tsx; src/components/shared/AuthSync.tsx; src/components/layouts/DesktopSidebar.tsx; src/components/layouts/DesktopRightPanel.tsx; src/components/ui/UserAvatar.tsx; src/components/providers/AuthProvider.tsx,Bhoomi; Foundation family; Khate; Rajya; education/property context,No duplicate/old route risk identified from supplied source; Needs WD Verification before deletion decisions.,src/app/(dashboard)/rin/page.tsx; src/app/(dashboard)/layout.tsx; src/app/api/loans/route.ts; src/lib/services/loanService.ts; src/lib/services/incomeService.ts; src/lib/services/baseService.ts; audit-output/02-database-and-dependencies/MODULE_DEPENDENCY_MATRIX.csv; audit-output/01-repository-and-architecture/REPOSITORY_INVENTORY.md; audit-output/01-repository-and-architecture/GOOGLE_AUTH_CODE_FLOW.md; audit-input/01-database-structure/schema.sql; audit-input/01-database-structure/database.types.ts; audit-input/02-existing-team-outputs/2026-07-19_MODULE_CRUD_TRACE.csv; audit-input/02-existing-team-outputs/PM_MODULE_INVENTORY.csv; audit-input/02-existing-team-outputs/PM_SCREEN_INVENTORY.csv; audit-output/03-prd-traceability/PRD_IMPLEMENTATION_TRACEABILITY.csv,Strong Evidence,Yes,Prior module-level assessment: Implemented. This rebuilt row is route-level and does not treat prior Confirmed labels as human verification.
Rin / Loans,Implemented,/rin/loans,src/app/(dashboard)/rin/loans/page.tsx,src/app/(dashboard)/layout.tsx,No distinct form component found in this route,LoanListPage; CreditCard,None found in traced files,None found in traced files,src/components/providers/AuthProvider.tsx,/api/loans -> src/app/api/loans/route.ts,src/lib/services/loanService.ts; src/lib/services/incomeService.ts; src/lib/services/baseService.ts,src/lib/supabase/server.ts,src/lib/supabase/server.ts: @supabase/ssr Supabase project createServerClient; src/lib/middleware/auth.middleware.ts: supabase.auth Supabase Auth getUser,loan_accounts; income_streams; users,Needs WD Verification - no direct field-map row found in traced files,None found in traced files,None found in traced files,None found in traced files,Probable,Probable,Probable,Yes - src/app/(dashboard)/layout.tsx and src/lib/supabase/middleware.ts,src/components/layouts/DashboardLayout.tsx; src/components/layouts/BottomNav.tsx; src/components/shared/AlertToast.tsx; src/components/shared/GlobalTopRightMenu.tsx; src/components/shared/AuthSync.tsx; src/components/layouts/DesktopSidebar.tsx; src/components/layouts/DesktopRightPanel.tsx; src/components/ui/UserAvatar.tsx; src/components/providers/AuthProvider.tsx,Bhoomi; Foundation family; Khate; Rajya; education/property context,"No duplicate/old route risk identified from supplied source; Needs WD Verification before deletion decisions. Static route-literal search found no reference outside the page file; dynamic navigation is possible, so linkage Needs WD Verification.",src/app/(dashboard)/rin/loans/page.tsx; src/app/(dashboard)/layout.tsx; src/app/api/loans/route.ts; src/lib/services/loanService.ts; src/lib/services/incomeService.ts; src/lib/services/baseService.ts; audit-output/02-database-and-dependencies/MODULE_DEPENDENCY_MATRIX.csv; audit-output/01-repository-and-architecture/REPOSITORY_INVENTORY.md; audit-output/01-repository-and-architecture/GOOGLE_AUTH_CODE_FLOW.md; audit-input/01-database-structure/schema.sql; audit-input/01-database-structure/database.types.ts; audit-input/02-existing-team-outputs/2026-07-19_MODULE_CRUD_TRACE.csv; audit-input/02-existing-team-outputs/PM_MODULE_INVENTORY.csv; audit-input/02-existing-team-outputs/PM_SCREEN_INVENTORY.csv; audit-output/03-prd-traceability/PRD_IMPLEMENTATION_TRACEABILITY.csv,Strong Evidence,Yes,Prior module-level assessment: Implemented. This rebuilt row is route-level and does not treat prior Confirmed labels as human verification.
Rin / Loans,Implemented,/rin/loans/[id],src/app/(dashboard)/rin/loans/[id]/page.tsx,src/app/(dashboard)/layout.tsx,No distinct form component found in this route,LoanDetailPage; CreditCard,ToastProvider (src/components/providers/ToastProvider.tsx),None found in traced files,src/components/providers/ToastProvider.tsx; src/components/providers/AuthProvider.tsx,/api/loans/[id] -> src/app/api/loans/[id]/route.ts; /api/documents -> src/app/api/documents/route.ts; /api/google-drive/upload -> src/app/api/google-drive/upload/route.ts; /api/google-drive/download -> src/app/api/google-drive/download/route.ts,src/lib/services/loanService.ts; src/lib/services/baseService.ts,src/lib/supabase/server.ts,src/lib/supabase/server.ts: @supabase/ssr Supabase project createServerClient; src/lib/middleware/auth.middleware.ts: supabase.auth Supabase Auth getUser; src/app/api/google-drive/upload/route.ts: supabase.auth Supabase Auth getSession; src/app/api/google-drive/download/route.ts: supabase.auth Supabase Auth getSession,family_members; document_meta; insurance_policies; loan_accounts; users,Needs WD Verification - no direct field-map row found in traced files,src/lib/localVaultEngine.ts; src/lib/googleDriveUtils.ts,None found in traced files,None found in traced files,Yes,Probable,Probable,Yes - src/app/(dashboard)/layout.tsx and src/lib/supabase/middleware.ts,src/components/providers/ToastProvider.tsx; src/components/layouts/DashboardLayout.tsx; src/components/layouts/BottomNav.tsx; src/components/shared/AlertToast.tsx; src/components/shared/GlobalTopRightMenu.tsx; src/components/shared/AuthSync.tsx; src/components/layouts/DesktopSidebar.tsx; src/components/layouts/DesktopRightPanel.tsx; src/components/ui/UserAvatar.tsx; src/components/providers/AuthProvider.tsx,Bhoomi; Foundation family; Khate; Rajya; education/property context,"No duplicate/old route risk identified from supplied source; Needs WD Verification before deletion decisions. Static route-literal search found no reference outside the page file; dynamic navigation is possible, so linkage Needs WD Verification.",src/app/(dashboard)/rin/loans/[id]/page.tsx; src/app/(dashboard)/layout.tsx; src/app/api/loans/[id]/route.ts; src/app/api/documents/route.ts; src/app/api/google-drive/upload/route.ts; src/app/api/google-drive/download/route.ts; src/lib/services/loanService.ts; src/lib/services/baseService.ts; audit-output/02-database-and-dependencies/MODULE_DEPENDENCY_MATRIX.csv; audit-output/01-repository-and-architecture/REPOSITORY_INVENTORY.md; audit-output/01-repository-and-architecture/GOOGLE_AUTH_CODE_FLOW.md; audit-input/01-database-structure/schema.sql; audit-input/01-database-structure/database.types.ts; audit-input/02-existing-team-outputs/2026-07-19_MODULE_CRUD_TRACE.csv; audit-input/02-existing-team-outputs/PM_MODULE_INVENTORY.csv; audit-input/02-existing-team-outputs/PM_SCREEN_INVENTORY.csv; +1 more,Strong Evidence,Yes,Prior module-level assessment: Implemented. This rebuilt row is route-level and does not treat prior Confirmed labels as human verification.
Rin / Loans,Implemented,/rin/loans/[id]/edit,src/app/(dashboard)/rin/loans/[id]/edit/page.tsx,src/app/(dashboard)/layout.tsx,EditLoanPage; FileUploader,EditLoanPage; CreditCard,ToastProvider (src/components/providers/ToastProvider.tsx); FileUploader (src/components/vault/FileUploader.tsx),src/lib/stores/notificationStore.ts,src/components/providers/ToastProvider.tsx; src/components/providers/AuthProvider.tsx,/api/family -> src/app/api/family/route.ts; /api/loans/[id] -> src/app/api/loans/[id]/route.ts; /api/documents -> src/app/api/documents/route.ts; /api/notifications -> src/app/api/notifications/route.ts; /api/notifications/[id] -> src/app/api/notifications/[id]/route.ts; /api/notifications/read-all -> src/app/api/notifications/read-all/route.ts; /api/google-drive/upload -> src/app/api/google-drive/upload/route.ts; /api/google-drive/download -> src/app/api/google-drive/download/route.ts,src/lib/services/familyService.ts; src/lib/services/loanService.ts; src/lib/services/notificationService.ts; src/lib/services/baseService.ts,src/lib/supabase/client.ts; src/lib/supabase/server.ts,src/lib/supabase/client.ts: @supabase/ssr Supabase project createBrowserClient; src/lib/supabase/server.ts: @supabase/ssr Supabase project createServerClient; src/lib/middleware/auth.middleware.ts: supabase.auth Supabase Auth getUser; src/components/vault/FileUploader.tsx: supabase.auth Supabase Auth getUser; src/components/vault/FileUploader.tsx: supabase.storage Dynamic bucket from folder prop .from(folder).upload; getPublicUrl; src/app/api/google-drive/upload/route.ts: supabase.auth Supabase Auth getSession; src/app/api/google-drive/download/route.ts: supabase.auth Supabase Auth getSession,users; family_members; document_meta; insurance_policies; loan_accounts; notifications; budget_plans; expense_entries; bank_accounts; subscriptions; identity_records; will_status; goals; income_streams,Needs WD Verification - no direct field-map row found in traced files,src/lib/localVaultEngine.ts; src/lib/googleDriveUtils.ts,None found in traced files,None found in traced files,Yes,Yes,Probable,Yes - src/app/(dashboard)/layout.tsx and src/lib/supabase/middleware.ts,src/components/providers/ToastProvider.tsx; src/components/vault/FileUploader.tsx; src/components/layouts/DashboardLayout.tsx; src/components/layouts/BottomNav.tsx; src/components/shared/AlertToast.tsx; src/components/shared/GlobalTopRightMenu.tsx; src/components/shared/AuthSync.tsx; src/components/layouts/DesktopSidebar.tsx; src/components/layouts/DesktopRightPanel.tsx; src/components/ui/UserAvatar.tsx; src/components/providers/AuthProvider.tsx,Bhoomi; Foundation family; Khate; Rajya; education/property context,"No duplicate/old route risk identified from supplied source; Needs WD Verification before deletion decisions. Static route-literal search found no reference outside the page file; dynamic navigation is possible, so linkage Needs WD Verification.",src/app/(dashboard)/rin/loans/[id]/edit/page.tsx; src/app/(dashboard)/layout.tsx; src/app/api/family/route.ts; src/app/api/loans/[id]/route.ts; src/app/api/documents/route.ts; src/app/api/notifications/route.ts; src/app/api/notifications/[id]/route.ts; src/app/api/notifications/read-all/route.ts; src/app/api/google-drive/upload/route.ts; src/app/api/google-drive/download/route.ts; src/lib/services/familyService.ts; src/lib/services/loanService.ts; src/lib/services/notificationService.ts; src/lib/services/baseService.ts; audit-output/02-database-and-dependencies/MODULE_DEPENDENCY_MATRIX.csv; audit-output/01-repository-and-architecture/REPOSITORY_INVENTORY.md; +7 more,Strong Evidence,Yes,Prior module-level assessment: Implemented. This rebuilt row is route-level and does not treat prior Confirmed labels as human verification.
Rin / Loans,Implemented,/rin/loans/add,src/app/(dashboard)/rin/loans/add/page.tsx,src/app/(dashboard)/layout.tsx,AddLoanPage; FileUploader,AddLoanPage; CreditCard,ToastProvider (src/components/providers/ToastProvider.tsx); FileUploader (src/components/vault/FileUploader.tsx),None found in traced files,src/components/providers/ToastProvider.tsx; src/components/providers/AuthProvider.tsx,/api/family -> src/app/api/family/route.ts; /api/loans -> src/app/api/loans/route.ts; /api/google-drive/upload -> src/app/api/google-drive/upload/route.ts; /api/google-drive/download -> src/app/api/google-drive/download/route.ts,src/lib/services/familyService.ts; src/lib/services/loanService.ts; src/lib/services/incomeService.ts; src/lib/services/baseService.ts,src/lib/supabase/client.ts; src/lib/supabase/server.ts,src/lib/supabase/client.ts: @supabase/ssr Supabase project createBrowserClient; src/lib/supabase/server.ts: @supabase/ssr Supabase project createServerClient; src/lib/middleware/auth.middleware.ts: supabase.auth Supabase Auth getUser; src/components/vault/FileUploader.tsx: supabase.auth Supabase Auth getUser; src/components/vault/FileUploader.tsx: supabase.storage Dynamic bucket from folder prop .from(folder).upload; getPublicUrl; src/app/api/google-drive/upload/route.ts: supabase.auth Supabase Auth getSession; src/app/api/google-drive/download/route.ts: supabase.auth Supabase Auth getSession,users; family_members; loan_accounts; income_streams,loan_accounts.type; loan_accounts.lenderName; loan_accounts.principal; loan_accounts.outstandingAmount; loan_accounts.emi; loan_accounts.interestRate; loan_accounts.tenure; loan_accounts.startDate; loan_accounts.endDate; loan_accounts.linkedPropertyId; loan_accounts.documentId,src/lib/localVaultEngine.ts,None found in traced files,None found in traced files,Yes,Probable,Probable,Yes - src/app/(dashboard)/layout.tsx and src/lib/supabase/middleware.ts,src/components/providers/ToastProvider.tsx; src/components/vault/FileUploader.tsx; src/components/layouts/DashboardLayout.tsx; src/components/layouts/BottomNav.tsx; src/components/shared/AlertToast.tsx; src/components/shared/GlobalTopRightMenu.tsx; src/components/shared/AuthSync.tsx; src/components/layouts/DesktopSidebar.tsx; src/components/layouts/DesktopRightPanel.tsx; src/components/ui/UserAvatar.tsx; src/components/providers/AuthProvider.tsx,Bhoomi; Foundation family; Khate; Rajya; education/property context,"No duplicate/old route risk identified from supplied source; Needs WD Verification before deletion decisions. Static route-literal search found no reference outside the page file; dynamic navigation is possible, so linkage Needs WD Verification.",src/app/(dashboard)/rin/loans/add/page.tsx; src/app/(dashboard)/layout.tsx; src/app/api/family/route.ts; src/app/api/loans/route.ts; src/app/api/google-drive/upload/route.ts; src/app/api/google-drive/download/route.ts; src/lib/services/familyService.ts; src/lib/services/loanService.ts; src/lib/services/incomeService.ts; src/lib/services/baseService.ts; audit-output/02-database-and-dependencies/FRONTEND_DATABASE_FIELD_MAP.csv; audit-output/02-database-and-dependencies/MODULE_DEPENDENCY_MATRIX.csv; audit-output/01-repository-and-architecture/REPOSITORY_INVENTORY.md; audit-output/01-repository-and-architecture/GOOGLE_AUTH_CODE_FLOW.md; audit-input/01-database-structure/schema.sql; audit-input/01-database-structure/database.types.ts; +4 more,Strong Evidence,Yes,Prior module-level assessment: Implemented. This rebuilt row is route-level and does not treat prior Confirmed labels as human verification.
Sampatti / Asset Inventory,Partially Implemented,/sampatti,src/app/(dashboard)/sampatti/page.tsx,src/app/(dashboard)/layout.tsx,formatRupee,SampattiPage,None found in traced files,src/lib/stores/sampattiStore.ts; src/lib/stores/incomeStore.ts,src/components/providers/AuthProvider.tsx,/api/income -> src/app/api/income/route.ts; /api/income/[id] -> src/app/api/income/[id]/route.ts,src/lib/services/incomeService.ts; src/lib/services/baseService.ts,src/lib/supabase/server.ts,src/lib/supabase/server.ts: @supabase/ssr Supabase project createServerClient; src/lib/middleware/auth.middleware.ts: supabase.auth Supabase Auth getUser,income_streams; users; Not persisted to asset_inventory by this screen,Not persisted to asset_inventory by this screen.Not mapped,None found in traced files,None found in traced files,None found in traced files,No,No,Probable,Yes - src/app/(dashboard)/layout.tsx and src/lib/supabase/middleware.ts,src/components/layouts/DashboardLayout.tsx; src/components/layouts/BottomNav.tsx; src/components/shared/AlertToast.tsx; src/components/shared/GlobalTopRightMenu.tsx; src/components/shared/AuthSync.tsx; src/components/layouts/DesktopSidebar.tsx; src/components/layouts/DesktopRightPanel.tsx; src/components/ui/UserAvatar.tsx; src/components/providers/AuthProvider.tsx,None confirmed; Succession; Rajya,No duplicate/old route risk identified from supplied source; Needs WD Verification before deletion decisions.,src/app/(dashboard)/sampatti/page.tsx; src/app/(dashboard)/layout.tsx; src/app/api/income/route.ts; src/app/api/income/[id]/route.ts; src/lib/services/incomeService.ts; src/lib/services/baseService.ts; audit-output/02-database-and-dependencies/FRONTEND_DATABASE_FIELD_MAP.csv; audit-output/02-database-and-dependencies/MODULE_DEPENDENCY_MATRIX.csv; audit-output/01-repository-and-architecture/REPOSITORY_INVENTORY.md; audit-output/01-repository-and-architecture/GOOGLE_AUTH_CODE_FLOW.md; audit-input/01-database-structure/schema.sql; audit-input/01-database-structure/database.types.ts; audit-input/02-existing-team-outputs/2026-07-19_MODULE_CRUD_TRACE.csv; audit-output/03-prd-traceability/PRD_IMPLEMENTATION_TRACEABILITY.csv,Strong Evidence,Yes,Prior module-level assessment: Functional local-only UI with config disabled. This rebuilt row is route-level and does not treat prior Confirmed labels as human verification.
Sthapana / Foundation,Implemented,/foundation,src/app/(dashboard)/foundation/page.tsx,src/app/(dashboard)/layout.tsx,No distinct form component found in this route,FoundationHub; OnboardingStore,ToastProvider (src/components/providers/ToastProvider.tsx); AuthProvider (src/components/providers/AuthProvider.tsx); PageGuide (src/components/ui/PageGuide.tsx); VideoTutorialPlaceholder (src/components/ui/VideoTutorialPlaceholder.tsx),src/lib/stores/onboardingStore.ts,src/components/providers/ToastProvider.tsx; src/components/providers/AuthProvider.tsx,/api/profile -> src/app/api/profile/route.ts; /api/family -> src/app/api/family/route.ts,src/lib/services/userService.ts; src/lib/services/familyService.ts; src/lib/services/baseService.ts,src/lib/supabase/client.ts; src/lib/supabase/server.ts,src/lib/supabase/client.ts: @supabase/ssr Supabase project createBrowserClient; src/lib/supabase/server.ts: @supabase/ssr Supabase project createServerClient; src/lib/middleware/auth.middleware.ts: supabase.auth Supabase Auth getUser; src/components/providers/AuthProvider.tsx: supabase.auth Supabase Auth getSession; onAuthStateChange; signOut; src/app/(dashboard)/foundation/page.tsx: supabase.auth Supabase Auth getUser; updateUser; src/app/(dashboard)/foundation/page.tsx: supabase.storage Supabase Storage bucket profile-photos .from(\profile-photos\).upload; getPublicUrl; remove; src/app/api/profile/route.ts: supabase.auth Supabase Auth updateUser; src/lib/services/userService.ts: supabaseAdmin.auth.admin Supabase Auth admin getUserById; updateUserById; deleteUser,users; family_members,Needs WD Verification - no direct field-map row found in traced files,None found in traced files,None found in traced files,None found in traced files,Probable,Probable,Probable,Yes - src/app/(dashboard)/layout.tsx and src/lib/supabase/middleware.ts,src/components/providers/ToastProvider.tsx; src/components/providers/AuthProvider.tsx; src/components/ui/PageGuide.tsx; src/components/ui/VideoTutorialPlaceholder.tsx; src/components/layouts/DashboardLayout.tsx; src/components/layouts/BottomNav.tsx; src/components/shared/AlertToast.tsx; src/components/shared/GlobalTopRightMenu.tsx; src/components/shared/AuthSync.tsx; src/components/layouts/DesktopSidebar.tsx; src/components/layouts/DesktopRightPanel.tsx; src/components/ui/UserAvatar.tsx,Auth; Rin; Raksha; Most user-owned modules,No duplicate/old route risk identified from supplied source; Needs WD Verification before deletion decisions.,src/app/(dashboard)/foundation/page.tsx; src/app/(dashboard)/layout.tsx; src/app/api/profile/route.ts; src/app/api/family/route.ts; src/lib/services/userService.ts; src/lib/services/familyService.ts; src/lib/services/baseService.ts; audit-output/02-database-and-dependencies/MODULE_DEPENDENCY_MATRIX.csv; audit-output/01-repository-and-architecture/REPOSITORY_INVENTORY.md; audit-output/01-repository-and-architecture/GOOGLE_AUTH_CODE_FLOW.md; audit-input/01-database-structure/schema.sql; audit-input/01-database-structure/database.types.ts; audit-input/02-existing-team-outputs/2026-07-19_MODULE_CRUD_TRACE.csv; audit-input/02-existing-team-outputs/PM_MODULE_INVENTORY.csv; audit-input/02-existing-team-outputs/PM_SCREEN_INVENTORY.csv; audit-output/03-prd-traceability/PRD_IMPLEMENTATION_TRACEABILITY.csv,Strong Evidence,Yes,Prior module-level assessment: Implemented with server and client persistence. This rebuilt row is route-level and does not treat prior Confirmed labels as human verification.
Sthapana / Foundation,Implemented,/foundation/education,src/app/(dashboard)/foundation/education/page.tsx,src/app/(dashboard)/layout.tsx,FileUploader,EducationPage; OnboardingStore,FileUploader (src/components/vault/FileUploader.tsx); VideoTutorialPlaceholder (src/components/ui/VideoTutorialPlaceholder.tsx); ToastProvider (src/components/providers/ToastProvider.tsx),src/lib/stores/onboardingStore.ts,src/components/providers/ToastProvider.tsx; src/components/providers/AuthProvider.tsx,/api/auth/google-status -> src/app/api/auth/google-status/route.ts; /api/family -> src/app/api/family/route.ts; /api/education -> src/app/api/education/route.ts; /api/education/[id] -> src/app/api/education/[id]/route.ts; /api/google-drive/download -> src/app/api/google-drive/download/route.ts; /api/google-drive/upload -> src/app/api/google-drive/upload/route.ts; /api/profile -> src/app/api/profile/route.ts,src/lib/services/familyService.ts; src/lib/services/educationService.ts; src/lib/services/userService.ts; src/lib/services/baseService.ts,src/lib/supabase/client.ts; src/lib/supabase/server.ts,src/lib/supabase/client.ts: @supabase/ssr Supabase project createBrowserClient; src/lib/supabase/server.ts: @supabase/ssr Supabase project createServerClient; src/lib/middleware/auth.middleware.ts: supabase.auth Supabase Auth getUser; src/components/vault/FileUploader.tsx: supabase.auth Supabase Auth getUser; src/components/vault/FileUploader.tsx: supabase.storage Dynamic bucket from folder prop .from(folder).upload; getPublicUrl; src/app/api/profile/route.ts: supabase.auth Supabase Auth updateUser; src/app/api/auth/google-status/route.ts: supabase.auth Supabase Auth getSession; src/app/api/google-drive/upload/route.ts: supabase.auth Supabase Auth getSession; src/app/api/google-drive/download/route.ts: supabase.auth Supabase Auth getSession; src/lib/services/userService.ts: supabaseAdmin.auth.admin Supabase Auth admin getUserById; updateUserById; deleteUser,users; document_meta; family_members; education,education.familyMemberId; education.degree; education.institute; education.yearCompleted; education.specialization; education.certificateUrl; education.linkedLoanId,src/lib/localVaultEngine.ts; src/lib/googleDriveUtils.ts,None found in traced files,None found in traced files,Yes,Probable,Probable,Yes - src/app/(dashboard)/layout.tsx and src/lib/supabase/middleware.ts,src/components/vault/FileUploader.tsx; src/components/ui/VideoTutorialPlaceholder.tsx; src/components/providers/ToastProvider.tsx; src/components/layouts/DashboardLayout.tsx; src/components/layouts/BottomNav.tsx; src/components/shared/AlertToast.tsx; src/components/shared/GlobalTopRightMenu.tsx; src/components/shared/AuthSync.tsx; src/components/layouts/DesktopSidebar.tsx; src/components/layouts/DesktopRightPanel.tsx; src/components/ui/UserAvatar.tsx; src/components/providers/AuthProvider.tsx,Auth; Rin; Raksha; Most user-owned modules,No duplicate/old route risk identified from supplied source; Needs WD Verification before deletion decisions.,src/app/(dashboard)/foundation/education/page.tsx; src/app/(dashboard)/layout.tsx; src/app/api/auth/google-status/route.ts; src/app/api/family/route.ts; src/app/api/education/route.ts; src/app/api/education/[id]/route.ts; src/app/api/google-drive/download/route.ts; src/app/api/google-drive/upload/route.ts; src/app/api/profile/route.ts; src/lib/services/familyService.ts; src/lib/services/educationService.ts; src/lib/services/userService.ts; src/lib/services/baseService.ts; audit-output/02-database-and-dependencies/FRONTEND_DATABASE_FIELD_MAP.csv; audit-output/02-database-and-dependencies/MODULE_DEPENDENCY_MATRIX.csv; audit-output/01-repository-and-architecture/REPOSITORY_INVENTORY.md; +7 more,Strong Evidence,Yes,Prior module-level assessment: Implemented with server and client persistence. This rebuilt row is route-level and does not treat prior Confirmed labels as human verification.
Sthapana / Foundation,Implemented,/foundation/education/[id]/edit,src/app/(dashboard)/foundation/education/[id]/edit/page.tsx,src/app/(dashboard)/layout.tsx,EditEducation; FileUploader,EditEducation,FileUploader (src/components/vault/FileUploader.tsx); ToastProvider (src/components/providers/ToastProvider.tsx),None found in traced files,src/components/providers/ToastProvider.tsx; src/components/providers/AuthProvider.tsx,/api/family -> src/app/api/family/route.ts; /api/education/[id] -> src/app/api/education/[id]/route.ts; /api/google-drive/upload -> src/app/api/google-drive/upload/route.ts; /api/google-drive/download -> src/app/api/google-drive/download/route.ts,src/lib/services/familyService.ts; src/lib/services/educationService.ts; src/lib/services/baseService.ts,src/lib/supabase/client.ts; src/lib/supabase/server.ts,src/lib/supabase/client.ts: @supabase/ssr Supabase project createBrowserClient; src/lib/supabase/server.ts: @supabase/ssr Supabase project createServerClient; src/lib/middleware/auth.middleware.ts: supabase.auth Supabase Auth getUser; src/components/vault/FileUploader.tsx: supabase.auth Supabase Auth getUser; src/components/vault/FileUploader.tsx: supabase.storage Dynamic bucket from folder prop .from(folder).upload; getPublicUrl; src/app/api/google-drive/upload/route.ts: supabase.auth Supabase Auth getSession; src/app/api/google-drive/download/route.ts: supabase.auth Supabase Auth getSession,users; document_meta; family_members; education,Needs WD Verification - no direct field-map row found in traced files,src/lib/localVaultEngine.ts; src/lib/googleDriveUtils.ts,None found in traced files,None found in traced files,Yes,Probable,Probable,Yes - src/app/(dashboard)/layout.tsx and src/lib/supabase/middleware.ts,src/components/vault/FileUploader.tsx; src/components/providers/ToastProvider.tsx; src/components/layouts/DashboardLayout.tsx; src/components/layouts/BottomNav.tsx; src/components/shared/AlertToast.tsx; src/components/shared/GlobalTopRightMenu.tsx; src/components/shared/AuthSync.tsx; src/components/layouts/DesktopSidebar.tsx; src/components/layouts/DesktopRightPanel.tsx; src/components/ui/UserAvatar.tsx; src/components/providers/AuthProvider.tsx,Auth; Rin; Raksha; Most user-owned modules,"No duplicate/old route risk identified from supplied source; Needs WD Verification before deletion decisions. Static route-literal search found no reference outside the page file; dynamic navigation is possible, so linkage Needs WD Verification.",src/app/(dashboard)/foundation/education/[id]/edit/page.tsx; src/app/(dashboard)/layout.tsx; src/app/api/family/route.ts; src/app/api/education/[id]/route.ts; src/app/api/google-drive/upload/route.ts; src/app/api/google-drive/download/route.ts; src/lib/services/familyService.ts; src/lib/services/educationService.ts; src/lib/services/baseService.ts; audit-output/02-database-and-dependencies/MODULE_DEPENDENCY_MATRIX.csv; audit-output/01-repository-and-architecture/REPOSITORY_INVENTORY.md; audit-output/01-repository-and-architecture/GOOGLE_AUTH_CODE_FLOW.md; audit-input/01-database-structure/schema.sql; audit-input/01-database-structure/database.types.ts; audit-input/02-existing-team-outputs/2026-07-19_MODULE_CRUD_TRACE.csv; audit-input/02-existing-team-outputs/PM_MODULE_INVENTORY.csv; +2 more,Strong Evidence,Yes,Prior module-level assessment: Implemented with server and client persistence. This rebuilt row is route-level and does not treat prior Confirmed labels as human verification.
Sthapana / Foundation,Implemented,/foundation/family,src/app/(dashboard)/foundation/family/page.tsx,src/app/(dashboard)/layout.tsx,FamilyTreeGame,Submodule1B; OnboardingStore,FamilyTreeGame (src/components/module1/FamilyTreeGame.tsx); VideoTutorialPlaceholder (src/components/ui/VideoTutorialPlaceholder.tsx); ToastProvider (src/components/providers/ToastProvider.tsx),src/lib/stores/onboardingStore.ts,src/components/providers/ToastProvider.tsx; src/components/providers/AuthProvider.tsx,/api/family -> src/app/api/family/route.ts; /api/profile -> src/app/api/profile/route.ts,src/lib/services/familyService.ts; src/lib/services/userService.ts; src/lib/services/baseService.ts,src/lib/supabase/server.ts,src/lib/supabase/server.ts: @supabase/ssr Supabase project createServerClient; src/lib/middleware/auth.middleware.ts: supabase.auth Supabase Auth getUser; src/app/api/profile/route.ts: supabase.auth Supabase Auth updateUser; src/lib/services/userService.ts: supabaseAdmin.auth.admin Supabase Auth admin getUserById; updateUserById; deleteUser,users; family_members,family_members.name; family_members.relation; family_members.dob; family_members.phone; family_members.email; family_members.isDependent; family_members.nomineeEligible; family_members.accessLevel,None found in traced files,None found in traced files,None found in traced files,Probable,Probable,Probable,Yes - src/app/(dashboard)/layout.tsx and src/lib/supabase/middleware.ts,src/components/ui/VideoTutorialPlaceholder.tsx; src/components/providers/ToastProvider.tsx; src/components/layouts/DashboardLayout.tsx; src/components/layouts/BottomNav.tsx; src/components/shared/AlertToast.tsx; src/components/shared/GlobalTopRightMenu.tsx; src/components/shared/AuthSync.tsx; src/components/layouts/DesktopSidebar.tsx; src/components/layouts/DesktopRightPanel.tsx; src/components/ui/UserAvatar.tsx; src/components/providers/AuthProvider.tsx,Auth; Rin; Raksha; Most user-owned modules,No duplicate/old route risk identified from supplied source; Needs WD Verification before deletion decisions.,src/app/(dashboard)/foundation/family/page.tsx; src/app/(dashboard)/layout.tsx; src/app/api/family/route.ts; src/app/api/profile/route.ts; src/lib/services/familyService.ts; src/lib/services/userService.ts; src/lib/services/baseService.ts; audit-output/02-database-and-dependencies/FRONTEND_DATABASE_FIELD_MAP.csv; audit-output/02-database-and-dependencies/MODULE_DEPENDENCY_MATRIX.csv; audit-output/01-repository-and-architecture/REPOSITORY_INVENTORY.md; audit-output/01-repository-and-architecture/GOOGLE_AUTH_CODE_FLOW.md; audit-input/01-database-structure/schema.sql; audit-input/01-database-structure/database.types.ts; audit-input/02-existing-team-outputs/2026-07-19_MODULE_CRUD_TRACE.csv; audit-input/02-existing-team-outputs/PM_MODULE_INVENTORY.csv; audit-input/02-existing-team-outputs/PM_SCREEN_INVENTORY.csv; +1 more,Strong Evidence,Yes,Prior module-level assessment: Implemented with server and client persistence. This rebuilt row is route-level and does not treat prior Confirmed labels as human verification.
Suchak / Dashboard,Partially Implemented,/suchak,src/app/(dashboard)/suchak/page.tsx,src/app/(dashboard)/layout.tsx,formatRupee,Dashboard; OnboardingStore; fetchBankSummary,TutorialCard (src/components/tutorials/TutorialCard.tsx); UserAvatar (src/components/shared/UserAvatar.tsx),src/lib/stores/identityStore.ts; src/lib/credentialStore.ts; src/lib/stores/incomeStore.ts; src/lib/stores/expenseStore.ts; src/lib/stores/bankStore.ts; src/lib/stores/onboardingStore.ts; src/lib/stores/themeStore.ts; src/lib/bankStore.ts; src/lib/expenseStore.ts; src/lib/incomeStore.ts,src/components/providers/AuthProvider.tsx,/api/identity -> src/app/api/identity/route.ts; /api/credentials -> src/app/api/credentials/route.ts; /api/credentials/[id] -> src/app/api/credentials/[id]/route.ts; /api/income -> src/app/api/income/route.ts; /api/income/[id] -> src/app/api/income/[id]/route.ts; /api/expenses -> src/app/api/expenses/route.ts; /api/profile -> src/app/api/profile/route.ts; /api/family -> src/app/api/family/route.ts; /api/bank -> src/app/api/bank/route.ts; /api/expense-categories -> src/app/api/expense-categories/route.ts; /api/expenses/[id] -> src/app/api/expenses/[id]/route.ts; /api/subscriptions -> src/app/api/subscriptions/route.ts; /api/subscriptions/[id] -> src/app/api/subscriptions/[id]/route.ts; /api/budget -> src/app/api/budget/route.ts,src/lib/bankApi.ts; src/lib/services/identityService.ts; src/lib/services/credentialService.ts; src/lib/services/incomeService.ts; src/lib/services/expenseService.ts; src/lib/services/userService.ts; src/lib/services/familyService.ts; src/lib/services/bankService.ts; src/lib/services/expenseCategoryService.ts; src/lib/services/subscriptionService.ts; src/lib/services/budgetService.ts; src/lib/services/baseService.ts,src/lib/supabase/client.ts; src/lib/supabase/server.ts,src/lib/supabase/client.ts: @supabase/ssr Supabase project createBrowserClient; src/lib/supabase/server.ts: @supabase/ssr Supabase project createServerClient; src/lib/middleware/auth.middleware.ts: supabase.auth Supabase Auth getUser; src/components/shared/UserAvatar.tsx: supabase.auth Supabase Auth getUser; src/app/api/profile/route.ts: supabase.auth Supabase Auth updateUser; src/lib/services/userService.ts: supabaseAdmin.auth.admin Supabase Auth admin getUserById; updateUserById; deleteUser,document_meta; users; cash_wallets; identity_records; credential_records; income_streams; expense_entries; family_members; bank_accounts; expense_categories; subscriptions; budget_plans,Needs WD Verification - no direct field-map row found in traced files,None found in traced files,src/lib/validators/contactValidator.ts,None found in traced files,No,Needs WD Verification,Yes,Yes - src/app/(dashboard)/layout.tsx and src/lib/supabase/middleware.ts,src/components/tutorials/TutorialCard.tsx; src/components/layouts/DashboardLayout.tsx; src/components/layouts/BottomNav.tsx; src/components/shared/AlertToast.tsx; src/components/shared/GlobalTopRightMenu.tsx; src/components/shared/AuthSync.tsx; src/components/layouts/DesktopSidebar.tsx; src/components/layouts/DesktopRightPanel.tsx; src/components/ui/UserAvatar.tsx; src/components/providers/AuthProvider.tsx,Foundation; Pehchaan; Kosh; Vyaya; Khate; Read-only aggregation,No duplicate/old route risk identified from supplied source; Needs WD Verification before deletion decisions.,src/app/(dashboard)/suchak/page.tsx; src/app/(dashboard)/layout.tsx; src/app/api/identity/route.ts; src/app/api/credentials/route.ts; src/app/api/credentials/[id]/route.ts; src/app/api/income/route.ts; src/app/api/income/[id]/route.ts; src/app/api/expenses/route.ts; src/app/api/profile/route.ts; src/app/api/family/route.ts; src/app/api/bank/route.ts; src/app/api/expense-categories/route.ts; src/app/api/expenses/[id]/route.ts; src/app/api/subscriptions/route.ts; src/app/api/subscriptions/[id]/route.ts; src/app/api/budget/route.ts; +19 more,Strong Evidence,Yes,Prior module-level assessment: Functional alternate dashboard with config disabled and overlap with /rajya. This rebuilt row is route-level and does not treat prior Confirmed labels as human verification.
Suraksha / Security,Placeholder,/suraksha,src/app/(dashboard)/suraksha/page.tsx,src/app/(dashboard)/layout.tsx,No distinct form component found in this route,No distinct display/list component found in this route,None found in traced files,None found in traced files,src/components/providers/AuthProvider.tsx,None found in traced page/import chain,None found in traced files,No direct Supabase client import found in traced files,No direct .from/.select/.insert/.upsert/.update/.delete/.rpc/auth/storage evidence in traced files,Needs WD Verification - no direct table evidence found for this route,Needs WD Verification - no direct field-map row found in traced files,None found in traced files,None found in traced files,None found in traced files,Needs WD Verification,Needs WD Verification,Needs WD Verification,Yes - src/app/(dashboard)/layout.tsx and src/lib/supabase/middleware.ts,src/components/layouts/DashboardLayout.tsx; src/components/layouts/BottomNav.tsx; src/components/shared/AlertToast.tsx; src/components/shared/GlobalTopRightMenu.tsx; src/components/shared/AuthSync.tsx; src/components/layouts/DesktopSidebar.tsx; src/components/layouts/DesktopRightPanel.tsx; src/components/ui/UserAvatar.tsx; src/components/providers/AuthProvider.tsx,Needs WD Verification - no matching dependency-matrix row,No duplicate/old route risk identified from supplied source; Needs WD Verification before deletion decisions.,src/app/(dashboard)/suraksha/page.tsx; src/app/(dashboard)/layout.tsx; audit-output/01-repository-and-architecture/REPOSITORY_INVENTORY.md; audit-output/01-repository-and-architecture/GOOGLE_AUTH_CODE_FLOW.md; audit-output/03-prd-traceability/PRD_IMPLEMENTATION_TRACEABILITY.csv,Unconfirmed,Yes,Prior module-level assessment: Coming Soon placeholder. This rebuilt row is route-level and does not treat prior Confirmed labels as human verification.
Uttaradhikar Sabha / Succession,Implemented,/succession,src/app/(dashboard)/succession/page.tsx,src/app/(dashboard)/layout.tsx,No distinct form component found in this route,SuccessionIndex,PageGuide (src/components/ui/PageGuide.tsx),None found in traced files,src/components/providers/AuthProvider.tsx,/api/succession/nominees -> src/app/api/succession/nominees/route.ts; /api/succession/will -> src/app/api/succession/will/route.ts; /api/succession/emergency -> src/app/api/succession/emergency/route.ts,None found in traced files,src/lib/supabase/server.ts,src/lib/supabase/server.ts: @supabase/ssr Supabase project createServerClient; src/lib/middleware/auth.middleware.ts: supabase.auth Supabase Auth getUser,succession_nominees; succession_wills; succession_emergency; users,Needs WD Verification - no direct field-map row found in traced files,None found in traced files,None found in traced files,None found in traced files,Needs WD Verification,Needs WD Verification,Needs WD Verification,Yes - src/app/(dashboard)/layout.tsx and src/lib/supabase/middleware.ts,src/components/ui/PageGuide.tsx; src/components/layouts/DashboardLayout.tsx; src/components/layouts/BottomNav.tsx; src/components/shared/AlertToast.tsx; src/components/shared/GlobalTopRightMenu.tsx; src/components/shared/AuthSync.tsx; src/components/layouts/DesktopSidebar.tsx; src/components/layouts/DesktopRightPanel.tsx; src/components/ui/UserAvatar.tsx; src/components/providers/AuthProvider.tsx,Needs WD Verification - no matching dependency-matrix row,No duplicate/old route risk identified from supplied source; Needs WD Verification before deletion decisions.,src/app/(dashboard)/succession/page.tsx; src/app/(dashboard)/layout.tsx; src/app/api/succession/nominees/route.ts; src/app/api/succession/will/route.ts; src/app/api/succession/emergency/route.ts; audit-output/01-repository-and-architecture/REPOSITORY_INVENTORY.md; audit-output/01-repository-and-architecture/GOOGLE_AUTH_CODE_FLOW.md; audit-input/01-database-structure/schema.sql; audit-input/01-database-structure/database.types.ts; audit-input/02-existing-team-outputs/2026-07-19_MODULE_CRUD_TRACE.csv; audit-output/03-prd-traceability/PRD_IMPLEMENTATION_TRACEABILITY.csv,Strong Evidence,Yes,Prior module-level assessment: Functional module absent from official module config. This rebuilt row is route-level and does not treat prior Confirmed labels as human verification.
Uttaradhikar Sabha / Succession,Implemented,/succession/emergency,src/app/(dashboard)/succession/emergency/page.tsx,src/app/(dashboard)/layout.tsx,No distinct form component found in this route,EmergencyPage,ToastProvider (src/components/providers/ToastProvider.tsx); ConfirmModal (src/components/ui/ConfirmModal.tsx); PageGuide (src/components/ui/PageGuide.tsx),None found in traced files,src/components/providers/ToastProvider.tsx; src/components/providers/AuthProvider.tsx,/api/succession/emergency -> src/app/api/succession/emergency/route.ts; /api/auth/send-otp -> src/app/api/auth/send-otp/route.ts; /api/auth/verify-otp -> src/app/api/auth/verify-otp/route.ts,None found in traced files,src/lib/supabase/server.ts,src/lib/supabase/server.ts: @supabase/ssr Supabase project createServerClient; src/lib/middleware/auth.middleware.ts: supabase.auth Supabase Auth getUser,succession_emergency; email_verification_codes; users,succession_emergency.emergencyContactName; succession_emergency.emergencyContactPhone; succession_emergency.secondaryContactName; succession_emergency.secondaryContactPhone; succession_emergency.verificationMethod; succession_emergency.activationWaitingPeriod; succession_emergency.assetAccessScope,None found in traced files,None found in traced files,None found in traced files,Needs WD Verification,Needs WD Verification,Needs WD Verification,Yes - src/app/(dashboard)/layout.tsx and src/lib/supabase/middleware.ts,src/components/providers/ToastProvider.tsx; src/components/ui/ConfirmModal.tsx; src/components/ui/PageGuide.tsx; src/components/layouts/DashboardLayout.tsx; src/components/layouts/BottomNav.tsx; src/components/shared/AlertToast.tsx; src/components/shared/GlobalTopRightMenu.tsx; src/components/shared/AuthSync.tsx; src/components/layouts/DesktopSidebar.tsx; src/components/layouts/DesktopRightPanel.tsx; src/components/ui/UserAvatar.tsx; src/components/providers/AuthProvider.tsx,Needs WD Verification - no matching dependency-matrix row,"No duplicate/old route risk identified from supplied source; Needs WD Verification before deletion decisions. Static route-literal search found no reference outside the page file; dynamic navigation is possible, so linkage Needs WD Verification.",src/app/(dashboard)/succession/emergency/page.tsx; src/app/(dashboard)/layout.tsx; src/app/api/succession/emergency/route.ts; src/app/api/auth/send-otp/route.ts; src/app/api/auth/verify-otp/route.ts; audit-output/02-database-and-dependencies/FRONTEND_DATABASE_FIELD_MAP.csv; audit-output/01-repository-and-architecture/REPOSITORY_INVENTORY.md; audit-output/01-repository-and-architecture/GOOGLE_AUTH_CODE_FLOW.md; audit-input/01-database-structure/schema.sql; audit-input/01-database-structure/database.types.ts; audit-input/02-existing-team-outputs/2026-07-19_MODULE_CRUD_TRACE.csv; audit-output/03-prd-traceability/PRD_IMPLEMENTATION_TRACEABILITY.csv,Strong Evidence,Yes,Prior module-level assessment: Functional module absent from official module config. This rebuilt row is route-level and does not treat prior Confirmed labels as human verification.
Uttaradhikar Sabha / Succession,Implemented,/succession/nominees,src/app/(dashboard)/succession/nominees/page.tsx,src/app/(dashboard)/layout.tsx,No distinct form component found in this route,NomineesPage,ToastProvider (src/components/providers/ToastProvider.tsx); ConfirmModal (src/components/ui/ConfirmModal.tsx); PageGuide (src/components/ui/PageGuide.tsx),None found in traced files,src/components/providers/ToastProvider.tsx; src/components/providers/AuthProvider.tsx,/api/succession/assets -> src/app/api/succession/assets/route.ts; /api/succession/nominees -> src/app/api/succession/nominees/route.ts; /api/family -> src/app/api/family/route.ts; /api/succession/nominees/[id] -> src/app/api/succession/nominees/[id]/route.ts,src/lib/services/familyService.ts; src/lib/services/baseService.ts,src/lib/supabase/server.ts,src/lib/supabase/server.ts: @supabase/ssr Supabase project createServerClient; src/lib/middleware/auth.middleware.ts: supabase.auth Supabase Auth getUser,asset_inventory; property_assets; investment_holdings; insurance_policies; succession_nominees; users; family_members,succession_nominees.assetId; succession_nominees.assetType; succession_nominees.nomineeId; succession_nominees.nomineeName; succession_nominees.relationship; succession_nominees.sharePercentage,None found in traced files,None found in traced files,None found in traced files,Needs WD Verification,Needs WD Verification,Needs WD Verification,Yes - src/app/(dashboard)/layout.tsx and src/lib/supabase/middleware.ts,src/components/providers/ToastProvider.tsx; src/components/ui/ConfirmModal.tsx; src/components/ui/PageGuide.tsx; src/components/layouts/DashboardLayout.tsx; src/components/layouts/BottomNav.tsx; src/components/shared/AlertToast.tsx; src/components/shared/GlobalTopRightMenu.tsx; src/components/shared/AuthSync.tsx; src/components/layouts/DesktopSidebar.tsx; src/components/layouts/DesktopRightPanel.tsx; src/components/ui/UserAvatar.tsx; src/components/providers/AuthProvider.tsx,Needs WD Verification - no matching dependency-matrix row,"No duplicate/old route risk identified from supplied source; Needs WD Verification before deletion decisions. Static route-literal search found no reference outside the page file; dynamic navigation is possible, so linkage Needs WD Verification.",src/app/(dashboard)/succession/nominees/page.tsx; src/app/(dashboard)/layout.tsx; src/app/api/succession/assets/route.ts; src/app/api/succession/nominees/route.ts; src/app/api/family/route.ts; src/app/api/succession/nominees/[id]/route.ts; src/lib/services/familyService.ts; src/lib/services/baseService.ts; audit-output/02-database-and-dependencies/FRONTEND_DATABASE_FIELD_MAP.csv; audit-output/01-repository-and-architecture/REPOSITORY_INVENTORY.md; audit-output/01-repository-and-architecture/GOOGLE_AUTH_CODE_FLOW.md; audit-input/01-database-structure/schema.sql; audit-input/01-database-structure/database.types.ts; audit-input/02-existing-team-outputs/2026-07-19_MODULE_CRUD_TRACE.csv; audit-output/03-prd-traceability/PRD_IMPLEMENTATION_TRACEABILITY.csv,Strong Evidence,Yes,Prior module-level assessment: Functional module absent from official module config. This rebuilt row is route-level and does not treat prior Confirmed labels as human verification.
Uttaradhikar Sabha / Succession,Implemented,/succession/scan,src/app/(dashboard)/succession/scan/page.tsx,src/app/(dashboard)/layout.tsx,No distinct form component found in this route,ScanPage,ToastProvider (src/components/providers/ToastProvider.tsx); PageGuide (src/components/ui/PageGuide.tsx),None found in traced files,src/components/providers/ToastProvider.tsx; src/components/providers/AuthProvider.tsx,/api/succession/assets -> src/app/api/succession/assets/route.ts; /api/succession/nominees -> src/app/api/succession/nominees/route.ts; /api/family -> src/app/api/family/route.ts; /api/succession/will -> src/app/api/succession/will/route.ts,src/lib/services/familyService.ts; src/lib/services/baseService.ts,src/lib/supabase/server.ts,src/lib/supabase/server.ts: @supabase/ssr Supabase project createServerClient; src/lib/middleware/auth.middleware.ts: supabase.auth Supabase Auth getUser,asset_inventory; property_assets; investment_holdings; insurance_policies; succession_nominees; users; succession_wills; family_members,Needs WD Verification - no direct field-map row found in traced files,None found in traced files,None found in traced files,None found in traced files,Needs WD Verification,Needs WD Verification,Needs WD Verification,Yes - src/app/(dashboard)/layout.tsx and src/lib/supabase/middleware.ts,src/components/providers/ToastProvider.tsx; src/components/ui/PageGuide.tsx; src/components/layouts/DashboardLayout.tsx; src/components/layouts/BottomNav.tsx; src/components/shared/AlertToast.tsx; src/components/shared/GlobalTopRightMenu.tsx; src/components/shared/AuthSync.tsx; src/components/layouts/DesktopSidebar.tsx; src/components/layouts/DesktopRightPanel.tsx; src/components/ui/UserAvatar.tsx; src/components/providers/AuthProvider.tsx,Needs WD Verification - no matching dependency-matrix row,"No duplicate/old route risk identified from supplied source; Needs WD Verification before deletion decisions. Static route-literal search found no reference outside the page file; dynamic navigation is possible, so linkage Needs WD Verification.",src/app/(dashboard)/succession/scan/page.tsx; src/app/(dashboard)/layout.tsx; src/app/api/succession/assets/route.ts; src/app/api/succession/nominees/route.ts; src/app/api/family/route.ts; src/app/api/succession/will/route.ts; src/lib/services/familyService.ts; src/lib/services/baseService.ts; audit-output/01-repository-and-architecture/REPOSITORY_INVENTORY.md; audit-output/01-repository-and-architecture/GOOGLE_AUTH_CODE_FLOW.md; audit-input/01-database-structure/schema.sql; audit-input/01-database-structure/database.types.ts; audit-input/02-existing-team-outputs/2026-07-19_MODULE_CRUD_TRACE.csv; audit-output/03-prd-traceability/PRD_IMPLEMENTATION_TRACEABILITY.csv,Strong Evidence,Yes,Prior module-level assessment: Functional module absent from official module config. This rebuilt row is route-level and does not treat prior Confirmed labels as human verification.
Uttaradhikar Sabha / Succession,Implemented,/succession/tutorial,src/app/(dashboard)/succession/tutorial/page.tsx,src/app/(dashboard)/layout.tsx,No distinct form component found in this route,SuccessionTutorial,VideoTutorialPlaceholder (src/components/ui/VideoTutorialPlaceholder.tsx); ToastProvider (src/components/providers/ToastProvider.tsx); PageGuide (src/components/ui/PageGuide.tsx),None found in traced files,src/components/providers/ToastProvider.tsx; src/components/providers/AuthProvider.tsx,/api/succession/assets -> src/app/api/succession/assets/route.ts; /api/family -> src/app/api/family/route.ts; /api/succession/nominees -> src/app/api/succession/nominees/route.ts,src/lib/services/familyService.ts; src/lib/services/baseService.ts,src/lib/supabase/server.ts,src/lib/supabase/server.ts: @supabase/ssr Supabase project createServerClient; src/lib/middleware/auth.middleware.ts: supabase.auth Supabase Auth getUser,asset_inventory; property_assets; investment_holdings; insurance_policies; succession_nominees; users; family_members,Needs WD Verification - no direct field-map row found in traced files,None found in traced files,None found in traced files,None found in traced files,Needs WD Verification,Needs WD Verification,Needs WD Verification,Yes - src/app/(dashboard)/layout.tsx and src/lib/supabase/middleware.ts,src/components/ui/VideoTutorialPlaceholder.tsx; src/components/providers/ToastProvider.tsx; src/components/ui/PageGuide.tsx; src/components/layouts/DashboardLayout.tsx; src/components/layouts/BottomNav.tsx; src/components/shared/AlertToast.tsx; src/components/shared/GlobalTopRightMenu.tsx; src/components/shared/AuthSync.tsx; src/components/layouts/DesktopSidebar.tsx; src/components/layouts/DesktopRightPanel.tsx; src/components/ui/UserAvatar.tsx; src/components/providers/AuthProvider.tsx,Needs WD Verification - no matching dependency-matrix row,"No duplicate/old route risk identified from supplied source; Needs WD Verification before deletion decisions. Static route-literal search found no reference outside the page file; dynamic navigation is possible, so linkage Needs WD Verification.",src/app/(dashboard)/succession/tutorial/page.tsx; src/app/(dashboard)/layout.tsx; src/app/api/succession/assets/route.ts; src/app/api/family/route.ts; src/app/api/succession/nominees/route.ts; src/lib/services/familyService.ts; src/lib/services/baseService.ts; audit-output/01-repository-and-architecture/REPOSITORY_INVENTORY.md; audit-output/01-repository-and-architecture/GOOGLE_AUTH_CODE_FLOW.md; audit-input/01-database-structure/schema.sql; audit-input/01-database-structure/database.types.ts; audit-input/02-existing-team-outputs/2026-07-19_MODULE_CRUD_TRACE.csv; audit-output/03-prd-traceability/PRD_IMPLEMENTATION_TRACEABILITY.csv,Strong Evidence,Yes,Prior module-level assessment: Functional module absent from official module config. This rebuilt row is route-level and does not treat prior Confirmed labels as human verification.
Uttaradhikar Sabha / Succession,Implemented,/succession/will,src/app/(dashboard)/succession/will/page.tsx,src/app/(dashboard)/layout.tsx,FileUploader,WillPage,FileUploader (src/components/vault/FileUploader.tsx); ToastProvider (src/components/providers/ToastProvider.tsx); PageGuide (src/components/ui/PageGuide.tsx),None found in traced files,src/components/providers/ToastProvider.tsx; src/components/providers/AuthProvider.tsx,/api/succession/will -> src/app/api/succession/will/route.ts; /api/vault/download/[id] -> route file not matched; /api/family -> src/app/api/family/route.ts; /api/google-drive/upload -> src/app/api/google-drive/upload/route.ts; /api/google-drive/download -> src/app/api/google-drive/download/route.ts,src/lib/services/familyService.ts; src/lib/services/baseService.ts,src/lib/supabase/client.ts; src/lib/supabase/server.ts,src/lib/supabase/client.ts: @supabase/ssr Supabase project createBrowserClient; src/lib/supabase/server.ts: @supabase/ssr Supabase project createServerClient; src/lib/middleware/auth.middleware.ts: supabase.auth Supabase Auth getUser; src/components/vault/FileUploader.tsx: supabase.auth Supabase Auth getUser; src/components/vault/FileUploader.tsx: supabase.storage Dynamic bucket from folder prop .from(folder).upload; getPublicUrl; src/app/api/google-drive/upload/route.ts: supabase.auth Supabase Auth getSession; src/app/api/google-drive/download/route.ts: supabase.auth Supabase Auth getSession,succession_wills; users; family_members,succession_wills.willExists; succession_wills.executorName; succession_wills.executorContact; succession_wills.witnessNames; succession_wills.digitalCopyUrl,src/lib/localVaultEngine.ts,None found in traced files,None found in traced files,Yes,Needs WD Verification,Needs WD Verification,Yes - src/app/(dashboard)/layout.tsx and src/lib/supabase/middleware.ts,src/components/vault/FileUploader.tsx; src/components/providers/ToastProvider.tsx; src/components/ui/PageGuide.tsx; src/components/layouts/DashboardLayout.tsx; src/components/layouts/BottomNav.tsx; src/components/shared/AlertToast.tsx; src/components/shared/GlobalTopRightMenu.tsx; src/components/shared/AuthSync.tsx; src/components/layouts/DesktopSidebar.tsx; src/components/layouts/DesktopRightPanel.tsx; src/components/ui/UserAvatar.tsx; src/components/providers/AuthProvider.tsx,Needs WD Verification - no matching dependency-matrix row,"No duplicate/old route risk identified from supplied source; Needs WD Verification before deletion decisions. Static route-literal search found no reference outside the page file; dynamic navigation is possible, so linkage Needs WD Verification.",src/app/(dashboard)/succession/will/page.tsx; src/app/(dashboard)/layout.tsx; src/app/api/succession/will/route.ts; src/app/api/family/route.ts; src/app/api/google-drive/upload/route.ts; src/app/api/google-drive/download/route.ts; src/lib/services/familyService.ts; src/lib/services/baseService.ts; audit-output/02-database-and-dependencies/FRONTEND_DATABASE_FIELD_MAP.csv; audit-output/01-repository-and-architecture/REPOSITORY_INVENTORY.md; audit-output/01-repository-and-architecture/GOOGLE_AUTH_CODE_FLOW.md; audit-input/01-database-structure/schema.sql; audit-input/01-database-structure/database.types.ts; audit-input/02-existing-team-outputs/2026-07-19_MODULE_CRUD_TRACE.csv; audit-output/03-prd-traceability/PRD_IMPLEMENTATION_TRACEABILITY.csv,Strong Evidence,Yes,Prior module-level assessment: Functional module absent from official module config. This rebuilt row is route-level and does not treat prior Confirmed labels as human verification.
Vault / Nidhi Vault,Duplicate / Old Version,/vault,src/app/(dashboard)/vault/page.tsx,src/app/(dashboard)/layout.tsx,FileUploader,VaultPage; CreditCard,FileUploader (src/components/vault/FileUploader.tsx); PageGuide (src/components/ui/PageGuide.tsx); VideoTutorialPlaceholder (src/components/ui/VideoTutorialPlaceholder.tsx); ToastProvider (src/components/providers/ToastProvider.tsx),None found in traced files,src/components/providers/ToastProvider.tsx; src/components/providers/AuthProvider.tsx,/api/family -> src/app/api/family/route.ts; /api/google-drive/upload -> src/app/api/google-drive/upload/route.ts; /api/google-drive/download -> src/app/api/google-drive/download/route.ts,src/lib/services/familyService.ts; src/lib/services/baseService.ts,src/lib/supabase/client.ts; src/lib/supabase/server.ts,src/lib/supabase/client.ts: @supabase/ssr Supabase project createBrowserClient; src/lib/supabase/server.ts: @supabase/ssr Supabase project createServerClient; src/lib/middleware/auth.middleware.ts: supabase.auth Supabase Auth getUser; src/components/vault/FileUploader.tsx: supabase.auth Supabase Auth getUser; src/components/vault/FileUploader.tsx: supabase.storage Dynamic bucket from folder prop .from(folder).upload; getPublicUrl; src/app/api/google-drive/upload/route.ts: supabase.auth Supabase Auth getSession; src/app/api/google-drive/download/route.ts: supabase.auth Supabase Auth getSession,users; family_members,Needs WD Verification - no direct field-map row found in traced files,src/lib/localVaultEngine.ts,None found in traced files,None found in traced files,Yes,Probable,Probable,Yes - src/app/(dashboard)/layout.tsx and src/lib/supabase/middleware.ts,src/components/vault/FileUploader.tsx; src/components/ui/PageGuide.tsx; src/components/ui/VideoTutorialPlaceholder.tsx; src/components/providers/ToastProvider.tsx; src/components/layouts/DashboardLayout.tsx; src/components/layouts/BottomNav.tsx; src/components/shared/AlertToast.tsx; src/components/shared/GlobalTopRightMenu.tsx; src/components/shared/AuthSync.tsx; src/components/layouts/DesktopSidebar.tsx; src/components/layouts/DesktopRightPanel.tsx; src/components/ui/UserAvatar.tsx; +1 more,All upload-capable modules,Overlaps configured Granthagaar document-vault implementation; authoritative path needs WD verification.,src/app/(dashboard)/vault/page.tsx; src/app/(dashboard)/layout.tsx; src/app/api/family/route.ts; src/app/api/google-drive/upload/route.ts; src/app/api/google-drive/download/route.ts; src/lib/services/familyService.ts; src/lib/services/baseService.ts; audit-output/02-database-and-dependencies/MODULE_DEPENDENCY_MATRIX.csv; audit-output/01-repository-and-architecture/REPOSITORY_INVENTORY.md; audit-output/01-repository-and-architecture/GOOGLE_AUTH_CODE_FLOW.md; audit-output/01-repository-and-architecture/ARCHITECTURE_AND_COUPLING_RISKS.md; audit-input/01-database-structure/schema.sql; audit-input/01-database-structure/database.types.ts; audit-input/02-existing-team-outputs/2026-07-19_MODULE_CRUD_TRACE.csv; audit-output/03-prd-traceability/PRD_IMPLEMENTATION_TRACEABILITY.csv,Strong Evidence,Yes,Prior module-level assessment: Functional module absent from config and overlapping Granthagaar. This rebuilt row is route-level and does not treat prior Confirmed labels as human verification.
Vyaya / Expenses,Implemented,/vyaya,src/app/(dashboard)/vyaya/page.tsx,src/app/(dashboard)/layout.tsx,formatRupee,VyayaHub; BarChart3; CreditCard,PageGuide (src/components/ui/PageGuide.tsx); VideoTutorialPlaceholder (src/components/ui/VideoTutorialPlaceholder.tsx),src/lib/expenseStore.ts; src/lib/incomeStore.ts,src/components/providers/AuthProvider.tsx,/api/expense-categories -> src/app/api/expense-categories/route.ts; /api/expenses -> src/app/api/expenses/route.ts; /api/expenses/[id] -> src/app/api/expenses/[id]/route.ts; /api/subscriptions -> src/app/api/subscriptions/route.ts; /api/subscriptions/[id] -> src/app/api/subscriptions/[id]/route.ts; /api/budget -> src/app/api/budget/route.ts; /api/income -> src/app/api/income/route.ts; /api/income/[id] -> src/app/api/income/[id]/route.ts,src/lib/services/expenseCategoryService.ts; src/lib/services/expenseService.ts; src/lib/services/subscriptionService.ts; src/lib/services/budgetService.ts; src/lib/services/incomeService.ts; src/lib/services/baseService.ts,src/lib/supabase/server.ts,src/lib/supabase/server.ts: @supabase/ssr Supabase project createServerClient; src/lib/middleware/auth.middleware.ts: supabase.auth Supabase Auth getUser,expense_categories; users; expense_entries; subscriptions; budget_plans; income_streams,Needs WD Verification - no direct field-map row found in traced files,None found in traced files,None found in traced files,None found in traced files,No,Probable,Probable,Yes - src/app/(dashboard)/layout.tsx and src/lib/supabase/middleware.ts,src/components/ui/PageGuide.tsx; src/components/ui/VideoTutorialPlaceholder.tsx; src/components/layouts/DashboardLayout.tsx; src/components/layouts/BottomNav.tsx; src/components/shared/AlertToast.tsx; src/components/shared/GlobalTopRightMenu.tsx; src/components/shared/AuthSync.tsx; src/components/layouts/DesktopSidebar.tsx; src/components/layouts/DesktopRightPanel.tsx; src/components/ui/UserAvatar.tsx; src/components/providers/AuthProvider.tsx,Khate; Foundation family; Rajya; Suchak; Leakage,Parallel Vyaya route/store family overlaps configured /vyaya/entry flow; do not delete without WD decision.,src/app/(dashboard)/vyaya/page.tsx; src/app/(dashboard)/layout.tsx; src/app/api/expense-categories/route.ts; src/app/api/expenses/route.ts; src/app/api/expenses/[id]/route.ts; src/app/api/subscriptions/route.ts; src/app/api/subscriptions/[id]/route.ts; src/app/api/budget/route.ts; src/app/api/income/route.ts; src/app/api/income/[id]/route.ts; src/lib/services/expenseCategoryService.ts; src/lib/services/expenseService.ts; src/lib/services/subscriptionService.ts; src/lib/services/budgetService.ts; src/lib/services/incomeService.ts; src/lib/services/baseService.ts; +10 more,Strong Evidence,Yes,Prior module-level assessment: Implemented with parallel legacy and configured route families. This rebuilt row is route-level and does not treat prior Confirmed labels as human verification.
Vyaya / Expenses,Implemented,/vyaya/add,src/app/(dashboard)/vyaya/add/page.tsx,src/app/(dashboard)/layout.tsx,AddExpensePage; formatRupee,AddExpensePage,VideoTutorialPlaceholder (src/components/ui/VideoTutorialPlaceholder.tsx),src/lib/expenseStore.ts; src/lib/incomeStore.ts,src/components/providers/AuthProvider.tsx,/api/family -> src/app/api/family/route.ts; /api/bank -> src/app/api/bank/route.ts; /api/expense-categories -> src/app/api/expense-categories/route.ts; /api/expenses -> src/app/api/expenses/route.ts; /api/expenses/[id] -> src/app/api/expenses/[id]/route.ts; /api/subscriptions -> src/app/api/subscriptions/route.ts; /api/subscriptions/[id] -> src/app/api/subscriptions/[id]/route.ts; /api/budget -> src/app/api/budget/route.ts; /api/income -> src/app/api/income/route.ts; /api/income/[id] -> src/app/api/income/[id]/route.ts,src/lib/services/familyService.ts; src/lib/services/bankService.ts; src/lib/services/incomeService.ts; src/lib/services/expenseService.ts; src/lib/services/expenseCategoryService.ts; src/lib/services/subscriptionService.ts; src/lib/services/budgetService.ts; src/lib/services/baseService.ts,src/lib/supabase/server.ts,src/lib/supabase/server.ts: @supabase/ssr Supabase project createServerClient; src/lib/middleware/auth.middleware.ts: supabase.auth Supabase Auth getUser,users; cash_wallets; family_members; bank_accounts; income_streams; expense_entries; expense_categories; subscriptions; budget_plans,expense_entries.date; expense_entries.amount; expense_entries.category; expense_entries.mode; expense_entries.accountId; expense_entries.description; expense_entries.isRecurring; expense_entries.frequency,None found in traced files,None found in traced files,None found in traced files,No,Probable,Probable,Yes - src/app/(dashboard)/layout.tsx and src/lib/supabase/middleware.ts,src/components/ui/VideoTutorialPlaceholder.tsx; src/components/layouts/DashboardLayout.tsx; src/components/layouts/BottomNav.tsx; src/components/shared/AlertToast.tsx; src/components/shared/GlobalTopRightMenu.tsx; src/components/shared/AuthSync.tsx; src/components/layouts/DesktopSidebar.tsx; src/components/layouts/DesktopRightPanel.tsx; src/components/ui/UserAvatar.tsx; src/components/providers/AuthProvider.tsx,Khate; Foundation family; Rajya; Suchak; Leakage,Parallel Vyaya route/store family overlaps configured /vyaya/entry flow; do not delete without WD decision.,src/app/(dashboard)/vyaya/add/page.tsx; src/app/(dashboard)/layout.tsx; src/app/api/family/route.ts; src/app/api/bank/route.ts; src/app/api/expense-categories/route.ts; src/app/api/expenses/route.ts; src/app/api/expenses/[id]/route.ts; src/app/api/subscriptions/route.ts; src/app/api/subscriptions/[id]/route.ts; src/app/api/budget/route.ts; src/app/api/income/route.ts; src/app/api/income/[id]/route.ts; src/lib/services/familyService.ts; src/lib/services/bankService.ts; src/lib/services/incomeService.ts; src/lib/services/expenseService.ts; +15 more,Strong Evidence,Yes,Prior module-level assessment: Implemented with parallel legacy and configured route families. This rebuilt row is route-level and does not treat prior Confirmed labels as human verification.
Vyaya / Expenses,Implemented,/vyaya/analytics,src/app/(dashboard)/vyaya/analytics/page.tsx,src/app/(dashboard)/layout.tsx,formatRupee,VyayaAnalyticsPage; CreditCard; PieChart,ToastProvider (src/components/providers/ToastProvider.tsx),src/lib/expenseStore.ts; src/lib/incomeStore.ts,src/components/providers/ToastProvider.tsx; src/components/providers/AuthProvider.tsx,/api/expense-categories -> src/app/api/expense-categories/route.ts; /api/expenses -> src/app/api/expenses/route.ts; /api/expenses/[id] -> src/app/api/expenses/[id]/route.ts; /api/subscriptions -> src/app/api/subscriptions/route.ts; /api/subscriptions/[id] -> src/app/api/subscriptions/[id]/route.ts; /api/budget -> src/app/api/budget/route.ts; /api/income -> src/app/api/income/route.ts; /api/income/[id] -> src/app/api/income/[id]/route.ts,src/lib/services/expenseCategoryService.ts; src/lib/services/expenseService.ts; src/lib/services/subscriptionService.ts; src/lib/services/budgetService.ts; src/lib/services/incomeService.ts; src/lib/services/baseService.ts,src/lib/supabase/server.ts,src/lib/supabase/server.ts: @supabase/ssr Supabase project createServerClient; src/lib/middleware/auth.middleware.ts: supabase.auth Supabase Auth getUser,expense_categories; users; expense_entries; subscriptions; budget_plans; income_streams,Needs WD Verification - no direct field-map row found in traced files,None found in traced files,None found in traced files,src/app/(dashboard)/vyaya/analytics/page.tsx,No,Probable,Probable,Yes - src/app/(dashboard)/layout.tsx and src/lib/supabase/middleware.ts,src/components/providers/ToastProvider.tsx; src/components/layouts/DashboardLayout.tsx; src/components/layouts/BottomNav.tsx; src/components/shared/AlertToast.tsx; src/components/shared/GlobalTopRightMenu.tsx; src/components/shared/AuthSync.tsx; src/components/layouts/DesktopSidebar.tsx; src/components/layouts/DesktopRightPanel.tsx; src/components/ui/UserAvatar.tsx; src/components/providers/AuthProvider.tsx,Khate; Foundation family; Rajya; Suchak; Leakage,"No duplicate/old route risk identified from supplied source; Needs WD Verification before deletion decisions. Static route-literal search found no reference outside the page file; dynamic navigation is possible, so linkage Needs WD Verification.",src/app/(dashboard)/vyaya/analytics/page.tsx; src/app/(dashboard)/layout.tsx; src/app/api/expense-categories/route.ts; src/app/api/expenses/route.ts; src/app/api/expenses/[id]/route.ts; src/app/api/subscriptions/route.ts; src/app/api/subscriptions/[id]/route.ts; src/app/api/budget/route.ts; src/app/api/income/route.ts; src/app/api/income/[id]/route.ts; src/lib/services/expenseCategoryService.ts; src/lib/services/expenseService.ts; src/lib/services/subscriptionService.ts; src/lib/services/budgetService.ts; src/lib/services/incomeService.ts; src/lib/services/baseService.ts; +9 more,Strong Evidence,Yes,Prior module-level assessment: Implemented with parallel legacy and configured route families. This rebuilt row is route-level and does not treat prior Confirmed labels as human verification.
Vyaya / Expenses,Implemented,/vyaya/budget,src/app/(dashboard)/vyaya/budget/page.tsx,src/app/(dashboard)/layout.tsx,formatRupee,BudgetPage,None found in traced files,src/lib/expenseStore.ts; src/lib/incomeStore.ts,src/components/providers/AuthProvider.tsx,/api/expense-categories -> src/app/api/expense-categories/route.ts; /api/expenses -> src/app/api/expenses/route.ts; /api/expenses/[id] -> src/app/api/expenses/[id]/route.ts; /api/subscriptions -> src/app/api/subscriptions/route.ts; /api/subscriptions/[id] -> src/app/api/subscriptions/[id]/route.ts; /api/budget -> src/app/api/budget/route.ts; /api/income -> src/app/api/income/route.ts; /api/income/[id] -> src/app/api/income/[id]/route.ts,src/lib/services/expenseCategoryService.ts; src/lib/services/expenseService.ts; src/lib/services/subscriptionService.ts; src/lib/services/budgetService.ts; src/lib/services/incomeService.ts; src/lib/services/baseService.ts,src/lib/supabase/server.ts,src/lib/supabase/server.ts: @supabase/ssr Supabase project createServerClient; src/lib/middleware/auth.middleware.ts: supabase.auth Supabase Auth getUser,expense_categories; users; expense_entries; subscriptions; budget_plans; income_streams,Needs WD Verification - no direct field-map row found in traced files,None found in traced files,None found in traced files,None found in traced files,No,Probable,Probable,Yes - src/app/(dashboard)/layout.tsx and src/lib/supabase/middleware.ts,src/components/layouts/DashboardLayout.tsx; src/components/layouts/BottomNav.tsx; src/components/shared/AlertToast.tsx; src/components/shared/GlobalTopRightMenu.tsx; src/components/shared/AuthSync.tsx; src/components/layouts/DesktopSidebar.tsx; src/components/layouts/DesktopRightPanel.tsx; src/components/ui/UserAvatar.tsx; src/components/providers/AuthProvider.tsx,Khate; Foundation family; Rajya; Suchak; Leakage,No duplicate/old route risk identified from supplied source; Needs WD Verification before deletion decisions.,src/app/(dashboard)/vyaya/budget/page.tsx; src/app/(dashboard)/layout.tsx; src/app/api/expense-categories/route.ts; src/app/api/expenses/route.ts; src/app/api/expenses/[id]/route.ts; src/app/api/subscriptions/route.ts; src/app/api/subscriptions/[id]/route.ts; src/app/api/budget/route.ts; src/app/api/income/route.ts; src/app/api/income/[id]/route.ts; src/lib/services/expenseCategoryService.ts; src/lib/services/expenseService.ts; src/lib/services/subscriptionService.ts; src/lib/services/budgetService.ts; src/lib/services/incomeService.ts; src/lib/services/baseService.ts; +9 more,Strong Evidence,Yes,Prior module-level assessment: Implemented with parallel legacy and configured route families. This rebuilt row is route-level and does not treat prior Confirmed labels as human verification.
Vyaya / Expenses,Implemented,/vyaya/categories,src/app/(dashboard)/vyaya/categories/page.tsx,src/app/(dashboard)/layout.tsx,formatRupee,CategoriesPage,VideoTutorialPlaceholder (src/components/ui/VideoTutorialPlaceholder.tsx),src/lib/expenseStore.ts; src/lib/incomeStore.ts,src/components/providers/AuthProvider.tsx,/api/expense-categories -> src/app/api/expense-categories/route.ts; /api/expenses -> src/app/api/expenses/route.ts; /api/expenses/[id] -> src/app/api/expenses/[id]/route.ts; /api/subscriptions -> src/app/api/subscriptions/route.ts; /api/subscriptions/[id] -> src/app/api/subscriptions/[id]/route.ts; /api/budget -> src/app/api/budget/route.ts; /api/income -> src/app/api/income/route.ts; /api/income/[id] -> src/app/api/income/[id]/route.ts,src/lib/services/expenseCategoryService.ts; src/lib/services/expenseService.ts; src/lib/services/subscriptionService.ts; src/lib/services/budgetService.ts; src/lib/services/incomeService.ts; src/lib/services/baseService.ts,src/lib/supabase/server.ts,src/lib/supabase/server.ts: @supabase/ssr Supabase project createServerClient; src/lib/middleware/auth.middleware.ts: supabase.auth Supabase Auth getUser,expense_categories; users; expense_entries; subscriptions; budget_plans; income_streams,Needs WD Verification - no direct field-map row found in traced files,None found in traced files,None found in traced files,None found in traced files,No,Probable,Probable,Yes - src/app/(dashboard)/layout.tsx and src/lib/supabase/middleware.ts,src/components/ui/VideoTutorialPlaceholder.tsx; src/components/layouts/DashboardLayout.tsx; src/components/layouts/BottomNav.tsx; src/components/shared/AlertToast.tsx; src/components/shared/GlobalTopRightMenu.tsx; src/components/shared/AuthSync.tsx; src/components/layouts/DesktopSidebar.tsx; src/components/layouts/DesktopRightPanel.tsx; src/components/ui/UserAvatar.tsx; src/components/providers/AuthProvider.tsx,Khate; Foundation family; Rajya; Suchak; Leakage,"No duplicate/old route risk identified from supplied source; Needs WD Verification before deletion decisions. Static route-literal search found no reference outside the page file; dynamic navigation is possible, so linkage Needs WD Verification.",src/app/(dashboard)/vyaya/categories/page.tsx; src/app/(dashboard)/layout.tsx; src/app/api/expense-categories/route.ts; src/app/api/expenses/route.ts; src/app/api/expenses/[id]/route.ts; src/app/api/subscriptions/route.ts; src/app/api/subscriptions/[id]/route.ts; src/app/api/budget/route.ts; src/app/api/income/route.ts; src/app/api/income/[id]/route.ts; src/lib/services/expenseCategoryService.ts; src/lib/services/expenseService.ts; src/lib/services/subscriptionService.ts; src/lib/services/budgetService.ts; src/lib/services/incomeService.ts; src/lib/services/baseService.ts; +9 more,Strong Evidence,Yes,Prior module-level assessment: Implemented with parallel legacy and configured route families. This rebuilt row is route-level and does not treat prior Confirmed labels as human verification.
Vyaya / Expenses,Implemented,/vyaya/entry,src/app/(dashboard)/vyaya/entry/page.tsx,src/app/(dashboard)/layout.tsx,formatRupee,VyayaHub; BarChart3; CreditCard,PageGuide (src/components/shared/PageGuide.tsx); TutorialCard (src/components/tutorials/TutorialCard.tsx),src/lib/stores/expenseStore.ts; src/lib/stores/incomeStore.ts,src/components/providers/AuthProvider.tsx,/api/expenses -> src/app/api/expenses/route.ts; /api/income -> src/app/api/income/route.ts; /api/income/[id] -> src/app/api/income/[id]/route.ts,src/lib/services/expenseService.ts; src/lib/services/incomeService.ts; src/lib/services/baseService.ts,src/lib/supabase/server.ts,src/lib/supabase/server.ts: @supabase/ssr Supabase project createServerClient; src/lib/middleware/auth.middleware.ts: supabase.auth Supabase Auth getUser,expense_entries; users; income_streams,Needs WD Verification - no direct field-map row found in traced files,None found in traced files,None found in traced files,None found in traced files,No,Probable,Probable,Yes - src/app/(dashboard)/layout.tsx and src/lib/supabase/middleware.ts,src/components/shared/PageGuide.tsx; src/components/tutorials/TutorialCard.tsx; src/components/layouts/DashboardLayout.tsx; src/components/layouts/BottomNav.tsx; src/components/shared/AlertToast.tsx; src/components/shared/GlobalTopRightMenu.tsx; src/components/shared/AuthSync.tsx; src/components/layouts/DesktopSidebar.tsx; src/components/layouts/DesktopRightPanel.tsx; src/components/ui/UserAvatar.tsx; src/components/providers/AuthProvider.tsx,Khate; Foundation family; Rajya; Suchak; Leakage,No duplicate/old route risk identified from supplied source; Needs WD Verification before deletion decisions.,src/app/(dashboard)/vyaya/entry/page.tsx; src/app/(dashboard)/layout.tsx; src/app/api/expenses/route.ts; src/app/api/income/route.ts; src/app/api/income/[id]/route.ts; src/lib/services/expenseService.ts; src/lib/services/incomeService.ts; src/lib/services/baseService.ts; audit-output/02-database-and-dependencies/MODULE_DEPENDENCY_MATRIX.csv; audit-output/01-repository-and-architecture/REPOSITORY_INVENTORY.md; audit-output/01-repository-and-architecture/GOOGLE_AUTH_CODE_FLOW.md; audit-input/01-database-structure/schema.sql; audit-input/01-database-structure/database.types.ts; audit-input/02-existing-team-outputs/2026-07-19_MODULE_CRUD_TRACE.csv; audit-input/02-existing-team-outputs/PM_MODULE_INVENTORY.csv; audit-input/02-existing-team-outputs/PM_SCREEN_INVENTORY.csv; +1 more,Strong Evidence,Yes,Prior module-level assessment: Implemented with parallel legacy and configured route families. This rebuilt row is route-level and does not treat prior Confirmed labels as human verification.
Vyaya / Expenses,Implemented,/vyaya/entry/add,src/app/(dashboard)/vyaya/entry/add/page.tsx,src/app/(dashboard)/layout.tsx,AddExpensePage; formatRupee,AddExpensePage,TutorialCard (src/components/tutorials/TutorialCard.tsx),src/lib/stores/expenseStore.ts; src/lib/stores/incomeStore.ts,src/components/providers/AuthProvider.tsx,/api/family -> src/app/api/family/route.ts; /api/expenses -> src/app/api/expenses/route.ts; /api/income -> src/app/api/income/route.ts; /api/income/[id] -> src/app/api/income/[id]/route.ts,src/lib/services/familyService.ts; src/lib/services/expenseService.ts; src/lib/services/incomeService.ts; src/lib/services/baseService.ts,src/lib/supabase/server.ts,src/lib/supabase/server.ts: @supabase/ssr Supabase project createServerClient; src/lib/middleware/auth.middleware.ts: supabase.auth Supabase Auth getUser,users; family_members; expense_entries; income_streams,Needs WD Verification - no direct field-map row found in traced files,None found in traced files,None found in traced files,None found in traced files,No,Probable,Probable,Yes - src/app/(dashboard)/layout.tsx and src/lib/supabase/middleware.ts,src/components/tutorials/TutorialCard.tsx; src/components/layouts/DashboardLayout.tsx; src/components/layouts/BottomNav.tsx; src/components/shared/AlertToast.tsx; src/components/shared/GlobalTopRightMenu.tsx; src/components/shared/AuthSync.tsx; src/components/layouts/DesktopSidebar.tsx; src/components/layouts/DesktopRightPanel.tsx; src/components/ui/UserAvatar.tsx; src/components/providers/AuthProvider.tsx,Khate; Foundation family; Rajya; Suchak; Leakage,"No duplicate/old route risk identified from supplied source; Needs WD Verification before deletion decisions. Static route-literal search found no reference outside the page file; dynamic navigation is possible, so linkage Needs WD Verification.",src/app/(dashboard)/vyaya/entry/add/page.tsx; src/app/(dashboard)/layout.tsx; src/app/api/family/route.ts; src/app/api/expenses/route.ts; src/app/api/income/route.ts; src/app/api/income/[id]/route.ts; src/lib/services/familyService.ts; src/lib/services/expenseService.ts; src/lib/services/incomeService.ts; src/lib/services/baseService.ts; audit-output/02-database-and-dependencies/MODULE_DEPENDENCY_MATRIX.csv; audit-output/01-repository-and-architecture/REPOSITORY_INVENTORY.md; audit-output/01-repository-and-architecture/GOOGLE_AUTH_CODE_FLOW.md; audit-input/01-database-structure/schema.sql; audit-input/01-database-structure/database.types.ts; audit-input/02-existing-team-outputs/2026-07-19_MODULE_CRUD_TRACE.csv; +3 more,Strong Evidence,Yes,Prior module-level assessment: Implemented with parallel legacy and configured route families. This rebuilt row is route-level and does not treat prior Confirmed labels as human verification.
Vyaya / Expenses,Implemented,/vyaya/subscriptions,src/app/(dashboard)/vyaya/subscriptions/page.tsx,src/app/(dashboard)/layout.tsx,formatRupee,SubscriptionsPage; CreditCard,ToastProvider (src/components/providers/ToastProvider.tsx),src/lib/expenseStore.ts; src/lib/incomeStore.ts,src/components/providers/ToastProvider.tsx; src/components/providers/AuthProvider.tsx,/api/expense-categories -> src/app/api/expense-categories/route.ts; /api/expenses -> src/app/api/expenses/route.ts; /api/expenses/[id] -> src/app/api/expenses/[id]/route.ts; /api/subscriptions -> src/app/api/subscriptions/route.ts; /api/subscriptions/[id] -> src/app/api/subscriptions/[id]/route.ts; /api/budget -> src/app/api/budget/route.ts; /api/income -> src/app/api/income/route.ts; /api/income/[id] -> src/app/api/income/[id]/route.ts,src/lib/services/expenseCategoryService.ts; src/lib/services/expenseService.ts; src/lib/services/subscriptionService.ts; src/lib/services/budgetService.ts; src/lib/services/incomeService.ts; src/lib/services/baseService.ts,src/lib/supabase/server.ts,src/lib/supabase/server.ts: @supabase/ssr Supabase project createServerClient; src/lib/middleware/auth.middleware.ts: supabase.auth Supabase Auth getUser,expense_categories; users; expense_entries; subscriptions; budget_plans; income_streams,Needs WD Verification - no direct field-map row found in traced files,None found in traced files,None found in traced files,None found in traced files,No,Probable,Probable,Yes - src/app/(dashboard)/layout.tsx and src/lib/supabase/middleware.ts,src/components/providers/ToastProvider.tsx; src/components/layouts/DashboardLayout.tsx; src/components/layouts/BottomNav.tsx; src/components/shared/AlertToast.tsx; src/components/shared/GlobalTopRightMenu.tsx; src/components/shared/AuthSync.tsx; src/components/layouts/DesktopSidebar.tsx; src/components/layouts/DesktopRightPanel.tsx; src/components/ui/UserAvatar.tsx; src/components/providers/AuthProvider.tsx,Khate; Foundation family; Rajya; Suchak; Leakage,No duplicate/old route risk identified from supplied source; Needs WD Verification before deletion decisions.,src/app/(dashboard)/vyaya/subscriptions/page.tsx; src/app/(dashboard)/layout.tsx; src/app/api/expense-categories/route.ts; src/app/api/expenses/route.ts; src/app/api/expenses/[id]/route.ts; src/app/api/subscriptions/route.ts; src/app/api/subscriptions/[id]/route.ts; src/app/api/budget/route.ts; src/app/api/income/route.ts; src/app/api/income/[id]/route.ts; src/lib/services/expenseCategoryService.ts; src/lib/services/expenseService.ts; src/lib/services/subscriptionService.ts; src/lib/services/budgetService.ts; src/lib/services/incomeService.ts; src/lib/services/baseService.ts; +9 more,Strong Evidence,Yes,Prior module-level assessment: Implemented with parallel legacy and configured route families. This rebuilt row is route-level and does not treat prior Confirmed labels as human verification.
Vyaya / Expenses,Implemented,/vyaya/subscriptions/add,src/app/(dashboard)/vyaya/subscriptions/add/page.tsx,src/app/(dashboard)/layout.tsx,AddSubscriptionPage,AddSubscriptionPage,ToastProvider (src/components/providers/ToastProvider.tsx),src/lib/expenseStore.ts; src/lib/incomeStore.ts,src/components/providers/ToastProvider.tsx; src/components/providers/AuthProvider.tsx,/api/expense-categories -> src/app/api/expense-categories/route.ts; /api/expenses -> src/app/api/expenses/route.ts; /api/expenses/[id] -> src/app/api/expenses/[id]/route.ts; /api/subscriptions -> src/app/api/subscriptions/route.ts; /api/subscriptions/[id] -> src/app/api/subscriptions/[id]/route.ts; /api/budget -> src/app/api/budget/route.ts; /api/income -> src/app/api/income/route.ts; /api/income/[id] -> src/app/api/income/[id]/route.ts,src/lib/services/expenseCategoryService.ts; src/lib/services/expenseService.ts; src/lib/services/subscriptionService.ts; src/lib/services/budgetService.ts; src/lib/services/incomeService.ts; src/lib/services/baseService.ts,src/lib/supabase/server.ts,src/lib/supabase/server.ts: @supabase/ssr Supabase project createServerClient; src/lib/middleware/auth.middleware.ts: supabase.auth Supabase Auth getUser,expense_categories; users; expense_entries; subscriptions; budget_plans; income_streams,Needs WD Verification - no direct field-map row found in traced files,None found in traced files,None found in traced files,None found in traced files,No,Probable,Probable,Yes - src/app/(dashboard)/layout.tsx and src/lib/supabase/middleware.ts,src/components/providers/ToastProvider.tsx; src/components/layouts/DashboardLayout.tsx; src/components/layouts/BottomNav.tsx; src/components/shared/AlertToast.tsx; src/components/shared/GlobalTopRightMenu.tsx; src/components/shared/AuthSync.tsx; src/components/layouts/DesktopSidebar.tsx; src/components/layouts/DesktopRightPanel.tsx; src/components/ui/UserAvatar.tsx; src/components/providers/AuthProvider.tsx,Khate; Foundation family; Rajya; Suchak; Leakage,"No duplicate/old route risk identified from supplied source; Needs WD Verification before deletion decisions. Static route-literal search found no reference outside the page file; dynamic navigation is possible, so linkage Needs WD Verification.",src/app/(dashboard)/vyaya/subscriptions/add/page.tsx; src/app/(dashboard)/layout.tsx; src/app/api/expense-categories/route.ts; src/app/api/expenses/route.ts; src/app/api/expenses/[id]/route.ts; src/app/api/subscriptions/route.ts; src/app/api/subscriptions/[id]/route.ts; src/app/api/budget/route.ts; src/app/api/income/route.ts; src/app/api/income/[id]/route.ts; src/lib/services/expenseCategoryService.ts; src/lib/services/expenseService.ts; src/lib/services/subscriptionService.ts; src/lib/services/budgetService.ts; src/lib/services/incomeService.ts; src/lib/services/baseService.ts; +9 more,Strong Evidence,Yes,Prior module-level assessment: Implemented with parallel legacy and configured route families. This rebuilt row is route-level and does not treat prior Confirmed labels as human verification.
