Route,Route Group,Page File,Layout File,Default Component,Module Association,Direct Local Imports,Transitive Source Files,API Route Literals,Matched API Route Files,Hooks / Stores / Contexts,Services,Database Tables,Fields Read / Written,Supabase Evidence,Form Evidence,Display Evidence,Navigation Reference Count,Module Status,Duplicate / Old Risk,Confidence,Needs WD Verification,Evidence
/,(landing),src/app/(landing)/page.tsx,src/app/(landing)/layout.tsx,LandingPage,Public Website / Landing,src/components/landing/ui/Button.tsx; src/components/landing/ui/Card.tsx; src/components/landing/ui/Badge.tsx; src/components/landing/ui/ProgressRing.tsx; src/components/landing/ZoneFloatingGrid.tsx; src/context/landing/LanguageContext.tsx; src/components/landing/Navbar.tsx; src/components/landing/Footer.tsx,src/app/(landing)/page.tsx; src/components/landing/ui/Button.tsx; src/components/landing/ui/Card.tsx; src/components/landing/ui/Badge.tsx; src/components/landing/ui/ProgressRing.tsx; src/components/landing/ZoneFloatingGrid.tsx; src/context/landing/LanguageContext.tsx; src/components/landing/Navbar.tsx; src/components/landing/Footer.tsx; src/lib/landing/cn.ts,None found in traced files,None found in traced files,src/context/landing/LanguageContext.tsx,None found in traced files,Needs WD Verification - no direct table evidence found for this route,Needs WD Verification - no direct field-map row found in traced files,None found in traced files,No distinct form component found in this route,LandingPage; CreditCard; Card; Badge,248,Implemented,No duplicate/old route risk identified from supplied source; Needs WD Verification before deletion decisions.,Probable,Yes,src/app/(landing)/page.tsx; src/app/(landing)/layout.tsx; audit-output/01-repository-and-architecture/REPOSITORY_INVENTORY.md; audit-output/03-prd-traceability/PRD_IMPLEMENTATION_TRACEABILITY.csv
/about,(landing),src/app/(landing)/about/page.tsx,src/app/(landing)/layout.tsx,AboutPage,Public Website / Landing,src/components/landing/Navbar.tsx; src/components/landing/Footer.tsx,src/app/(landing)/about/page.tsx; src/components/landing/Navbar.tsx; src/components/landing/Footer.tsx; src/components/landing/ui/Button.tsx; src/context/landing/LanguageContext.tsx; src/lib/landing/cn.ts,None found in traced files,None found in traced files,src/context/landing/LanguageContext.tsx,None found in traced files,Needs WD Verification - no direct table evidence found for this route,Needs WD Verification - no direct field-map row found in traced files,None found in traced files,No distinct form component found in this route,No distinct display/list component found in this route,3,Implemented,No duplicate/old route risk identified from supplied source; Needs WD Verification before deletion decisions.,Probable,Yes,src/app/(landing)/about/page.tsx; src/app/(landing)/layout.tsx; audit-output/01-repository-and-architecture/REPOSITORY_INVENTORY.md; audit-output/03-prd-traceability/PRD_IMPLEMENTATION_TRACEABILITY.csv
/auth/google/success,ungrouped,src/app/auth/google/success/page.tsx,src/app/layout.tsx,Page,Authentication,None found in traced files,src/app/auth/google/success/page.tsx,None found in traced files,None found in traced files,None found in traced files,None found in traced files,Needs WD Verification - no direct table evidence found for this route,Needs WD Verification - no direct field-map row found in traced files,None found in traced files,No distinct form component found in this route,No distinct display/list component found in this route,0,Implemented,"No duplicate/old route risk identified from supplied source; Needs WD Verification before deletion decisions. Static route-literal search found no reference outside the page file; dynamic navigation is possible, so linkage Needs WD Verification.",Unconfirmed,Yes,src/app/auth/google/success/page.tsx; src/app/layout.tsx; audit-output/01-repository-and-architecture/REPOSITORY_INVENTORY.md; audit-output/01-repository-and-architecture/GOOGLE_AUTH_CODE_FLOW.md; audit-output/03-prd-traceability/PRD_IMPLEMENTATION_TRACEABILITY.csv
/beej,(dashboard),src/app/(dashboard)/beej/page.tsx,src/app/(dashboard)/layout.tsx,BeejPage,Beej / Investments,None found in traced files,src/app/(dashboard)/beej/page.tsx,None found in traced files,None found in traced files,None found in traced files,None found in traced files,investment_holdings (module-level dependency evidence; Needs WD Verification for this route),Needs WD Verification - no direct field-map row found in traced files,None found in traced files,No distinct form component found in this route,No distinct display/list component found in this route,2,Placeholder,No duplicate/old route risk identified from supplied source; Needs WD Verification before deletion decisions.,Probable,Yes,src/app/(dashboard)/beej/page.tsx; src/app/(dashboard)/layout.tsx; audit-output/02-database-and-dependencies/MODULE_DEPENDENCY_MATRIX.csv; audit-output/01-repository-and-architecture/REPOSITORY_INVENTORY.md; audit-output/01-repository-and-architecture/GOOGLE_AUTH_CODE_FLOW.md; audit-input/01-database-structure/schema.sql; audit-input/01-database-structure/database.types.ts; audit-input/02-existing-team-outputs/2026-07-19_MODULE_CRUD_TRACE.csv; audit-output/03-prd-traceability/PRD_IMPLEMENTATION_TRACEABILITY.csv
/bhoomi,(dashboard),src/app/(dashboard)/bhoomi/page.tsx,src/app/(dashboard)/layout.tsx,BhoomiPage,Bhoomi / Property,src/components/ui/ConfirmModal.tsx; src/lib/stores/notificationStore.ts; src/lib/vault.ts; src/components/ui/PageGuide.tsx; src/components/ui/VideoTutorialPlaceholder.tsx,src/app/(dashboard)/bhoomi/page.tsx; src/components/ui/ConfirmModal.tsx; src/lib/stores/notificationStore.ts; src/lib/vault.ts; src/components/ui/PageGuide.tsx; src/components/ui/VideoTutorialPlaceholder.tsx; src/lib/localVaultEngine.ts; src/app/api/bhoomi/properties/route.ts; src/app/api/bhoomi/properties/[id]/route.ts; src/app/api/notifications/route.ts; src/app/api/notifications/[id]/route.ts; src/app/api/notifications/read-all/route.ts; src/app/api/google-drive/upload/route.ts; src/app/api/google-drive/download/route.ts; src/lib/services/bhoomiService.ts; src/lib/middleware/auth.middleware.ts; src/lib/middleware/error.middleware.ts; src/lib/middleware/standardResponse.ts; src/lib/services/notificationService.ts; src/lib/supabase/server.ts; src/lib/googleAuth.ts; src/lib/prisma.ts; src/lib/services/baseService.ts,/api/bhoomi/properties; /api/bhoomi/properties/[id]; /api/notifications; /api/notifications/[id]; /api/notifications/read-all; /api/google-drive/upload; /api/google-drive/download,src/app/api/bhoomi/properties/route.ts; src/app/api/bhoomi/properties/[id]/route.ts; src/app/api/notifications/route.ts; src/app/api/notifications/[id]/route.ts; src/app/api/notifications/read-all/route.ts; src/app/api/google-drive/upload/route.ts; src/app/api/google-drive/download/route.ts,src/lib/stores/notificationStore.ts,src/lib/services/bhoomiService.ts; src/lib/services/notificationService.ts; src/lib/services/baseService.ts,property_assets; users; insurance_policies; notifications; budget_plans; expense_entries; bank_accounts; subscriptions; identity_records; will_status; loan_accounts; goals; income_streams,Needs WD Verification - no direct field-map row found in traced files,src/lib/supabase/server.ts: @supabase/ssr Supabase project createServerClient; src/lib/middleware/auth.middleware.ts: supabase.auth Supabase Auth getUser; src/app/api/google-drive/upload/route.ts: supabase.auth Supabase Auth getSession; src/app/api/google-drive/download/route.ts: supabase.auth Supabase Auth getSession,No distinct form component found in this route,BhoomiPage,6,Partially Implemented,No duplicate/old route risk identified from supplied source; Needs WD Verification before deletion decisions.,Strong Evidence,Yes,src/app/(dashboard)/bhoomi/page.tsx; src/app/(dashboard)/layout.tsx; src/app/api/bhoomi/properties/route.ts; src/app/api/bhoomi/properties/[id]/route.ts; src/app/api/notifications/route.ts; src/app/api/notifications/[id]/route.ts; src/app/api/notifications/read-all/route.ts; src/app/api/google-drive/upload/route.ts; src/app/api/google-drive/download/route.ts; src/lib/services/bhoomiService.ts; src/lib/services/notificationService.ts; src/lib/services/baseService.ts; audit-output/02-database-and-dependencies/MODULE_DEPENDENCY_MATRIX.csv; audit-output/01-repository-and-architecture/REPOSITORY_INVENTORY.md; audit-output/01-repository-and-architecture/GOOGLE_AUTH_CODE_FLOW.md; audit-input/01-database-structure/schema.sql; audit-input/01-database-structure/database.types.ts; audit-input/02-existing-team-outputs/2026-07-19_MODULE_CRUD_TRACE.csv; +3 more
/bhoomi/[id]/edit,(dashboard),src/app/(dashboard)/bhoomi/[id]/edit/page.tsx,src/app/(dashboard)/layout.tsx,EditBhoomiPropertyPage,Bhoomi / Property,src/lib/stores/notificationStore.ts; src/components/vault/FileUploader.tsx,src/app/(dashboard)/bhoomi/[id]/edit/page.tsx; src/lib/stores/notificationStore.ts; src/components/vault/FileUploader.tsx; src/lib/vault.ts; src/lib/cloudDriveSync.ts; src/lib/supabase/client.ts; src/components/providers/ToastProvider.tsx; src/lib/localVaultEngine.ts; src/app/api/bhoomi/properties/route.ts; src/app/api/loans/route.ts; src/app/api/bhoomi/properties/[id]/route.ts; src/app/api/notifications/route.ts; src/app/api/notifications/[id]/route.ts; src/app/api/notifications/read-all/route.ts; src/app/api/family/route.ts; src/app/api/google-drive/upload/route.ts; src/app/api/google-drive/download/route.ts; src/lib/services/bhoomiService.ts; src/lib/middleware/auth.middleware.ts; src/lib/middleware/error.middleware.ts; src/lib/middleware/standardResponse.ts; src/lib/services/loanService.ts; src/lib/services/incomeService.ts; src/lib/services/notificationService.ts; src/lib/services/familyService.ts; src/lib/prisma.ts; src/lib/types/api.types.ts; src/lib/supabase/server.ts; src/lib/googleAuth.ts; src/lib/services/baseService.ts,/api/bhoomi/properties; /api/loans; /api/bhoomi/properties/[id]; /api/notifications; /api/notifications/[id]; /api/notifications/read-all; /api/family; /api/google-drive/upload; /api/google-drive/download,src/app/api/bhoomi/properties/route.ts; src/app/api/loans/route.ts; src/app/api/bhoomi/properties/[id]/route.ts; src/app/api/notifications/route.ts; src/app/api/notifications/[id]/route.ts; src/app/api/notifications/read-all/route.ts; src/app/api/family/route.ts; src/app/api/google-drive/upload/route.ts; src/app/api/google-drive/download/route.ts,src/lib/stores/notificationStore.ts,src/lib/services/bhoomiService.ts; src/lib/services/loanService.ts; src/lib/services/incomeService.ts; src/lib/services/notificationService.ts; src/lib/services/familyService.ts; src/lib/services/baseService.ts,users; property_assets; loan_accounts; income_streams; insurance_policies; notifications; budget_plans; expense_entries; bank_accounts; subscriptions; identity_records; will_status; goals; family_members,Needs WD Verification - no direct field-map row found in traced files,src/lib/supabase/client.ts: @supabase/ssr Supabase project createBrowserClient; src/lib/supabase/server.ts: @supabase/ssr Supabase project createServerClient; src/lib/middleware/auth.middleware.ts: supabase.auth Supabase Auth getUser; src/components/vault/FileUploader.tsx: supabase.auth Supabase Auth getUser; src/components/vault/FileUploader.tsx: supabase.storage Dynamic bucket from folder prop .from(folder).upload; getPublicUrl; src/app/api/google-drive/upload/route.ts: supabase.auth Supabase Auth getSession; src/app/api/google-drive/download/route.ts: supabase.auth Supabase Auth getSession,EditBhoomiPropertyPage; FileUploader,EditBhoomiPropertyPage,0,Partially Implemented,"No duplicate/old route risk identified from supplied source; Needs WD Verification before deletion decisions. Static route-literal search found no reference outside the page file; dynamic navigation is possible, so linkage Needs WD Verification.",Strong Evidence,Yes,src/app/(dashboard)/bhoomi/[id]/edit/page.tsx; src/app/(dashboard)/layout.tsx; src/app/api/bhoomi/properties/route.ts; src/app/api/loans/route.ts; src/app/api/bhoomi/properties/[id]/route.ts; src/app/api/notifications/route.ts; src/app/api/notifications/[id]/route.ts; src/app/api/notifications/read-all/route.ts; src/app/api/family/route.ts; src/app/api/google-drive/upload/route.ts; src/app/api/google-drive/download/route.ts; src/lib/services/bhoomiService.ts; src/lib/services/loanService.ts; src/lib/services/incomeService.ts; src/lib/services/notificationService.ts; src/lib/services/familyService.ts; src/lib/services/baseService.ts; audit-output/02-database-and-dependencies/MODULE_DEPENDENCY_MATRIX.csv; +8 more
/bhoomi/add,(dashboard),src/app/(dashboard)/bhoomi/add/page.tsx,src/app/(dashboard)/layout.tsx,AddBhoomiPropertyPage,Bhoomi / Property,src/components/vault/FileUploader.tsx,src/app/(dashboard)/bhoomi/add/page.tsx; src/components/vault/FileUploader.tsx; src/lib/vault.ts; src/lib/cloudDriveSync.ts; src/lib/supabase/client.ts; src/components/providers/ToastProvider.tsx; src/lib/localVaultEngine.ts; src/app/api/loans/route.ts; src/app/api/bhoomi/properties/route.ts; src/app/api/family/route.ts; src/app/api/google-drive/upload/route.ts; src/app/api/google-drive/download/route.ts; src/lib/services/loanService.ts; src/lib/services/incomeService.ts; src/lib/middleware/auth.middleware.ts; src/lib/middleware/error.middleware.ts; src/lib/middleware/standardResponse.ts; src/lib/services/bhoomiService.ts; src/lib/services/familyService.ts; src/lib/prisma.ts; src/lib/types/api.types.ts; src/lib/supabase/server.ts; src/lib/googleAuth.ts; src/lib/services/baseService.ts,/api/loans; /api/bhoomi/properties; /api/family; /api/google-drive/upload; /api/google-drive/download,src/app/api/loans/route.ts; src/app/api/bhoomi/properties/route.ts; src/app/api/family/route.ts; src/app/api/google-drive/upload/route.ts; src/app/api/google-drive/download/route.ts,None found in traced files,src/lib/services/loanService.ts; src/lib/services/incomeService.ts; src/lib/services/bhoomiService.ts; src/lib/services/familyService.ts; src/lib/services/baseService.ts,users; loan_accounts; income_streams; property_assets; family_members,property_assets.address; property_assets.type; property_assets.ownershipType; property_assets.currentValue; property_assets.purchaseAmount; property_assets.purchaseDate; property_assets.linkedLoanId; property_assets.annualCosts; property_assets.rentalIncome; property_assets.vaultFileIds; property_assets.secretFieldId,src/lib/supabase/client.ts: @supabase/ssr Supabase project createBrowserClient; src/lib/supabase/server.ts: @supabase/ssr Supabase project createServerClient; src/lib/middleware/auth.middleware.ts: supabase.auth Supabase Auth getUser; src/components/vault/FileUploader.tsx: supabase.auth Supabase Auth getUser; src/components/vault/FileUploader.tsx: supabase.storage Dynamic bucket from folder prop .from(folder).upload; getPublicUrl; src/app/api/google-drive/upload/route.ts: supabase.auth Supabase Auth getSession; src/app/api/google-drive/download/route.ts: supabase.auth Supabase Auth getSession,AddBhoomiPropertyPage; FileUploader,AddBhoomiPropertyPage,0,Partially Implemented,"No duplicate/old route risk identified from supplied source; Needs WD Verification before deletion decisions. Static route-literal search found no reference outside the page file; dynamic navigation is possible, so linkage Needs WD Verification.",Strong Evidence,Yes,src/app/(dashboard)/bhoomi/add/page.tsx; src/app/(dashboard)/layout.tsx; src/app/api/loans/route.ts; src/app/api/bhoomi/properties/route.ts; src/app/api/family/route.ts; src/app/api/google-drive/upload/route.ts; src/app/api/google-drive/download/route.ts; src/lib/services/loanService.ts; src/lib/services/incomeService.ts; src/lib/services/bhoomiService.ts; src/lib/services/familyService.ts; src/lib/services/baseService.ts; audit-output/02-database-and-dependencies/FRONTEND_DATABASE_FIELD_MAP.csv; audit-output/02-database-and-dependencies/MODULE_DEPENDENCY_MATRIX.csv; audit-output/01-repository-and-architecture/REPOSITORY_INVENTORY.md; audit-output/01-repository-and-architecture/GOOGLE_AUTH_CODE_FLOW.md; audit-input/01-database-structure/schema.sql; audit-input/01-database-structure/database.types.ts; +4 more
/blog,(landing),src/app/(landing)/blog/page.tsx,src/app/(landing)/layout.tsx,BlogPage,Public Website / Landing,src/components/landing/Navbar.tsx; src/components/landing/Footer.tsx,src/app/(landing)/blog/page.tsx; src/components/landing/Navbar.tsx; src/components/landing/Footer.tsx; src/components/landing/ui/Button.tsx; src/context/landing/LanguageContext.tsx; src/lib/landing/cn.ts,None found in traced files,None found in traced files,src/context/landing/LanguageContext.tsx,None found in traced files,Needs WD Verification - no direct table evidence found for this route,Needs WD Verification - no direct field-map row found in traced files,None found in traced files,No distinct form component found in this route,No distinct display/list component found in this route,2,Implemented,No duplicate/old route risk identified from supplied source; Needs WD Verification before deletion decisions.,Probable,Yes,src/app/(landing)/blog/page.tsx; src/app/(landing)/layout.tsx; audit-output/01-repository-and-architecture/REPOSITORY_INVENTORY.md; audit-output/03-prd-traceability/PRD_IMPLEMENTATION_TRACEABILITY.csv
/careers,(landing),src/app/(landing)/careers/page.tsx,src/app/(landing)/layout.tsx,CareersPage,Public Website / Landing,src/components/landing/Navbar.tsx; src/components/landing/Footer.tsx,src/app/(landing)/careers/page.tsx; src/components/landing/Navbar.tsx; src/components/landing/Footer.tsx; src/components/landing/ui/Button.tsx; src/context/landing/LanguageContext.tsx; src/lib/landing/cn.ts,None found in traced files,None found in traced files,src/context/landing/LanguageContext.tsx,None found in traced files,Needs WD Verification - no direct table evidence found for this route,Needs WD Verification - no direct field-map row found in traced files,None found in traced files,No distinct form component found in this route,No distinct display/list component found in this route,2,Implemented,No duplicate/old route risk identified from supplied source; Needs WD Verification before deletion decisions.,Probable,Yes,src/app/(landing)/careers/page.tsx; src/app/(landing)/layout.tsx; audit-output/01-repository-and-architecture/REPOSITORY_INVENTORY.md; audit-output/03-prd-traceability/PRD_IMPLEMENTATION_TRACEABILITY.csv
/contact,(landing),src/app/(landing)/contact/page.tsx,src/app/(landing)/layout.tsx,ContactPage,Public Website / Landing,src/components/landing/Navbar.tsx; src/components/landing/Footer.tsx,src/app/(landing)/contact/page.tsx; src/components/landing/Navbar.tsx; src/components/landing/Footer.tsx; src/components/landing/ui/Button.tsx; src/context/landing/LanguageContext.tsx; src/lib/landing/cn.ts; src/app/api/contact/route.ts; src/lib/middleware/standardResponse.ts; src/lib/prisma.ts,/api/contact,src/app/api/contact/route.ts,src/context/landing/LanguageContext.tsx,None found in traced files,contact_messages,Needs WD Verification - no direct field-map row found in traced files,None found in traced files,ContactPage,No distinct display/list component found in this route,6,Implemented,No duplicate/old route risk identified from supplied source; Needs WD Verification before deletion decisions.,Strong Evidence,Yes,src/app/(landing)/contact/page.tsx; src/app/(landing)/layout.tsx; src/app/api/contact/route.ts; audit-output/01-repository-and-architecture/REPOSITORY_INVENTORY.md; audit-input/01-database-structure/schema.sql; audit-input/01-database-structure/database.types.ts; audit-output/03-prd-traceability/PRD_IMPLEMENTATION_TRACEABILITY.csv
/customers-reviews,(landing),src/app/(landing)/customers-reviews/page.tsx,src/app/(landing)/layout.tsx,CustomersReviewsPage,Public Website / Landing,src/components/landing/Navbar.tsx; src/components/landing/Footer.tsx,src/app/(landing)/customers-reviews/page.tsx; src/components/landing/Navbar.tsx; src/components/landing/Footer.tsx; src/components/landing/ui/Button.tsx; src/context/landing/LanguageContext.tsx; src/lib/landing/cn.ts,None found in traced files,None found in traced files,src/context/landing/LanguageContext.tsx,None found in traced files,Needs WD Verification - no direct table evidence found for this route,Needs WD Verification - no direct field-map row found in traced files,None found in traced files,No distinct form component found in this route,No distinct display/list component found in this route,1,Implemented,No duplicate/old route risk identified from supplied source; Needs WD Verification before deletion decisions.,Probable,Yes,src/app/(landing)/customers-reviews/page.tsx; src/app/(landing)/layout.tsx; audit-output/01-repository-and-architecture/REPOSITORY_INVENTORY.md; audit-output/03-prd-traceability/PRD_IMPLEMENTATION_TRACEABILITY.csv
/doot,(dashboard),src/app/(dashboard)/doot/page.tsx,src/app/(dashboard)/layout.tsx,NotificationsPage,Doot / Reminders,src/lib/stores/notificationStore.ts,src/app/(dashboard)/doot/page.tsx; src/lib/stores/notificationStore.ts; src/app/api/notifications/route.ts; src/app/api/notifications/[id]/route.ts; src/app/api/notifications/read-all/route.ts; src/lib/services/notificationService.ts; src/lib/middleware/auth.middleware.ts; src/lib/middleware/error.middleware.ts; src/lib/middleware/standardResponse.ts; src/lib/prisma.ts; src/lib/services/baseService.ts; src/lib/supabase/server.ts,/api/notifications; /api/notifications/[id]; /api/notifications/read-all,src/app/api/notifications/route.ts; src/app/api/notifications/[id]/route.ts; src/app/api/notifications/read-all/route.ts,src/lib/stores/notificationStore.ts,src/lib/services/notificationService.ts; src/lib/services/baseService.ts,insurance_policies; notifications; budget_plans; expense_entries; bank_accounts; subscriptions; identity_records; will_status; loan_accounts; goals; users; income_streams,Needs WD Verification - no direct field-map row found in traced files,src/lib/supabase/server.ts: @supabase/ssr Supabase project createServerClient; src/lib/middleware/auth.middleware.ts: supabase.auth Supabase Auth getUser,No distinct form component found in this route,NotificationsPage,2,Partially Implemented,No duplicate/old route risk identified from supplied source; Needs WD Verification before deletion decisions.,Strong Evidence,Yes,src/app/(dashboard)/doot/page.tsx; src/app/(dashboard)/layout.tsx; src/app/api/notifications/route.ts; src/app/api/notifications/[id]/route.ts; src/app/api/notifications/read-all/route.ts; src/lib/services/notificationService.ts; src/lib/services/baseService.ts; audit-output/02-database-and-dependencies/MODULE_DEPENDENCY_MATRIX.csv; audit-output/01-repository-and-architecture/REPOSITORY_INVENTORY.md; audit-output/01-repository-and-architecture/GOOGLE_AUTH_CODE_FLOW.md; audit-input/01-database-structure/schema.sql; audit-input/01-database-structure/database.types.ts; audit-input/02-existing-team-outputs/2026-07-19_MODULE_CRUD_TRACE.csv; audit-output/03-prd-traceability/PRD_IMPLEMENTATION_TRACEABILITY.csv
/dwaar/portals,(dashboard),src/app/(dashboard)/dwaar/portals/page.tsx,src/app/(dashboard)/layout.tsx,KeyChamberHub,Kunji / Dwaar Credentials,src/lib/credentialStore.ts; src/lib/identityStore.ts; src/components/credentials/KeyStabilityMeter.tsx; src/components/credentials/PortalCard.tsx; src/components/credentials/MasterPassphraseModal.tsx; src/components/ui/VideoTutorialPlaceholder.tsx; src/components/ui/PageGuide.tsx,src/app/(dashboard)/dwaar/portals/page.tsx; src/lib/credentialStore.ts; src/lib/identityStore.ts; src/components/credentials/KeyStabilityMeter.tsx; src/components/credentials/PortalCard.tsx; src/components/credentials/MasterPassphraseModal.tsx; src/components/ui/VideoTutorialPlaceholder.tsx; src/components/ui/PageGuide.tsx; src/lib/onboardingStore.ts; src/lib/contactValidation.ts; src/lib/crypto.ts; src/app/api/credentials/route.ts; src/app/api/credentials/[id]/route.ts; src/app/api/identity/route.ts; src/app/api/profile/route.ts; src/app/api/family/route.ts; src/lib/services/credentialService.ts; src/lib/middleware/auth.middleware.ts; src/lib/middleware/error.middleware.ts; src/lib/middleware/standardResponse.ts; src/lib/types/api.types.ts; src/lib/services/identityService.ts; src/lib/prisma.ts; src/lib/supabase/server.ts; src/lib/services/userService.ts; src/lib/services/familyService.ts; src/lib/services/baseService.ts,/api/credentials; /api/credentials/[id]; /api/identity; /api/profile; /api/family,src/app/api/credentials/route.ts; src/app/api/credentials/[id]/route.ts; src/app/api/identity/route.ts; src/app/api/profile/route.ts; src/app/api/family/route.ts,src/lib/credentialStore.ts; src/lib/identityStore.ts; src/lib/onboardingStore.ts,src/lib/services/credentialService.ts; src/lib/services/identityService.ts; src/lib/services/userService.ts; src/lib/services/familyService.ts; src/lib/services/baseService.ts,document_meta; users; credential_records; identity_records; family_members,Needs WD Verification - no direct field-map row found in traced files,src/lib/supabase/server.ts: @supabase/ssr Supabase project createServerClient; src/lib/middleware/auth.middleware.ts: supabase.auth Supabase Auth getUser; src/app/api/profile/route.ts: supabase.auth Supabase Auth updateUser; src/lib/services/userService.ts: supabaseAdmin.auth.admin Supabase Auth admin getUserById; updateUserById; deleteUser,No distinct form component found in this route,KeyChamberHub; KeyStabilityMeter; PortalCard,4,Implemented,No duplicate/old route risk identified from supplied source; Needs WD Verification before deletion decisions.,Strong Evidence,Yes,src/app/(dashboard)/dwaar/portals/page.tsx; src/app/(dashboard)/layout.tsx; src/app/api/credentials/route.ts; src/app/api/credentials/[id]/route.ts; src/app/api/identity/route.ts; src/app/api/profile/route.ts; src/app/api/family/route.ts; src/lib/services/credentialService.ts; src/lib/services/identityService.ts; src/lib/services/userService.ts; src/lib/services/familyService.ts; src/lib/services/baseService.ts; audit-output/02-database-and-dependencies/MODULE_DEPENDENCY_MATRIX.csv; audit-output/01-repository-and-architecture/REPOSITORY_INVENTORY.md; audit-output/01-repository-and-architecture/GOOGLE_AUTH_CODE_FLOW.md; audit-input/01-database-structure/schema.sql; audit-input/01-database-structure/database.types.ts; audit-input/02-existing-team-outputs/2026-07-19_MODULE_CRUD_TRACE.csv; +3 more
/dwaar/portals/access,(dashboard),src/app/(dashboard)/dwaar/portals/access/page.tsx,src/app/(dashboard)/layout.tsx,AccessOverviewPage,Kunji / Dwaar Credentials,src/lib/credentialStore.ts; src/lib/identityStore.ts,src/app/(dashboard)/dwaar/portals/access/page.tsx; src/lib/credentialStore.ts; src/lib/identityStore.ts; src/lib/onboardingStore.ts; src/lib/contactValidation.ts; src/app/api/profile/route.ts; src/app/api/credentials/route.ts; src/app/api/credentials/[id]/route.ts; src/app/api/identity/route.ts; src/app/api/family/route.ts; src/lib/supabase/server.ts; src/lib/services/userService.ts; src/lib/prisma.ts; src/lib/middleware/auth.middleware.ts; src/lib/middleware/error.middleware.ts; src/lib/middleware/standardResponse.ts; src/lib/types/api.types.ts; src/lib/services/credentialService.ts; src/lib/services/identityService.ts; src/lib/services/familyService.ts; src/lib/services/baseService.ts,/api/profile; /api/credentials; /api/credentials/[id]; /api/identity; /api/family,src/app/api/profile/route.ts; src/app/api/credentials/route.ts; src/app/api/credentials/[id]/route.ts; src/app/api/identity/route.ts; src/app/api/family/route.ts,src/lib/credentialStore.ts; src/lib/identityStore.ts; src/lib/onboardingStore.ts,src/lib/services/userService.ts; src/lib/services/credentialService.ts; src/lib/services/identityService.ts; src/lib/services/familyService.ts; src/lib/services/baseService.ts,document_meta; users; credential_records; identity_records; family_members,Needs WD Verification - no direct field-map row found in traced files,src/lib/supabase/server.ts: @supabase/ssr Supabase project createServerClient; src/lib/middleware/auth.middleware.ts: supabase.auth Supabase Auth getUser; src/app/api/profile/route.ts: supabase.auth Supabase Auth updateUser; src/lib/services/userService.ts: supabaseAdmin.auth.admin Supabase Auth admin getUserById; updateUserById; deleteUser,No distinct form component found in this route,AccessOverviewPage,1,Implemented,No duplicate/old route risk identified from supplied source; Needs WD Verification before deletion decisions.,Strong Evidence,Yes,src/app/(dashboard)/dwaar/portals/access/page.tsx; src/app/(dashboard)/layout.tsx; src/app/api/profile/route.ts; src/app/api/credentials/route.ts; src/app/api/credentials/[id]/route.ts; src/app/api/identity/route.ts; src/app/api/family/route.ts; src/lib/services/userService.ts; src/lib/services/credentialService.ts; src/lib/services/identityService.ts; src/lib/services/familyService.ts; src/lib/services/baseService.ts; audit-output/02-database-and-dependencies/MODULE_DEPENDENCY_MATRIX.csv; audit-output/01-repository-and-architecture/REPOSITORY_INVENTORY.md; audit-output/01-repository-and-architecture/GOOGLE_AUTH_CODE_FLOW.md; audit-input/01-database-structure/schema.sql; audit-input/01-database-structure/database.types.ts; audit-input/02-existing-team-outputs/2026-07-19_MODULE_CRUD_TRACE.csv; +3 more
/dwaar/portals/add,(dashboard),src/app/(dashboard)/dwaar/portals/add/page.tsx,src/app/(dashboard)/layout.tsx,AddPortalPage,Kunji / Dwaar Credentials,src/lib/credentialStore.ts; src/lib/identityStore.ts; src/lib/onboardingStore.ts; src/components/credentials/MasterPassphraseModal.tsx; src/components/ui/VideoTutorialPlaceholder.tsx; src/lib/contactValidation.ts; src/lib/crypto.ts,src/app/(dashboard)/dwaar/portals/add/page.tsx; src/lib/credentialStore.ts; src/lib/identityStore.ts; src/lib/onboardingStore.ts; src/components/credentials/MasterPassphraseModal.tsx; src/components/ui/VideoTutorialPlaceholder.tsx; src/lib/contactValidation.ts; src/lib/crypto.ts; src/app/api/profile/route.ts; src/app/api/credentials/route.ts; src/app/api/credentials/[id]/route.ts; src/app/api/identity/route.ts; src/app/api/family/route.ts; src/lib/supabase/server.ts; src/lib/services/userService.ts; src/lib/prisma.ts; src/lib/middleware/auth.middleware.ts; src/lib/middleware/error.middleware.ts; src/lib/middleware/standardResponse.ts; src/lib/types/api.types.ts; src/lib/services/credentialService.ts; src/lib/services/identityService.ts; src/lib/services/familyService.ts; src/lib/services/baseService.ts,/api/profile; /api/credentials; /api/credentials/[id]; /api/identity; /api/family,src/app/api/profile/route.ts; src/app/api/credentials/route.ts; src/app/api/credentials/[id]/route.ts; src/app/api/identity/route.ts; src/app/api/family/route.ts,src/lib/credentialStore.ts; src/lib/identityStore.ts; src/lib/onboardingStore.ts,src/lib/services/userService.ts; src/lib/services/credentialService.ts; src/lib/services/identityService.ts; src/lib/services/familyService.ts; src/lib/services/baseService.ts,document_meta; users; credential_records; identity_records; family_members; Not persisted to supplied database by this screen,Not persisted to supplied database by this screen.Not mapped,src/lib/supabase/server.ts: @supabase/ssr Supabase project createServerClient; src/lib/middleware/auth.middleware.ts: supabase.auth Supabase Auth getUser; src/app/api/profile/route.ts: supabase.auth Supabase Auth updateUser; src/lib/services/userService.ts: supabaseAdmin.auth.admin Supabase Auth admin getUserById; updateUserById; deleteUser,AddPortalPage,AddPortalPage; OnboardingStore,0,Implemented,"No duplicate/old route risk identified from supplied source; Needs WD Verification before deletion decisions. Static route-literal search found no reference outside the page file; dynamic navigation is possible, so linkage Needs WD Verification.",Strong Evidence,Yes,src/app/(dashboard)/dwaar/portals/add/page.tsx; src/app/(dashboard)/layout.tsx; src/app/api/profile/route.ts; src/app/api/credentials/route.ts; src/app/api/credentials/[id]/route.ts; src/app/api/identity/route.ts; src/app/api/family/route.ts; src/lib/services/userService.ts; src/lib/services/credentialService.ts; src/lib/services/identityService.ts; src/lib/services/familyService.ts; src/lib/services/baseService.ts; audit-output/02-database-and-dependencies/FRONTEND_DATABASE_FIELD_MAP.csv; audit-output/02-database-and-dependencies/MODULE_DEPENDENCY_MATRIX.csv; audit-output/01-repository-and-architecture/REPOSITORY_INVENTORY.md; audit-output/01-repository-and-architecture/GOOGLE_AUTH_CODE_FLOW.md; audit-input/01-database-structure/schema.sql; audit-input/01-database-structure/database.types.ts; +4 more
/dwaar/portals/portal/[id],(dashboard),src/app/(dashboard)/dwaar/portals/portal/[id]/page.tsx,src/app/(dashboard)/layout.tsx,PortalDetailPage,Kunji / Dwaar Credentials,src/lib/credentialStore.ts; src/lib/identityStore.ts; src/components/credentials/MasterPassphraseModal.tsx,src/app/(dashboard)/dwaar/portals/portal/[id]/page.tsx; src/lib/credentialStore.ts; src/lib/identityStore.ts; src/components/credentials/MasterPassphraseModal.tsx; src/lib/onboardingStore.ts; src/lib/contactValidation.ts; src/lib/crypto.ts; src/app/api/profile/route.ts; src/app/api/credentials/route.ts; src/app/api/credentials/[id]/route.ts; src/app/api/identity/route.ts; src/app/api/family/route.ts; src/lib/supabase/server.ts; src/lib/services/userService.ts; src/lib/prisma.ts; src/lib/middleware/auth.middleware.ts; src/lib/middleware/error.middleware.ts; src/lib/middleware/standardResponse.ts; src/lib/types/api.types.ts; src/lib/services/credentialService.ts; src/lib/services/identityService.ts; src/lib/services/familyService.ts; src/lib/services/baseService.ts,/api/profile; /api/credentials; /api/credentials/[id]; /api/identity; /api/family,src/app/api/profile/route.ts; src/app/api/credentials/route.ts; src/app/api/credentials/[id]/route.ts; src/app/api/identity/route.ts; src/app/api/family/route.ts,src/lib/credentialStore.ts; src/lib/identityStore.ts; src/lib/onboardingStore.ts,src/lib/services/userService.ts; src/lib/services/credentialService.ts; src/lib/services/identityService.ts; src/lib/services/familyService.ts; src/lib/services/baseService.ts,document_meta; users; credential_records; identity_records; family_members,Needs WD Verification - no direct field-map row found in traced files,src/lib/supabase/server.ts: @supabase/ssr Supabase project createServerClient; src/lib/middleware/auth.middleware.ts: supabase.auth Supabase Auth getUser; src/app/api/profile/route.ts: supabase.auth Supabase Auth updateUser; src/lib/services/userService.ts: supabaseAdmin.auth.admin Supabase Auth admin getUserById; updateUserById; deleteUser,No distinct form component found in this route,No distinct display/list component found in this route,0,Implemented,"No duplicate/old route risk identified from supplied source; Needs WD Verification before deletion decisions. Static route-literal search found no reference outside the page file; dynamic navigation is possible, so linkage Needs WD Verification.",Strong Evidence,Yes,src/app/(dashboard)/dwaar/portals/portal/[id]/page.tsx; src/app/(dashboard)/layout.tsx; src/app/api/profile/route.ts; src/app/api/credentials/route.ts; src/app/api/credentials/[id]/route.ts; src/app/api/identity/route.ts; src/app/api/family/route.ts; src/lib/services/userService.ts; src/lib/services/credentialService.ts; src/lib/services/identityService.ts; src/lib/services/familyService.ts; src/lib/services/baseService.ts; audit-output/02-database-and-dependencies/MODULE_DEPENDENCY_MATRIX.csv; audit-output/01-repository-and-architecture/REPOSITORY_INVENTORY.md; audit-output/01-repository-and-architecture/GOOGLE_AUTH_CODE_FLOW.md; audit-input/01-database-structure/schema.sql; audit-input/01-database-structure/database.types.ts; audit-input/02-existing-team-outputs/2026-07-19_MODULE_CRUD_TRACE.csv; +3 more
/features,(landing),src/app/(landing)/features/page.tsx,src/app/(landing)/layout.tsx,FeaturesPage,Public Website / Landing,None found in traced files,src/app/(landing)/features/page.tsx,None found in traced files,None found in traced files,None found in traced files,None found in traced files,Needs WD Verification - no direct table evidence found for this route,Needs WD Verification - no direct field-map row found in traced files,None found in traced files,No distinct form component found in this route,No distinct display/list component found in this route,2,Implemented,No duplicate/old route risk identified from supplied source; Needs WD Verification before deletion decisions.,Unconfirmed,Yes,src/app/(landing)/features/page.tsx; src/app/(landing)/layout.tsx; audit-output/01-repository-and-architecture/REPOSITORY_INVENTORY.md; audit-output/03-prd-traceability/PRD_IMPLEMENTATION_TRACEABILITY.csv
/forget-password,(landing),src/app/(landing)/forget-password/page.tsx,src/app/(landing)/layout.tsx,ForgotPasswordPage,Public Website / Landing,src/lib/supabase/client.ts; src/components/landing/Navbar.tsx; src/components/landing/Footer.tsx,src/app/(landing)/forget-password/page.tsx; src/lib/supabase/client.ts; src/components/landing/Navbar.tsx; src/components/landing/Footer.tsx; src/components/landing/ui/Button.tsx; src/context/landing/LanguageContext.tsx; src/lib/landing/cn.ts,None found in traced files,None found in traced files,src/context/landing/LanguageContext.tsx,None found in traced files,Needs WD Verification - no direct table evidence found for this route,Needs WD Verification - no direct field-map row found in traced files,src/lib/supabase/client.ts: @supabase/ssr Supabase project createBrowserClient; src/app/(landing)/forget-password/page.tsx: supabase.auth Supabase Auth resetPasswordForEmail,ForgotPasswordPage,No distinct display/list component found in this route,1,Implemented,No duplicate/old route risk identified from supplied source; Needs WD Verification before deletion decisions.,Probable,Yes,src/app/(landing)/forget-password/page.tsx; src/app/(landing)/layout.tsx; audit-output/01-repository-and-architecture/REPOSITORY_INVENTORY.md; audit-output/03-prd-traceability/PRD_IMPLEMENTATION_TRACEABILITY.csv
/foundation,(dashboard),src/app/(dashboard)/foundation/page.tsx,src/app/(dashboard)/layout.tsx,FoundationHub,Sthapana / Foundation,src/lib/stores/onboardingStore.ts; src/lib/supabase/client.ts; src/components/providers/ToastProvider.tsx; src/components/providers/AuthProvider.tsx; src/components/ui/PageGuide.tsx; src/components/ui/VideoTutorialPlaceholder.tsx,src/app/(dashboard)/foundation/page.tsx; src/lib/stores/onboardingStore.ts; src/lib/supabase/client.ts; src/components/providers/ToastProvider.tsx; src/components/providers/AuthProvider.tsx; src/components/ui/PageGuide.tsx; src/components/ui/VideoTutorialPlaceholder.tsx; src/app/api/profile/route.ts; src/app/api/family/route.ts; src/lib/supabase/server.ts; src/lib/services/userService.ts; src/lib/prisma.ts; src/lib/middleware/auth.middleware.ts; src/lib/middleware/error.middleware.ts; src/lib/middleware/standardResponse.ts; src/lib/types/api.types.ts; src/lib/services/familyService.ts; src/lib/services/baseService.ts,/api/profile; /api/family,src/app/api/profile/route.ts; src/app/api/family/route.ts,src/lib/stores/onboardingStore.ts,src/lib/services/userService.ts; src/lib/services/familyService.ts; src/lib/services/baseService.ts,users; family_members,Needs WD Verification - no direct field-map row found in traced files,src/lib/supabase/client.ts: @supabase/ssr Supabase project createBrowserClient; src/lib/supabase/server.ts: @supabase/ssr Supabase project createServerClient; src/lib/middleware/auth.middleware.ts: supabase.auth Supabase Auth getUser; src/components/providers/AuthProvider.tsx: supabase.auth Supabase Auth getSession; onAuthStateChange; signOut; src/app/(dashboard)/foundation/page.tsx: supabase.auth Supabase Auth getUser; updateUser; src/app/(dashboard)/foundation/page.tsx: supabase.storage Supabase Storage bucket profile-photos .from(\profile-photos\).upload; getPublicUrl; remove; src/app/api/profile/route.ts: supabase.auth Supabase Auth updateUser; src/lib/services/userService.ts: supabaseAdmin.auth.admin Supabase Auth admin getUserById; updateUserById; deleteUser,No distinct form component found in this route,FoundationHub; OnboardingStore,7,Implemented,No duplicate/old route risk identified from supplied source; Needs WD Verification before deletion decisions.,Strong Evidence,Yes,src/app/(dashboard)/foundation/page.tsx; src/app/(dashboard)/layout.tsx; src/app/api/profile/route.ts; src/app/api/family/route.ts; src/lib/services/userService.ts; src/lib/services/familyService.ts; src/lib/services/baseService.ts; audit-output/02-database-and-dependencies/MODULE_DEPENDENCY_MATRIX.csv; audit-output/01-repository-and-architecture/REPOSITORY_INVENTORY.md; audit-output/01-repository-and-architecture/GOOGLE_AUTH_CODE_FLOW.md; audit-input/01-database-structure/schema.sql; audit-input/01-database-structure/database.types.ts; audit-input/02-existing-team-outputs/2026-07-19_MODULE_CRUD_TRACE.csv; audit-input/02-existing-team-outputs/PM_MODULE_INVENTORY.csv; audit-input/02-existing-team-outputs/PM_SCREEN_INVENTORY.csv; audit-output/03-prd-traceability/PRD_IMPLEMENTATION_TRACEABILITY.csv
/foundation/education,(dashboard),src/app/(dashboard)/foundation/education/page.tsx,src/app/(dashboard)/layout.tsx,EducationPage,Sthapana / Foundation,src/components/vault/FileUploader.tsx; src/components/ui/VideoTutorialPlaceholder.tsx; src/lib/stores/onboardingStore.ts; src/lib/vault.ts; src/components/providers/ToastProvider.tsx,src/app/(dashboard)/foundation/education/page.tsx; src/components/vault/FileUploader.tsx; src/components/ui/VideoTutorialPlaceholder.tsx; src/lib/stores/onboardingStore.ts; src/lib/vault.ts; src/components/providers/ToastProvider.tsx; src/lib/cloudDriveSync.ts; src/lib/supabase/client.ts; src/lib/localVaultEngine.ts; src/app/api/auth/google-status/route.ts; src/app/api/family/route.ts; src/app/api/education/route.ts; src/app/api/education/[id]/route.ts; src/app/api/google-drive/download/route.ts; src/app/api/google-drive/upload/route.ts; src/app/api/profile/route.ts; src/lib/supabase/server.ts; src/lib/prisma.ts; src/lib/services/familyService.ts; src/lib/middleware/auth.middleware.ts; src/lib/middleware/error.middleware.ts; src/lib/middleware/standardResponse.ts; src/lib/types/api.types.ts; src/lib/services/educationService.ts; src/lib/googleDriveUtils.ts; src/lib/googleAuth.ts; src/lib/services/userService.ts; src/lib/services/baseService.ts,/api/auth/google-status; /api/family; /api/education; /api/education/[id]; /api/google-drive/download; /api/google-drive/upload; /api/profile,src/app/api/auth/google-status/route.ts; src/app/api/family/route.ts; src/app/api/education/route.ts; src/app/api/education/[id]/route.ts; src/app/api/google-drive/download/route.ts; src/app/api/google-drive/upload/route.ts; src/app/api/profile/route.ts,src/lib/stores/onboardingStore.ts,src/lib/services/familyService.ts; src/lib/services/educationService.ts; src/lib/services/userService.ts; src/lib/services/baseService.ts,users; document_meta; family_members; education,education.familyMemberId; education.degree; education.institute; education.yearCompleted; education.specialization; education.certificateUrl; education.linkedLoanId,src/lib/supabase/client.ts: @supabase/ssr Supabase project createBrowserClient; src/lib/supabase/server.ts: @supabase/ssr Supabase project createServerClient; src/lib/middleware/auth.middleware.ts: supabase.auth Supabase Auth getUser; src/components/vault/FileUploader.tsx: supabase.auth Supabase Auth getUser; src/components/vault/FileUploader.tsx: supabase.storage Dynamic bucket from folder prop .from(folder).upload; getPublicUrl; src/app/api/profile/route.ts: supabase.auth Supabase Auth updateUser; src/app/api/auth/google-status/route.ts: supabase.auth Supabase Auth getSession; src/app/api/google-drive/upload/route.ts: supabase.auth Supabase Auth getSession; src/app/api/google-drive/download/route.ts: supabase.auth Supabase Auth getSession; src/lib/services/userService.ts: supabaseAdmin.auth.admin Supabase Auth admin getUserById; updateUserById; deleteUser,FileUploader,EducationPage; OnboardingStore,1,Implemented,No duplicate/old route risk identified from supplied source; Needs WD Verification before deletion decisions.,Strong Evidence,Yes,src/app/(dashboard)/foundation/education/page.tsx; src/app/(dashboard)/layout.tsx; src/app/api/auth/google-status/route.ts; src/app/api/family/route.ts; src/app/api/education/route.ts; src/app/api/education/[id]/route.ts; src/app/api/google-drive/download/route.ts; src/app/api/google-drive/upload/route.ts; src/app/api/profile/route.ts; src/lib/services/familyService.ts; src/lib/services/educationService.ts; src/lib/services/userService.ts; src/lib/services/baseService.ts; audit-output/02-database-and-dependencies/FRONTEND_DATABASE_FIELD_MAP.csv; audit-output/02-database-and-dependencies/MODULE_DEPENDENCY_MATRIX.csv; audit-output/01-repository-and-architecture/REPOSITORY_INVENTORY.md; audit-output/01-repository-and-architecture/GOOGLE_AUTH_CODE_FLOW.md; audit-input/01-database-structure/schema.sql; +5 more
/foundation/education/[id]/edit,(dashboard),src/app/(dashboard)/foundation/education/[id]/edit/page.tsx,src/app/(dashboard)/layout.tsx,EditEducation,Sthapana / Foundation,src/components/vault/FileUploader.tsx; src/lib/vault.ts,src/app/(dashboard)/foundation/education/[id]/edit/page.tsx; src/components/vault/FileUploader.tsx; src/lib/vault.ts; src/lib/cloudDriveSync.ts; src/lib/supabase/client.ts; src/components/providers/ToastProvider.tsx; src/lib/localVaultEngine.ts; src/app/api/family/route.ts; src/app/api/education/[id]/route.ts; src/app/api/google-drive/upload/route.ts; src/app/api/google-drive/download/route.ts; src/lib/services/familyService.ts; src/lib/prisma.ts; src/lib/middleware/auth.middleware.ts; src/lib/middleware/error.middleware.ts; src/lib/middleware/standardResponse.ts; src/lib/types/api.types.ts; src/lib/services/educationService.ts; src/lib/googleDriveUtils.ts; src/lib/supabase/server.ts; src/lib/googleAuth.ts; src/lib/services/baseService.ts,/api/family; /api/education/[id]; /api/google-drive/upload; /api/google-drive/download,src/app/api/family/route.ts; src/app/api/education/[id]/route.ts; src/app/api/google-drive/upload/route.ts; src/app/api/google-drive/download/route.ts,None found in traced files,src/lib/services/familyService.ts; src/lib/services/educationService.ts; src/lib/services/baseService.ts,users; document_meta; family_members; education,Needs WD Verification - no direct field-map row found in traced files,src/lib/supabase/client.ts: @supabase/ssr Supabase project createBrowserClient; src/lib/supabase/server.ts: @supabase/ssr Supabase project createServerClient; src/lib/middleware/auth.middleware.ts: supabase.auth Supabase Auth getUser; src/components/vault/FileUploader.tsx: supabase.auth Supabase Auth getUser; src/components/vault/FileUploader.tsx: supabase.storage Dynamic bucket from folder prop .from(folder).upload; getPublicUrl; src/app/api/google-drive/upload/route.ts: supabase.auth Supabase Auth getSession; src/app/api/google-drive/download/route.ts: supabase.auth Supabase Auth getSession,EditEducation; FileUploader,EditEducation,0,Implemented,"No duplicate/old route risk identified from supplied source; Needs WD Verification before deletion decisions. Static route-literal search found no reference outside the page file; dynamic navigation is possible, so linkage Needs WD Verification.",Strong Evidence,Yes,src/app/(dashboard)/foundation/education/[id]/edit/page.tsx; src/app/(dashboard)/layout.tsx; src/app/api/family/route.ts; src/app/api/education/[id]/route.ts; src/app/api/google-drive/upload/route.ts; src/app/api/google-drive/download/route.ts; src/lib/services/familyService.ts; src/lib/services/educationService.ts; src/lib/services/baseService.ts; audit-output/02-database-and-dependencies/MODULE_DEPENDENCY_MATRIX.csv; audit-output/01-repository-and-architecture/REPOSITORY_INVENTORY.md; audit-output/01-repository-and-architecture/GOOGLE_AUTH_CODE_FLOW.md; audit-input/01-database-structure/schema.sql; audit-input/01-database-structure/database.types.ts; audit-input/02-existing-team-outputs/2026-07-19_MODULE_CRUD_TRACE.csv; audit-input/02-existing-team-outputs/PM_MODULE_INVENTORY.csv; audit-input/02-existing-team-outputs/PM_SCREEN_INVENTORY.csv; audit-output/03-prd-traceability/PRD_IMPLEMENTATION_TRACEABILITY.csv
/foundation/family,(dashboard),src/app/(dashboard)/foundation/family/page.tsx,src/app/(dashboard)/layout.tsx,Submodule1B,Sthapana / Foundation,src/components/module1/FamilyTreeGame.tsx; src/components/ui/VideoTutorialPlaceholder.tsx; src/lib/stores/onboardingStore.ts; src/components/providers/ToastProvider.tsx,src/app/(dashboard)/foundation/family/page.tsx; src/components/module1/FamilyTreeGame.tsx; src/components/ui/VideoTutorialPlaceholder.tsx; src/lib/stores/onboardingStore.ts; src/components/providers/ToastProvider.tsx; src/app/api/family/route.ts; src/app/api/profile/route.ts; src/lib/services/familyService.ts; src/lib/prisma.ts; src/lib/middleware/auth.middleware.ts; src/lib/middleware/error.middleware.ts; src/lib/middleware/standardResponse.ts; src/lib/types/api.types.ts; src/lib/supabase/server.ts; src/lib/services/userService.ts; src/lib/services/baseService.ts,/api/family; /api/profile,src/app/api/family/route.ts; src/app/api/profile/route.ts,src/lib/stores/onboardingStore.ts,src/lib/services/familyService.ts; src/lib/services/userService.ts; src/lib/services/baseService.ts,users; family_members,family_members.name; family_members.relation; family_members.dob; family_members.phone; family_members.email; family_members.isDependent; family_members.nomineeEligible; family_members.accessLevel,src/lib/supabase/server.ts: @supabase/ssr Supabase project createServerClient; src/lib/middleware/auth.middleware.ts: supabase.auth Supabase Auth getUser; src/app/api/profile/route.ts: supabase.auth Supabase Auth updateUser; src/lib/services/userService.ts: supabaseAdmin.auth.admin Supabase Auth admin getUserById; updateUserById; deleteUser,FamilyTreeGame,Submodule1B; OnboardingStore,3,Implemented,No duplicate/old route risk identified from supplied source; Needs WD Verification before deletion decisions.,Strong Evidence,Yes,src/app/(dashboard)/foundation/family/page.tsx; src/app/(dashboard)/layout.tsx; src/app/api/family/route.ts; src/app/api/profile/route.ts; src/lib/services/familyService.ts; src/lib/services/userService.ts; src/lib/services/baseService.ts; audit-output/02-database-and-dependencies/FRONTEND_DATABASE_FIELD_MAP.csv; audit-output/02-database-and-dependencies/MODULE_DEPENDENCY_MATRIX.csv; audit-output/01-repository-and-architecture/REPOSITORY_INVENTORY.md; audit-output/01-repository-and-architecture/GOOGLE_AUTH_CODE_FLOW.md; audit-input/01-database-structure/schema.sql; audit-input/01-database-structure/database.types.ts; audit-input/02-existing-team-outputs/2026-07-19_MODULE_CRUD_TRACE.csv; audit-input/02-existing-team-outputs/PM_MODULE_INVENTORY.csv; audit-input/02-existing-team-outputs/PM_SCREEN_INVENTORY.csv; audit-output/03-prd-traceability/PRD_IMPLEMENTATION_TRACEABILITY.csv
/granthagaar,(dashboard),src/app/(dashboard)/granthagaar/page.tsx,src/app/(dashboard)/layout.tsx,VaultPage,Granthagaar / Document Vault,src/lib/services/documentService.ts; src/components/vault/FileUploader.tsx; src/components/shared/PageGuide.tsx; src/components/tutorials/TutorialCard.tsx,src/app/(dashboard)/granthagaar/page.tsx; src/lib/services/documentService.ts; src/components/vault/FileUploader.tsx; src/components/shared/PageGuide.tsx; src/components/tutorials/TutorialCard.tsx; src/lib/engines/localVaultEngine.ts; src/lib/vault.ts; src/lib/cloudDriveSync.ts; src/lib/supabase/client.ts; src/components/providers/ToastProvider.tsx; src/lib/localVaultEngine.ts; src/app/api/family/route.ts; src/app/api/google-drive/upload/route.ts; src/app/api/google-drive/download/route.ts; src/lib/services/familyService.ts; src/lib/prisma.ts; src/lib/middleware/auth.middleware.ts; src/lib/middleware/error.middleware.ts; src/lib/middleware/standardResponse.ts; src/lib/types/api.types.ts; src/lib/supabase/server.ts; src/lib/googleAuth.ts; src/lib/services/baseService.ts,/api/family; /api/google-drive/upload; /api/google-drive/download,src/app/api/family/route.ts; src/app/api/google-drive/upload/route.ts; src/app/api/google-drive/download/route.ts,None found in traced files,src/lib/services/documentService.ts; src/lib/services/familyService.ts; src/lib/services/baseService.ts,users; family_members,Needs WD Verification - no direct field-map row found in traced files,src/lib/supabase/client.ts: @supabase/ssr Supabase project createBrowserClient; src/lib/supabase/server.ts: @supabase/ssr Supabase project createServerClient; src/lib/middleware/auth.middleware.ts: supabase.auth Supabase Auth getUser; src/components/vault/FileUploader.tsx: supabase.auth Supabase Auth getUser; src/components/vault/FileUploader.tsx: supabase.storage Dynamic bucket from folder prop .from(folder).upload; getPublicUrl; src/app/api/google-drive/upload/route.ts: supabase.auth Supabase Auth getSession; src/app/api/google-drive/download/route.ts: supabase.auth Supabase Auth getSession,FileUploader,VaultPage; CreditCard,2,Partially Implemented,No duplicate/old route risk identified from supplied source; Needs WD Verification before deletion decisions.,Strong Evidence,Yes,src/app/(dashboard)/granthagaar/page.tsx; src/app/(dashboard)/layout.tsx; src/app/api/family/route.ts; src/app/api/google-drive/upload/route.ts; src/app/api/google-drive/download/route.ts; src/lib/services/documentService.ts; src/lib/services/familyService.ts; src/lib/services/baseService.ts; audit-output/02-database-and-dependencies/MODULE_DEPENDENCY_MATRIX.csv; audit-output/01-repository-and-architecture/REPOSITORY_INVENTORY.md; audit-output/01-repository-and-architecture/GOOGLE_AUTH_CODE_FLOW.md; audit-input/01-database-structure/schema.sql; audit-input/01-database-structure/database.types.ts; audit-input/02-existing-team-outputs/2026-07-19_MODULE_CRUD_TRACE.csv; audit-input/02-existing-team-outputs/PM_MODULE_INVENTORY.csv; audit-output/03-prd-traceability/PRD_IMPLEMENTATION_TRACEABILITY.csv
/intro-cinematic,(auth),src/app/(auth)/intro-cinematic/page.tsx,src/app/(auth)/layout.tsx,IntroOnboarding,Authentication,None found in traced files,src/app/(auth)/intro-cinematic/page.tsx,None found in traced files,None found in traced files,None found in traced files,None found in traced files,Needs WD Verification - no direct table evidence found for this route,Needs WD Verification - no direct field-map row found in traced files,None found in traced files,No distinct form component found in this route,IntroOnboarding,1,Implemented,No duplicate/old route risk identified from supplied source; Needs WD Verification before deletion decisions.,Unconfirmed,Yes,src/app/(auth)/intro-cinematic/page.tsx; src/app/(auth)/layout.tsx; audit-output/01-repository-and-architecture/REPOSITORY_INVENTORY.md; audit-output/01-repository-and-architecture/GOOGLE_AUTH_CODE_FLOW.md
/kar,(dashboard),src/app/(dashboard)/kar/page.tsx,src/app/(dashboard)/layout.tsx,KarPage,Kar / Tax and Compliance,src/components/ui/PageGuide.tsx; src/components/ui/VideoTutorialPlaceholder.tsx,src/app/(dashboard)/kar/page.tsx; src/components/ui/PageGuide.tsx; src/components/ui/VideoTutorialPlaceholder.tsx; src/app/api/kar/insights/route.ts; src/app/api/kar/summary/route.ts; src/lib/services/taxService.ts; src/lib/services/gstService.ts; src/lib/services/dinService.ts; src/lib/middleware/auth.middleware.ts; src/lib/middleware/error.middleware.ts; src/lib/middleware/standardResponse.ts; src/lib/prisma.ts; src/lib/services/baseService.ts; src/lib/supabase/server.ts,/api/kar/insights; /api/kar/summary,src/app/api/kar/insights/route.ts; src/app/api/kar/summary/route.ts,None found in traced files,src/lib/services/taxService.ts; src/lib/services/gstService.ts; src/lib/services/dinService.ts; src/lib/services/baseService.ts,users,Needs WD Verification - no direct field-map row found in traced files,src/lib/supabase/server.ts: @supabase/ssr Supabase project createServerClient; src/lib/middleware/auth.middleware.ts: supabase.auth Supabase Auth getUser,No distinct form component found in this route,KarPage,5,Implemented,No duplicate/old route risk identified from supplied source; Needs WD Verification before deletion decisions.,Strong Evidence,Yes,src/app/(dashboard)/kar/page.tsx; src/app/(dashboard)/layout.tsx; src/app/api/kar/insights/route.ts; src/app/api/kar/summary/route.ts; src/lib/services/taxService.ts; src/lib/services/gstService.ts; src/lib/services/dinService.ts; src/lib/services/baseService.ts; audit-output/02-database-and-dependencies/MODULE_DEPENDENCY_MATRIX.csv; audit-output/01-repository-and-architecture/REPOSITORY_INVENTORY.md; audit-output/01-repository-and-architecture/GOOGLE_AUTH_CODE_FLOW.md; audit-input/01-database-structure/schema.sql; audit-input/01-database-structure/database.types.ts; audit-input/02-existing-team-outputs/2026-07-19_MODULE_CRUD_TRACE.csv; audit-input/02-existing-team-outputs/PM_MODULE_INVENTORY.csv; audit-input/02-existing-team-outputs/PM_SCREEN_INVENTORY.csv; audit-output/03-prd-traceability/PRD_IMPLEMENTATION_TRACEABILITY.csv
/kar/din,(dashboard),src/app/(dashboard)/kar/din/page.tsx,src/app/(dashboard)/layout.tsx,DinPage,Kar / Tax and Compliance,src/components/vault/FileUploader.tsx,src/app/(dashboard)/kar/din/page.tsx; src/components/vault/FileUploader.tsx; src/lib/vault.ts; src/lib/cloudDriveSync.ts; src/lib/supabase/client.ts; src/components/providers/ToastProvider.tsx; src/lib/localVaultEngine.ts; src/app/api/din/records/route.ts; src/app/api/din/records/[id]/route.ts; src/app/api/family/route.ts; src/app/api/google-drive/upload/route.ts; src/app/api/google-drive/download/route.ts; src/lib/prisma.ts; src/lib/middleware/auth.middleware.ts; src/lib/middleware/error.middleware.ts; src/lib/middleware/standardResponse.ts; src/lib/services/familyService.ts; src/lib/types/api.types.ts; src/lib/supabase/server.ts; src/lib/googleAuth.ts; src/lib/services/baseService.ts,/api/din/records; /api/din/records/[id]; /api/vault/download/[id]; /api/family; /api/google-drive/upload; /api/google-drive/download,src/app/api/din/records/route.ts; src/app/api/din/records/[id]/route.ts; src/app/api/family/route.ts; src/app/api/google-drive/upload/route.ts; src/app/api/google-drive/download/route.ts,None found in traced files,src/lib/services/familyService.ts; src/lib/services/baseService.ts,din_records; users; family_members,Needs WD Verification - no direct field-map row found in traced files,src/lib/supabase/client.ts: @supabase/ssr Supabase project createBrowserClient; src/lib/supabase/server.ts: @supabase/ssr Supabase project createServerClient; src/lib/middleware/auth.middleware.ts: supabase.auth Supabase Auth getUser; src/components/vault/FileUploader.tsx: supabase.auth Supabase Auth getUser; src/components/vault/FileUploader.tsx: supabase.storage Dynamic bucket from folder prop .from(folder).upload; getPublicUrl; src/app/api/google-drive/upload/route.ts: supabase.auth Supabase Auth getSession; src/app/api/google-drive/download/route.ts: supabase.auth Supabase Auth getSession,FileUploader,DinPage,1,Implemented,No duplicate/old route risk identified from supplied source; Needs WD Verification before deletion decisions.,Strong Evidence,Yes,src/app/(dashboard)/kar/din/page.tsx; src/app/(dashboard)/layout.tsx; src/app/api/din/records/route.ts; src/app/api/din/records/[id]/route.ts; src/app/api/family/route.ts; src/app/api/google-drive/upload/route.ts; src/app/api/google-drive/download/route.ts; src/lib/services/familyService.ts; src/lib/services/baseService.ts; audit-output/02-database-and-dependencies/MODULE_DEPENDENCY_MATRIX.csv; audit-output/01-repository-and-architecture/REPOSITORY_INVENTORY.md; audit-output/01-repository-and-architecture/GOOGLE_AUTH_CODE_FLOW.md; audit-input/01-database-structure/schema.sql; audit-input/01-database-structure/database.types.ts; audit-input/02-existing-team-outputs/2026-07-19_MODULE_CRUD_TRACE.csv; audit-input/02-existing-team-outputs/PM_MODULE_INVENTORY.csv; audit-input/02-existing-team-outputs/PM_SCREEN_INVENTORY.csv; audit-output/03-prd-traceability/PRD_IMPLEMENTATION_TRACEABILITY.csv
/kar/din/[id]/edit,(dashboard),src/app/(dashboard)/kar/din/[id]/edit/page.tsx,src/app/(dashboard)/layout.tsx,EditDinPage,Kar / Tax and Compliance,src/components/vault/FileUploader.tsx; src/components/providers/ToastProvider.tsx,src/app/(dashboard)/kar/din/[id]/edit/page.tsx; src/components/vault/FileUploader.tsx; src/components/providers/ToastProvider.tsx; src/lib/vault.ts; src/lib/cloudDriveSync.ts; src/lib/supabase/client.ts; src/lib/localVaultEngine.ts; src/app/api/din/records/[id]/route.ts; src/app/api/family/route.ts; src/app/api/google-drive/upload/route.ts; src/app/api/google-drive/download/route.ts; src/lib/prisma.ts; src/lib/middleware/auth.middleware.ts; src/lib/middleware/error.middleware.ts; src/lib/middleware/standardResponse.ts; src/lib/services/familyService.ts; src/lib/types/api.types.ts; src/lib/supabase/server.ts; src/lib/googleAuth.ts; src/lib/services/baseService.ts,/api/din/records/[id]; /api/family; /api/google-drive/upload; /api/google-drive/download,src/app/api/din/records/[id]/route.ts; src/app/api/family/route.ts; src/app/api/google-drive/upload/route.ts; src/app/api/google-drive/download/route.ts,None found in traced files,src/lib/services/familyService.ts; src/lib/services/baseService.ts,din_records; users; family_members,Needs WD Verification - no direct field-map row found in traced files,src/lib/supabase/client.ts: @supabase/ssr Supabase project createBrowserClient; src/lib/supabase/server.ts: @supabase/ssr Supabase project createServerClient; src/lib/middleware/auth.middleware.ts: supabase.auth Supabase Auth getUser; src/components/vault/FileUploader.tsx: supabase.auth Supabase Auth getUser; src/components/vault/FileUploader.tsx: supabase.storage Dynamic bucket from folder prop .from(folder).upload; getPublicUrl; src/app/api/google-drive/upload/route.ts: supabase.auth Supabase Auth getSession; src/app/api/google-drive/download/route.ts: supabase.auth Supabase Auth getSession,EditDinPage; FileUploader,EditDinPage,0,Implemented,"No duplicate/old route risk identified from supplied source; Needs WD Verification before deletion decisions. Static route-literal search found no reference outside the page file; dynamic navigation is possible, so linkage Needs WD Verification.",Strong Evidence,Yes,src/app/(dashboard)/kar/din/[id]/edit/page.tsx; src/app/(dashboard)/layout.tsx; src/app/api/din/records/[id]/route.ts; src/app/api/family/route.ts; src/app/api/google-drive/upload/route.ts; src/app/api/google-drive/download/route.ts; src/lib/services/familyService.ts; src/lib/services/baseService.ts; audit-output/02-database-and-dependencies/MODULE_DEPENDENCY_MATRIX.csv; audit-output/01-repository-and-architecture/REPOSITORY_INVENTORY.md; audit-output/01-repository-and-architecture/GOOGLE_AUTH_CODE_FLOW.md; audit-input/01-database-structure/schema.sql; audit-input/01-database-structure/database.types.ts; audit-input/02-existing-team-outputs/2026-07-19_MODULE_CRUD_TRACE.csv; audit-input/02-existing-team-outputs/PM_MODULE_INVENTORY.csv; audit-input/02-existing-team-outputs/PM_SCREEN_INVENTORY.csv; audit-output/03-prd-traceability/PRD_IMPLEMENTATION_TRACEABILITY.csv
/kar/din/new,(dashboard),src/app/(dashboard)/kar/din/new/page.tsx,src/app/(dashboard)/layout.tsx,NewDinPage,Kar / Tax and Compliance,src/components/vault/FileUploader.tsx; src/components/providers/ToastProvider.tsx,src/app/(dashboard)/kar/din/new/page.tsx; src/components/vault/FileUploader.tsx; src/components/providers/ToastProvider.tsx; src/lib/vault.ts; src/lib/cloudDriveSync.ts; src/lib/supabase/client.ts; src/lib/localVaultEngine.ts; src/app/api/din/records/route.ts; src/app/api/family/route.ts; src/app/api/google-drive/upload/route.ts; src/app/api/google-drive/download/route.ts; src/lib/prisma.ts; src/lib/middleware/auth.middleware.ts; src/lib/middleware/error.middleware.ts; src/lib/middleware/standardResponse.ts; src/lib/services/familyService.ts; src/lib/types/api.types.ts; src/lib/supabase/server.ts; src/lib/googleAuth.ts; src/lib/services/baseService.ts,/api/din/records; /api/family; /api/google-drive/upload; /api/google-drive/download,src/app/api/din/records/route.ts; src/app/api/family/route.ts; src/app/api/google-drive/upload/route.ts; src/app/api/google-drive/download/route.ts,None found in traced files,src/lib/services/familyService.ts; src/lib/services/baseService.ts,din_records; users; family_members,din_records.dinNumber; din_records.companyName; din_records.issueDate; din_records.expiryDate; din_records.dinKycStatus; din_records.dscExpiryDate; din_records.mcaFilingStatus; din_records.directorSince; din_records.status,src/lib/supabase/client.ts: @supabase/ssr Supabase project createBrowserClient; src/lib/supabase/server.ts: @supabase/ssr Supabase project createServerClient; src/lib/middleware/auth.middleware.ts: supabase.auth Supabase Auth getUser; src/components/vault/FileUploader.tsx: supabase.auth Supabase Auth getUser; src/components/vault/FileUploader.tsx: supabase.storage Dynamic bucket from folder prop .from(folder).upload; getPublicUrl; src/app/api/google-drive/upload/route.ts: supabase.auth Supabase Auth getSession; src/app/api/google-drive/download/route.ts: supabase.auth Supabase Auth getSession,NewDinPage; FileUploader,NewDinPage,0,Implemented,"No duplicate/old route risk identified from supplied source; Needs WD Verification before deletion decisions. Static route-literal search found no reference outside the page file; dynamic navigation is possible, so linkage Needs WD Verification.",Strong Evidence,Yes,src/app/(dashboard)/kar/din/new/page.tsx; src/app/(dashboard)/layout.tsx; src/app/api/din/records/route.ts; src/app/api/family/route.ts; src/app/api/google-drive/upload/route.ts; src/app/api/google-drive/download/route.ts; src/lib/services/familyService.ts; src/lib/services/baseService.ts; audit-output/02-database-and-dependencies/FRONTEND_DATABASE_FIELD_MAP.csv; audit-output/02-database-and-dependencies/MODULE_DEPENDENCY_MATRIX.csv; audit-output/01-repository-and-architecture/REPOSITORY_INVENTORY.md; audit-output/01-repository-and-architecture/GOOGLE_AUTH_CODE_FLOW.md; audit-input/01-database-structure/schema.sql; audit-input/01-database-structure/database.types.ts; audit-input/02-existing-team-outputs/2026-07-19_MODULE_CRUD_TRACE.csv; audit-input/02-existing-team-outputs/PM_MODULE_INVENTORY.csv; audit-input/02-existing-team-outputs/PM_SCREEN_INVENTORY.csv; audit-output/03-prd-traceability/PRD_IMPLEMENTATION_TRACEABILITY.csv
/kar/gst,(dashboard),src/app/(dashboard)/kar/gst/page.tsx,src/app/(dashboard)/layout.tsx,GstPage,Kar / Tax and Compliance,src/components/vault/FileUploader.tsx,src/app/(dashboard)/kar/gst/page.tsx; src/components/vault/FileUploader.tsx; src/lib/vault.ts; src/lib/cloudDriveSync.ts; src/lib/supabase/client.ts; src/components/providers/ToastProvider.tsx; src/lib/localVaultEngine.ts; src/app/api/gst/records/route.ts; src/app/api/gst/records/[id]/route.ts; src/app/api/family/route.ts; src/app/api/google-drive/upload/route.ts; src/app/api/google-drive/download/route.ts; src/lib/prisma.ts; src/lib/middleware/auth.middleware.ts; src/lib/middleware/error.middleware.ts; src/lib/middleware/standardResponse.ts; src/lib/services/familyService.ts; src/lib/types/api.types.ts; src/lib/supabase/server.ts; src/lib/googleAuth.ts; src/lib/services/baseService.ts,/api/gst/records; /api/gst/records/[id]; /api/vault/download/[id]; /api/family; /api/google-drive/upload; /api/google-drive/download,src/app/api/gst/records/route.ts; src/app/api/gst/records/[id]/route.ts; src/app/api/family/route.ts; src/app/api/google-drive/upload/route.ts; src/app/api/google-drive/download/route.ts,None found in traced files,src/lib/services/familyService.ts; src/lib/services/baseService.ts,gst_records; users; family_members,Needs WD Verification - no direct field-map row found in traced files,src/lib/supabase/client.ts: @supabase/ssr Supabase project createBrowserClient; src/lib/supabase/server.ts: @supabase/ssr Supabase project createServerClient; src/lib/middleware/auth.middleware.ts: supabase.auth Supabase Auth getUser; src/components/vault/FileUploader.tsx: supabase.auth Supabase Auth getUser; src/components/vault/FileUploader.tsx: supabase.storage Dynamic bucket from folder prop .from(folder).upload; getPublicUrl; src/app/api/google-drive/upload/route.ts: supabase.auth Supabase Auth getSession; src/app/api/google-drive/download/route.ts: supabase.auth Supabase Auth getSession,FileUploader,GstPage,1,Implemented,No duplicate/old route risk identified from supplied source; Needs WD Verification before deletion decisions.,Strong Evidence,Yes,src/app/(dashboard)/kar/gst/page.tsx; src/app/(dashboard)/layout.tsx; src/app/api/gst/records/route.ts; src/app/api/gst/records/[id]/route.ts; src/app/api/family/route.ts; src/app/api/google-drive/upload/route.ts; src/app/api/google-drive/download/route.ts; src/lib/services/familyService.ts; src/lib/services/baseService.ts; audit-output/02-database-and-dependencies/MODULE_DEPENDENCY_MATRIX.csv; audit-output/01-repository-and-architecture/REPOSITORY_INVENTORY.md; audit-output/01-repository-and-architecture/GOOGLE_AUTH_CODE_FLOW.md; audit-input/01-database-structure/schema.sql; audit-input/01-database-structure/database.types.ts; audit-input/02-existing-team-outputs/2026-07-19_MODULE_CRUD_TRACE.csv; audit-input/02-existing-team-outputs/PM_MODULE_INVENTORY.csv; audit-input/02-existing-team-outputs/PM_SCREEN_INVENTORY.csv; audit-output/03-prd-traceability/PRD_IMPLEMENTATION_TRACEABILITY.csv
/kar/gst/[id]/edit,(dashboard),src/app/(dashboard)/kar/gst/[id]/edit/page.tsx,src/app/(dashboard)/layout.tsx,EditGstPage,Kar / Tax and Compliance,src/components/vault/FileUploader.tsx; src/components/providers/ToastProvider.tsx,src/app/(dashboard)/kar/gst/[id]/edit/page.tsx; src/components/vault/FileUploader.tsx; src/components/providers/ToastProvider.tsx; src/lib/vault.ts; src/lib/cloudDriveSync.ts; src/lib/supabase/client.ts; src/lib/localVaultEngine.ts; src/app/api/gst/records/[id]/route.ts; src/app/api/family/route.ts; src/app/api/google-drive/upload/route.ts; src/app/api/google-drive/download/route.ts; src/lib/prisma.ts; src/lib/middleware/auth.middleware.ts; src/lib/middleware/error.middleware.ts; src/lib/middleware/standardResponse.ts; src/lib/services/familyService.ts; src/lib/types/api.types.ts; src/lib/supabase/server.ts; src/lib/googleAuth.ts; src/lib/services/baseService.ts,/api/gst/records/[id]; /api/family; /api/google-drive/upload; /api/google-drive/download,src/app/api/gst/records/[id]/route.ts; src/app/api/family/route.ts; src/app/api/google-drive/upload/route.ts; src/app/api/google-drive/download/route.ts,None found in traced files,src/lib/services/familyService.ts; src/lib/services/baseService.ts,gst_records; users; family_members,Needs WD Verification - no direct field-map row found in traced files,src/lib/supabase/client.ts: @supabase/ssr Supabase project createBrowserClient; src/lib/supabase/server.ts: @supabase/ssr Supabase project createServerClient; src/lib/middleware/auth.middleware.ts: supabase.auth Supabase Auth getUser; src/components/vault/FileUploader.tsx: supabase.auth Supabase Auth getUser; src/components/vault/FileUploader.tsx: supabase.storage Dynamic bucket from folder prop .from(folder).upload; getPublicUrl; src/app/api/google-drive/upload/route.ts: supabase.auth Supabase Auth getSession; src/app/api/google-drive/download/route.ts: supabase.auth Supabase Auth getSession,EditGstPage; FileUploader,EditGstPage,0,Implemented,"No duplicate/old route risk identified from supplied source; Needs WD Verification before deletion decisions. Static route-literal search found no reference outside the page file; dynamic navigation is possible, so linkage Needs WD Verification.",Strong Evidence,Yes,src/app/(dashboard)/kar/gst/[id]/edit/page.tsx; src/app/(dashboard)/layout.tsx; src/app/api/gst/records/[id]/route.ts; src/app/api/family/route.ts; src/app/api/google-drive/upload/route.ts; src/app/api/google-drive/download/route.ts; src/lib/services/familyService.ts; src/lib/services/baseService.ts; audit-output/02-database-and-dependencies/MODULE_DEPENDENCY_MATRIX.csv; audit-output/01-repository-and-architecture/REPOSITORY_INVENTORY.md; audit-output/01-repository-and-architecture/GOOGLE_AUTH_CODE_FLOW.md; audit-input/01-database-structure/schema.sql; audit-input/01-database-structure/database.types.ts; audit-input/02-existing-team-outputs/2026-07-19_MODULE_CRUD_TRACE.csv; audit-input/02-existing-team-outputs/PM_MODULE_INVENTORY.csv; audit-input/02-existing-team-outputs/PM_SCREEN_INVENTORY.csv; audit-output/03-prd-traceability/PRD_IMPLEMENTATION_TRACEABILITY.csv
/kar/gst/new,(dashboard),src/app/(dashboard)/kar/gst/new/page.tsx,src/app/(dashboard)/layout.tsx,NewGstPage,Kar / Tax and Compliance,src/components/vault/FileUploader.tsx; src/components/providers/ToastProvider.tsx,src/app/(dashboard)/kar/gst/new/page.tsx; src/components/vault/FileUploader.tsx; src/components/providers/ToastProvider.tsx; src/lib/vault.ts; src/lib/cloudDriveSync.ts; src/lib/supabase/client.ts; src/lib/localVaultEngine.ts; src/app/api/gst/records/route.ts; src/app/api/family/route.ts; src/app/api/google-drive/upload/route.ts; src/app/api/google-drive/download/route.ts; src/lib/prisma.ts; src/lib/middleware/auth.middleware.ts; src/lib/middleware/error.middleware.ts; src/lib/middleware/standardResponse.ts; src/lib/services/familyService.ts; src/lib/types/api.types.ts; src/lib/supabase/server.ts; src/lib/googleAuth.ts; src/lib/services/baseService.ts,/api/gst/records; /api/family; /api/google-drive/upload; /api/google-drive/download,src/app/api/gst/records/route.ts; src/app/api/family/route.ts; src/app/api/google-drive/upload/route.ts; src/app/api/google-drive/download/route.ts,None found in traced files,src/lib/services/familyService.ts; src/lib/services/baseService.ts,gst_records; users; family_members,gst_records.gstin; gst_records.businessName; gst_records.filingFrequency; gst_records.lastFilingDate; gst_records.nextDueDate; gst_records.gstr1Filed; gst_records.gstr3bFiled; gst_records.annualReturnFiled; gst_records.status,src/lib/supabase/client.ts: @supabase/ssr Supabase project createBrowserClient; src/lib/supabase/server.ts: @supabase/ssr Supabase project createServerClient; src/lib/middleware/auth.middleware.ts: supabase.auth Supabase Auth getUser; src/components/vault/FileUploader.tsx: supabase.auth Supabase Auth getUser; src/components/vault/FileUploader.tsx: supabase.storage Dynamic bucket from folder prop .from(folder).upload; getPublicUrl; src/app/api/google-drive/upload/route.ts: supabase.auth Supabase Auth getSession; src/app/api/google-drive/download/route.ts: supabase.auth Supabase Auth getSession,NewGstPage; FileUploader,NewGstPage,0,Implemented,"No duplicate/old route risk identified from supplied source; Needs WD Verification before deletion decisions. Static route-literal search found no reference outside the page file; dynamic navigation is possible, so linkage Needs WD Verification.",Strong Evidence,Yes,src/app/(dashboard)/kar/gst/new/page.tsx; src/app/(dashboard)/layout.tsx; src/app/api/gst/records/route.ts; src/app/api/family/route.ts; src/app/api/google-drive/upload/route.ts; src/app/api/google-drive/download/route.ts; src/lib/services/familyService.ts; src/lib/services/baseService.ts; audit-output/02-database-and-dependencies/FRONTEND_DATABASE_FIELD_MAP.csv; audit-output/02-database-and-dependencies/MODULE_DEPENDENCY_MATRIX.csv; audit-output/01-repository-and-architecture/REPOSITORY_INVENTORY.md; audit-output/01-repository-and-architecture/GOOGLE_AUTH_CODE_FLOW.md; audit-input/01-database-structure/schema.sql; audit-input/01-database-structure/database.types.ts; audit-input/02-existing-team-outputs/2026-07-19_MODULE_CRUD_TRACE.csv; audit-input/02-existing-team-outputs/PM_MODULE_INVENTORY.csv; audit-input/02-existing-team-outputs/PM_SCREEN_INVENTORY.csv; audit-output/03-prd-traceability/PRD_IMPLEMENTATION_TRACEABILITY.csv
/kar/itr,(dashboard),src/app/(dashboard)/kar/itr/page.tsx,src/app/(dashboard)/layout.tsx,ItrPage,Kar / Tax and Compliance,src/lib/vault.ts,src/app/(dashboard)/kar/itr/page.tsx; src/lib/vault.ts; src/lib/localVaultEngine.ts; src/app/api/tax/records/route.ts; src/app/api/tax/records/[id]/route.ts; src/app/api/google-drive/upload/route.ts; src/app/api/google-drive/download/route.ts; src/lib/prisma.ts; src/lib/middleware/auth.middleware.ts; src/lib/middleware/error.middleware.ts; src/lib/middleware/standardResponse.ts; src/lib/supabase/server.ts; src/lib/googleAuth.ts,/api/tax/records; /api/tax/records/[id]; /api/vault/download/[id]; /api/google-drive/upload; /api/google-drive/download,src/app/api/tax/records/route.ts; src/app/api/tax/records/[id]/route.ts; src/app/api/google-drive/upload/route.ts; src/app/api/google-drive/download/route.ts,None found in traced files,None found in traced files,tax_records; users,Needs WD Verification - no direct field-map row found in traced files,src/lib/supabase/server.ts: @supabase/ssr Supabase project createServerClient; src/lib/middleware/auth.middleware.ts: supabase.auth Supabase Auth getUser; src/app/api/google-drive/upload/route.ts: supabase.auth Supabase Auth getSession; src/app/api/google-drive/download/route.ts: supabase.auth Supabase Auth getSession,No distinct form component found in this route,ItrPage,1,Implemented,No duplicate/old route risk identified from supplied source; Needs WD Verification before deletion decisions.,Strong Evidence,Yes,src/app/(dashboard)/kar/itr/page.tsx; src/app/(dashboard)/layout.tsx; src/app/api/tax/records/route.ts; src/app/api/tax/records/[id]/route.ts; src/app/api/google-drive/upload/route.ts; src/app/api/google-drive/download/route.ts; audit-output/02-database-and-dependencies/MODULE_DEPENDENCY_MATRIX.csv; audit-output/01-repository-and-architecture/REPOSITORY_INVENTORY.md; audit-output/01-repository-and-architecture/GOOGLE_AUTH_CODE_FLOW.md; audit-input/01-database-structure/schema.sql; audit-input/01-database-structure/database.types.ts; audit-input/02-existing-team-outputs/2026-07-19_MODULE_CRUD_TRACE.csv; audit-input/02-existing-team-outputs/PM_MODULE_INVENTORY.csv; audit-input/02-existing-team-outputs/PM_SCREEN_INVENTORY.csv; audit-output/03-prd-traceability/PRD_IMPLEMENTATION_TRACEABILITY.csv
/kar/itr/[id]/edit,(dashboard),src/app/(dashboard)/kar/itr/[id]/edit/page.tsx,src/app/(dashboard)/layout.tsx,EditItrPage,Kar / Tax and Compliance,src/components/vault/FileUploader.tsx; src/components/providers/ToastProvider.tsx,src/app/(dashboard)/kar/itr/[id]/edit/page.tsx; src/components/vault/FileUploader.tsx; src/components/providers/ToastProvider.tsx; src/lib/vault.ts; src/lib/cloudDriveSync.ts; src/lib/supabase/client.ts; src/lib/localVaultEngine.ts; src/app/api/tax/records/[id]/route.ts; src/app/api/family/route.ts; src/app/api/google-drive/upload/route.ts; src/app/api/google-drive/download/route.ts; src/lib/prisma.ts; src/lib/middleware/auth.middleware.ts; src/lib/middleware/error.middleware.ts; src/lib/middleware/standardResponse.ts; src/lib/services/familyService.ts; src/lib/types/api.types.ts; src/lib/supabase/server.ts; src/lib/googleAuth.ts; src/lib/services/baseService.ts,/api/tax/records/[id]; /api/family; /api/google-drive/upload; /api/google-drive/download,src/app/api/tax/records/[id]/route.ts; src/app/api/family/route.ts; src/app/api/google-drive/upload/route.ts; src/app/api/google-drive/download/route.ts,None found in traced files,src/lib/services/familyService.ts; src/lib/services/baseService.ts,tax_records; users; family_members,Needs WD Verification - no direct field-map row found in traced files,src/lib/supabase/client.ts: @supabase/ssr Supabase project createBrowserClient; src/lib/supabase/server.ts: @supabase/ssr Supabase project createServerClient; src/lib/middleware/auth.middleware.ts: supabase.auth Supabase Auth getUser; src/components/vault/FileUploader.tsx: supabase.auth Supabase Auth getUser; src/components/vault/FileUploader.tsx: supabase.storage Dynamic bucket from folder prop .from(folder).upload; getPublicUrl; src/app/api/google-drive/upload/route.ts: supabase.auth Supabase Auth getSession; src/app/api/google-drive/download/route.ts: supabase.auth Supabase Auth getSession,EditItrPage; FileUploader,EditItrPage,0,Implemented,"No duplicate/old route risk identified from supplied source; Needs WD Verification before deletion decisions. Static route-literal search found no reference outside the page file; dynamic navigation is possible, so linkage Needs WD Verification.",Strong Evidence,Yes,src/app/(dashboard)/kar/itr/[id]/edit/page.tsx; src/app/(dashboard)/layout.tsx; src/app/api/tax/records/[id]/route.ts; src/app/api/family/route.ts; src/app/api/google-drive/upload/route.ts; src/app/api/google-drive/download/route.ts; src/lib/services/familyService.ts; src/lib/services/baseService.ts; audit-output/02-database-and-dependencies/MODULE_DEPENDENCY_MATRIX.csv; audit-output/01-repository-and-architecture/REPOSITORY_INVENTORY.md; audit-output/01-repository-and-architecture/GOOGLE_AUTH_CODE_FLOW.md; audit-input/01-database-structure/schema.sql; audit-input/01-database-structure/database.types.ts; audit-input/02-existing-team-outputs/2026-07-19_MODULE_CRUD_TRACE.csv; audit-input/02-existing-team-outputs/PM_MODULE_INVENTORY.csv; audit-input/02-existing-team-outputs/PM_SCREEN_INVENTORY.csv; audit-output/03-prd-traceability/PRD_IMPLEMENTATION_TRACEABILITY.csv
/kar/itr/new,(dashboard),src/app/(dashboard)/kar/itr/new/page.tsx,src/app/(dashboard)/layout.tsx,NewItrPage,Kar / Tax and Compliance,src/components/vault/FileUploader.tsx; src/components/providers/ToastProvider.tsx,src/app/(dashboard)/kar/itr/new/page.tsx; src/components/vault/FileUploader.tsx; src/components/providers/ToastProvider.tsx; src/lib/vault.ts; src/lib/cloudDriveSync.ts; src/lib/supabase/client.ts; src/lib/localVaultEngine.ts; src/app/api/tax/records/route.ts; src/app/api/family/route.ts; src/app/api/google-drive/upload/route.ts; src/app/api/google-drive/download/route.ts; src/lib/prisma.ts; src/lib/middleware/auth.middleware.ts; src/lib/middleware/error.middleware.ts; src/lib/middleware/standardResponse.ts; src/lib/services/familyService.ts; src/lib/types/api.types.ts; src/lib/supabase/server.ts; src/lib/googleAuth.ts; src/lib/services/baseService.ts,/api/tax/records; /api/family; /api/google-drive/upload; /api/google-drive/download,src/app/api/tax/records/route.ts; src/app/api/family/route.ts; src/app/api/google-drive/upload/route.ts; src/app/api/google-drive/download/route.ts,None found in traced files,src/lib/services/familyService.ts; src/lib/services/baseService.ts,tax_records; users; family_members,tax_records.assessmentYear; tax_records.financialYear; tax_records.status; tax_records.filingType; tax_records.filingDate; tax_records.taxDue; tax_records.taxPaid; tax_records.acknowledgementNumber; tax_records.documentUrl,src/lib/supabase/client.ts: @supabase/ssr Supabase project createBrowserClient; src/lib/supabase/server.ts: @supabase/ssr Supabase project createServerClient; src/lib/middleware/auth.middleware.ts: supabase.auth Supabase Auth getUser; src/components/vault/FileUploader.tsx: supabase.auth Supabase Auth getUser; src/components/vault/FileUploader.tsx: supabase.storage Dynamic bucket from folder prop .from(folder).upload; getPublicUrl; src/app/api/google-drive/upload/route.ts: supabase.auth Supabase Auth getSession; src/app/api/google-drive/download/route.ts: supabase.auth Supabase Auth getSession,NewItrPage; FileUploader,NewItrPage,0,Implemented,"No duplicate/old route risk identified from supplied source; Needs WD Verification before deletion decisions. Static route-literal search found no reference outside the page file; dynamic navigation is possible, so linkage Needs WD Verification.",Strong Evidence,Yes,src/app/(dashboard)/kar/itr/new/page.tsx; src/app/(dashboard)/layout.tsx; src/app/api/tax/records/route.ts; src/app/api/family/route.ts; src/app/api/google-drive/upload/route.ts; src/app/api/google-drive/download/route.ts; src/lib/services/familyService.ts; src/lib/services/baseService.ts; audit-output/02-database-and-dependencies/FRONTEND_DATABASE_FIELD_MAP.csv; audit-output/02-database-and-dependencies/MODULE_DEPENDENCY_MATRIX.csv; audit-output/01-repository-and-architecture/REPOSITORY_INVENTORY.md; audit-output/01-repository-and-architecture/GOOGLE_AUTH_CODE_FLOW.md; audit-input/01-database-structure/schema.sql; audit-input/01-database-structure/database.types.ts; audit-input/02-existing-team-outputs/2026-07-19_MODULE_CRUD_TRACE.csv; audit-input/02-existing-team-outputs/PM_MODULE_INVENTORY.csv; audit-input/02-existing-team-outputs/PM_SCREEN_INVENTORY.csv; audit-output/03-prd-traceability/PRD_IMPLEMENTATION_TRACEABILITY.csv
/khate/accounts,(dashboard),src/app/(dashboard)/khate/accounts/page.tsx,src/app/(dashboard)/layout.tsx,BankHub,Pravah / Khate Bank Hub,src/lib/bankApi.ts; src/lib/bankStore.ts,src/app/(dashboard)/khate/accounts/page.tsx; src/lib/bankApi.ts; src/lib/bankStore.ts; src/lib/expenseStore.ts; src/lib/incomeStore.ts; src/app/api/bank/[id]/route.ts; src/app/api/bank/route.ts; src/app/api/expense-categories/route.ts; src/app/api/expenses/route.ts; src/app/api/expenses/[id]/route.ts; src/app/api/subscriptions/route.ts; src/app/api/subscriptions/[id]/route.ts; src/app/api/budget/route.ts; src/app/api/income/route.ts; src/app/api/income/[id]/route.ts; src/lib/prisma.ts; src/lib/middleware/auth.middleware.ts; src/lib/middleware/error.middleware.ts; src/lib/middleware/standardResponse.ts; src/lib/services/bankService.ts; src/lib/services/incomeService.ts; src/lib/services/expenseService.ts; src/lib/types/api.types.ts; src/lib/services/expenseCategoryService.ts; src/lib/services/subscriptionService.ts; src/lib/services/budgetService.ts; src/lib/supabase/server.ts; src/lib/services/baseService.ts,/api/bank/[id]; /api/bank; /api/expense-categories; /api/expenses; /api/expenses/[id]; /api/subscriptions; /api/subscriptions/[id]; /api/budget; /api/income; /api/income/[id],src/app/api/bank/[id]/route.ts; src/app/api/bank/route.ts; src/app/api/expense-categories/route.ts; src/app/api/expenses/route.ts; src/app/api/expenses/[id]/route.ts; src/app/api/subscriptions/route.ts; src/app/api/subscriptions/[id]/route.ts; src/app/api/budget/route.ts; src/app/api/income/route.ts; src/app/api/income/[id]/route.ts,src/lib/bankStore.ts; src/lib/expenseStore.ts; src/lib/incomeStore.ts,src/lib/bankApi.ts; src/lib/services/bankService.ts; src/lib/services/incomeService.ts; src/lib/services/expenseService.ts; src/lib/services/expenseCategoryService.ts; src/lib/services/subscriptionService.ts; src/lib/services/budgetService.ts; src/lib/services/baseService.ts,bank_accounts; balance_history; cash_wallets; users; income_streams; expense_entries; expense_categories; subscriptions; budget_plans,Needs WD Verification - no direct field-map row found in traced files,src/lib/supabase/server.ts: @supabase/ssr Supabase project createServerClient; src/lib/middleware/auth.middleware.ts: supabase.auth Supabase Auth getUser,No distinct form component found in this route,BankHub; fetchBankSummary,3,Implemented,No duplicate/old route risk identified from supplied source; Needs WD Verification before deletion decisions.,Strong Evidence,Yes,src/app/(dashboard)/khate/accounts/page.tsx; src/app/(dashboard)/layout.tsx; src/app/api/bank/[id]/route.ts; src/app/api/bank/route.ts; src/app/api/expense-categories/route.ts; src/app/api/expenses/route.ts; src/app/api/expenses/[id]/route.ts; src/app/api/subscriptions/route.ts; src/app/api/subscriptions/[id]/route.ts; src/app/api/budget/route.ts; src/app/api/income/route.ts; src/app/api/income/[id]/route.ts; src/lib/bankApi.ts; src/lib/services/bankService.ts; src/lib/services/incomeService.ts; src/lib/services/expenseService.ts; src/lib/services/expenseCategoryService.ts; src/lib/services/subscriptionService.ts; +11 more
/khate/accounts/[id]/edit,(dashboard),src/app/(dashboard)/khate/accounts/[id]/edit/page.tsx,src/app/(dashboard)/layout.tsx,EditBankAccount,Pravah / Khate Bank Hub,src/lib/bankStore.ts,src/app/(dashboard)/khate/accounts/[id]/edit/page.tsx; src/lib/bankStore.ts; src/lib/expenseStore.ts; src/lib/incomeStore.ts; src/app/api/bank/[id]/route.ts; src/app/api/expense-categories/route.ts; src/app/api/expenses/route.ts; src/app/api/expenses/[id]/route.ts; src/app/api/subscriptions/route.ts; src/app/api/subscriptions/[id]/route.ts; src/app/api/budget/route.ts; src/app/api/income/route.ts; src/app/api/income/[id]/route.ts; src/lib/prisma.ts; src/lib/middleware/auth.middleware.ts; src/lib/middleware/error.middleware.ts; src/lib/middleware/standardResponse.ts; src/lib/services/expenseCategoryService.ts; src/lib/services/expenseService.ts; src/lib/types/api.types.ts; src/lib/services/subscriptionService.ts; src/lib/services/budgetService.ts; src/lib/services/incomeService.ts; src/lib/supabase/server.ts; src/lib/services/baseService.ts,/api/bank/[id]; /api/expense-categories; /api/expenses; /api/expenses/[id]; /api/subscriptions; /api/subscriptions/[id]; /api/budget; /api/income; /api/income/[id],src/app/api/bank/[id]/route.ts; src/app/api/expense-categories/route.ts; src/app/api/expenses/route.ts; src/app/api/expenses/[id]/route.ts; src/app/api/subscriptions/route.ts; src/app/api/subscriptions/[id]/route.ts; src/app/api/budget/route.ts; src/app/api/income/route.ts; src/app/api/income/[id]/route.ts,src/lib/bankStore.ts; src/lib/expenseStore.ts; src/lib/incomeStore.ts,src/lib/services/expenseCategoryService.ts; src/lib/services/expenseService.ts; src/lib/services/subscriptionService.ts; src/lib/services/budgetService.ts; src/lib/services/incomeService.ts; src/lib/services/baseService.ts,bank_accounts; balance_history; users; expense_categories; expense_entries; subscriptions; budget_plans; income_streams,Needs WD Verification - no direct field-map row found in traced files,src/lib/supabase/server.ts: @supabase/ssr Supabase project createServerClient; src/lib/middleware/auth.middleware.ts: supabase.auth Supabase Auth getUser,EditBankAccount,EditBankAccount,0,Implemented,"No duplicate/old route risk identified from supplied source; Needs WD Verification before deletion decisions. Static route-literal search found no reference outside the page file; dynamic navigation is possible, so linkage Needs WD Verification.",Strong Evidence,Yes,src/app/(dashboard)/khate/accounts/[id]/edit/page.tsx; src/app/(dashboard)/layout.tsx; src/app/api/bank/[id]/route.ts; src/app/api/expense-categories/route.ts; src/app/api/expenses/route.ts; src/app/api/expenses/[id]/route.ts; src/app/api/subscriptions/route.ts; src/app/api/subscriptions/[id]/route.ts; src/app/api/budget/route.ts; src/app/api/income/route.ts; src/app/api/income/[id]/route.ts; src/lib/services/expenseCategoryService.ts; src/lib/services/expenseService.ts; src/lib/services/subscriptionService.ts; src/lib/services/budgetService.ts; src/lib/services/incomeService.ts; src/lib/services/baseService.ts; audit-output/02-database-and-dependencies/MODULE_DEPENDENCY_MATRIX.csv; +8 more
/khate/accounts/add,(dashboard),src/app/(dashboard)/khate/accounts/add/page.tsx,src/app/(dashboard)/layout.tsx,AddBankAccount,Pravah / Khate Bank Hub,src/lib/bankStore.ts; src/lib/bankApi.ts,src/app/(dashboard)/khate/accounts/add/page.tsx; src/lib/bankStore.ts; src/lib/bankApi.ts; src/lib/expenseStore.ts; src/lib/incomeStore.ts; src/app/api/family/route.ts; src/app/api/identity/route.ts; src/app/api/credentials/route.ts; src/app/api/bank/route.ts; src/app/api/expense-categories/route.ts; src/app/api/expenses/route.ts; src/app/api/expenses/[id]/route.ts; src/app/api/subscriptions/route.ts; src/app/api/subscriptions/[id]/route.ts; src/app/api/budget/route.ts; src/app/api/income/route.ts; src/app/api/income/[id]/route.ts; src/lib/services/familyService.ts; src/lib/prisma.ts; src/lib/middleware/auth.middleware.ts; src/lib/middleware/error.middleware.ts; src/lib/middleware/standardResponse.ts; src/lib/types/api.types.ts; src/lib/services/identityService.ts; src/lib/services/credentialService.ts; src/lib/services/bankService.ts; src/lib/services/incomeService.ts; src/lib/services/expenseService.ts; src/lib/services/expenseCategoryService.ts; src/lib/services/subscriptionService.ts; +3 more,/api/family; /api/identity; /api/credentials; /api/bank; /api/expense-categories; /api/expenses; /api/expenses/[id]; /api/subscriptions; /api/subscriptions/[id]; /api/budget; /api/income; /api/income/[id],src/app/api/family/route.ts; src/app/api/identity/route.ts; src/app/api/credentials/route.ts; src/app/api/bank/route.ts; src/app/api/expense-categories/route.ts; src/app/api/expenses/route.ts; src/app/api/expenses/[id]/route.ts; src/app/api/subscriptions/route.ts; src/app/api/subscriptions/[id]/route.ts; src/app/api/budget/route.ts; src/app/api/income/route.ts; src/app/api/income/[id]/route.ts,src/lib/bankStore.ts; src/lib/expenseStore.ts; src/lib/incomeStore.ts,src/lib/bankApi.ts; src/lib/services/familyService.ts; src/lib/services/identityService.ts; src/lib/services/credentialService.ts; src/lib/services/bankService.ts; src/lib/services/incomeService.ts; src/lib/services/expenseService.ts; src/lib/services/expenseCategoryService.ts; src/lib/services/subscriptionService.ts; src/lib/services/budgetService.ts; src/lib/services/baseService.ts,users; document_meta; cash_wallets; family_members; identity_records; credential_records; bank_accounts; income_streams; expense_entries; expense_categories; subscriptions; budget_plans,bank_accounts.bankName; bank_accounts.accountType; bank_accounts.accountLast4; bank_accounts.ifsc; bank_accounts.nickname; bank_accounts.currentBalance; bank_accounts.latestBalanceAsOf; bank_accounts.isPrimary; bank_accounts.notes,src/lib/supabase/server.ts: @supabase/ssr Supabase project createServerClient; src/lib/middleware/auth.middleware.ts: supabase.auth Supabase Auth getUser,AddBankAccount,AddBankAccount; fetchBankSummary,0,Implemented,"No duplicate/old route risk identified from supplied source; Needs WD Verification before deletion decisions. Static route-literal search found no reference outside the page file; dynamic navigation is possible, so linkage Needs WD Verification.",Strong Evidence,Yes,src/app/(dashboard)/khate/accounts/add/page.tsx; src/app/(dashboard)/layout.tsx; src/app/api/family/route.ts; src/app/api/identity/route.ts; src/app/api/credentials/route.ts; src/app/api/bank/route.ts; src/app/api/expense-categories/route.ts; src/app/api/expenses/route.ts; src/app/api/expenses/[id]/route.ts; src/app/api/subscriptions/route.ts; src/app/api/subscriptions/[id]/route.ts; src/app/api/budget/route.ts; src/app/api/income/route.ts; src/app/api/income/[id]/route.ts; src/lib/bankApi.ts; src/lib/services/familyService.ts; src/lib/services/identityService.ts; src/lib/services/credentialService.ts; +17 more
/khate/accounts/cash,(dashboard),src/app/(dashboard)/khate/accounts/cash/page.tsx,src/app/(dashboard)/layout.tsx,CashWalletPage,Pravah / Khate Bank Hub,src/lib/bankStore.ts; src/lib/bankApi.ts,src/app/(dashboard)/khate/accounts/cash/page.tsx; src/lib/bankStore.ts; src/lib/bankApi.ts; src/lib/expenseStore.ts; src/lib/incomeStore.ts; src/app/api/bank/route.ts; src/app/api/expense-categories/route.ts; src/app/api/expenses/route.ts; src/app/api/expenses/[id]/route.ts; src/app/api/subscriptions/route.ts; src/app/api/subscriptions/[id]/route.ts; src/app/api/budget/route.ts; src/app/api/income/route.ts; src/app/api/income/[id]/route.ts; src/lib/prisma.ts; src/lib/services/bankService.ts; src/lib/services/incomeService.ts; src/lib/services/expenseService.ts; src/lib/middleware/auth.middleware.ts; src/lib/middleware/error.middleware.ts; src/lib/middleware/standardResponse.ts; src/lib/types/api.types.ts; src/lib/services/expenseCategoryService.ts; src/lib/services/subscriptionService.ts; src/lib/services/budgetService.ts; src/lib/services/baseService.ts; src/lib/supabase/server.ts,/api/bank; /api/expense-categories; /api/expenses; /api/expenses/[id]; /api/subscriptions; /api/subscriptions/[id]; /api/budget; /api/income; /api/income/[id],src/app/api/bank/route.ts; src/app/api/expense-categories/route.ts; src/app/api/expenses/route.ts; src/app/api/expenses/[id]/route.ts; src/app/api/subscriptions/route.ts; src/app/api/subscriptions/[id]/route.ts; src/app/api/budget/route.ts; src/app/api/income/route.ts; src/app/api/income/[id]/route.ts,src/lib/bankStore.ts; src/lib/expenseStore.ts; src/lib/incomeStore.ts,src/lib/bankApi.ts; src/lib/services/bankService.ts; src/lib/services/incomeService.ts; src/lib/services/expenseService.ts; src/lib/services/expenseCategoryService.ts; src/lib/services/subscriptionService.ts; src/lib/services/budgetService.ts; src/lib/services/baseService.ts,cash_wallets; bank_accounts; income_streams; expense_entries; users; expense_categories; subscriptions; budget_plans,Needs WD Verification - no direct field-map row found in traced files,src/lib/supabase/server.ts: @supabase/ssr Supabase project createServerClient; src/lib/middleware/auth.middleware.ts: supabase.auth Supabase Auth getUser,No distinct form component found in this route,CashWalletPage; fetchBankSummary,0,Implemented,"No duplicate/old route risk identified from supplied source; Needs WD Verification before deletion decisions. Static route-literal search found no reference outside the page file; dynamic navigation is possible, so linkage Needs WD Verification.",Strong Evidence,Yes,src/app/(dashboard)/khate/accounts/cash/page.tsx; src/app/(dashboard)/layout.tsx; src/app/api/bank/route.ts; src/app/api/expense-categories/route.ts; src/app/api/expenses/route.ts; src/app/api/expenses/[id]/route.ts; src/app/api/subscriptions/route.ts; src/app/api/subscriptions/[id]/route.ts; src/app/api/budget/route.ts; src/app/api/income/route.ts; src/app/api/income/[id]/route.ts; src/lib/bankApi.ts; src/lib/services/bankService.ts; src/lib/services/incomeService.ts; src/lib/services/expenseService.ts; src/lib/services/expenseCategoryService.ts; src/lib/services/subscriptionService.ts; src/lib/services/budgetService.ts; +10 more
/khate/accounts/flow,(dashboard),src/app/(dashboard)/khate/accounts/flow/page.tsx,src/app/(dashboard)/layout.tsx,CashFlowEngine,Pravah / Khate Bank Hub,src/lib/bankStore.ts; src/lib/bankApi.ts,src/app/(dashboard)/khate/accounts/flow/page.tsx; src/lib/bankStore.ts; src/lib/bankApi.ts; src/lib/expenseStore.ts; src/lib/incomeStore.ts; src/app/api/bank/route.ts; src/app/api/expense-categories/route.ts; src/app/api/expenses/route.ts; src/app/api/expenses/[id]/route.ts; src/app/api/subscriptions/route.ts; src/app/api/subscriptions/[id]/route.ts; src/app/api/budget/route.ts; src/app/api/income/route.ts; src/app/api/income/[id]/route.ts; src/lib/prisma.ts; src/lib/services/bankService.ts; src/lib/services/incomeService.ts; src/lib/services/expenseService.ts; src/lib/middleware/auth.middleware.ts; src/lib/middleware/error.middleware.ts; src/lib/middleware/standardResponse.ts; src/lib/types/api.types.ts; src/lib/services/expenseCategoryService.ts; src/lib/services/subscriptionService.ts; src/lib/services/budgetService.ts; src/lib/services/baseService.ts; src/lib/supabase/server.ts,/api/bank; /api/expense-categories; /api/expenses; /api/expenses/[id]; /api/subscriptions; /api/subscriptions/[id]; /api/budget; /api/income; /api/income/[id],src/app/api/bank/route.ts; src/app/api/expense-categories/route.ts; src/app/api/expenses/route.ts; src/app/api/expenses/[id]/route.ts; src/app/api/subscriptions/route.ts; src/app/api/subscriptions/[id]/route.ts; src/app/api/budget/route.ts; src/app/api/income/route.ts; src/app/api/income/[id]/route.ts,src/lib/bankStore.ts; src/lib/expenseStore.ts; src/lib/incomeStore.ts,src/lib/bankApi.ts; src/lib/services/bankService.ts; src/lib/services/incomeService.ts; src/lib/services/expenseService.ts; src/lib/services/expenseCategoryService.ts; src/lib/services/subscriptionService.ts; src/lib/services/budgetService.ts; src/lib/services/baseService.ts,cash_wallets; bank_accounts; income_streams; expense_entries; users; expense_categories; subscriptions; budget_plans,Needs WD Verification - no direct field-map row found in traced files,src/lib/supabase/server.ts: @supabase/ssr Supabase project createServerClient; src/lib/middleware/auth.middleware.ts: supabase.auth Supabase Auth getUser,No distinct form component found in this route,CashFlowEngine; fetchBankSummary,0,Implemented,"No duplicate/old route risk identified from supplied source; Needs WD Verification before deletion decisions. Static route-literal search found no reference outside the page file; dynamic navigation is possible, so linkage Needs WD Verification.",Strong Evidence,Yes,src/app/(dashboard)/khate/accounts/flow/page.tsx; src/app/(dashboard)/layout.tsx; src/app/api/bank/route.ts; src/app/api/expense-categories/route.ts; src/app/api/expenses/route.ts; src/app/api/expenses/[id]/route.ts; src/app/api/subscriptions/route.ts; src/app/api/subscriptions/[id]/route.ts; src/app/api/budget/route.ts; src/app/api/income/route.ts; src/app/api/income/[id]/route.ts; src/lib/bankApi.ts; src/lib/services/bankService.ts; src/lib/services/incomeService.ts; src/lib/services/expenseService.ts; src/lib/services/expenseCategoryService.ts; src/lib/services/subscriptionService.ts; src/lib/services/budgetService.ts; +10 more
/khate/accounts/idle,(dashboard),src/app/(dashboard)/khate/accounts/idle/page.tsx,src/app/(dashboard)/layout.tsx,IdleMoneyEngine,Pravah / Khate Bank Hub,src/lib/bankStore.ts; src/lib/bankApi.ts,src/app/(dashboard)/khate/accounts/idle/page.tsx; src/lib/bankStore.ts; src/lib/bankApi.ts; src/lib/expenseStore.ts; src/lib/incomeStore.ts; src/app/api/bank/route.ts; src/app/api/expense-categories/route.ts; src/app/api/expenses/route.ts; src/app/api/expenses/[id]/route.ts; src/app/api/subscriptions/route.ts; src/app/api/subscriptions/[id]/route.ts; src/app/api/budget/route.ts; src/app/api/income/route.ts; src/app/api/income/[id]/route.ts; src/lib/prisma.ts; src/lib/services/bankService.ts; src/lib/services/incomeService.ts; src/lib/services/expenseService.ts; src/lib/middleware/auth.middleware.ts; src/lib/middleware/error.middleware.ts; src/lib/middleware/standardResponse.ts; src/lib/types/api.types.ts; src/lib/services/expenseCategoryService.ts; src/lib/services/subscriptionService.ts; src/lib/services/budgetService.ts; src/lib/services/baseService.ts; src/lib/supabase/server.ts,/api/bank; /api/expense-categories; /api/expenses; /api/expenses/[id]; /api/subscriptions; /api/subscriptions/[id]; /api/budget; /api/income; /api/income/[id],src/app/api/bank/route.ts; src/app/api/expense-categories/route.ts; src/app/api/expenses/route.ts; src/app/api/expenses/[id]/route.ts; src/app/api/subscriptions/route.ts; src/app/api/subscriptions/[id]/route.ts; src/app/api/budget/route.ts; src/app/api/income/route.ts; src/app/api/income/[id]/route.ts,src/lib/bankStore.ts; src/lib/expenseStore.ts; src/lib/incomeStore.ts,src/lib/bankApi.ts; src/lib/services/bankService.ts; src/lib/services/incomeService.ts; src/lib/services/expenseService.ts; src/lib/services/expenseCategoryService.ts; src/lib/services/subscriptionService.ts; src/lib/services/budgetService.ts; src/lib/services/baseService.ts,cash_wallets; bank_accounts; income_streams; expense_entries; users; expense_categories; subscriptions; budget_plans,Needs WD Verification - no direct field-map row found in traced files,src/lib/supabase/server.ts: @supabase/ssr Supabase project createServerClient; src/lib/middleware/auth.middleware.ts: supabase.auth Supabase Auth getUser,No distinct form component found in this route,IdleMoneyEngine; fetchBankSummary; CreditCard,2,Implemented,No duplicate/old route risk identified from supplied source; Needs WD Verification before deletion decisions.,Strong Evidence,Yes,src/app/(dashboard)/khate/accounts/idle/page.tsx; src/app/(dashboard)/layout.tsx; src/app/api/bank/route.ts; src/app/api/expense-categories/route.ts; src/app/api/expenses/route.ts; src/app/api/expenses/[id]/route.ts; src/app/api/subscriptions/route.ts; src/app/api/subscriptions/[id]/route.ts; src/app/api/budget/route.ts; src/app/api/income/route.ts; src/app/api/income/[id]/route.ts; src/lib/bankApi.ts; src/lib/services/bankService.ts; src/lib/services/incomeService.ts; src/lib/services/expenseService.ts; src/lib/services/expenseCategoryService.ts; src/lib/services/subscriptionService.ts; src/lib/services/budgetService.ts; +10 more
/khate/cash,(dashboard),src/app/(dashboard)/khate/cash/page.tsx,src/app/(dashboard)/layout.tsx,CashWalletPage,Pravah / Khate Bank Hub,src/lib/stores/bankStore.ts; src/lib/bankApi.ts,src/app/(dashboard)/khate/cash/page.tsx; src/lib/stores/bankStore.ts; src/lib/bankApi.ts; src/lib/stores/expenseStore.ts; src/lib/stores/incomeStore.ts; src/lib/bankStore.ts; src/lib/expenseStore.ts; src/lib/incomeStore.ts; src/app/api/bank/route.ts; src/app/api/expenses/route.ts; src/app/api/income/route.ts; src/app/api/income/[id]/route.ts; src/app/api/expense-categories/route.ts; src/app/api/expenses/[id]/route.ts; src/app/api/subscriptions/route.ts; src/app/api/subscriptions/[id]/route.ts; src/app/api/budget/route.ts; src/lib/prisma.ts; src/lib/services/bankService.ts; src/lib/services/incomeService.ts; src/lib/services/expenseService.ts; src/lib/middleware/auth.middleware.ts; src/lib/middleware/error.middleware.ts; src/lib/middleware/standardResponse.ts; src/lib/types/api.types.ts; src/lib/services/expenseCategoryService.ts; src/lib/services/subscriptionService.ts; src/lib/services/budgetService.ts; src/lib/services/baseService.ts; src/lib/supabase/server.ts,/api/bank; /api/expenses; /api/income; /api/income/[id]; /api/expense-categories; /api/expenses/[id]; /api/subscriptions; /api/subscriptions/[id]; /api/budget,src/app/api/bank/route.ts; src/app/api/expenses/route.ts; src/app/api/income/route.ts; src/app/api/income/[id]/route.ts; src/app/api/expense-categories/route.ts; src/app/api/expenses/[id]/route.ts; src/app/api/subscriptions/route.ts; src/app/api/subscriptions/[id]/route.ts; src/app/api/budget/route.ts,src/lib/stores/bankStore.ts; src/lib/stores/expenseStore.ts; src/lib/stores/incomeStore.ts; src/lib/bankStore.ts; src/lib/expenseStore.ts; src/lib/incomeStore.ts,src/lib/bankApi.ts; src/lib/services/bankService.ts; src/lib/services/incomeService.ts; src/lib/services/expenseService.ts; src/lib/services/expenseCategoryService.ts; src/lib/services/subscriptionService.ts; src/lib/services/budgetService.ts; src/lib/services/baseService.ts,cash_wallets; bank_accounts; income_streams; expense_entries; users; expense_categories; subscriptions; budget_plans,Needs WD Verification - no direct field-map row found in traced files,src/lib/supabase/server.ts: @supabase/ssr Supabase project createServerClient; src/lib/middleware/auth.middleware.ts: supabase.auth Supabase Auth getUser,No distinct form component found in this route,CashWalletPage; fetchBankSummary,0,Implemented,"Parallel Khate screens overlap /khate/accounts/cash, /flow and /idle; authoritative route needs WD verification. Static route-literal search found no reference outside the page file; dynamic navigation is possible, so linkage Needs WD Verification.",Strong Evidence,Yes,src/app/(dashboard)/khate/cash/page.tsx; src/app/(dashboard)/layout.tsx; src/app/api/bank/route.ts; src/app/api/expenses/route.ts; src/app/api/income/route.ts; src/app/api/income/[id]/route.ts; src/app/api/expense-categories/route.ts; src/app/api/expenses/[id]/route.ts; src/app/api/subscriptions/route.ts; src/app/api/subscriptions/[id]/route.ts; src/app/api/budget/route.ts; src/lib/bankApi.ts; src/lib/services/bankService.ts; src/lib/services/incomeService.ts; src/lib/services/expenseService.ts; src/lib/services/expenseCategoryService.ts; src/lib/services/subscriptionService.ts; src/lib/services/budgetService.ts; +11 more
/khate/cash-flow,(dashboard),src/app/(dashboard)/khate/cash-flow/page.tsx,src/app/(dashboard)/layout.tsx,CashFlowEngine,Pravah / Khate Bank Hub,src/lib/stores/bankStore.ts; src/lib/bankApi.ts,src/app/(dashboard)/khate/cash-flow/page.tsx; src/lib/stores/bankStore.ts; src/lib/bankApi.ts; src/lib/stores/expenseStore.ts; src/lib/stores/incomeStore.ts; src/lib/bankStore.ts; src/lib/expenseStore.ts; src/lib/incomeStore.ts; src/app/api/bank/route.ts; src/app/api/expenses/route.ts; src/app/api/income/route.ts; src/app/api/income/[id]/route.ts; src/app/api/expense-categories/route.ts; src/app/api/expenses/[id]/route.ts; src/app/api/subscriptions/route.ts; src/app/api/subscriptions/[id]/route.ts; src/app/api/budget/route.ts; src/lib/prisma.ts; src/lib/services/bankService.ts; src/lib/services/incomeService.ts; src/lib/services/expenseService.ts; src/lib/middleware/auth.middleware.ts; src/lib/middleware/error.middleware.ts; src/lib/middleware/standardResponse.ts; src/lib/types/api.types.ts; src/lib/services/expenseCategoryService.ts; src/lib/services/subscriptionService.ts; src/lib/services/budgetService.ts; src/lib/services/baseService.ts; src/lib/supabase/server.ts,/api/bank; /api/expenses; /api/income; /api/income/[id]; /api/expense-categories; /api/expenses/[id]; /api/subscriptions; /api/subscriptions/[id]; /api/budget,src/app/api/bank/route.ts; src/app/api/expenses/route.ts; src/app/api/income/route.ts; src/app/api/income/[id]/route.ts; src/app/api/expense-categories/route.ts; src/app/api/expenses/[id]/route.ts; src/app/api/subscriptions/route.ts; src/app/api/subscriptions/[id]/route.ts; src/app/api/budget/route.ts,src/lib/stores/bankStore.ts; src/lib/stores/expenseStore.ts; src/lib/stores/incomeStore.ts; src/lib/bankStore.ts; src/lib/expenseStore.ts; src/lib/incomeStore.ts,src/lib/bankApi.ts; src/lib/services/bankService.ts; src/lib/services/incomeService.ts; src/lib/services/expenseService.ts; src/lib/services/expenseCategoryService.ts; src/lib/services/subscriptionService.ts; src/lib/services/budgetService.ts; src/lib/services/baseService.ts,cash_wallets; bank_accounts; income_streams; expense_entries; users; expense_categories; subscriptions; budget_plans,Needs WD Verification - no direct field-map row found in traced files,src/lib/supabase/server.ts: @supabase/ssr Supabase project createServerClient; src/lib/middleware/auth.middleware.ts: supabase.auth Supabase Auth getUser,No distinct form component found in this route,CashFlowEngine; fetchBankSummary,0,Implemented,"Parallel Khate screens overlap /khate/accounts/cash, /flow and /idle; authoritative route needs WD verification. Static route-literal search found no reference outside the page file; dynamic navigation is possible, so linkage Needs WD Verification.",Strong Evidence,Yes,src/app/(dashboard)/khate/cash-flow/page.tsx; src/app/(dashboard)/layout.tsx; src/app/api/bank/route.ts; src/app/api/expenses/route.ts; src/app/api/income/route.ts; src/app/api/income/[id]/route.ts; src/app/api/expense-categories/route.ts; src/app/api/expenses/[id]/route.ts; src/app/api/subscriptions/route.ts; src/app/api/subscriptions/[id]/route.ts; src/app/api/budget/route.ts; src/lib/bankApi.ts; src/lib/services/bankService.ts; src/lib/services/incomeService.ts; src/lib/services/expenseService.ts; src/lib/services/expenseCategoryService.ts; src/lib/services/subscriptionService.ts; src/lib/services/budgetService.ts; +11 more
/khate/idle-detection,(dashboard),src/app/(dashboard)/khate/idle-detection/page.tsx,src/app/(dashboard)/layout.tsx,IdleMoneyEngine,Pravah / Khate Bank Hub,src/lib/stores/bankStore.ts; src/lib/bankApi.ts,src/app/(dashboard)/khate/idle-detection/page.tsx; src/lib/stores/bankStore.ts; src/lib/bankApi.ts; src/lib/stores/expenseStore.ts; src/lib/stores/incomeStore.ts; src/lib/bankStore.ts; src/lib/expenseStore.ts; src/lib/incomeStore.ts; src/app/api/bank/route.ts; src/app/api/expenses/route.ts; src/app/api/income/route.ts; src/app/api/income/[id]/route.ts; src/app/api/expense-categories/route.ts; src/app/api/expenses/[id]/route.ts; src/app/api/subscriptions/route.ts; src/app/api/subscriptions/[id]/route.ts; src/app/api/budget/route.ts; src/lib/prisma.ts; src/lib/services/bankService.ts; src/lib/services/incomeService.ts; src/lib/services/expenseService.ts; src/lib/middleware/auth.middleware.ts; src/lib/middleware/error.middleware.ts; src/lib/middleware/standardResponse.ts; src/lib/types/api.types.ts; src/lib/services/expenseCategoryService.ts; src/lib/services/subscriptionService.ts; src/lib/services/budgetService.ts; src/lib/services/baseService.ts; src/lib/supabase/server.ts,/api/bank; /api/expenses; /api/income; /api/income/[id]; /api/expense-categories; /api/expenses/[id]; /api/subscriptions; /api/subscriptions/[id]; /api/budget,src/app/api/bank/route.ts; src/app/api/expenses/route.ts; src/app/api/income/route.ts; src/app/api/income/[id]/route.ts; src/app/api/expense-categories/route.ts; src/app/api/expenses/[id]/route.ts; src/app/api/subscriptions/route.ts; src/app/api/subscriptions/[id]/route.ts; src/app/api/budget/route.ts,src/lib/stores/bankStore.ts; src/lib/stores/expenseStore.ts; src/lib/stores/incomeStore.ts; src/lib/bankStore.ts; src/lib/expenseStore.ts; src/lib/incomeStore.ts,src/lib/bankApi.ts; src/lib/services/bankService.ts; src/lib/services/incomeService.ts; src/lib/services/expenseService.ts; src/lib/services/expenseCategoryService.ts; src/lib/services/subscriptionService.ts; src/lib/services/budgetService.ts; src/lib/services/baseService.ts,cash_wallets; bank_accounts; income_streams; expense_entries; users; expense_categories; subscriptions; budget_plans,Needs WD Verification - no direct field-map row found in traced files,src/lib/supabase/server.ts: @supabase/ssr Supabase project createServerClient; src/lib/middleware/auth.middleware.ts: supabase.auth Supabase Auth getUser,No distinct form component found in this route,IdleMoneyEngine; fetchBankSummary,0,Implemented,"Parallel Khate screens overlap /khate/accounts/cash, /flow and /idle; authoritative route needs WD verification. Static route-literal search found no reference outside the page file; dynamic navigation is possible, so linkage Needs WD Verification.",Strong Evidence,Yes,src/app/(dashboard)/khate/idle-detection/page.tsx; src/app/(dashboard)/layout.tsx; src/app/api/bank/route.ts; src/app/api/expenses/route.ts; src/app/api/income/route.ts; src/app/api/income/[id]/route.ts; src/app/api/expense-categories/route.ts; src/app/api/expenses/[id]/route.ts; src/app/api/subscriptions/route.ts; src/app/api/subscriptions/[id]/route.ts; src/app/api/budget/route.ts; src/lib/bankApi.ts; src/lib/services/bankService.ts; src/lib/services/incomeService.ts; src/lib/services/expenseService.ts; src/lib/services/expenseCategoryService.ts; src/lib/services/subscriptionService.ts; src/lib/services/budgetService.ts; +11 more
/kosh,(dashboard),src/app/(dashboard)/kosh/page.tsx,src/app/(dashboard)/layout.tsx,KoshHub,Kosh / Income,src/lib/incomeStore.ts; src/components/treasury/TreasurySummaryCard.tsx; src/components/treasury/TreasuryMaturityBar.tsx; src/components/ui/PageGuide.tsx; src/components/ui/VideoTutorialPlaceholder.tsx,src/app/(dashboard)/kosh/page.tsx; src/lib/incomeStore.ts; src/components/treasury/TreasurySummaryCard.tsx; src/components/treasury/TreasuryMaturityBar.tsx; src/components/ui/PageGuide.tsx; src/components/ui/VideoTutorialPlaceholder.tsx; src/components/treasury/DependencyBadge.tsx; src/app/api/income/route.ts; src/app/api/income/[id]/route.ts; src/lib/services/incomeService.ts; src/lib/middleware/auth.middleware.ts; src/lib/middleware/error.middleware.ts; src/lib/middleware/standardResponse.ts; src/lib/types/api.types.ts; src/lib/prisma.ts; src/lib/services/baseService.ts; src/lib/supabase/server.ts,/api/income; /api/income/[id],src/app/api/income/route.ts; src/app/api/income/[id]/route.ts,src/lib/incomeStore.ts,src/lib/services/incomeService.ts; src/lib/services/baseService.ts,income_streams; users,Needs WD Verification - no direct field-map row found in traced files,src/lib/supabase/server.ts: @supabase/ssr Supabase project createServerClient; src/lib/middleware/auth.middleware.ts: supabase.auth Supabase Auth getUser,No distinct form component found in this route,KoshHub; BarChart3; TreasurySummaryCard,7,Implemented,Parallel Kosh route/store family overlaps configured /kosh/sources flow; do not delete without WD decision.,Strong Evidence,Yes,src/app/(dashboard)/kosh/page.tsx; src/app/(dashboard)/layout.tsx; src/app/api/income/route.ts; src/app/api/income/[id]/route.ts; src/lib/services/incomeService.ts; src/lib/services/baseService.ts; audit-output/02-database-and-dependencies/MODULE_DEPENDENCY_MATRIX.csv; audit-output/01-repository-and-architecture/REPOSITORY_INVENTORY.md; audit-output/01-repository-and-architecture/GOOGLE_AUTH_CODE_FLOW.md; audit-output/01-repository-and-architecture/ARCHITECTURE_AND_COUPLING_RISKS.md; audit-input/01-database-structure/schema.sql; audit-input/01-database-structure/database.types.ts; audit-input/02-existing-team-outputs/2026-07-19_MODULE_CRUD_TRACE.csv; audit-input/02-existing-team-outputs/PM_MODULE_INVENTORY.csv; audit-input/02-existing-team-outputs/PM_SCREEN_INVENTORY.csv; audit-output/03-prd-traceability/PRD_IMPLEMENTATION_TRACEABILITY.csv
/kosh/add,(dashboard),src/app/(dashboard)/kosh/add/page.tsx,src/app/(dashboard)/layout.tsx,AddIncomePage,Kosh / Income,src/lib/incomeStore.ts; src/components/treasury/IncomeTypeChips.tsx; src/components/treasury/NumberInputRupee.tsx; src/components/ui/VideoTutorialPlaceholder.tsx; src/lib/bankApi.ts; src/lib/bankStore.ts,src/app/(dashboard)/kosh/add/page.tsx; src/lib/incomeStore.ts; src/components/treasury/IncomeTypeChips.tsx; src/components/treasury/NumberInputRupee.tsx; src/components/ui/VideoTutorialPlaceholder.tsx; src/lib/bankApi.ts; src/lib/bankStore.ts; src/lib/expenseStore.ts; src/app/api/bank/route.ts; src/app/api/income/route.ts; src/app/api/income/[id]/route.ts; src/app/api/expense-categories/route.ts; src/app/api/expenses/route.ts; src/app/api/expenses/[id]/route.ts; src/app/api/subscriptions/route.ts; src/app/api/subscriptions/[id]/route.ts; src/app/api/budget/route.ts; src/lib/prisma.ts; src/lib/services/bankService.ts; src/lib/services/incomeService.ts; src/lib/services/expenseService.ts; src/lib/middleware/auth.middleware.ts; src/lib/middleware/error.middleware.ts; src/lib/middleware/standardResponse.ts; src/lib/types/api.types.ts; src/lib/services/expenseCategoryService.ts; src/lib/services/subscriptionService.ts; src/lib/services/budgetService.ts; src/lib/services/baseService.ts; src/lib/supabase/server.ts,/api/bank; /api/income; /api/income/[id]; /api/expense-categories; /api/expenses; /api/expenses/[id]; /api/subscriptions; /api/subscriptions/[id]; /api/budget,src/app/api/bank/route.ts; src/app/api/income/route.ts; src/app/api/income/[id]/route.ts; src/app/api/expense-categories/route.ts; src/app/api/expenses/route.ts; src/app/api/expenses/[id]/route.ts; src/app/api/subscriptions/route.ts; src/app/api/subscriptions/[id]/route.ts; src/app/api/budget/route.ts,src/lib/incomeStore.ts; src/lib/bankStore.ts; src/lib/expenseStore.ts,src/lib/bankApi.ts; src/lib/services/bankService.ts; src/lib/services/incomeService.ts; src/lib/services/expenseService.ts; src/lib/services/expenseCategoryService.ts; src/lib/services/subscriptionService.ts; src/lib/services/budgetService.ts; src/lib/services/baseService.ts,cash_wallets; bank_accounts; income_streams; expense_entries; users; expense_categories; subscriptions; budget_plans,Needs WD Verification - no direct field-map row found in traced files,src/lib/supabase/server.ts: @supabase/ssr Supabase project createServerClient; src/lib/middleware/auth.middleware.ts: supabase.auth Supabase Auth getUser,AddIncomePage; NumberInputRupee,AddIncomePage,1,Implemented,Parallel Kosh route/store family overlaps configured /kosh/sources flow; do not delete without WD decision.,Strong Evidence,Yes,src/app/(dashboard)/kosh/add/page.tsx; src/app/(dashboard)/layout.tsx; src/app/api/bank/route.ts; src/app/api/income/route.ts; src/app/api/income/[id]/route.ts; src/app/api/expense-categories/route.ts; src/app/api/expenses/route.ts; src/app/api/expenses/[id]/route.ts; src/app/api/subscriptions/route.ts; src/app/api/subscriptions/[id]/route.ts; src/app/api/budget/route.ts; src/lib/bankApi.ts; src/lib/services/bankService.ts; src/lib/services/incomeService.ts; src/lib/services/expenseService.ts; src/lib/services/expenseCategoryService.ts; src/lib/services/subscriptionService.ts; src/lib/services/budgetService.ts; +11 more
/kosh/analytics,(dashboard),src/app/(dashboard)/kosh/analytics/page.tsx,src/app/(dashboard)/layout.tsx,AnalyticsPage,Kosh / Income,src/lib/incomeStore.ts; src/components/treasury/DependencyBadge.tsx; src/components/ui/PageGuide.tsx; src/components/ui/VideoTutorialPlaceholder.tsx,src/app/(dashboard)/kosh/analytics/page.tsx; src/lib/incomeStore.ts; src/components/treasury/DependencyBadge.tsx; src/components/ui/PageGuide.tsx; src/components/ui/VideoTutorialPlaceholder.tsx; src/app/api/family/route.ts; src/app/api/income/route.ts; src/app/api/income/[id]/route.ts; src/lib/services/familyService.ts; src/lib/prisma.ts; src/lib/middleware/auth.middleware.ts; src/lib/middleware/error.middleware.ts; src/lib/middleware/standardResponse.ts; src/lib/types/api.types.ts; src/lib/services/incomeService.ts; src/lib/services/baseService.ts; src/lib/supabase/server.ts,/api/family; /api/income; /api/income/[id],src/app/api/family/route.ts; src/app/api/income/route.ts; src/app/api/income/[id]/route.ts,src/lib/incomeStore.ts,src/lib/services/familyService.ts; src/lib/services/incomeService.ts; src/lib/services/baseService.ts,users; family_members; income_streams,Needs WD Verification - no direct field-map row found in traced files,src/lib/supabase/server.ts: @supabase/ssr Supabase project createServerClient; src/lib/middleware/auth.middleware.ts: supabase.auth Supabase Auth getUser,formatRupee,AnalyticsPage; DependencyBadge,0,Implemented,"No duplicate/old route risk identified from supplied source; Needs WD Verification before deletion decisions. Static route-literal search found no reference outside the page file; dynamic navigation is possible, so linkage Needs WD Verification.",Strong Evidence,Yes,src/app/(dashboard)/kosh/analytics/page.tsx; src/app/(dashboard)/layout.tsx; src/app/api/family/route.ts; src/app/api/income/route.ts; src/app/api/income/[id]/route.ts; src/lib/services/familyService.ts; src/lib/services/incomeService.ts; src/lib/services/baseService.ts; audit-output/02-database-and-dependencies/MODULE_DEPENDENCY_MATRIX.csv; audit-output/01-repository-and-architecture/REPOSITORY_INVENTORY.md; audit-output/01-repository-and-architecture/GOOGLE_AUTH_CODE_FLOW.md; audit-input/01-database-structure/schema.sql; audit-input/01-database-structure/database.types.ts; audit-input/02-existing-team-outputs/2026-07-19_MODULE_CRUD_TRACE.csv; audit-input/02-existing-team-outputs/PM_MODULE_INVENTORY.csv; audit-input/02-existing-team-outputs/PM_SCREEN_INVENTORY.csv; audit-output/03-prd-traceability/PRD_IMPLEMENTATION_TRACEABILITY.csv
/kosh/dependency,(dashboard),src/app/(dashboard)/kosh/dependency/page.tsx,src/app/(dashboard)/layout.tsx,DisposablePage,Kosh / Income,src/lib/stores/incomeStore.ts; src/components/shared/NumberInputRupee.tsx; src/components/shared/PageGuide.tsx; src/components/tutorials/TutorialCard.tsx,src/app/(dashboard)/kosh/dependency/page.tsx; src/lib/stores/incomeStore.ts; src/components/shared/NumberInputRupee.tsx; src/components/shared/PageGuide.tsx; src/components/tutorials/TutorialCard.tsx; src/app/api/income/route.ts; src/app/api/income/[id]/route.ts; src/lib/services/incomeService.ts; src/lib/middleware/auth.middleware.ts; src/lib/middleware/error.middleware.ts; src/lib/middleware/standardResponse.ts; src/lib/types/api.types.ts; src/lib/prisma.ts; src/lib/services/baseService.ts; src/lib/supabase/server.ts,/api/income; /api/income/[id],src/app/api/income/route.ts; src/app/api/income/[id]/route.ts,src/lib/stores/incomeStore.ts,src/lib/services/incomeService.ts; src/lib/services/baseService.ts,income_streams; users,Needs WD Verification - no direct field-map row found in traced files,src/lib/supabase/server.ts: @supabase/ssr Supabase project createServerClient; src/lib/middleware/auth.middleware.ts: supabase.auth Supabase Auth getUser,formatRupee; NumberInputRupee,DisposablePage,0,Implemented,"No duplicate/old route risk identified from supplied source; Needs WD Verification before deletion decisions. Static route-literal search found no reference outside the page file; dynamic navigation is possible, so linkage Needs WD Verification.",Strong Evidence,Yes,src/app/(dashboard)/kosh/dependency/page.tsx; src/app/(dashboard)/layout.tsx; src/app/api/income/route.ts; src/app/api/income/[id]/route.ts; src/lib/services/incomeService.ts; src/lib/services/baseService.ts; audit-output/02-database-and-dependencies/MODULE_DEPENDENCY_MATRIX.csv; audit-output/01-repository-and-architecture/REPOSITORY_INVENTORY.md; audit-output/01-repository-and-architecture/GOOGLE_AUTH_CODE_FLOW.md; audit-input/01-database-structure/schema.sql; audit-input/01-database-structure/database.types.ts; audit-input/02-existing-team-outputs/2026-07-19_MODULE_CRUD_TRACE.csv; audit-input/02-existing-team-outputs/PM_MODULE_INVENTORY.csv; audit-input/02-existing-team-outputs/PM_SCREEN_INVENTORY.csv; audit-output/03-prd-traceability/PRD_IMPLEMENTATION_TRACEABILITY.csv
/kosh/disposable,(dashboard),src/app/(dashboard)/kosh/disposable/page.tsx,src/app/(dashboard)/layout.tsx,DisposablePage,Kosh / Income,src/lib/incomeStore.ts; src/lib/expenseStore.ts; src/components/treasury/NumberInputRupee.tsx; src/components/ui/PageGuide.tsx; src/components/ui/VideoTutorialPlaceholder.tsx,src/app/(dashboard)/kosh/disposable/page.tsx; src/lib/incomeStore.ts; src/lib/expenseStore.ts; src/components/treasury/NumberInputRupee.tsx; src/components/ui/PageGuide.tsx; src/components/ui/VideoTutorialPlaceholder.tsx; src/app/api/income/route.ts; src/app/api/income/[id]/route.ts; src/app/api/expense-categories/route.ts; src/app/api/expenses/route.ts; src/app/api/expenses/[id]/route.ts; src/app/api/subscriptions/route.ts; src/app/api/subscriptions/[id]/route.ts; src/app/api/budget/route.ts; src/lib/services/incomeService.ts; src/lib/middleware/auth.middleware.ts; src/lib/middleware/error.middleware.ts; src/lib/middleware/standardResponse.ts; src/lib/types/api.types.ts; src/lib/services/expenseCategoryService.ts; src/lib/services/expenseService.ts; src/lib/services/subscriptionService.ts; src/lib/services/budgetService.ts; src/lib/prisma.ts; src/lib/services/baseService.ts; src/lib/supabase/server.ts,/api/income; /api/income/[id]; /api/expense-categories; /api/expenses; /api/expenses/[id]; /api/subscriptions; /api/subscriptions/[id]; /api/budget,src/app/api/income/route.ts; src/app/api/income/[id]/route.ts; src/app/api/expense-categories/route.ts; src/app/api/expenses/route.ts; src/app/api/expenses/[id]/route.ts; src/app/api/subscriptions/route.ts; src/app/api/subscriptions/[id]/route.ts; src/app/api/budget/route.ts,src/lib/incomeStore.ts; src/lib/expenseStore.ts,src/lib/services/incomeService.ts; src/lib/services/expenseCategoryService.ts; src/lib/services/expenseService.ts; src/lib/services/subscriptionService.ts; src/lib/services/budgetService.ts; src/lib/services/baseService.ts,income_streams; users; expense_categories; expense_entries; subscriptions; budget_plans,Needs WD Verification - no direct field-map row found in traced files,src/lib/supabase/server.ts: @supabase/ssr Supabase project createServerClient; src/lib/middleware/auth.middleware.ts: supabase.auth Supabase Auth getUser,formatRupee; NumberInputRupee,DisposablePage,0,Implemented,"No duplicate/old route risk identified from supplied source; Needs WD Verification before deletion decisions. Static route-literal search found no reference outside the page file; dynamic navigation is possible, so linkage Needs WD Verification.",Strong Evidence,Yes,src/app/(dashboard)/kosh/disposable/page.tsx; src/app/(dashboard)/layout.tsx; src/app/api/income/route.ts; src/app/api/income/[id]/route.ts; src/app/api/expense-categories/route.ts; src/app/api/expenses/route.ts; src/app/api/expenses/[id]/route.ts; src/app/api/subscriptions/route.ts; src/app/api/subscriptions/[id]/route.ts; src/app/api/budget/route.ts; src/lib/services/incomeService.ts; src/lib/services/expenseCategoryService.ts; src/lib/services/expenseService.ts; src/lib/services/subscriptionService.ts; src/lib/services/budgetService.ts; src/lib/services/baseService.ts; audit-output/02-database-and-dependencies/MODULE_DEPENDENCY_MATRIX.csv; audit-output/01-repository-and-architecture/REPOSITORY_INVENTORY.md; +7 more
/kosh/income,(dashboard),src/app/(dashboard)/kosh/income/page.tsx,src/app/(dashboard)/layout.tsx,IncomeRegistryPage,Kosh / Income,src/lib/incomeStore.ts; src/components/treasury/ChaturangaBoard.tsx; src/components/treasury/IncomeCard.tsx; src/components/ui/PageGuide.tsx,src/app/(dashboard)/kosh/income/page.tsx; src/lib/incomeStore.ts; src/components/treasury/ChaturangaBoard.tsx; src/components/treasury/IncomeCard.tsx; src/components/ui/PageGuide.tsx; src/components/providers/ToastProvider.tsx; src/app/api/income/route.ts; src/app/api/income/[id]/route.ts; src/lib/services/incomeService.ts; src/lib/middleware/auth.middleware.ts; src/lib/middleware/error.middleware.ts; src/lib/middleware/standardResponse.ts; src/lib/types/api.types.ts; src/lib/prisma.ts; src/lib/services/baseService.ts; src/lib/supabase/server.ts,/api/income; /api/income/[id],src/app/api/income/route.ts; src/app/api/income/[id]/route.ts,src/lib/incomeStore.ts,src/lib/services/incomeService.ts; src/lib/services/baseService.ts,income_streams; users,Needs WD Verification - no direct field-map row found in traced files,src/lib/supabase/server.ts: @supabase/ssr Supabase project createServerClient; src/lib/middleware/auth.middleware.ts: supabase.auth Supabase Auth getUser,No distinct form component found in this route,IncomeRegistryPage; ChaturangaBoard; IncomeCard,1,Implemented,Parallel Kosh route/store family overlaps configured /kosh/sources flow; do not delete without WD decision.,Strong Evidence,Yes,src/app/(dashboard)/kosh/income/page.tsx; src/app/(dashboard)/layout.tsx; src/app/api/income/route.ts; src/app/api/income/[id]/route.ts; src/lib/services/incomeService.ts; src/lib/services/baseService.ts; audit-output/02-database-and-dependencies/MODULE_DEPENDENCY_MATRIX.csv; audit-output/01-repository-and-architecture/REPOSITORY_INVENTORY.md; audit-output/01-repository-and-architecture/GOOGLE_AUTH_CODE_FLOW.md; audit-output/01-repository-and-architecture/ARCHITECTURE_AND_COUPLING_RISKS.md; audit-input/01-database-structure/schema.sql; audit-input/01-database-structure/database.types.ts; audit-input/02-existing-team-outputs/2026-07-19_MODULE_CRUD_TRACE.csv; audit-input/02-existing-team-outputs/PM_MODULE_INVENTORY.csv; audit-input/02-existing-team-outputs/PM_SCREEN_INVENTORY.csv; audit-output/03-prd-traceability/PRD_IMPLEMENTATION_TRACEABILITY.csv
/kosh/income/[id]/edit,(dashboard),src/app/(dashboard)/kosh/income/[id]/edit/page.tsx,src/app/(dashboard)/layout.tsx,EditIncomePage,Kosh / Income,src/lib/incomeStore.ts; src/components/treasury/IncomeTypeChips.tsx; src/components/treasury/NumberInputRupee.tsx; src/components/ui/VideoTutorialPlaceholder.tsx; src/components/providers/ToastProvider.tsx; src/lib/bankApi.ts; src/lib/bankStore.ts,src/app/(dashboard)/kosh/income/[id]/edit/page.tsx; src/lib/incomeStore.ts; src/components/treasury/IncomeTypeChips.tsx; src/components/treasury/NumberInputRupee.tsx; src/components/ui/VideoTutorialPlaceholder.tsx; src/components/providers/ToastProvider.tsx; src/lib/bankApi.ts; src/lib/bankStore.ts; src/lib/expenseStore.ts; src/app/api/bank/route.ts; src/app/api/income/route.ts; src/app/api/income/[id]/route.ts; src/app/api/expense-categories/route.ts; src/app/api/expenses/route.ts; src/app/api/expenses/[id]/route.ts; src/app/api/subscriptions/route.ts; src/app/api/subscriptions/[id]/route.ts; src/app/api/budget/route.ts; src/lib/prisma.ts; src/lib/services/bankService.ts; src/lib/services/incomeService.ts; src/lib/services/expenseService.ts; src/lib/middleware/auth.middleware.ts; src/lib/middleware/error.middleware.ts; src/lib/middleware/standardResponse.ts; src/lib/types/api.types.ts; src/lib/services/expenseCategoryService.ts; src/lib/services/subscriptionService.ts; src/lib/services/budgetService.ts; src/lib/services/baseService.ts; +1 more,/api/bank; /api/income; /api/income/[id]; /api/expense-categories; /api/expenses; /api/expenses/[id]; /api/subscriptions; /api/subscriptions/[id]; /api/budget,src/app/api/bank/route.ts; src/app/api/income/route.ts; src/app/api/income/[id]/route.ts; src/app/api/expense-categories/route.ts; src/app/api/expenses/route.ts; src/app/api/expenses/[id]/route.ts; src/app/api/subscriptions/route.ts; src/app/api/subscriptions/[id]/route.ts; src/app/api/budget/route.ts,src/lib/incomeStore.ts; src/lib/bankStore.ts; src/lib/expenseStore.ts,src/lib/bankApi.ts; src/lib/services/bankService.ts; src/lib/services/incomeService.ts; src/lib/services/expenseService.ts; src/lib/services/expenseCategoryService.ts; src/lib/services/subscriptionService.ts; src/lib/services/budgetService.ts; src/lib/services/baseService.ts,cash_wallets; bank_accounts; income_streams; expense_entries; users; expense_categories; subscriptions; budget_plans,Needs WD Verification - no direct field-map row found in traced files,src/lib/supabase/server.ts: @supabase/ssr Supabase project createServerClient; src/lib/middleware/auth.middleware.ts: supabase.auth Supabase Auth getUser,EditIncomePage; NumberInputRupee,EditIncomePage,0,Implemented,"Parallel Kosh route/store family overlaps configured /kosh/sources flow; do not delete without WD decision. Static route-literal search found no reference outside the page file; dynamic navigation is possible, so linkage Needs WD Verification.",Strong Evidence,Yes,src/app/(dashboard)/kosh/income/[id]/edit/page.tsx; src/app/(dashboard)/layout.tsx; src/app/api/bank/route.ts; src/app/api/income/route.ts; src/app/api/income/[id]/route.ts; src/app/api/expense-categories/route.ts; src/app/api/expenses/route.ts; src/app/api/expenses/[id]/route.ts; src/app/api/subscriptions/route.ts; src/app/api/subscriptions/[id]/route.ts; src/app/api/budget/route.ts; src/lib/bankApi.ts; src/lib/services/bankService.ts; src/lib/services/incomeService.ts; src/lib/services/expenseService.ts; src/lib/services/expenseCategoryService.ts; src/lib/services/subscriptionService.ts; src/lib/services/budgetService.ts; +11 more
/kosh/record/[id],(dashboard),src/app/(dashboard)/kosh/record/[id]/page.tsx,src/app/(dashboard)/layout.tsx,RecordDetailPage,Kosh / Income,src/lib/incomeStore.ts; src/components/treasury/NumberInputRupee.tsx,src/app/(dashboard)/kosh/record/[id]/page.tsx; src/lib/incomeStore.ts; src/components/treasury/NumberInputRupee.tsx; src/app/api/income/route.ts; src/app/api/income/[id]/route.ts; src/lib/services/incomeService.ts; src/lib/middleware/auth.middleware.ts; src/lib/middleware/error.middleware.ts; src/lib/middleware/standardResponse.ts; src/lib/types/api.types.ts; src/lib/prisma.ts; src/lib/services/baseService.ts; src/lib/supabase/server.ts,/api/income; /api/income/[id],src/app/api/income/route.ts; src/app/api/income/[id]/route.ts,src/lib/incomeStore.ts,src/lib/services/incomeService.ts; src/lib/services/baseService.ts,income_streams; users,Needs WD Verification - no direct field-map row found in traced files,src/lib/supabase/server.ts: @supabase/ssr Supabase project createServerClient; src/lib/middleware/auth.middleware.ts: supabase.auth Supabase Auth getUser,formatRupee; NumberInputRupee,RecordDetailPage,0,Implemented,"No duplicate/old route risk identified from supplied source; Needs WD Verification before deletion decisions. Static route-literal search found no reference outside the page file; dynamic navigation is possible, so linkage Needs WD Verification.",Strong Evidence,Yes,src/app/(dashboard)/kosh/record/[id]/page.tsx; src/app/(dashboard)/layout.tsx; src/app/api/income/route.ts; src/app/api/income/[id]/route.ts; src/lib/services/incomeService.ts; src/lib/services/baseService.ts; audit-output/02-database-and-dependencies/MODULE_DEPENDENCY_MATRIX.csv; audit-output/01-repository-and-architecture/REPOSITORY_INVENTORY.md; audit-output/01-repository-and-architecture/GOOGLE_AUTH_CODE_FLOW.md; audit-input/01-database-structure/schema.sql; audit-input/01-database-structure/database.types.ts; audit-input/02-existing-team-outputs/2026-07-19_MODULE_CRUD_TRACE.csv; audit-input/02-existing-team-outputs/PM_MODULE_INVENTORY.csv; audit-input/02-existing-team-outputs/PM_SCREEN_INVENTORY.csv; audit-output/03-prd-traceability/PRD_IMPLEMENTATION_TRACEABILITY.csv
/kosh/sources,(dashboard),src/app/(dashboard)/kosh/sources/page.tsx,src/app/(dashboard)/layout.tsx,KoshHub,Kosh / Income,src/lib/stores/incomeStore.ts; src/components/cards/TreasurySummaryCard.tsx; src/components/cards/TreasuryMaturityBar.tsx; src/components/shared/PageGuide.tsx; src/components/tutorials/TutorialCard.tsx,src/app/(dashboard)/kosh/sources/page.tsx; src/lib/stores/incomeStore.ts; src/components/cards/TreasurySummaryCard.tsx; src/components/cards/TreasuryMaturityBar.tsx; src/components/shared/PageGuide.tsx; src/components/tutorials/TutorialCard.tsx; src/components/cards/DependencyBadge.tsx; src/app/api/income/route.ts; src/app/api/income/[id]/route.ts; src/lib/services/incomeService.ts; src/lib/middleware/auth.middleware.ts; src/lib/middleware/error.middleware.ts; src/lib/middleware/standardResponse.ts; src/lib/types/api.types.ts; src/lib/prisma.ts; src/lib/services/baseService.ts; src/lib/supabase/server.ts,/api/income; /api/income/[id],src/app/api/income/route.ts; src/app/api/income/[id]/route.ts,src/lib/stores/incomeStore.ts,src/lib/services/incomeService.ts; src/lib/services/baseService.ts,income_streams; users,Needs WD Verification - no direct field-map row found in traced files,src/lib/supabase/server.ts: @supabase/ssr Supabase project createServerClient; src/lib/middleware/auth.middleware.ts: supabase.auth Supabase Auth getUser,No distinct form component found in this route,KoshHub; BarChart3; TreasurySummaryCard,2,Implemented,No duplicate/old route risk identified from supplied source; Needs WD Verification before deletion decisions.,Strong Evidence,Yes,src/app/(dashboard)/kosh/sources/page.tsx; src/app/(dashboard)/layout.tsx; src/app/api/income/route.ts; src/app/api/income/[id]/route.ts; src/lib/services/incomeService.ts; src/lib/services/baseService.ts; audit-output/02-database-and-dependencies/MODULE_DEPENDENCY_MATRIX.csv; audit-output/01-repository-and-architecture/REPOSITORY_INVENTORY.md; audit-output/01-repository-and-architecture/GOOGLE_AUTH_CODE_FLOW.md; audit-input/01-database-structure/schema.sql; audit-input/01-database-structure/database.types.ts; audit-input/02-existing-team-outputs/2026-07-19_MODULE_CRUD_TRACE.csv; audit-input/02-existing-team-outputs/PM_MODULE_INVENTORY.csv; audit-input/02-existing-team-outputs/PM_SCREEN_INVENTORY.csv; audit-output/03-prd-traceability/PRD_IMPLEMENTATION_TRACEABILITY.csv
/kosh/sources/add,(dashboard),src/app/(dashboard)/kosh/sources/add/page.tsx,src/app/(dashboard)/layout.tsx,AddIncomePage,Kosh / Income,src/lib/stores/incomeStore.ts; src/components/cards/IncomeTypeChips.tsx; src/components/shared/NumberInputRupee.tsx; src/components/tutorials/TutorialCard.tsx,src/app/(dashboard)/kosh/sources/add/page.tsx; src/lib/stores/incomeStore.ts; src/components/cards/IncomeTypeChips.tsx; src/components/shared/NumberInputRupee.tsx; src/components/tutorials/TutorialCard.tsx; src/app/api/income/route.ts; src/app/api/income/[id]/route.ts; src/lib/services/incomeService.ts; src/lib/middleware/auth.middleware.ts; src/lib/middleware/error.middleware.ts; src/lib/middleware/standardResponse.ts; src/lib/types/api.types.ts; src/lib/prisma.ts; src/lib/services/baseService.ts; src/lib/supabase/server.ts,/api/income; /api/income/[id],src/app/api/income/route.ts; src/app/api/income/[id]/route.ts,src/lib/stores/incomeStore.ts,src/lib/services/incomeService.ts; src/lib/services/baseService.ts,income_streams; users; Not persisted to supplied database by this screen,Not persisted to supplied database by this screen.Not mapped,src/lib/supabase/server.ts: @supabase/ssr Supabase project createServerClient; src/lib/middleware/auth.middleware.ts: supabase.auth Supabase Auth getUser,AddIncomePage; NumberInputRupee,AddIncomePage,0,Implemented,"No duplicate/old route risk identified from supplied source; Needs WD Verification before deletion decisions. Static route-literal search found no reference outside the page file; dynamic navigation is possible, so linkage Needs WD Verification.",Strong Evidence,Yes,src/app/(dashboard)/kosh/sources/add/page.tsx; src/app/(dashboard)/layout.tsx; src/app/api/income/route.ts; src/app/api/income/[id]/route.ts; src/lib/services/incomeService.ts; src/lib/services/baseService.ts; audit-output/02-database-and-dependencies/FRONTEND_DATABASE_FIELD_MAP.csv; audit-output/02-database-and-dependencies/MODULE_DEPENDENCY_MATRIX.csv; audit-output/01-repository-and-architecture/REPOSITORY_INVENTORY.md; audit-output/01-repository-and-architecture/GOOGLE_AUTH_CODE_FLOW.md; audit-input/01-database-structure/schema.sql; audit-input/01-database-structure/database.types.ts; audit-input/02-existing-team-outputs/2026-07-19_MODULE_CRUD_TRACE.csv; audit-input/02-existing-team-outputs/PM_MODULE_INVENTORY.csv; audit-input/02-existing-team-outputs/PM_SCREEN_INVENTORY.csv; audit-output/03-prd-traceability/PRD_IMPLEMENTATION_TRACEABILITY.csv
/lakshya,(dashboard),src/app/(dashboard)/lakshya/page.tsx,src/app/(dashboard)/layout.tsx,LakshyaPage,Lakshya / Goals,None found in traced files,src/app/(dashboard)/lakshya/page.tsx,None found in traced files,None found in traced files,None found in traced files,None found in traced files,goals (module-level dependency evidence; Needs WD Verification for this route),Needs WD Verification - no direct field-map row found in traced files,None found in traced files,No distinct form component found in this route,No distinct display/list component found in this route,4,Placeholder,No duplicate/old route risk identified from supplied source; Needs WD Verification before deletion decisions.,Probable,Yes,src/app/(dashboard)/lakshya/page.tsx; src/app/(dashboard)/layout.tsx; audit-output/02-database-and-dependencies/MODULE_DEPENDENCY_MATRIX.csv; audit-output/01-repository-and-architecture/REPOSITORY_INVENTORY.md; audit-output/01-repository-and-architecture/GOOGLE_AUTH_CODE_FLOW.md; audit-input/01-database-structure/schema.sql; audit-input/01-database-structure/database.types.ts; audit-input/02-existing-team-outputs/2026-07-19_MODULE_CRUD_TRACE.csv; audit-output/03-prd-traceability/PRD_IMPLEMENTATION_TRACEABILITY.csv
/leakage,(dashboard),src/app/(dashboard)/leakage/page.tsx,src/app/(dashboard)/layout.tsx,LeakageModulePage,Leakage / Subscriptions,src/lib/subscriptionMetrics.ts,src/app/(dashboard)/leakage/page.tsx; src/lib/subscriptionMetrics.ts; src/app/api/subscriptions/route.ts; src/lib/services/subscriptionService.ts; src/lib/middleware/auth.middleware.ts; src/lib/middleware/error.middleware.ts; src/lib/middleware/standardResponse.ts; src/lib/prisma.ts; src/lib/services/baseService.ts; src/lib/supabase/server.ts,/api/subscriptions,src/app/api/subscriptions/route.ts,None found in traced files,src/lib/services/subscriptionService.ts; src/lib/services/baseService.ts,subscriptions; users,Needs WD Verification - no direct field-map row found in traced files,src/lib/supabase/server.ts: @supabase/ssr Supabase project createServerClient; src/lib/middleware/auth.middleware.ts: supabase.auth Supabase Auth getUser,No distinct form component found in this route,LeakageModulePage; BadgeCheck,2,Implemented,No duplicate/old route risk identified from supplied source; Needs WD Verification before deletion decisions.,Strong Evidence,Yes,src/app/(dashboard)/leakage/page.tsx; src/app/(dashboard)/layout.tsx; src/app/api/subscriptions/route.ts; src/lib/services/subscriptionService.ts; src/lib/services/baseService.ts; audit-output/02-database-and-dependencies/MODULE_DEPENDENCY_MATRIX.csv; audit-output/01-repository-and-architecture/REPOSITORY_INVENTORY.md; audit-output/01-repository-and-architecture/GOOGLE_AUTH_CODE_FLOW.md; audit-input/01-database-structure/schema.sql; audit-input/01-database-structure/database.types.ts; audit-input/02-existing-team-outputs/2026-07-19_MODULE_CRUD_TRACE.csv; audit-input/02-existing-team-outputs/PM_MODULE_INVENTORY.csv; audit-input/02-existing-team-outputs/PM_SCREEN_INVENTORY.csv; audit-output/03-prd-traceability/PRD_IMPLEMENTATION_TRACEABILITY.csv
/leakage/subscriptions,(dashboard),src/app/(dashboard)/leakage/subscriptions/page.tsx,src/app/(dashboard)/layout.tsx,SubscriptionsPage,Leakage / Subscriptions,src/lib/stores/expenseStore.ts; src/components/tutorials/TutorialCard.tsx,src/app/(dashboard)/leakage/subscriptions/page.tsx; src/lib/stores/expenseStore.ts; src/components/tutorials/TutorialCard.tsx; src/lib/stores/incomeStore.ts; src/app/api/expenses/route.ts; src/app/api/income/route.ts; src/app/api/income/[id]/route.ts; src/lib/services/expenseService.ts; src/lib/middleware/auth.middleware.ts; src/lib/middleware/error.middleware.ts; src/lib/middleware/standardResponse.ts; src/lib/types/api.types.ts; src/lib/services/incomeService.ts; src/lib/prisma.ts; src/lib/services/baseService.ts; src/lib/supabase/server.ts,/api/expenses; /api/income; /api/income/[id],src/app/api/expenses/route.ts; src/app/api/income/route.ts; src/app/api/income/[id]/route.ts,src/lib/stores/expenseStore.ts; src/lib/stores/incomeStore.ts,src/lib/services/expenseService.ts; src/lib/services/incomeService.ts; src/lib/services/baseService.ts,expense_entries; users; income_streams; Not persisted to subscriptions by this screen,Not persisted to subscriptions by this screen.Not mapped,src/lib/supabase/server.ts: @supabase/ssr Supabase project createServerClient; src/lib/middleware/auth.middleware.ts: supabase.auth Supabase Auth getUser,formatRupee,SubscriptionsPage,0,Implemented,"No duplicate/old route risk identified from supplied source; Needs WD Verification before deletion decisions. Static route-literal search found no reference outside the page file; dynamic navigation is possible, so linkage Needs WD Verification.",Strong Evidence,Yes,src/app/(dashboard)/leakage/subscriptions/page.tsx; src/app/(dashboard)/layout.tsx; src/app/api/expenses/route.ts; src/app/api/income/route.ts; src/app/api/income/[id]/route.ts; src/lib/services/expenseService.ts; src/lib/services/incomeService.ts; src/lib/services/baseService.ts; audit-output/02-database-and-dependencies/FRONTEND_DATABASE_FIELD_MAP.csv; audit-output/02-database-and-dependencies/MODULE_DEPENDENCY_MATRIX.csv; audit-output/01-repository-and-architecture/REPOSITORY_INVENTORY.md; audit-output/01-repository-and-architecture/GOOGLE_AUTH_CODE_FLOW.md; audit-input/01-database-structure/schema.sql; audit-input/01-database-structure/database.types.ts; audit-input/02-existing-team-outputs/2026-07-19_MODULE_CRUD_TRACE.csv; audit-input/02-existing-team-outputs/PM_MODULE_INVENTORY.csv; audit-input/02-existing-team-outputs/PM_SCREEN_INVENTORY.csv; audit-output/03-prd-traceability/PRD_IMPLEMENTATION_TRACEABILITY.csv
/login,(landing),src/app/(landing)/login/page.tsx,src/app/(landing)/layout.tsx,LoginRedirect,Public Website / Landing,None found in traced files,src/app/(landing)/login/page.tsx,None found in traced files,None found in traced files,None found in traced files,None found in traced files,Needs WD Verification - no direct table evidence found for this route,Needs WD Verification - no direct field-map row found in traced files,None found in traced files,No distinct form component found in this route,No distinct display/list component found in this route,6,Implemented,No duplicate/old route risk identified from supplied source; Needs WD Verification before deletion decisions.,Unconfirmed,Yes,src/app/(landing)/login/page.tsx; src/app/(landing)/layout.tsx; audit-output/01-repository-and-architecture/REPOSITORY_INVENTORY.md; audit-output/03-prd-traceability/PRD_IMPLEMENTATION_TRACEABILITY.csv
/mantri,(dashboard),src/app/(dashboard)/mantri/page.tsx,src/app/(dashboard)/layout.tsx,MantriPage,Mantri / Insights,None found in traced files,src/app/(dashboard)/mantri/page.tsx,None found in traced files,None found in traced files,None found in traced files,None found in traced files,No confirmed table or API (module-level dependency evidence; Needs WD Verification for this route),Needs WD Verification - no direct field-map row found in traced files,None found in traced files,No distinct form component found in this route,No distinct display/list component found in this route,2,Placeholder,No duplicate/old route risk identified from supplied source; Needs WD Verification before deletion decisions.,Probable,Yes,src/app/(dashboard)/mantri/page.tsx; src/app/(dashboard)/layout.tsx; audit-output/02-database-and-dependencies/MODULE_DEPENDENCY_MATRIX.csv; audit-output/01-repository-and-architecture/REPOSITORY_INVENTORY.md; audit-output/01-repository-and-architecture/GOOGLE_AUTH_CODE_FLOW.md; audit-input/02-existing-team-outputs/2026-07-19_MODULE_CRUD_TRACE.csv; audit-output/03-prd-traceability/PRD_IMPLEMENTATION_TRACEABILITY.csv
/map,(landing),src/app/(landing)/map/page.tsx,src/app/(landing)/layout.tsx,MapPage,Public Website / Landing,None found in traced files,src/app/(landing)/map/page.tsx,None found in traced files,None found in traced files,None found in traced files,None found in traced files,Needs WD Verification - no direct table evidence found for this route,Needs WD Verification - no direct field-map row found in traced files,None found in traced files,No distinct form component found in this route,No distinct display/list component found in this route,2,Implemented,No duplicate/old route risk identified from supplied source; Needs WD Verification before deletion decisions.,Unconfirmed,Yes,src/app/(landing)/map/page.tsx; src/app/(landing)/layout.tsx; audit-output/01-repository-and-architecture/REPOSITORY_INVENTORY.md; audit-output/03-prd-traceability/PRD_IMPLEMENTATION_TRACEABILITY.csv
/mitra,(dashboard),src/app/(dashboard)/mitra/page.tsx,src/app/(dashboard)/layout.tsx,MitraModule,Mitra / Nominees and Will,src/components/module/MicroLearningWrapper.tsx; src/components/ui/VideoTutorialPlaceholder.tsx; src/components/providers/ToastProvider.tsx,src/app/(dashboard)/mitra/page.tsx; src/components/module/MicroLearningWrapper.tsx; src/components/ui/VideoTutorialPlaceholder.tsx; src/components/providers/ToastProvider.tsx; src/app/api/will/route.ts; src/lib/services/willService.ts; src/lib/middleware/auth.middleware.ts; src/lib/middleware/error.middleware.ts; src/lib/middleware/standardResponse.ts; src/lib/prisma.ts; src/lib/services/baseService.ts; src/lib/supabase/server.ts,/api/will,src/app/api/will/route.ts,None found in traced files,src/lib/services/willService.ts; src/lib/services/baseService.ts,will_status; users,Needs WD Verification - no direct field-map row found in traced files,src/lib/supabase/server.ts: @supabase/ssr Supabase project createServerClient; src/lib/middleware/auth.middleware.ts: supabase.auth Supabase Auth getUser,No distinct form component found in this route,MitraModule,4,Implemented,No duplicate/old route risk identified from supplied source; Needs WD Verification before deletion decisions.,Strong Evidence,Yes,src/app/(dashboard)/mitra/page.tsx; src/app/(dashboard)/layout.tsx; src/app/api/will/route.ts; src/lib/services/willService.ts; src/lib/services/baseService.ts; audit-output/02-database-and-dependencies/MODULE_DEPENDENCY_MATRIX.csv; audit-output/01-repository-and-architecture/REPOSITORY_INVENTORY.md; audit-output/01-repository-and-architecture/GOOGLE_AUTH_CODE_FLOW.md; audit-input/01-database-structure/schema.sql; audit-input/01-database-structure/database.types.ts; audit-input/02-existing-team-outputs/2026-07-19_MODULE_CRUD_TRACE.csv; audit-input/02-existing-team-outputs/PM_MODULE_INVENTORY.csv; audit-input/02-existing-team-outputs/PM_SCREEN_INVENTORY.csv; audit-output/03-prd-traceability/PRD_IMPLEMENTATION_TRACEABILITY.csv
/mitra/assets,(dashboard),src/app/(dashboard)/mitra/assets/page.tsx,src/app/(dashboard)/layout.tsx,AssetNomineeDashboard,Mitra / Nominees and Will,src/components/providers/ToastProvider.tsx,src/app/(dashboard)/mitra/assets/page.tsx; src/components/providers/ToastProvider.tsx; src/app/api/nominee/assets/route.ts; src/app/api/family/route.ts; src/app/api/nominee/route.ts; src/app/api/nominee/[id]/route.ts; src/lib/prisma.ts; src/lib/middleware/auth.middleware.ts; src/lib/middleware/error.middleware.ts; src/lib/middleware/standardResponse.ts; src/lib/services/familyService.ts; src/lib/types/api.types.ts; src/lib/services/nomineeService.ts; src/lib/supabase/server.ts; src/lib/services/baseService.ts,/api/nominee/assets; /api/family; /api/nominee; /api/nominee/[id],src/app/api/nominee/assets/route.ts; src/app/api/family/route.ts; src/app/api/nominee/route.ts; src/app/api/nominee/[id]/route.ts,None found in traced files,src/lib/services/familyService.ts; src/lib/services/nomineeService.ts; src/lib/services/baseService.ts,nominee_mapping; insurance_policies; bank_accounts; property_assets; investment_holdings; users; family_members,nominee_mapping.assetRef; nominee_mapping.assetType; nominee_mapping.nomineeId; nominee_mapping.sharePercent; nominee_mapping.Not stored,src/lib/supabase/server.ts: @supabase/ssr Supabase project createServerClient; src/lib/middleware/auth.middleware.ts: supabase.auth Supabase Auth getUser,No distinct form component found in this route,AssetNomineeDashboard,0,Implemented,"No duplicate/old route risk identified from supplied source; Needs WD Verification before deletion decisions. Static route-literal search found no reference outside the page file; dynamic navigation is possible, so linkage Needs WD Verification.",Strong Evidence,Yes,src/app/(dashboard)/mitra/assets/page.tsx; src/app/(dashboard)/layout.tsx; src/app/api/nominee/assets/route.ts; src/app/api/family/route.ts; src/app/api/nominee/route.ts; src/app/api/nominee/[id]/route.ts; src/lib/services/familyService.ts; src/lib/services/nomineeService.ts; src/lib/services/baseService.ts; audit-output/02-database-and-dependencies/FRONTEND_DATABASE_FIELD_MAP.csv; audit-output/02-database-and-dependencies/MODULE_DEPENDENCY_MATRIX.csv; audit-output/01-repository-and-architecture/REPOSITORY_INVENTORY.md; audit-output/01-repository-and-architecture/GOOGLE_AUTH_CODE_FLOW.md; audit-input/01-database-structure/schema.sql; audit-input/01-database-structure/database.types.ts; audit-input/02-existing-team-outputs/2026-07-19_MODULE_CRUD_TRACE.csv; audit-input/02-existing-team-outputs/PM_MODULE_INVENTORY.csv; audit-input/02-existing-team-outputs/PM_SCREEN_INVENTORY.csv; +1 more
/mitra/will,(dashboard),src/app/(dashboard)/mitra/will/page.tsx,src/app/(dashboard)/layout.tsx,WillManagementPage,Mitra / Nominees and Will,src/components/providers/ToastProvider.tsx,src/app/(dashboard)/mitra/will/page.tsx; src/components/providers/ToastProvider.tsx; src/app/api/will/route.ts; src/lib/services/willService.ts; src/lib/middleware/auth.middleware.ts; src/lib/middleware/error.middleware.ts; src/lib/middleware/standardResponse.ts; src/lib/prisma.ts; src/lib/services/baseService.ts; src/lib/supabase/server.ts,/api/will,src/app/api/will/route.ts,None found in traced files,src/lib/services/willService.ts; src/lib/services/baseService.ts,will_status; users,will_status.existsFlag; will_status.location; will_status.executorName; will_status.executorContact; will_status.lastReviewDate; will_status.instructions,src/lib/supabase/server.ts: @supabase/ssr Supabase project createServerClient; src/lib/middleware/auth.middleware.ts: supabase.auth Supabase Auth getUser,No distinct form component found in this route,No distinct display/list component found in this route,2,Implemented,No duplicate/old route risk identified from supplied source; Needs WD Verification before deletion decisions.,Strong Evidence,Yes,src/app/(dashboard)/mitra/will/page.tsx; src/app/(dashboard)/layout.tsx; src/app/api/will/route.ts; src/lib/services/willService.ts; src/lib/services/baseService.ts; audit-output/02-database-and-dependencies/FRONTEND_DATABASE_FIELD_MAP.csv; audit-output/02-database-and-dependencies/MODULE_DEPENDENCY_MATRIX.csv; audit-output/01-repository-and-architecture/REPOSITORY_INVENTORY.md; audit-output/01-repository-and-architecture/GOOGLE_AUTH_CODE_FLOW.md; audit-input/01-database-structure/schema.sql; audit-input/01-database-structure/database.types.ts; audit-input/02-existing-team-outputs/2026-07-19_MODULE_CRUD_TRACE.csv; audit-input/02-existing-team-outputs/PM_MODULE_INVENTORY.csv; audit-input/02-existing-team-outputs/PM_SCREEN_INVENTORY.csv; audit-output/03-prd-traceability/PRD_IMPLEMENTATION_TRACEABILITY.csv
/notifications,(dashboard),src/app/(dashboard)/notifications/page.tsx,src/app/(dashboard)/layout.tsx,NotificationsPage,Notifications,src/lib/stores/notificationStore.ts,src/app/(dashboard)/notifications/page.tsx; src/lib/stores/notificationStore.ts; src/app/api/notifications/route.ts; src/app/api/notifications/[id]/route.ts; src/app/api/notifications/read-all/route.ts; src/lib/services/notificationService.ts; src/lib/middleware/auth.middleware.ts; src/lib/middleware/error.middleware.ts; src/lib/middleware/standardResponse.ts; src/lib/prisma.ts; src/lib/services/baseService.ts; src/lib/supabase/server.ts,/api/notifications; /api/notifications/[id]; /api/notifications/read-all,src/app/api/notifications/route.ts; src/app/api/notifications/[id]/route.ts; src/app/api/notifications/read-all/route.ts,src/lib/stores/notificationStore.ts,src/lib/services/notificationService.ts; src/lib/services/baseService.ts,insurance_policies; notifications; budget_plans; expense_entries; bank_accounts; subscriptions; identity_records; will_status; loan_accounts; goals; users; income_streams,Needs WD Verification - no direct field-map row found in traced files,src/lib/supabase/server.ts: @supabase/ssr Supabase project createServerClient; src/lib/middleware/auth.middleware.ts: supabase.auth Supabase Auth getUser,No distinct form component found in this route,NotificationsPage,4,Duplicate / Old Version,Overlaps configured Doot reminder/notification implementation; authoritative path needs WD verification.,Strong Evidence,Yes,src/app/(dashboard)/notifications/page.tsx; src/app/(dashboard)/layout.tsx; src/app/api/notifications/route.ts; src/app/api/notifications/[id]/route.ts; src/app/api/notifications/read-all/route.ts; src/lib/services/notificationService.ts; src/lib/services/baseService.ts; audit-output/02-database-and-dependencies/MODULE_DEPENDENCY_MATRIX.csv; audit-output/01-repository-and-architecture/REPOSITORY_INVENTORY.md; audit-output/01-repository-and-architecture/GOOGLE_AUTH_CODE_FLOW.md; audit-output/01-repository-and-architecture/ARCHITECTURE_AND_COUPLING_RISKS.md; audit-input/01-database-structure/schema.sql; audit-input/01-database-structure/database.types.ts; audit-input/02-existing-team-outputs/2026-07-19_MODULE_CRUD_TRACE.csv; audit-output/03-prd-traceability/PRD_IMPLEMENTATION_TRACEABILITY.csv
/onboarding/contact-info,(onboarding),src/app/(onboarding)/onboarding/contact-info/page.tsx,src/app/(onboarding)/onboarding/layout.tsx,ContactStep,Onboarding,src/lib/validators/contactValidator.ts; src/lib/firebase/firebase.ts,src/app/(onboarding)/onboarding/contact-info/page.tsx; src/lib/validators/contactValidator.ts; src/lib/firebase/firebase.ts; src/app/api/profile/route.ts; src/lib/supabase/server.ts; src/lib/services/userService.ts; src/lib/prisma.ts; src/lib/middleware/auth.middleware.ts; src/lib/middleware/error.middleware.ts; src/lib/middleware/standardResponse.ts; src/lib/types/api.types.ts; src/lib/services/baseService.ts,/api/profile,src/app/api/profile/route.ts,None found in traced files,src/lib/services/userService.ts; src/lib/services/baseService.ts,users,Needs WD Verification - no direct field-map row found in traced files,src/lib/supabase/server.ts: @supabase/ssr Supabase project createServerClient; src/lib/middleware/auth.middleware.ts: supabase.auth Supabase Auth getUser; src/app/api/profile/route.ts: supabase.auth Supabase Auth updateUser; src/lib/services/userService.ts: supabaseAdmin.auth.admin Supabase Auth admin getUserById; updateUserById; deleteUser,No distinct form component found in this route,ContactStep,0,Implemented,"No duplicate/old route risk identified from supplied source; Needs WD Verification before deletion decisions. Static route-literal search found no reference outside the page file; dynamic navigation is possible, so linkage Needs WD Verification.",Strong Evidence,Yes,src/app/(onboarding)/onboarding/contact-info/page.tsx; src/app/(onboarding)/onboarding/layout.tsx; src/app/api/profile/route.ts; src/lib/services/userService.ts; src/lib/services/baseService.ts; audit-output/01-repository-and-architecture/REPOSITORY_INVENTORY.md; audit-input/01-database-structure/schema.sql; audit-input/01-database-structure/database.types.ts; audit-output/03-prd-traceability/PRD_IMPLEMENTATION_TRACEABILITY.csv
/onboarding/dob,(onboarding),src/app/(onboarding)/onboarding/dob/page.tsx,src/app/(onboarding)/onboarding/layout.tsx,DOBStep,Onboarding,src/lib/stores/onboardingStore.ts,src/app/(onboarding)/onboarding/dob/page.tsx; src/lib/stores/onboardingStore.ts; src/app/api/profile/route.ts; src/app/api/family/route.ts; src/lib/supabase/server.ts; src/lib/services/userService.ts; src/lib/prisma.ts; src/lib/middleware/auth.middleware.ts; src/lib/middleware/error.middleware.ts; src/lib/middleware/standardResponse.ts; src/lib/types/api.types.ts; src/lib/services/familyService.ts; src/lib/services/baseService.ts,/api/profile; /api/family,src/app/api/profile/route.ts; src/app/api/family/route.ts,src/lib/stores/onboardingStore.ts,src/lib/services/userService.ts; src/lib/services/familyService.ts; src/lib/services/baseService.ts,users; family_members,Needs WD Verification - no direct field-map row found in traced files,src/lib/supabase/server.ts: @supabase/ssr Supabase project createServerClient; src/lib/middleware/auth.middleware.ts: supabase.auth Supabase Auth getUser; src/app/api/profile/route.ts: supabase.auth Supabase Auth updateUser; src/lib/services/userService.ts: supabaseAdmin.auth.admin Supabase Auth admin getUserById; updateUserById; deleteUser,No distinct form component found in this route,DOBStep; OnboardingStore,0,Implemented,"No duplicate/old route risk identified from supplied source; Needs WD Verification before deletion decisions. Static route-literal search found no reference outside the page file; dynamic navigation is possible, so linkage Needs WD Verification.",Strong Evidence,Yes,src/app/(onboarding)/onboarding/dob/page.tsx; src/app/(onboarding)/onboarding/layout.tsx; src/app/api/profile/route.ts; src/app/api/family/route.ts; src/lib/services/userService.ts; src/lib/services/familyService.ts; src/lib/services/baseService.ts; audit-output/01-repository-and-architecture/REPOSITORY_INVENTORY.md; audit-input/01-database-structure/schema.sql; audit-input/01-database-structure/database.types.ts; audit-output/03-prd-traceability/PRD_IMPLEMENTATION_TRACEABILITY.csv
/onboarding/family,(onboarding),src/app/(onboarding)/onboarding/family/page.tsx,src/app/(onboarding)/onboarding/layout.tsx,TrustDeclaration,Onboarding,None found in traced files,src/app/(onboarding)/onboarding/family/page.tsx,None found in traced files,None found in traced files,None found in traced files,None found in traced files,Needs WD Verification - no direct table evidence found for this route,Needs WD Verification - no direct field-map row found in traced files,None found in traced files,No distinct form component found in this route,TrustDeclaration,0,Implemented,"No duplicate/old route risk identified from supplied source; Needs WD Verification before deletion decisions. Static route-literal search found no reference outside the page file; dynamic navigation is possible, so linkage Needs WD Verification.",Unconfirmed,Yes,src/app/(onboarding)/onboarding/family/page.tsx; src/app/(onboarding)/onboarding/layout.tsx; audit-output/01-repository-and-architecture/REPOSITORY_INVENTORY.md; audit-output/03-prd-traceability/PRD_IMPLEMENTATION_TRACEABILITY.csv
/onboarding/firstwin,(onboarding),src/app/(onboarding)/onboarding/firstwin/page.tsx,src/app/(onboarding)/onboarding/layout.tsx,FirstWin,Onboarding,src/lib/stores/onboardingStore.ts; src/lib/supabase/client.ts,src/app/(onboarding)/onboarding/firstwin/page.tsx; src/lib/stores/onboardingStore.ts; src/lib/supabase/client.ts; src/app/api/profile/route.ts; src/app/api/family/route.ts; src/lib/supabase/server.ts; src/lib/services/userService.ts; src/lib/prisma.ts; src/lib/middleware/auth.middleware.ts; src/lib/middleware/error.middleware.ts; src/lib/middleware/standardResponse.ts; src/lib/types/api.types.ts; src/lib/services/familyService.ts; src/lib/services/baseService.ts,/api/profile; /api/family,src/app/api/profile/route.ts; src/app/api/family/route.ts,src/lib/stores/onboardingStore.ts,src/lib/services/userService.ts; src/lib/services/familyService.ts; src/lib/services/baseService.ts,users; family_members,Needs WD Verification - no direct field-map row found in traced files,src/lib/supabase/client.ts: @supabase/ssr Supabase project createBrowserClient; src/lib/supabase/server.ts: @supabase/ssr Supabase project createServerClient; src/lib/middleware/auth.middleware.ts: supabase.auth Supabase Auth getUser; src/app/(onboarding)/onboarding/firstwin/page.tsx: supabase.auth Supabase Auth updateUser; src/app/api/profile/route.ts: supabase.auth Supabase Auth updateUser; src/lib/services/userService.ts: supabaseAdmin.auth.admin Supabase Auth admin getUserById; updateUserById; deleteUser,No distinct form component found in this route,FirstWin; OnboardingStore,0,Implemented,"No duplicate/old route risk identified from supplied source; Needs WD Verification before deletion decisions. Static route-literal search found no reference outside the page file; dynamic navigation is possible, so linkage Needs WD Verification.",Strong Evidence,Yes,src/app/(onboarding)/onboarding/firstwin/page.tsx; src/app/(onboarding)/onboarding/layout.tsx; src/app/api/profile/route.ts; src/app/api/family/route.ts; src/lib/services/userService.ts; src/lib/services/familyService.ts; src/lib/services/baseService.ts; audit-output/01-repository-and-architecture/REPOSITORY_INVENTORY.md; audit-input/01-database-structure/schema.sql; audit-input/01-database-structure/database.types.ts; audit-output/03-prd-traceability/PRD_IMPLEMENTATION_TRACEABILITY.csv
/onboarding/intro,(onboarding),src/app/(onboarding)/onboarding/intro/page.tsx,src/app/(onboarding)/onboarding/layout.tsx,RajyaNirmaanIntro,Onboarding,None found in traced files,src/app/(onboarding)/onboarding/intro/page.tsx; src/app/api/profile/route.ts; src/lib/supabase/server.ts; src/lib/services/userService.ts; src/lib/prisma.ts; src/lib/middleware/auth.middleware.ts; src/lib/middleware/error.middleware.ts; src/lib/middleware/standardResponse.ts; src/lib/types/api.types.ts; src/lib/services/baseService.ts,/api/profile,src/app/api/profile/route.ts,None found in traced files,src/lib/services/userService.ts; src/lib/services/baseService.ts,users,Needs WD Verification - no direct field-map row found in traced files,src/lib/supabase/server.ts: @supabase/ssr Supabase project createServerClient; src/lib/middleware/auth.middleware.ts: supabase.auth Supabase Auth getUser; src/app/api/profile/route.ts: supabase.auth Supabase Auth updateUser; src/lib/services/userService.ts: supabaseAdmin.auth.admin Supabase Auth admin getUserById; updateUserById; deleteUser,No distinct form component found in this route,RajyaNirmaanIntro,2,Implemented,No duplicate/old route risk identified from supplied source; Needs WD Verification before deletion decisions.,Strong Evidence,Yes,src/app/(onboarding)/onboarding/intro/page.tsx; src/app/(onboarding)/onboarding/layout.tsx; src/app/api/profile/route.ts; src/lib/services/userService.ts; src/lib/services/baseService.ts; audit-output/01-repository-and-architecture/REPOSITORY_INVENTORY.md; audit-input/01-database-structure/schema.sql; audit-input/01-database-structure/database.types.ts; audit-output/03-prd-traceability/PRD_IMPLEMENTATION_TRACEABILITY.csv
/onboarding/name,(onboarding),src/app/(onboarding)/onboarding/name/page.tsx,src/app/(onboarding)/onboarding/layout.tsx,NameStep,Onboarding,src/lib/stores/onboardingStore.ts; src/components/providers/AuthProvider.tsx,src/app/(onboarding)/onboarding/name/page.tsx; src/lib/stores/onboardingStore.ts; src/components/providers/AuthProvider.tsx; src/lib/supabase/client.ts; src/app/api/profile/route.ts; src/app/api/family/route.ts; src/lib/supabase/server.ts; src/lib/services/userService.ts; src/lib/prisma.ts; src/lib/middleware/auth.middleware.ts; src/lib/middleware/error.middleware.ts; src/lib/middleware/standardResponse.ts; src/lib/types/api.types.ts; src/lib/services/familyService.ts; src/lib/services/baseService.ts,/api/profile; /api/family,src/app/api/profile/route.ts; src/app/api/family/route.ts,src/lib/stores/onboardingStore.ts,src/lib/services/userService.ts; src/lib/services/familyService.ts; src/lib/services/baseService.ts,users; family_members,Needs WD Verification - no direct field-map row found in traced files,src/lib/supabase/client.ts: @supabase/ssr Supabase project createBrowserClient; src/lib/supabase/server.ts: @supabase/ssr Supabase project createServerClient; src/lib/middleware/auth.middleware.ts: supabase.auth Supabase Auth getUser; src/components/providers/AuthProvider.tsx: supabase.auth Supabase Auth getSession; onAuthStateChange; signOut; src/app/api/profile/route.ts: supabase.auth Supabase Auth updateUser; src/lib/services/userService.ts: supabaseAdmin.auth.admin Supabase Auth admin getUserById; updateUserById; deleteUser,No distinct form component found in this route,NameStep; OnboardingStore,0,Implemented,"No duplicate/old route risk identified from supplied source; Needs WD Verification before deletion decisions. Static route-literal search found no reference outside the page file; dynamic navigation is possible, so linkage Needs WD Verification.",Strong Evidence,Yes,src/app/(onboarding)/onboarding/name/page.tsx; src/app/(onboarding)/onboarding/layout.tsx; src/app/api/profile/route.ts; src/app/api/family/route.ts; src/lib/services/userService.ts; src/lib/services/familyService.ts; src/lib/services/baseService.ts; audit-output/01-repository-and-architecture/REPOSITORY_INVENTORY.md; audit-input/01-database-structure/schema.sql; audit-input/01-database-structure/database.types.ts; audit-output/03-prd-traceability/PRD_IMPLEMENTATION_TRACEABILITY.csv
/onboarding/occupation,(onboarding),src/app/(onboarding)/onboarding/occupation/page.tsx,src/app/(onboarding)/onboarding/layout.tsx,OccupationStep,Onboarding,src/lib/stores/onboardingStore.ts,src/app/(onboarding)/onboarding/occupation/page.tsx; src/lib/stores/onboardingStore.ts; src/app/api/profile/route.ts; src/app/api/family/route.ts; src/lib/supabase/server.ts; src/lib/services/userService.ts; src/lib/prisma.ts; src/lib/middleware/auth.middleware.ts; src/lib/middleware/error.middleware.ts; src/lib/middleware/standardResponse.ts; src/lib/types/api.types.ts; src/lib/services/familyService.ts; src/lib/services/baseService.ts,/api/profile; /api/family,src/app/api/profile/route.ts; src/app/api/family/route.ts,src/lib/stores/onboardingStore.ts,src/lib/services/userService.ts; src/lib/services/familyService.ts; src/lib/services/baseService.ts,users; family_members,Needs WD Verification - no direct field-map row found in traced files,src/lib/supabase/server.ts: @supabase/ssr Supabase project createServerClient; src/lib/middleware/auth.middleware.ts: supabase.auth Supabase Auth getUser; src/app/api/profile/route.ts: supabase.auth Supabase Auth updateUser; src/lib/services/userService.ts: supabaseAdmin.auth.admin Supabase Auth admin getUserById; updateUserById; deleteUser,No distinct form component found in this route,OccupationStep; OnboardingStore,0,Implemented,"No duplicate/old route risk identified from supplied source; Needs WD Verification before deletion decisions. Static route-literal search found no reference outside the page file; dynamic navigation is possible, so linkage Needs WD Verification.",Strong Evidence,Yes,src/app/(onboarding)/onboarding/occupation/page.tsx; src/app/(onboarding)/onboarding/layout.tsx; src/app/api/profile/route.ts; src/app/api/family/route.ts; src/lib/services/userService.ts; src/lib/services/familyService.ts; src/lib/services/baseService.ts; audit-output/01-repository-and-architecture/REPOSITORY_INVENTORY.md; audit-input/01-database-structure/schema.sql; audit-input/01-database-structure/database.types.ts; audit-output/03-prd-traceability/PRD_IMPLEMENTATION_TRACEABILITY.csv
/onboarding/status,(onboarding),src/app/(onboarding)/onboarding/status/page.tsx,src/app/(onboarding)/onboarding/layout.tsx,StatusStep,Onboarding,src/lib/stores/onboardingStore.ts,src/app/(onboarding)/onboarding/status/page.tsx; src/lib/stores/onboardingStore.ts; src/app/api/profile/route.ts; src/app/api/family/route.ts; src/lib/supabase/server.ts; src/lib/services/userService.ts; src/lib/prisma.ts; src/lib/middleware/auth.middleware.ts; src/lib/middleware/error.middleware.ts; src/lib/middleware/standardResponse.ts; src/lib/types/api.types.ts; src/lib/services/familyService.ts; src/lib/services/baseService.ts,/api/profile; /api/family,src/app/api/profile/route.ts; src/app/api/family/route.ts,src/lib/stores/onboardingStore.ts,src/lib/services/userService.ts; src/lib/services/familyService.ts; src/lib/services/baseService.ts,users; family_members,Needs WD Verification - no direct field-map row found in traced files,src/lib/supabase/server.ts: @supabase/ssr Supabase project createServerClient; src/lib/middleware/auth.middleware.ts: supabase.auth Supabase Auth getUser; src/app/api/profile/route.ts: supabase.auth Supabase Auth updateUser; src/lib/services/userService.ts: supabaseAdmin.auth.admin Supabase Auth admin getUserById; updateUserById; deleteUser,No distinct form component found in this route,StatusStep; OnboardingStore,0,Implemented,"No duplicate/old route risk identified from supplied source; Needs WD Verification before deletion decisions. Static route-literal search found no reference outside the page file; dynamic navigation is possible, so linkage Needs WD Verification.",Strong Evidence,Yes,src/app/(onboarding)/onboarding/status/page.tsx; src/app/(onboarding)/onboarding/layout.tsx; src/app/api/profile/route.ts; src/app/api/family/route.ts; src/lib/services/userService.ts; src/lib/services/familyService.ts; src/lib/services/baseService.ts; audit-output/01-repository-and-architecture/REPOSITORY_INVENTORY.md; audit-input/01-database-structure/schema.sql; audit-input/01-database-structure/database.types.ts; audit-output/03-prd-traceability/PRD_IMPLEMENTATION_TRACEABILITY.csv
/partner-with-us,(landing),src/app/(landing)/partner-with-us/page.tsx,src/app/(landing)/layout.tsx,PartnerWithUsPage,Public Website / Landing,src/components/landing/Navbar.tsx; src/components/landing/Footer.tsx,src/app/(landing)/partner-with-us/page.tsx; src/components/landing/Navbar.tsx; src/components/landing/Footer.tsx; src/components/landing/ui/Button.tsx; src/context/landing/LanguageContext.tsx; src/lib/landing/cn.ts,None found in traced files,None found in traced files,src/context/landing/LanguageContext.tsx,None found in traced files,Needs WD Verification - no direct table evidence found for this route,Needs WD Verification - no direct field-map row found in traced files,None found in traced files,No distinct form component found in this route,PartnerWithUsPage,1,Implemented,No duplicate/old route risk identified from supplied source; Needs WD Verification before deletion decisions.,Probable,Yes,src/app/(landing)/partner-with-us/page.tsx; src/app/(landing)/layout.tsx; audit-output/01-repository-and-architecture/REPOSITORY_INVENTORY.md; audit-output/03-prd-traceability/PRD_IMPLEMENTATION_TRACEABILITY.csv
/pehchaan/mapping,(dashboard),src/app/(dashboard)/pehchaan/mapping/page.tsx,src/app/(dashboard)/layout.tsx,LinksListPage,Pehchaan / Identity Vault,src/lib/stores/identityStore.ts,src/app/(dashboard)/pehchaan/mapping/page.tsx; src/lib/stores/identityStore.ts; src/lib/stores/onboardingStore.ts; src/lib/validators/contactValidator.ts; src/app/api/identity/route.ts; src/app/api/profile/route.ts; src/app/api/family/route.ts; src/lib/services/identityService.ts; src/lib/middleware/auth.middleware.ts; src/lib/middleware/error.middleware.ts; src/lib/middleware/standardResponse.ts; src/lib/types/api.types.ts; src/lib/prisma.ts; src/lib/supabase/server.ts; src/lib/services/userService.ts; src/lib/services/familyService.ts; src/lib/services/baseService.ts,/api/identity; /api/profile; /api/family,src/app/api/identity/route.ts; src/app/api/profile/route.ts; src/app/api/family/route.ts,src/lib/stores/identityStore.ts; src/lib/stores/onboardingStore.ts,src/lib/services/identityService.ts; src/lib/services/userService.ts; src/lib/services/familyService.ts; src/lib/services/baseService.ts,document_meta; users; identity_records; family_members,Needs WD Verification - no direct field-map row found in traced files,src/lib/supabase/server.ts: @supabase/ssr Supabase project createServerClient; src/lib/middleware/auth.middleware.ts: supabase.auth Supabase Auth getUser; src/app/api/profile/route.ts: supabase.auth Supabase Auth updateUser; src/lib/services/userService.ts: supabaseAdmin.auth.admin Supabase Auth admin getUserById; updateUserById; deleteUser,No distinct form component found in this route,LinksListPage,0,Implemented,"No duplicate/old route risk identified from supplied source; Needs WD Verification before deletion decisions. Static route-literal search found no reference outside the page file; dynamic navigation is possible, so linkage Needs WD Verification.",Strong Evidence,Yes,src/app/(dashboard)/pehchaan/mapping/page.tsx; src/app/(dashboard)/layout.tsx; src/app/api/identity/route.ts; src/app/api/profile/route.ts; src/app/api/family/route.ts; src/lib/services/identityService.ts; src/lib/services/userService.ts; src/lib/services/familyService.ts; src/lib/services/baseService.ts; audit-output/02-database-and-dependencies/MODULE_DEPENDENCY_MATRIX.csv; audit-output/01-repository-and-architecture/REPOSITORY_INVENTORY.md; audit-output/01-repository-and-architecture/GOOGLE_AUTH_CODE_FLOW.md; audit-input/01-database-structure/schema.sql; audit-input/01-database-structure/database.types.ts; audit-input/02-existing-team-outputs/2026-07-19_MODULE_CRUD_TRACE.csv; audit-input/02-existing-team-outputs/PM_MODULE_INVENTORY.csv; audit-input/02-existing-team-outputs/PM_SCREEN_INVENTORY.csv; audit-output/03-prd-traceability/PRD_IMPLEMENTATION_TRACEABILITY.csv
/pehchaan/mapping/add,(dashboard),src/app/(dashboard)/pehchaan/mapping/add/page.tsx,src/app/(dashboard)/layout.tsx,LinkWizard,Pehchaan / Identity Vault,src/lib/stores/identityStore.ts; src/lib/validators/contactValidator.ts,src/app/(dashboard)/pehchaan/mapping/add/page.tsx; src/lib/stores/identityStore.ts; src/lib/validators/contactValidator.ts; src/lib/stores/onboardingStore.ts; src/app/api/identity/route.ts; src/app/api/profile/route.ts; src/app/api/family/route.ts; src/lib/services/identityService.ts; src/lib/middleware/auth.middleware.ts; src/lib/middleware/error.middleware.ts; src/lib/middleware/standardResponse.ts; src/lib/types/api.types.ts; src/lib/prisma.ts; src/lib/supabase/server.ts; src/lib/services/userService.ts; src/lib/services/familyService.ts; src/lib/services/baseService.ts,/api/identity; /api/profile; /api/family,src/app/api/identity/route.ts; src/app/api/profile/route.ts; src/app/api/family/route.ts,src/lib/stores/identityStore.ts; src/lib/stores/onboardingStore.ts,src/lib/services/identityService.ts; src/lib/services/userService.ts; src/lib/services/familyService.ts; src/lib/services/baseService.ts,document_meta; users; identity_records; family_members,Needs WD Verification - no direct field-map row found in traced files,src/lib/supabase/server.ts: @supabase/ssr Supabase project createServerClient; src/lib/middleware/auth.middleware.ts: supabase.auth Supabase Auth getUser; src/app/api/profile/route.ts: supabase.auth Supabase Auth updateUser; src/lib/services/userService.ts: supabaseAdmin.auth.admin Supabase Auth admin getUserById; updateUserById; deleteUser,LinkWizard,LinkWizard,0,Implemented,"No duplicate/old route risk identified from supplied source; Needs WD Verification before deletion decisions. Static route-literal search found no reference outside the page file; dynamic navigation is possible, so linkage Needs WD Verification.",Strong Evidence,Yes,src/app/(dashboard)/pehchaan/mapping/add/page.tsx; src/app/(dashboard)/layout.tsx; src/app/api/identity/route.ts; src/app/api/profile/route.ts; src/app/api/family/route.ts; src/lib/services/identityService.ts; src/lib/services/userService.ts; src/lib/services/familyService.ts; src/lib/services/baseService.ts; audit-output/02-database-and-dependencies/MODULE_DEPENDENCY_MATRIX.csv; audit-output/01-repository-and-architecture/REPOSITORY_INVENTORY.md; audit-output/01-repository-and-architecture/GOOGLE_AUTH_CODE_FLOW.md; audit-input/01-database-structure/schema.sql; audit-input/01-database-structure/database.types.ts; audit-input/02-existing-team-outputs/2026-07-19_MODULE_CRUD_TRACE.csv; audit-input/02-existing-team-outputs/PM_MODULE_INVENTORY.csv; audit-input/02-existing-team-outputs/PM_SCREEN_INVENTORY.csv; audit-output/03-prd-traceability/PRD_IMPLEMENTATION_TRACEABILITY.csv
/pehchaan/records,(dashboard),src/app/(dashboard)/pehchaan/records/page.tsx,src/app/(dashboard)/layout.tsx,IdentityHub,Pehchaan / Identity Vault,src/lib/identityStore.ts; src/components/identity/SealStrengthRing.tsx; src/components/ui/VideoTutorialPlaceholder.tsx; src/components/ui/PageGuide.tsx; src/components/providers/ToastProvider.tsx; src/components/ui/ConfirmModal.tsx,src/app/(dashboard)/pehchaan/records/page.tsx; src/lib/identityStore.ts; src/components/identity/SealStrengthRing.tsx; src/components/ui/VideoTutorialPlaceholder.tsx; src/components/ui/PageGuide.tsx; src/components/providers/ToastProvider.tsx; src/components/ui/ConfirmModal.tsx; src/lib/onboardingStore.ts; src/lib/contactValidation.ts; src/app/api/auth/google-status/route.ts; src/app/api/identity/route.ts; src/app/api/auth/unlink-google/route.ts; src/app/api/auth/link-google/route.ts; src/app/api/profile/route.ts; src/app/api/family/route.ts; src/lib/supabase/server.ts; src/lib/prisma.ts; src/lib/services/identityService.ts; src/lib/middleware/auth.middleware.ts; src/lib/middleware/error.middleware.ts; src/lib/middleware/standardResponse.ts; src/lib/types/api.types.ts; src/lib/services/userService.ts; src/lib/services/familyService.ts; src/lib/services/baseService.ts,/api/auth/google-status; /api/identity; /api/auth/unlink-google; /api/auth/link-google; /api/profile; /api/family,src/app/api/auth/google-status/route.ts; src/app/api/identity/route.ts; src/app/api/auth/unlink-google/route.ts; src/app/api/auth/link-google/route.ts; src/app/api/profile/route.ts; src/app/api/family/route.ts,src/lib/identityStore.ts; src/lib/onboardingStore.ts,src/lib/services/identityService.ts; src/lib/services/userService.ts; src/lib/services/familyService.ts; src/lib/services/baseService.ts,users; document_meta; identity_records; family_members,Needs WD Verification - no direct field-map row found in traced files,src/lib/supabase/server.ts: @supabase/ssr Supabase project createServerClient; src/lib/middleware/auth.middleware.ts: supabase.auth Supabase Auth getUser; src/app/api/profile/route.ts: supabase.auth Supabase Auth updateUser; src/app/api/auth/link-google/route.ts: supabase.auth Supabase Auth getSession; src/app/api/auth/google-status/route.ts: supabase.auth Supabase Auth getSession; src/lib/services/userService.ts: supabaseAdmin.auth.admin Supabase Auth admin getUserById; updateUserById; deleteUser,No distinct form component found in this route,IdentityHub; CreditCard,7,Implemented,No duplicate/old route risk identified from supplied source; Needs WD Verification before deletion decisions.,Strong Evidence,Yes,src/app/(dashboard)/pehchaan/records/page.tsx; src/app/(dashboard)/layout.tsx; src/app/api/auth/google-status/route.ts; src/app/api/identity/route.ts; src/app/api/auth/unlink-google/route.ts; src/app/api/auth/link-google/route.ts; src/app/api/profile/route.ts; src/app/api/family/route.ts; src/lib/services/identityService.ts; src/lib/services/userService.ts; src/lib/services/familyService.ts; src/lib/services/baseService.ts; audit-output/02-database-and-dependencies/MODULE_DEPENDENCY_MATRIX.csv; audit-output/01-repository-and-architecture/REPOSITORY_INVENTORY.md; audit-output/01-repository-and-architecture/GOOGLE_AUTH_CODE_FLOW.md; audit-input/01-database-structure/schema.sql; audit-input/01-database-structure/database.types.ts; audit-input/02-existing-team-outputs/2026-07-19_MODULE_CRUD_TRACE.csv; +3 more
/pehchaan/records/[id]/edit,(dashboard),src/app/(dashboard)/pehchaan/records/[id]/edit/page.tsx,src/app/(dashboard)/layout.tsx,EditDocument,Pehchaan / Identity Vault,src/lib/identityStore.ts; src/lib/vault.ts; src/components/vault/FileUploader.tsx,src/app/(dashboard)/pehchaan/records/[id]/edit/page.tsx; src/lib/identityStore.ts; src/lib/vault.ts; src/components/vault/FileUploader.tsx; src/lib/onboardingStore.ts; src/lib/contactValidation.ts; src/lib/localVaultEngine.ts; src/lib/cloudDriveSync.ts; src/lib/supabase/client.ts; src/components/providers/ToastProvider.tsx; src/app/api/auth/google-status/route.ts; src/app/api/family/route.ts; src/app/api/identity/[id]/route.ts; src/app/api/identity/route.ts; src/app/api/google-drive/upload/route.ts; src/app/api/google-drive/download/route.ts; src/app/api/profile/route.ts; src/lib/supabase/server.ts; src/lib/prisma.ts; src/lib/services/familyService.ts; src/lib/middleware/auth.middleware.ts; src/lib/middleware/error.middleware.ts; src/lib/middleware/standardResponse.ts; src/lib/types/api.types.ts; src/lib/services/identityService.ts; src/lib/googleDriveUtils.ts; src/lib/googleAuth.ts; src/lib/services/userService.ts; src/lib/services/baseService.ts,/api/auth/google-status; /api/family; /api/identity/[id]; /api/identity; /api/google-drive/upload; /api/google-drive/download; /api/profile,src/app/api/auth/google-status/route.ts; src/app/api/family/route.ts; src/app/api/identity/[id]/route.ts; src/app/api/identity/route.ts; src/app/api/google-drive/upload/route.ts; src/app/api/google-drive/download/route.ts; src/app/api/profile/route.ts,src/lib/identityStore.ts; src/lib/onboardingStore.ts,src/lib/services/familyService.ts; src/lib/services/identityService.ts; src/lib/services/userService.ts; src/lib/services/baseService.ts,users; document_meta; family_members; identity_records,Needs WD Verification - no direct field-map row found in traced files,src/lib/supabase/client.ts: @supabase/ssr Supabase project createBrowserClient; src/lib/supabase/server.ts: @supabase/ssr Supabase project createServerClient; src/lib/middleware/auth.middleware.ts: supabase.auth Supabase Auth getUser; src/components/vault/FileUploader.tsx: supabase.auth Supabase Auth getUser; src/components/vault/FileUploader.tsx: supabase.storage Dynamic bucket from folder prop .from(folder).upload; getPublicUrl; src/app/api/profile/route.ts: supabase.auth Supabase Auth updateUser; src/app/api/auth/google-status/route.ts: supabase.auth Supabase Auth getSession; src/app/api/google-drive/upload/route.ts: supabase.auth Supabase Auth getSession; src/app/api/google-drive/download/route.ts: supabase.auth Supabase Auth getSession; src/lib/services/userService.ts: supabaseAdmin.auth.admin Supabase Auth admin getUserById; updateUserById; deleteUser,EditDocument; FileUploader,EditDocument,0,Implemented,"No duplicate/old route risk identified from supplied source; Needs WD Verification before deletion decisions. Static route-literal search found no reference outside the page file; dynamic navigation is possible, so linkage Needs WD Verification.",Strong Evidence,Yes,src/app/(dashboard)/pehchaan/records/[id]/edit/page.tsx; src/app/(dashboard)/layout.tsx; src/app/api/auth/google-status/route.ts; src/app/api/family/route.ts; src/app/api/identity/[id]/route.ts; src/app/api/identity/route.ts; src/app/api/google-drive/upload/route.ts; src/app/api/google-drive/download/route.ts; src/app/api/profile/route.ts; src/lib/services/familyService.ts; src/lib/services/identityService.ts; src/lib/services/userService.ts; src/lib/services/baseService.ts; audit-output/02-database-and-dependencies/MODULE_DEPENDENCY_MATRIX.csv; audit-output/01-repository-and-architecture/REPOSITORY_INVENTORY.md; audit-output/01-repository-and-architecture/GOOGLE_AUTH_CODE_FLOW.md; audit-input/01-database-structure/schema.sql; audit-input/01-database-structure/database.types.ts; +4 more
/pehchaan/records/add,(dashboard),src/app/(dashboard)/pehchaan/records/add/page.tsx,src/app/(dashboard)/layout.tsx,AddDocument,Pehchaan / Identity Vault,src/lib/identityStore.ts; src/lib/stores/onboardingStore.ts; src/lib/documentValidation.ts; src/lib/vault.ts; src/components/vault/FileUploader.tsx,src/app/(dashboard)/pehchaan/records/add/page.tsx; src/lib/identityStore.ts; src/lib/stores/onboardingStore.ts; src/lib/documentValidation.ts; src/lib/vault.ts; src/components/vault/FileUploader.tsx; src/lib/onboardingStore.ts; src/lib/contactValidation.ts; src/lib/localVaultEngine.ts; src/lib/cloudDriveSync.ts; src/lib/supabase/client.ts; src/components/providers/ToastProvider.tsx; src/app/api/auth/google-status/route.ts; src/app/api/family/route.ts; src/app/api/identity/route.ts; src/app/api/profile/route.ts; src/app/api/google-drive/upload/route.ts; src/app/api/google-drive/download/route.ts; src/lib/supabase/server.ts; src/lib/prisma.ts; src/lib/services/familyService.ts; src/lib/middleware/auth.middleware.ts; src/lib/middleware/error.middleware.ts; src/lib/middleware/standardResponse.ts; src/lib/types/api.types.ts; src/lib/services/identityService.ts; src/lib/services/userService.ts; src/lib/googleAuth.ts; src/lib/services/baseService.ts,/api/auth/google-status; /api/family; /api/identity; /api/profile; /api/google-drive/upload; /api/google-drive/download,src/app/api/auth/google-status/route.ts; src/app/api/family/route.ts; src/app/api/identity/route.ts; src/app/api/profile/route.ts; src/app/api/google-drive/upload/route.ts; src/app/api/google-drive/download/route.ts,src/lib/identityStore.ts; src/lib/stores/onboardingStore.ts; src/lib/onboardingStore.ts,src/lib/services/familyService.ts; src/lib/services/identityService.ts; src/lib/services/userService.ts; src/lib/services/baseService.ts,users; document_meta; family_members; identity_records,identity_records.idType; identity_records.numberMasked; identity_records.issuedDate; identity_records.expiryDate; identity_records.placeOfIssue; identity_records.dobOnDoc; identity_records.nameOnDoc; identity_records.vaultFileId; identity_records.familyMemberId,src/lib/supabase/client.ts: @supabase/ssr Supabase project createBrowserClient; src/lib/supabase/server.ts: @supabase/ssr Supabase project createServerClient; src/lib/middleware/auth.middleware.ts: supabase.auth Supabase Auth getUser; src/components/vault/FileUploader.tsx: supabase.auth Supabase Auth getUser; src/components/vault/FileUploader.tsx: supabase.storage Dynamic bucket from folder prop .from(folder).upload; getPublicUrl; src/app/api/profile/route.ts: supabase.auth Supabase Auth updateUser; src/app/api/auth/google-status/route.ts: supabase.auth Supabase Auth getSession; src/app/api/google-drive/upload/route.ts: supabase.auth Supabase Auth getSession; src/app/api/google-drive/download/route.ts: supabase.auth Supabase Auth getSession; src/lib/services/userService.ts: supabaseAdmin.auth.admin Supabase Auth admin getUserById; updateUserById; deleteUser,AddDocument; FileUploader,AddDocument; OnboardingStore,1,Implemented,No duplicate/old route risk identified from supplied source; Needs WD Verification before deletion decisions.,Strong Evidence,Yes,src/app/(dashboard)/pehchaan/records/add/page.tsx; src/app/(dashboard)/layout.tsx; src/app/api/auth/google-status/route.ts; src/app/api/family/route.ts; src/app/api/identity/route.ts; src/app/api/profile/route.ts; src/app/api/google-drive/upload/route.ts; src/app/api/google-drive/download/route.ts; src/lib/services/familyService.ts; src/lib/services/identityService.ts; src/lib/services/userService.ts; src/lib/services/baseService.ts; audit-output/02-database-and-dependencies/FRONTEND_DATABASE_FIELD_MAP.csv; audit-output/02-database-and-dependencies/MODULE_DEPENDENCY_MATRIX.csv; audit-output/01-repository-and-architecture/REPOSITORY_INVENTORY.md; audit-output/01-repository-and-architecture/GOOGLE_AUTH_CODE_FLOW.md; audit-input/01-database-structure/schema.sql; audit-input/01-database-structure/database.types.ts; +4 more
/pehchaan/records/doc/[id],(dashboard),src/app/(dashboard)/pehchaan/records/doc/[id]/page.tsx,src/app/(dashboard)/layout.tsx,DocDetail,Pehchaan / Identity Vault,src/lib/identityStore.ts; src/lib/onboardingStore.ts; src/components/identity/SealStrengthRing.tsx; src/components/vault/FileUploader.tsx; src/lib/contactValidation.ts; src/lib/vault.ts,src/app/(dashboard)/pehchaan/records/doc/[id]/page.tsx; src/lib/identityStore.ts; src/lib/onboardingStore.ts; src/components/identity/SealStrengthRing.tsx; src/components/vault/FileUploader.tsx; src/lib/contactValidation.ts; src/lib/vault.ts; src/lib/cloudDriveSync.ts; src/lib/supabase/client.ts; src/components/providers/ToastProvider.tsx; src/lib/localVaultEngine.ts; src/app/api/identity/[id]/route.ts; src/app/api/identity/route.ts; src/app/api/profile/route.ts; src/app/api/family/route.ts; src/app/api/google-drive/upload/route.ts; src/app/api/google-drive/download/route.ts; src/lib/services/identityService.ts; src/lib/middleware/auth.middleware.ts; src/lib/middleware/error.middleware.ts; src/lib/middleware/standardResponse.ts; src/lib/googleDriveUtils.ts; src/lib/prisma.ts; src/lib/types/api.types.ts; src/lib/supabase/server.ts; src/lib/services/userService.ts; src/lib/services/familyService.ts; src/lib/googleAuth.ts; src/lib/services/baseService.ts,/api/identity/[id]; /api/identity; /api/profile; /api/family; /api/google-drive/upload; /api/google-drive/download,src/app/api/identity/[id]/route.ts; src/app/api/identity/route.ts; src/app/api/profile/route.ts; src/app/api/family/route.ts; src/app/api/google-drive/upload/route.ts; src/app/api/google-drive/download/route.ts,src/lib/identityStore.ts; src/lib/onboardingStore.ts,src/lib/services/identityService.ts; src/lib/services/userService.ts; src/lib/services/familyService.ts; src/lib/services/baseService.ts,document_meta; family_members; users; identity_records,Needs WD Verification - no direct field-map row found in traced files,src/lib/supabase/client.ts: @supabase/ssr Supabase project createBrowserClient; src/lib/supabase/server.ts: @supabase/ssr Supabase project createServerClient; src/lib/middleware/auth.middleware.ts: supabase.auth Supabase Auth getUser; src/components/vault/FileUploader.tsx: supabase.auth Supabase Auth getUser; src/components/vault/FileUploader.tsx: supabase.storage Dynamic bucket from folder prop .from(folder).upload; getPublicUrl; src/app/api/profile/route.ts: supabase.auth Supabase Auth updateUser; src/app/api/google-drive/upload/route.ts: supabase.auth Supabase Auth getSession; src/app/api/google-drive/download/route.ts: supabase.auth Supabase Auth getSession; src/lib/services/userService.ts: supabaseAdmin.auth.admin Supabase Auth admin getUserById; updateUserById; deleteUser,FileUploader,DocDetail; OnboardingStore,0,Implemented,"No duplicate/old route risk identified from supplied source; Needs WD Verification before deletion decisions. Static route-literal search found no reference outside the page file; dynamic navigation is possible, so linkage Needs WD Verification.",Strong Evidence,Yes,src/app/(dashboard)/pehchaan/records/doc/[id]/page.tsx; src/app/(dashboard)/layout.tsx; src/app/api/identity/[id]/route.ts; src/app/api/identity/route.ts; src/app/api/profile/route.ts; src/app/api/family/route.ts; src/app/api/google-drive/upload/route.ts; src/app/api/google-drive/download/route.ts; src/lib/services/identityService.ts; src/lib/services/userService.ts; src/lib/services/familyService.ts; src/lib/services/baseService.ts; audit-output/02-database-and-dependencies/MODULE_DEPENDENCY_MATRIX.csv; audit-output/01-repository-and-architecture/REPOSITORY_INVENTORY.md; audit-output/01-repository-and-architecture/GOOGLE_AUTH_CODE_FLOW.md; audit-input/01-database-structure/schema.sql; audit-input/01-database-structure/database.types.ts; audit-input/02-existing-team-outputs/2026-07-19_MODULE_CRUD_TRACE.csv; +3 more
/pehchaan/records/links,(dashboard),src/app/(dashboard)/pehchaan/records/links/page.tsx,src/app/(dashboard)/layout.tsx,LinksListPage,Pehchaan / Identity Vault,src/lib/identityStore.ts,src/app/(dashboard)/pehchaan/records/links/page.tsx; src/lib/identityStore.ts; src/lib/onboardingStore.ts; src/lib/contactValidation.ts; src/app/api/identity/links/route.ts; src/app/api/identity/route.ts; src/app/api/profile/route.ts; src/app/api/family/route.ts; src/lib/prisma.ts; src/lib/middleware/auth.middleware.ts; src/lib/middleware/error.middleware.ts; src/lib/middleware/standardResponse.ts; src/lib/services/identityService.ts; src/lib/types/api.types.ts; src/lib/supabase/server.ts; src/lib/services/userService.ts; src/lib/services/familyService.ts; src/lib/services/baseService.ts,/api/identity/links; /api/identity; /api/profile; /api/family,src/app/api/identity/links/route.ts; src/app/api/identity/route.ts; src/app/api/profile/route.ts; src/app/api/family/route.ts,src/lib/identityStore.ts; src/lib/onboardingStore.ts,src/lib/services/identityService.ts; src/lib/services/userService.ts; src/lib/services/familyService.ts; src/lib/services/baseService.ts,identity_links; document_meta; users; identity_records; family_members,Needs WD Verification - no direct field-map row found in traced files,src/lib/supabase/server.ts: @supabase/ssr Supabase project createServerClient; src/lib/middleware/auth.middleware.ts: supabase.auth Supabase Auth getUser; src/app/api/profile/route.ts: supabase.auth Supabase Auth updateUser; src/lib/services/userService.ts: supabaseAdmin.auth.admin Supabase Auth admin getUserById; updateUserById; deleteUser,No distinct form component found in this route,LinksListPage,0,Implemented,"No duplicate/old route risk identified from supplied source; Needs WD Verification before deletion decisions. Static route-literal search found no reference outside the page file; dynamic navigation is possible, so linkage Needs WD Verification.",Strong Evidence,Yes,src/app/(dashboard)/pehchaan/records/links/page.tsx; src/app/(dashboard)/layout.tsx; src/app/api/identity/links/route.ts; src/app/api/identity/route.ts; src/app/api/profile/route.ts; src/app/api/family/route.ts; src/lib/services/identityService.ts; src/lib/services/userService.ts; src/lib/services/familyService.ts; src/lib/services/baseService.ts; audit-output/02-database-and-dependencies/MODULE_DEPENDENCY_MATRIX.csv; audit-output/01-repository-and-architecture/REPOSITORY_INVENTORY.md; audit-output/01-repository-and-architecture/GOOGLE_AUTH_CODE_FLOW.md; audit-input/01-database-structure/schema.sql; audit-input/01-database-structure/database.types.ts; audit-input/02-existing-team-outputs/2026-07-19_MODULE_CRUD_TRACE.csv; audit-input/02-existing-team-outputs/PM_MODULE_INVENTORY.csv; audit-input/02-existing-team-outputs/PM_SCREEN_INVENTORY.csv; +1 more
/pehchaan/records/links/add,(dashboard),src/app/(dashboard)/pehchaan/records/links/add/page.tsx,src/app/(dashboard)/layout.tsx,LinkWizard,Pehchaan / Identity Vault,src/lib/identityStore.ts; src/lib/contactValidation.ts,src/app/(dashboard)/pehchaan/records/links/add/page.tsx; src/lib/identityStore.ts; src/lib/contactValidation.ts; src/lib/onboardingStore.ts; src/app/api/identity/route.ts; src/app/api/profile/route.ts; src/app/api/identity/links/route.ts; src/app/api/family/route.ts; src/lib/services/identityService.ts; src/lib/middleware/auth.middleware.ts; src/lib/middleware/error.middleware.ts; src/lib/middleware/standardResponse.ts; src/lib/types/api.types.ts; src/lib/prisma.ts; src/lib/supabase/server.ts; src/lib/services/userService.ts; src/lib/services/familyService.ts; src/lib/services/baseService.ts,/api/identity; /api/profile; /api/identity/links; /api/family,src/app/api/identity/route.ts; src/app/api/profile/route.ts; src/app/api/identity/links/route.ts; src/app/api/family/route.ts,src/lib/identityStore.ts; src/lib/onboardingStore.ts,src/lib/services/identityService.ts; src/lib/services/userService.ts; src/lib/services/familyService.ts; src/lib/services/baseService.ts,document_meta; identity_links; users; identity_records; family_members,Needs WD Verification - no direct field-map row found in traced files,src/lib/supabase/server.ts: @supabase/ssr Supabase project createServerClient; src/lib/middleware/auth.middleware.ts: supabase.auth Supabase Auth getUser; src/app/api/profile/route.ts: supabase.auth Supabase Auth updateUser; src/lib/services/userService.ts: supabaseAdmin.auth.admin Supabase Auth admin getUserById; updateUserById; deleteUser,LinkWizard,LinkWizard,0,Implemented,"No duplicate/old route risk identified from supplied source; Needs WD Verification before deletion decisions. Static route-literal search found no reference outside the page file; dynamic navigation is possible, so linkage Needs WD Verification.",Strong Evidence,Yes,src/app/(dashboard)/pehchaan/records/links/add/page.tsx; src/app/(dashboard)/layout.tsx; src/app/api/identity/route.ts; src/app/api/profile/route.ts; src/app/api/identity/links/route.ts; src/app/api/family/route.ts; src/lib/services/identityService.ts; src/lib/services/userService.ts; src/lib/services/familyService.ts; src/lib/services/baseService.ts; audit-output/02-database-and-dependencies/MODULE_DEPENDENCY_MATRIX.csv; audit-output/01-repository-and-architecture/REPOSITORY_INVENTORY.md; audit-output/01-repository-and-architecture/GOOGLE_AUTH_CODE_FLOW.md; audit-input/01-database-structure/schema.sql; audit-input/01-database-structure/database.types.ts; audit-input/02-existing-team-outputs/2026-07-19_MODULE_CRUD_TRACE.csv; audit-input/02-existing-team-outputs/PM_MODULE_INVENTORY.csv; audit-input/02-existing-team-outputs/PM_SCREEN_INVENTORY.csv; +1 more
/pehchaan/records/renewals,(dashboard),src/app/(dashboard)/pehchaan/records/renewals/page.tsx,src/app/(dashboard)/layout.tsx,Renewals,Pehchaan / Identity Vault,src/lib/identityStore.ts,src/app/(dashboard)/pehchaan/records/renewals/page.tsx; src/lib/identityStore.ts; src/lib/onboardingStore.ts; src/lib/contactValidation.ts; src/app/api/identity/route.ts; src/app/api/identity/reminders/route.ts; src/app/api/profile/route.ts; src/app/api/family/route.ts; src/lib/services/identityService.ts; src/lib/middleware/auth.middleware.ts; src/lib/middleware/error.middleware.ts; src/lib/middleware/standardResponse.ts; src/lib/types/api.types.ts; src/lib/prisma.ts; src/lib/supabase/server.ts; src/lib/services/userService.ts; src/lib/services/familyService.ts; src/lib/services/baseService.ts,/api/identity; /api/identity/reminders; /api/profile; /api/family,src/app/api/identity/route.ts; src/app/api/identity/reminders/route.ts; src/app/api/profile/route.ts; src/app/api/family/route.ts,src/lib/identityStore.ts; src/lib/onboardingStore.ts,src/lib/services/identityService.ts; src/lib/services/userService.ts; src/lib/services/familyService.ts; src/lib/services/baseService.ts,document_meta; reminders; users; identity_records; family_members,Needs WD Verification - no direct field-map row found in traced files,src/lib/supabase/server.ts: @supabase/ssr Supabase project createServerClient; src/lib/middleware/auth.middleware.ts: supabase.auth Supabase Auth getUser; src/app/api/profile/route.ts: supabase.auth Supabase Auth updateUser; src/lib/services/userService.ts: supabaseAdmin.auth.admin Supabase Auth admin getUserById; updateUserById; deleteUser,No distinct form component found in this route,Renewals,0,Implemented,"No duplicate/old route risk identified from supplied source; Needs WD Verification before deletion decisions. Static route-literal search found no reference outside the page file; dynamic navigation is possible, so linkage Needs WD Verification.",Strong Evidence,Yes,src/app/(dashboard)/pehchaan/records/renewals/page.tsx; src/app/(dashboard)/layout.tsx; src/app/api/identity/route.ts; src/app/api/identity/reminders/route.ts; src/app/api/profile/route.ts; src/app/api/family/route.ts; src/lib/services/identityService.ts; src/lib/services/userService.ts; src/lib/services/familyService.ts; src/lib/services/baseService.ts; audit-output/02-database-and-dependencies/MODULE_DEPENDENCY_MATRIX.csv; audit-output/01-repository-and-architecture/REPOSITORY_INVENTORY.md; audit-output/01-repository-and-architecture/GOOGLE_AUTH_CODE_FLOW.md; audit-input/01-database-structure/schema.sql; audit-input/01-database-structure/database.types.ts; audit-input/02-existing-team-outputs/2026-07-19_MODULE_CRUD_TRACE.csv; audit-input/02-existing-team-outputs/PM_MODULE_INVENTORY.csv; audit-input/02-existing-team-outputs/PM_SCREEN_INVENTORY.csv; +1 more
/pehchaan/records/settings,(dashboard),src/app/(dashboard)/pehchaan/records/settings/page.tsx,src/app/(dashboard)/layout.tsx,VaultSettings,Pehchaan / Identity Vault,src/lib/identityStore.ts; src/lib/vaultExporter.ts,src/app/(dashboard)/pehchaan/records/settings/page.tsx; src/lib/identityStore.ts; src/lib/vaultExporter.ts; src/lib/onboardingStore.ts; src/lib/contactValidation.ts; src/lib/localVaultEngine.ts; src/app/api/identity/settings/route.ts; src/app/api/identity/route.ts; src/app/api/profile/route.ts; src/app/api/family/route.ts; src/lib/prisma.ts; src/lib/middleware/auth.middleware.ts; src/lib/middleware/error.middleware.ts; src/lib/middleware/standardResponse.ts; src/lib/services/identityService.ts; src/lib/types/api.types.ts; src/lib/supabase/server.ts; src/lib/services/userService.ts; src/lib/services/familyService.ts; src/lib/services/baseService.ts,/api/identity/settings; /api/identity; /api/profile; /api/family,src/app/api/identity/settings/route.ts; src/app/api/identity/route.ts; src/app/api/profile/route.ts; src/app/api/family/route.ts,src/lib/identityStore.ts; src/lib/onboardingStore.ts,src/lib/services/identityService.ts; src/lib/services/userService.ts; src/lib/services/familyService.ts; src/lib/services/baseService.ts,users; document_meta; identity_records; family_members,Needs WD Verification - no direct field-map row found in traced files,src/lib/supabase/server.ts: @supabase/ssr Supabase project createServerClient; src/lib/middleware/auth.middleware.ts: supabase.auth Supabase Auth getUser; src/app/api/profile/route.ts: supabase.auth Supabase Auth updateUser; src/lib/services/userService.ts: supabaseAdmin.auth.admin Supabase Auth admin getUserById; updateUserById; deleteUser,No distinct form component found in this route,VaultSettings,0,Implemented,"No duplicate/old route risk identified from supplied source; Needs WD Verification before deletion decisions. Static route-literal search found no reference outside the page file; dynamic navigation is possible, so linkage Needs WD Verification.",Strong Evidence,Yes,src/app/(dashboard)/pehchaan/records/settings/page.tsx; src/app/(dashboard)/layout.tsx; src/app/api/identity/settings/route.ts; src/app/api/identity/route.ts; src/app/api/profile/route.ts; src/app/api/family/route.ts; src/lib/services/identityService.ts; src/lib/services/userService.ts; src/lib/services/familyService.ts; src/lib/services/baseService.ts; audit-output/02-database-and-dependencies/MODULE_DEPENDENCY_MATRIX.csv; audit-output/01-repository-and-architecture/REPOSITORY_INVENTORY.md; audit-output/01-repository-and-architecture/GOOGLE_AUTH_CODE_FLOW.md; audit-input/01-database-structure/schema.sql; audit-input/01-database-structure/database.types.ts; audit-input/02-existing-team-outputs/2026-07-19_MODULE_CRUD_TRACE.csv; audit-input/02-existing-team-outputs/PM_MODULE_INVENTORY.csv; audit-input/02-existing-team-outputs/PM_SCREEN_INVENTORY.csv; +1 more
/pehchaan/settings,(dashboard),src/app/(dashboard)/pehchaan/settings/page.tsx,src/app/(dashboard)/layout.tsx,VaultSettings,Pehchaan / Identity Vault,src/lib/stores/identityStore.ts; src/lib/vaultExporter.ts,src/app/(dashboard)/pehchaan/settings/page.tsx; src/lib/stores/identityStore.ts; src/lib/vaultExporter.ts; src/lib/stores/onboardingStore.ts; src/lib/validators/contactValidator.ts; src/lib/localVaultEngine.ts; src/app/api/identity/route.ts; src/app/api/profile/route.ts; src/app/api/family/route.ts; src/lib/services/identityService.ts; src/lib/middleware/auth.middleware.ts; src/lib/middleware/error.middleware.ts; src/lib/middleware/standardResponse.ts; src/lib/types/api.types.ts; src/lib/prisma.ts; src/lib/supabase/server.ts; src/lib/services/userService.ts; src/lib/services/familyService.ts; src/lib/services/baseService.ts,/api/identity; /api/profile; /api/family,src/app/api/identity/route.ts; src/app/api/profile/route.ts; src/app/api/family/route.ts,src/lib/stores/identityStore.ts; src/lib/stores/onboardingStore.ts,src/lib/services/identityService.ts; src/lib/services/userService.ts; src/lib/services/familyService.ts; src/lib/services/baseService.ts,document_meta; users; identity_records; family_members,Needs WD Verification - no direct field-map row found in traced files,src/lib/supabase/server.ts: @supabase/ssr Supabase project createServerClient; src/lib/middleware/auth.middleware.ts: supabase.auth Supabase Auth getUser; src/app/api/profile/route.ts: supabase.auth Supabase Auth updateUser; src/lib/services/userService.ts: supabaseAdmin.auth.admin Supabase Auth admin getUserById; updateUserById; deleteUser,No distinct form component found in this route,VaultSettings,0,Implemented,"No duplicate/old route risk identified from supplied source; Needs WD Verification before deletion decisions. Static route-literal search found no reference outside the page file; dynamic navigation is possible, so linkage Needs WD Verification.",Strong Evidence,Yes,src/app/(dashboard)/pehchaan/settings/page.tsx; src/app/(dashboard)/layout.tsx; src/app/api/identity/route.ts; src/app/api/profile/route.ts; src/app/api/family/route.ts; src/lib/services/identityService.ts; src/lib/services/userService.ts; src/lib/services/familyService.ts; src/lib/services/baseService.ts; audit-output/02-database-and-dependencies/MODULE_DEPENDENCY_MATRIX.csv; audit-output/01-repository-and-architecture/REPOSITORY_INVENTORY.md; audit-output/01-repository-and-architecture/GOOGLE_AUTH_CODE_FLOW.md; audit-input/01-database-structure/schema.sql; audit-input/01-database-structure/database.types.ts; audit-input/02-existing-team-outputs/2026-07-19_MODULE_CRUD_TRACE.csv; audit-input/02-existing-team-outputs/PM_MODULE_INVENTORY.csv; audit-input/02-existing-team-outputs/PM_SCREEN_INVENTORY.csv; audit-output/03-prd-traceability/PRD_IMPLEMENTATION_TRACEABILITY.csv
/pehchaan/validity,(dashboard),src/app/(dashboard)/pehchaan/validity/page.tsx,src/app/(dashboard)/layout.tsx,Renewals,Pehchaan / Identity Vault,src/lib/stores/identityStore.ts,src/app/(dashboard)/pehchaan/validity/page.tsx; src/lib/stores/identityStore.ts; src/lib/stores/onboardingStore.ts; src/lib/validators/contactValidator.ts; src/app/api/identity/route.ts; src/app/api/profile/route.ts; src/app/api/family/route.ts; src/lib/services/identityService.ts; src/lib/middleware/auth.middleware.ts; src/lib/middleware/error.middleware.ts; src/lib/middleware/standardResponse.ts; src/lib/types/api.types.ts; src/lib/prisma.ts; src/lib/supabase/server.ts; src/lib/services/userService.ts; src/lib/services/familyService.ts; src/lib/services/baseService.ts,/api/identity; /api/profile; /api/family,src/app/api/identity/route.ts; src/app/api/profile/route.ts; src/app/api/family/route.ts,src/lib/stores/identityStore.ts; src/lib/stores/onboardingStore.ts,src/lib/services/identityService.ts; src/lib/services/userService.ts; src/lib/services/familyService.ts; src/lib/services/baseService.ts,document_meta; users; identity_records; family_members,Needs WD Verification - no direct field-map row found in traced files,src/lib/supabase/server.ts: @supabase/ssr Supabase project createServerClient; src/lib/middleware/auth.middleware.ts: supabase.auth Supabase Auth getUser; src/app/api/profile/route.ts: supabase.auth Supabase Auth updateUser; src/lib/services/userService.ts: supabaseAdmin.auth.admin Supabase Auth admin getUserById; updateUserById; deleteUser,No distinct form component found in this route,Renewals,0,Implemented,"No duplicate/old route risk identified from supplied source; Needs WD Verification before deletion decisions. Static route-literal search found no reference outside the page file; dynamic navigation is possible, so linkage Needs WD Verification.",Strong Evidence,Yes,src/app/(dashboard)/pehchaan/validity/page.tsx; src/app/(dashboard)/layout.tsx; src/app/api/identity/route.ts; src/app/api/profile/route.ts; src/app/api/family/route.ts; src/lib/services/identityService.ts; src/lib/services/userService.ts; src/lib/services/familyService.ts; src/lib/services/baseService.ts; audit-output/02-database-and-dependencies/MODULE_DEPENDENCY_MATRIX.csv; audit-output/01-repository-and-architecture/REPOSITORY_INVENTORY.md; audit-output/01-repository-and-architecture/GOOGLE_AUTH_CODE_FLOW.md; audit-input/01-database-structure/schema.sql; audit-input/01-database-structure/database.types.ts; audit-input/02-existing-team-outputs/2026-07-19_MODULE_CRUD_TRACE.csv; audit-input/02-existing-team-outputs/PM_MODULE_INVENTORY.csv; audit-input/02-existing-team-outputs/PM_SCREEN_INVENTORY.csv; audit-output/03-prd-traceability/PRD_IMPLEMENTATION_TRACEABILITY.csv
/pricing,(landing),src/app/(landing)/pricing/page.tsx,src/app/(landing)/layout.tsx,PricingPage,Public Website / Landing,src/components/landing/Navbar.tsx; src/components/landing/Footer.tsx,src/app/(landing)/pricing/page.tsx; src/components/landing/Navbar.tsx; src/components/landing/Footer.tsx; src/components/landing/ui/Button.tsx; src/context/landing/LanguageContext.tsx; src/lib/landing/cn.ts,None found in traced files,None found in traced files,src/context/landing/LanguageContext.tsx,None found in traced files,Needs WD Verification - no direct table evidence found for this route,Needs WD Verification - no direct field-map row found in traced files,None found in traced files,No distinct form component found in this route,No distinct display/list component found in this route,2,Implemented,No duplicate/old route risk identified from supplied source; Needs WD Verification before deletion decisions.,Probable,Yes,src/app/(landing)/pricing/page.tsx; src/app/(landing)/layout.tsx; audit-output/01-repository-and-architecture/REPOSITORY_INVENTORY.md; audit-output/03-prd-traceability/PRD_IMPLEMENTATION_TRACEABILITY.csv
/privacy,(landing),src/app/(landing)/privacy/page.tsx,src/app/(landing)/layout.tsx,PrivacyPage,Public Website / Landing,src/components/landing/Navbar.tsx; src/components/landing/Footer.tsx,src/app/(landing)/privacy/page.tsx; src/components/landing/Navbar.tsx; src/components/landing/Footer.tsx; src/components/landing/ui/Button.tsx; src/context/landing/LanguageContext.tsx; src/lib/landing/cn.ts,None found in traced files,None found in traced files,src/context/landing/LanguageContext.tsx,None found in traced files,Needs WD Verification - no direct table evidence found for this route,Needs WD Verification - no direct field-map row found in traced files,None found in traced files,No distinct form component found in this route,No distinct display/list component found in this route,3,Implemented,No duplicate/old route risk identified from supplied source; Needs WD Verification before deletion decisions.,Probable,Yes,src/app/(landing)/privacy/page.tsx; src/app/(landing)/layout.tsx; audit-output/01-repository-and-architecture/REPOSITORY_INVENTORY.md; audit-output/03-prd-traceability/PRD_IMPLEMENTATION_TRACEABILITY.csv
/raj-mantri,(dashboard),src/app/(dashboard)/raj-mantri/page.tsx,src/app/(dashboard)/layout.tsx,RajMantriPage,Raj Mantri / AI Assistant,None found in traced files,src/app/(dashboard)/raj-mantri/page.tsx,None found in traced files,None found in traced files,None found in traced files,None found in traced files,Needs WD Verification - no direct table evidence found for this route,Needs WD Verification - no direct field-map row found in traced files,None found in traced files,No distinct form component found in this route,No distinct display/list component found in this route,2,Placeholder,No duplicate/old route risk identified from supplied source; Needs WD Verification before deletion decisions.,Unconfirmed,Yes,src/app/(dashboard)/raj-mantri/page.tsx; src/app/(dashboard)/layout.tsx; audit-output/01-repository-and-architecture/REPOSITORY_INVENTORY.md; audit-output/01-repository-and-architecture/GOOGLE_AUTH_CODE_FLOW.md; audit-output/03-prd-traceability/PRD_IMPLEMENTATION_TRACEABILITY.csv
/rajya,(dashboard),src/app/(dashboard)/rajya/page.tsx,src/app/(dashboard)/layout.tsx,Dashboard,Rajya / Kingdom Map,src/lib/identityStore.ts; src/lib/credentialStore.ts; src/lib/incomeStore.ts; src/lib/expenseStore.ts; src/lib/bankStore.ts; src/lib/onboardingStore.ts; src/lib/themeStore.ts; src/components/ui/VideoTutorialPlaceholder.tsx; src/components/ui/UserAvatar.tsx,src/app/(dashboard)/rajya/page.tsx; src/lib/identityStore.ts; src/lib/credentialStore.ts; src/lib/incomeStore.ts; src/lib/expenseStore.ts; src/lib/bankStore.ts; src/lib/onboardingStore.ts; src/lib/themeStore.ts; src/components/ui/VideoTutorialPlaceholder.tsx; src/components/ui/UserAvatar.tsx; src/lib/contactValidation.ts; src/lib/supabase/client.ts; src/lib/utils/fetcher.ts; src/app/api/identity/route.ts; src/app/api/credentials/route.ts; src/app/api/credentials/[id]/route.ts; src/app/api/income/route.ts; src/app/api/income/[id]/route.ts; src/app/api/expense-categories/route.ts; src/app/api/expenses/route.ts; src/app/api/expenses/[id]/route.ts; src/app/api/subscriptions/route.ts; src/app/api/subscriptions/[id]/route.ts; src/app/api/budget/route.ts; src/app/api/profile/route.ts; src/app/api/family/route.ts; src/lib/services/identityService.ts; src/lib/middleware/auth.middleware.ts; src/lib/middleware/error.middleware.ts; src/lib/middleware/standardResponse.ts; +12 more,/api/identity; /api/credentials; /api/credentials/[id]; /api/income; /api/income/[id]; /api/expense-categories; /api/expenses; /api/expenses/[id]; /api/subscriptions; /api/subscriptions/[id]; /api/budget; /api/profile; /api/family,src/app/api/identity/route.ts; src/app/api/credentials/route.ts; src/app/api/credentials/[id]/route.ts; src/app/api/income/route.ts; src/app/api/income/[id]/route.ts; src/app/api/expense-categories/route.ts; src/app/api/expenses/route.ts; src/app/api/expenses/[id]/route.ts; src/app/api/subscriptions/route.ts; src/app/api/subscriptions/[id]/route.ts; src/app/api/budget/route.ts; src/app/api/profile/route.ts; src/app/api/family/route.ts,src/lib/identityStore.ts; src/lib/credentialStore.ts; src/lib/incomeStore.ts; src/lib/expenseStore.ts; src/lib/bankStore.ts; src/lib/onboardingStore.ts; src/lib/themeStore.ts,src/lib/services/identityService.ts; src/lib/services/credentialService.ts; src/lib/services/incomeService.ts; src/lib/services/expenseCategoryService.ts; src/lib/services/expenseService.ts; src/lib/services/subscriptionService.ts; src/lib/services/budgetService.ts; src/lib/services/userService.ts; src/lib/services/familyService.ts; src/lib/services/baseService.ts,document_meta; users; identity_records; credential_records; income_streams; expense_categories; expense_entries; subscriptions; budget_plans; family_members,Needs WD Verification - no direct field-map row found in traced files,src/lib/supabase/client.ts: @supabase/ssr Supabase project createBrowserClient; src/lib/supabase/server.ts: @supabase/ssr Supabase project createServerClient; src/lib/middleware/auth.middleware.ts: supabase.auth Supabase Auth getUser; src/app/api/profile/route.ts: supabase.auth Supabase Auth updateUser; src/lib/services/userService.ts: supabaseAdmin.auth.admin Supabase Auth admin getUserById; updateUserById; deleteUser,formatRupee,Dashboard; OnboardingStore,7,Implemented,Overlaps configured Suchak dashboard purpose but is referenced by auth/navigation; ownership needs WD verification.,Strong Evidence,Yes,src/app/(dashboard)/rajya/page.tsx; src/app/(dashboard)/layout.tsx; src/app/api/identity/route.ts; src/app/api/credentials/route.ts; src/app/api/credentials/[id]/route.ts; src/app/api/income/route.ts; src/app/api/income/[id]/route.ts; src/app/api/expense-categories/route.ts; src/app/api/expenses/route.ts; src/app/api/expenses/[id]/route.ts; src/app/api/subscriptions/route.ts; src/app/api/subscriptions/[id]/route.ts; src/app/api/budget/route.ts; src/app/api/profile/route.ts; src/app/api/family/route.ts; src/lib/services/identityService.ts; src/lib/services/credentialService.ts; src/lib/services/incomeService.ts; +15 more
/raksha,(dashboard),src/app/(dashboard)/raksha/page.tsx,src/app/(dashboard)/layout.tsx,RakshaModule,Raksha / Insurance,src/components/module/MicroLearningWrapper.tsx; src/components/module/SelectGridGame.tsx; src/components/ui/VideoTutorialPlaceholder.tsx; src/lib/stores/rakshaStore.ts,src/app/(dashboard)/raksha/page.tsx; src/components/module/MicroLearningWrapper.tsx; src/components/module/SelectGridGame.tsx; src/components/ui/VideoTutorialPlaceholder.tsx; src/lib/stores/rakshaStore.ts; src/lib/types/api.types.ts; src/app/api/insurance/route.ts; src/lib/services/insuranceService.ts; src/lib/middleware/auth.middleware.ts; src/lib/middleware/error.middleware.ts; src/lib/middleware/standardResponse.ts; src/lib/prisma.ts; src/lib/services/reminderService.ts; src/lib/supabase/server.ts,/api/insurance,src/app/api/insurance/route.ts,src/lib/stores/rakshaStore.ts,src/lib/services/insuranceService.ts; src/lib/services/reminderService.ts,insurance_policies; users; reminders,Needs WD Verification - no direct field-map row found in traced files,src/lib/supabase/server.ts: @supabase/ssr Supabase project createServerClient; src/lib/middleware/auth.middleware.ts: supabase.auth Supabase Auth getUser,SelectGridGame,RakshaModule; List,4,Implemented,No duplicate/old route risk identified from supplied source; Needs WD Verification before deletion decisions.,Strong Evidence,Yes,src/app/(dashboard)/raksha/page.tsx; src/app/(dashboard)/layout.tsx; src/app/api/insurance/route.ts; src/lib/services/insuranceService.ts; src/lib/services/reminderService.ts; audit-output/02-database-and-dependencies/MODULE_DEPENDENCY_MATRIX.csv; audit-output/01-repository-and-architecture/REPOSITORY_INVENTORY.md; audit-output/01-repository-and-architecture/GOOGLE_AUTH_CODE_FLOW.md; audit-input/01-database-structure/schema.sql; audit-input/01-database-structure/database.types.ts; audit-input/02-existing-team-outputs/2026-07-19_MODULE_CRUD_TRACE.csv; audit-input/02-existing-team-outputs/PM_MODULE_INVENTORY.csv; audit-input/02-existing-team-outputs/PM_SCREEN_INVENTORY.csv; audit-output/03-prd-traceability/PRD_IMPLEMENTATION_TRACEABILITY.csv
/raksha/policies,(dashboard),src/app/(dashboard)/raksha/policies/page.tsx,src/app/(dashboard)/layout.tsx,InsuranceListPage,Raksha / Insurance,src/lib/stores/rakshaStore.ts; src/lib/incomeStore.ts,src/app/(dashboard)/raksha/policies/page.tsx; src/lib/stores/rakshaStore.ts; src/lib/incomeStore.ts; src/lib/types/api.types.ts; src/app/api/income/route.ts; src/app/api/insurance/route.ts; src/app/api/income/[id]/route.ts; src/lib/services/incomeService.ts; src/lib/middleware/auth.middleware.ts; src/lib/middleware/error.middleware.ts; src/lib/middleware/standardResponse.ts; src/lib/services/insuranceService.ts; src/lib/prisma.ts; src/lib/services/baseService.ts; src/lib/supabase/server.ts; src/lib/services/reminderService.ts,/api/income; /api/insurance; /api/income/[id],src/app/api/income/route.ts; src/app/api/insurance/route.ts; src/app/api/income/[id]/route.ts,src/lib/stores/rakshaStore.ts; src/lib/incomeStore.ts,src/lib/services/incomeService.ts; src/lib/services/insuranceService.ts; src/lib/services/baseService.ts; src/lib/services/reminderService.ts,income_streams; users; insurance_policies; reminders,Needs WD Verification - no direct field-map row found in traced files,src/lib/supabase/server.ts: @supabase/ssr Supabase project createServerClient; src/lib/middleware/auth.middleware.ts: supabase.auth Supabase Auth getUser,formatRupee,InsuranceListPage,2,Implemented,No duplicate/old route risk identified from supplied source; Needs WD Verification before deletion decisions.,Strong Evidence,Yes,src/app/(dashboard)/raksha/policies/page.tsx; src/app/(dashboard)/layout.tsx; src/app/api/income/route.ts; src/app/api/insurance/route.ts; src/app/api/income/[id]/route.ts; src/lib/services/incomeService.ts; src/lib/services/insuranceService.ts; src/lib/services/baseService.ts; src/lib/services/reminderService.ts; audit-output/02-database-and-dependencies/MODULE_DEPENDENCY_MATRIX.csv; audit-output/01-repository-and-architecture/REPOSITORY_INVENTORY.md; audit-output/01-repository-and-architecture/GOOGLE_AUTH_CODE_FLOW.md; audit-input/01-database-structure/schema.sql; audit-input/01-database-structure/database.types.ts; audit-input/02-existing-team-outputs/2026-07-19_MODULE_CRUD_TRACE.csv; audit-input/02-existing-team-outputs/PM_MODULE_INVENTORY.csv; audit-input/02-existing-team-outputs/PM_SCREEN_INVENTORY.csv; audit-output/03-prd-traceability/PRD_IMPLEMENTATION_TRACEABILITY.csv
/raksha/policies/[id],(dashboard),src/app/(dashboard)/raksha/policies/[id]/page.tsx,src/app/(dashboard)/layout.tsx,PolicyDetailPage,Raksha / Insurance,src/lib/stores/rakshaStore.ts; src/lib/stores/notificationStore.ts; src/components/ui/ConfirmModal.tsx; src/lib/vault.ts; src/lib/incomeStore.ts; src/components/vault/FileUploader.tsx,src/app/(dashboard)/raksha/policies/[id]/page.tsx; src/lib/stores/rakshaStore.ts; src/lib/stores/notificationStore.ts; src/components/ui/ConfirmModal.tsx; src/lib/vault.ts; src/lib/incomeStore.ts; src/components/vault/FileUploader.tsx; src/lib/types/api.types.ts; src/lib/localVaultEngine.ts; src/lib/cloudDriveSync.ts; src/lib/supabase/client.ts; src/components/providers/ToastProvider.tsx; src/app/api/insurance/[id]/route.ts; src/app/api/family/route.ts; src/app/api/income/route.ts; src/app/api/documents/route.ts; src/app/api/insurance/route.ts; src/app/api/notifications/route.ts; src/app/api/notifications/[id]/route.ts; src/app/api/notifications/read-all/route.ts; src/app/api/google-drive/upload/route.ts; src/app/api/google-drive/download/route.ts; src/app/api/income/[id]/route.ts; src/lib/services/insuranceService.ts; src/lib/middleware/auth.middleware.ts; src/lib/middleware/error.middleware.ts; src/lib/middleware/standardResponse.ts; src/lib/googleDriveUtils.ts; src/lib/prisma.ts; src/lib/services/familyService.ts; +6 more,/api/insurance/[id]; /api/family; /api/income; /api/documents; /api/insurance; /api/notifications; /api/notifications/[id]; /api/notifications/read-all; /api/google-drive/upload; /api/google-drive/download; /api/income/[id],src/app/api/insurance/[id]/route.ts; src/app/api/family/route.ts; src/app/api/income/route.ts; src/app/api/documents/route.ts; src/app/api/insurance/route.ts; src/app/api/notifications/route.ts; src/app/api/notifications/[id]/route.ts; src/app/api/notifications/read-all/route.ts; src/app/api/google-drive/upload/route.ts; src/app/api/google-drive/download/route.ts; src/app/api/income/[id]/route.ts,src/lib/stores/rakshaStore.ts; src/lib/stores/notificationStore.ts; src/lib/incomeStore.ts,src/lib/services/insuranceService.ts; src/lib/services/familyService.ts; src/lib/services/incomeService.ts; src/lib/services/notificationService.ts; src/lib/services/reminderService.ts; src/lib/services/baseService.ts,family_members; users; document_meta; insurance_policies; income_streams; notifications; budget_plans; expense_entries; bank_accounts; subscriptions; identity_records; will_status; loan_accounts; goals; reminders,Needs WD Verification - no direct field-map row found in traced files,src/lib/supabase/client.ts: @supabase/ssr Supabase project createBrowserClient; src/lib/supabase/server.ts: @supabase/ssr Supabase project createServerClient; src/lib/middleware/auth.middleware.ts: supabase.auth Supabase Auth getUser; src/components/vault/FileUploader.tsx: supabase.auth Supabase Auth getUser; src/components/vault/FileUploader.tsx: supabase.storage Dynamic bucket from folder prop .from(folder).upload; getPublicUrl; src/app/api/google-drive/upload/route.ts: supabase.auth Supabase Auth getSession; src/app/api/google-drive/download/route.ts: supabase.auth Supabase Auth getSession,formatRupee; FileUploader,PolicyDetailPage; CreditCard,0,Implemented,"No duplicate/old route risk identified from supplied source; Needs WD Verification before deletion decisions. Static route-literal search found no reference outside the page file; dynamic navigation is possible, so linkage Needs WD Verification.",Strong Evidence,Yes,src/app/(dashboard)/raksha/policies/[id]/page.tsx; src/app/(dashboard)/layout.tsx; src/app/api/insurance/[id]/route.ts; src/app/api/family/route.ts; src/app/api/income/route.ts; src/app/api/documents/route.ts; src/app/api/insurance/route.ts; src/app/api/notifications/route.ts; src/app/api/notifications/[id]/route.ts; src/app/api/notifications/read-all/route.ts; src/app/api/google-drive/upload/route.ts; src/app/api/google-drive/download/route.ts; src/app/api/income/[id]/route.ts; src/lib/services/insuranceService.ts; src/lib/services/familyService.ts; src/lib/services/incomeService.ts; src/lib/services/notificationService.ts; src/lib/services/reminderService.ts; +10 more
/raksha/policies/[id]/edit,(dashboard),src/app/(dashboard)/raksha/policies/[id]/edit/page.tsx,src/app/(dashboard)/layout.tsx,EditPolicyPage,Raksha / Insurance,src/lib/stores/rakshaStore.ts; src/lib/stores/notificationStore.ts,src/app/(dashboard)/raksha/policies/[id]/edit/page.tsx; src/lib/stores/rakshaStore.ts; src/lib/stores/notificationStore.ts; src/lib/types/api.types.ts; src/app/api/family/route.ts; src/app/api/insurance/[id]/route.ts; src/app/api/documents/route.ts; src/app/api/insurance/route.ts; src/app/api/notifications/route.ts; src/app/api/notifications/[id]/route.ts; src/app/api/notifications/read-all/route.ts; src/lib/services/familyService.ts; src/lib/prisma.ts; src/lib/middleware/auth.middleware.ts; src/lib/middleware/error.middleware.ts; src/lib/middleware/standardResponse.ts; src/lib/services/insuranceService.ts; src/lib/googleDriveUtils.ts; src/lib/services/notificationService.ts; src/lib/services/baseService.ts; src/lib/supabase/server.ts; src/lib/services/reminderService.ts; src/lib/googleAuth.ts,/api/family; /api/insurance/[id]; /api/documents; /api/insurance; /api/notifications; /api/notifications/[id]; /api/notifications/read-all,src/app/api/family/route.ts; src/app/api/insurance/[id]/route.ts; src/app/api/documents/route.ts; src/app/api/insurance/route.ts; src/app/api/notifications/route.ts; src/app/api/notifications/[id]/route.ts; src/app/api/notifications/read-all/route.ts,src/lib/stores/rakshaStore.ts; src/lib/stores/notificationStore.ts,src/lib/services/familyService.ts; src/lib/services/insuranceService.ts; src/lib/services/notificationService.ts; src/lib/services/baseService.ts; src/lib/services/reminderService.ts,users; family_members; document_meta; insurance_policies; notifications; budget_plans; expense_entries; bank_accounts; subscriptions; identity_records; will_status; loan_accounts; goals; income_streams; reminders,Needs WD Verification - no direct field-map row found in traced files,src/lib/supabase/server.ts: @supabase/ssr Supabase project createServerClient; src/lib/middleware/auth.middleware.ts: supabase.auth Supabase Auth getUser,EditPolicyPage,EditPolicyPage; CreditCard,0,Implemented,"No duplicate/old route risk identified from supplied source; Needs WD Verification before deletion decisions. Static route-literal search found no reference outside the page file; dynamic navigation is possible, so linkage Needs WD Verification.",Strong Evidence,Yes,src/app/(dashboard)/raksha/policies/[id]/edit/page.tsx; src/app/(dashboard)/layout.tsx; src/app/api/family/route.ts; src/app/api/insurance/[id]/route.ts; src/app/api/documents/route.ts; src/app/api/insurance/route.ts; src/app/api/notifications/route.ts; src/app/api/notifications/[id]/route.ts; src/app/api/notifications/read-all/route.ts; src/lib/services/familyService.ts; src/lib/services/insuranceService.ts; src/lib/services/notificationService.ts; src/lib/services/baseService.ts; src/lib/services/reminderService.ts; audit-output/02-database-and-dependencies/MODULE_DEPENDENCY_MATRIX.csv; audit-output/01-repository-and-architecture/REPOSITORY_INVENTORY.md; audit-output/01-repository-and-architecture/GOOGLE_AUTH_CODE_FLOW.md; audit-input/01-database-structure/schema.sql; +5 more
/raksha/policies/add,(dashboard),src/app/(dashboard)/raksha/policies/add/page.tsx,src/app/(dashboard)/layout.tsx,AddPolicyPage,Raksha / Insurance,src/components/vault/FileUploader.tsx; src/lib/stores/rakshaStore.ts; src/lib/stores/notificationStore.ts,src/app/(dashboard)/raksha/policies/add/page.tsx; src/components/vault/FileUploader.tsx; src/lib/stores/rakshaStore.ts; src/lib/stores/notificationStore.ts; src/lib/vault.ts; src/lib/cloudDriveSync.ts; src/lib/supabase/client.ts; src/components/providers/ToastProvider.tsx; src/lib/types/api.types.ts; src/lib/localVaultEngine.ts; src/app/api/family/route.ts; src/app/api/insurance/route.ts; src/app/api/google-drive/upload/route.ts; src/app/api/notifications/route.ts; src/app/api/notifications/[id]/route.ts; src/app/api/notifications/read-all/route.ts; src/app/api/google-drive/download/route.ts; src/lib/services/familyService.ts; src/lib/prisma.ts; src/lib/middleware/auth.middleware.ts; src/lib/middleware/error.middleware.ts; src/lib/middleware/standardResponse.ts; src/lib/services/insuranceService.ts; src/lib/supabase/server.ts; src/lib/googleAuth.ts; src/lib/services/notificationService.ts; src/lib/services/baseService.ts; src/lib/services/reminderService.ts,/api/family; /api/insurance; /api/google-drive/upload; /api/notifications; /api/notifications/[id]; /api/notifications/read-all; /api/google-drive/download,src/app/api/family/route.ts; src/app/api/insurance/route.ts; src/app/api/google-drive/upload/route.ts; src/app/api/notifications/route.ts; src/app/api/notifications/[id]/route.ts; src/app/api/notifications/read-all/route.ts; src/app/api/google-drive/download/route.ts,src/lib/stores/rakshaStore.ts; src/lib/stores/notificationStore.ts,src/lib/services/familyService.ts; src/lib/services/insuranceService.ts; src/lib/services/notificationService.ts; src/lib/services/baseService.ts; src/lib/services/reminderService.ts,users; family_members; insurance_policies; notifications; budget_plans; expense_entries; bank_accounts; subscriptions; identity_records; will_status; loan_accounts; goals; income_streams; reminders,insurance_policies.type; insurance_policies.policyNumber; insurance_policies.insurerName; insurance_policies.sumAssured; insurance_policies.premium; insurance_policies.premiumFrequency; insurance_policies.dueDate; insurance_policies.maturityDate; insurance_policies.nomineeId; insurance_policies.documentId,src/lib/supabase/client.ts: @supabase/ssr Supabase project createBrowserClient; src/lib/supabase/server.ts: @supabase/ssr Supabase project createServerClient; src/lib/middleware/auth.middleware.ts: supabase.auth Supabase Auth getUser; src/components/vault/FileUploader.tsx: supabase.auth Supabase Auth getUser; src/components/vault/FileUploader.tsx: supabase.storage Dynamic bucket from folder prop .from(folder).upload; getPublicUrl; src/app/api/google-drive/upload/route.ts: supabase.auth Supabase Auth getSession; src/app/api/google-drive/download/route.ts: supabase.auth Supabase Auth getSession,AddPolicyPage; FileUploader,AddPolicyPage; CreditCard,0,Implemented,"No duplicate/old route risk identified from supplied source; Needs WD Verification before deletion decisions. Static route-literal search found no reference outside the page file; dynamic navigation is possible, so linkage Needs WD Verification.",Strong Evidence,Yes,src/app/(dashboard)/raksha/policies/add/page.tsx; src/app/(dashboard)/layout.tsx; src/app/api/family/route.ts; src/app/api/insurance/route.ts; src/app/api/google-drive/upload/route.ts; src/app/api/notifications/route.ts; src/app/api/notifications/[id]/route.ts; src/app/api/notifications/read-all/route.ts; src/app/api/google-drive/download/route.ts; src/lib/services/familyService.ts; src/lib/services/insuranceService.ts; src/lib/services/notificationService.ts; src/lib/services/baseService.ts; src/lib/services/reminderService.ts; audit-output/02-database-and-dependencies/FRONTEND_DATABASE_FIELD_MAP.csv; audit-output/02-database-and-dependencies/MODULE_DEPENDENCY_MATRIX.csv; audit-output/01-repository-and-architecture/REPOSITORY_INVENTORY.md; audit-output/01-repository-and-architecture/GOOGLE_AUTH_CODE_FLOW.md; +6 more
/register,(landing),src/app/(landing)/register/page.tsx,src/app/(landing)/layout.tsx,RegisterRedirect,Public Website / Landing,None found in traced files,src/app/(landing)/register/page.tsx,None found in traced files,None found in traced files,None found in traced files,None found in traced files,Needs WD Verification - no direct table evidence found for this route,Needs WD Verification - no direct field-map row found in traced files,None found in traced files,No distinct form component found in this route,No distinct display/list component found in this route,5,Implemented,No duplicate/old route risk identified from supplied source; Needs WD Verification before deletion decisions.,Unconfirmed,Yes,src/app/(landing)/register/page.tsx; src/app/(landing)/layout.tsx; audit-output/01-repository-and-architecture/REPOSITORY_INVENTORY.md; audit-output/03-prd-traceability/PRD_IMPLEMENTATION_TRACEABILITY.csv
/reset-password,(auth),src/app/(auth)/reset-password/page.tsx,src/app/(auth)/layout.tsx,ResetPasswordPage,Authentication,src/lib/supabase/client.ts,src/app/(auth)/reset-password/page.tsx; src/lib/supabase/client.ts,None found in traced files,None found in traced files,None found in traced files,None found in traced files,Needs WD Verification - no direct table evidence found for this route,Needs WD Verification - no direct field-map row found in traced files,src/lib/supabase/client.ts: @supabase/ssr Supabase project createBrowserClient; src/app/(auth)/reset-password/page.tsx: supabase.auth Supabase Auth setSession; updateUser; signOut,ResetPasswordPage,ResetPasswordPage,5,Implemented,No duplicate/old route risk identified from supplied source; Needs WD Verification before deletion decisions.,Unconfirmed,Yes,src/app/(auth)/reset-password/page.tsx; src/app/(auth)/layout.tsx; audit-output/01-repository-and-architecture/REPOSITORY_INVENTORY.md; audit-output/01-repository-and-architecture/GOOGLE_AUTH_CODE_FLOW.md
/rin,(dashboard),src/app/(dashboard)/rin/page.tsx,src/app/(dashboard)/layout.tsx,RinDashboard,Rin / Loans,src/components/module/MicroLearningWrapper.tsx,src/app/(dashboard)/rin/page.tsx; src/components/module/MicroLearningWrapper.tsx; src/app/api/loans/route.ts; src/lib/services/loanService.ts; src/lib/services/incomeService.ts; src/lib/middleware/auth.middleware.ts; src/lib/middleware/error.middleware.ts; src/lib/middleware/standardResponse.ts; src/lib/prisma.ts; src/lib/services/baseService.ts; src/lib/supabase/server.ts,/api/loans,src/app/api/loans/route.ts,None found in traced files,src/lib/services/loanService.ts; src/lib/services/incomeService.ts; src/lib/services/baseService.ts,loan_accounts; income_streams; users,Needs WD Verification - no direct field-map row found in traced files,src/lib/supabase/server.ts: @supabase/ssr Supabase project createServerClient; src/lib/middleware/auth.middleware.ts: supabase.auth Supabase Auth getUser,No distinct form component found in this route,RinDashboard; CreditCard,4,Implemented,No duplicate/old route risk identified from supplied source; Needs WD Verification before deletion decisions.,Strong Evidence,Yes,src/app/(dashboard)/rin/page.tsx; src/app/(dashboard)/layout.tsx; src/app/api/loans/route.ts; src/lib/services/loanService.ts; src/lib/services/incomeService.ts; src/lib/services/baseService.ts; audit-output/02-database-and-dependencies/MODULE_DEPENDENCY_MATRIX.csv; audit-output/01-repository-and-architecture/REPOSITORY_INVENTORY.md; audit-output/01-repository-and-architecture/GOOGLE_AUTH_CODE_FLOW.md; audit-input/01-database-structure/schema.sql; audit-input/01-database-structure/database.types.ts; audit-input/02-existing-team-outputs/2026-07-19_MODULE_CRUD_TRACE.csv; audit-input/02-existing-team-outputs/PM_MODULE_INVENTORY.csv; audit-input/02-existing-team-outputs/PM_SCREEN_INVENTORY.csv; audit-output/03-prd-traceability/PRD_IMPLEMENTATION_TRACEABILITY.csv
/rin/loans,(dashboard),src/app/(dashboard)/rin/loans/page.tsx,src/app/(dashboard)/layout.tsx,LoanListPage,Rin / Loans,None found in traced files,src/app/(dashboard)/rin/loans/page.tsx; src/app/api/loans/route.ts; src/lib/services/loanService.ts; src/lib/services/incomeService.ts; src/lib/middleware/auth.middleware.ts; src/lib/middleware/error.middleware.ts; src/lib/middleware/standardResponse.ts; src/lib/prisma.ts; src/lib/services/baseService.ts; src/lib/supabase/server.ts,/api/loans,src/app/api/loans/route.ts,None found in traced files,src/lib/services/loanService.ts; src/lib/services/incomeService.ts; src/lib/services/baseService.ts,loan_accounts; income_streams; users,Needs WD Verification - no direct field-map row found in traced files,src/lib/supabase/server.ts: @supabase/ssr Supabase project createServerClient; src/lib/middleware/auth.middleware.ts: supabase.auth Supabase Auth getUser,No distinct form component found in this route,LoanListPage; CreditCard,0,Implemented,"No duplicate/old route risk identified from supplied source; Needs WD Verification before deletion decisions. Static route-literal search found no reference outside the page file; dynamic navigation is possible, so linkage Needs WD Verification.",Strong Evidence,Yes,src/app/(dashboard)/rin/loans/page.tsx; src/app/(dashboard)/layout.tsx; src/app/api/loans/route.ts; src/lib/services/loanService.ts; src/lib/services/incomeService.ts; src/lib/services/baseService.ts; audit-output/02-database-and-dependencies/MODULE_DEPENDENCY_MATRIX.csv; audit-output/01-repository-and-architecture/REPOSITORY_INVENTORY.md; audit-output/01-repository-and-architecture/GOOGLE_AUTH_CODE_FLOW.md; audit-input/01-database-structure/schema.sql; audit-input/01-database-structure/database.types.ts; audit-input/02-existing-team-outputs/2026-07-19_MODULE_CRUD_TRACE.csv; audit-input/02-existing-team-outputs/PM_MODULE_INVENTORY.csv; audit-input/02-existing-team-outputs/PM_SCREEN_INVENTORY.csv; audit-output/03-prd-traceability/PRD_IMPLEMENTATION_TRACEABILITY.csv
/rin/loans/[id],(dashboard),src/app/(dashboard)/rin/loans/[id]/page.tsx,src/app/(dashboard)/layout.tsx,LoanDetailPage,Rin / Loans,src/lib/vault.ts; src/components/providers/ToastProvider.tsx,src/app/(dashboard)/rin/loans/[id]/page.tsx; src/lib/vault.ts; src/components/providers/ToastProvider.tsx; src/lib/localVaultEngine.ts; src/app/api/loans/[id]/route.ts; src/app/api/documents/route.ts; src/app/api/google-drive/upload/route.ts; src/app/api/google-drive/download/route.ts; src/lib/services/loanService.ts; src/lib/middleware/auth.middleware.ts; src/lib/middleware/error.middleware.ts; src/lib/middleware/standardResponse.ts; src/lib/googleDriveUtils.ts; src/lib/prisma.ts; src/lib/supabase/server.ts; src/lib/googleAuth.ts; src/lib/services/baseService.ts,/api/loans/[id]; /api/documents; /api/google-drive/upload; /api/google-drive/download,src/app/api/loans/[id]/route.ts; src/app/api/documents/route.ts; src/app/api/google-drive/upload/route.ts; src/app/api/google-drive/download/route.ts,None found in traced files,src/lib/services/loanService.ts; src/lib/services/baseService.ts,family_members; document_meta; insurance_policies; loan_accounts; users,Needs WD Verification - no direct field-map row found in traced files,src/lib/supabase/server.ts: @supabase/ssr Supabase project createServerClient; src/lib/middleware/auth.middleware.ts: supabase.auth Supabase Auth getUser; src/app/api/google-drive/upload/route.ts: supabase.auth Supabase Auth getSession; src/app/api/google-drive/download/route.ts: supabase.auth Supabase Auth getSession,No distinct form component found in this route,LoanDetailPage; CreditCard,0,Implemented,"No duplicate/old route risk identified from supplied source; Needs WD Verification before deletion decisions. Static route-literal search found no reference outside the page file; dynamic navigation is possible, so linkage Needs WD Verification.",Strong Evidence,Yes,src/app/(dashboard)/rin/loans/[id]/page.tsx; src/app/(dashboard)/layout.tsx; src/app/api/loans/[id]/route.ts; src/app/api/documents/route.ts; src/app/api/google-drive/upload/route.ts; src/app/api/google-drive/download/route.ts; src/lib/services/loanService.ts; src/lib/services/baseService.ts; audit-output/02-database-and-dependencies/MODULE_DEPENDENCY_MATRIX.csv; audit-output/01-repository-and-architecture/REPOSITORY_INVENTORY.md; audit-output/01-repository-and-architecture/GOOGLE_AUTH_CODE_FLOW.md; audit-input/01-database-structure/schema.sql; audit-input/01-database-structure/database.types.ts; audit-input/02-existing-team-outputs/2026-07-19_MODULE_CRUD_TRACE.csv; audit-input/02-existing-team-outputs/PM_MODULE_INVENTORY.csv; audit-input/02-existing-team-outputs/PM_SCREEN_INVENTORY.csv; audit-output/03-prd-traceability/PRD_IMPLEMENTATION_TRACEABILITY.csv
/rin/loans/[id]/edit,(dashboard),src/app/(dashboard)/rin/loans/[id]/edit/page.tsx,src/app/(dashboard)/layout.tsx,EditLoanPage,Rin / Loans,src/components/providers/ToastProvider.tsx; src/lib/stores/notificationStore.ts; src/lib/vault.ts; src/components/vault/FileUploader.tsx,src/app/(dashboard)/rin/loans/[id]/edit/page.tsx; src/components/providers/ToastProvider.tsx; src/lib/stores/notificationStore.ts; src/lib/vault.ts; src/components/vault/FileUploader.tsx; src/lib/localVaultEngine.ts; src/lib/cloudDriveSync.ts; src/lib/supabase/client.ts; src/app/api/family/route.ts; src/app/api/loans/[id]/route.ts; src/app/api/documents/route.ts; src/app/api/notifications/route.ts; src/app/api/notifications/[id]/route.ts; src/app/api/notifications/read-all/route.ts; src/app/api/google-drive/upload/route.ts; src/app/api/google-drive/download/route.ts; src/lib/services/familyService.ts; src/lib/prisma.ts; src/lib/middleware/auth.middleware.ts; src/lib/middleware/error.middleware.ts; src/lib/middleware/standardResponse.ts; src/lib/types/api.types.ts; src/lib/services/loanService.ts; src/lib/googleDriveUtils.ts; src/lib/services/notificationService.ts; src/lib/supabase/server.ts; src/lib/googleAuth.ts; src/lib/services/baseService.ts,/api/family; /api/loans/[id]; /api/documents; /api/notifications; /api/notifications/[id]; /api/notifications/read-all; /api/google-drive/upload; /api/google-drive/download,src/app/api/family/route.ts; src/app/api/loans/[id]/route.ts; src/app/api/documents/route.ts; src/app/api/notifications/route.ts; src/app/api/notifications/[id]/route.ts; src/app/api/notifications/read-all/route.ts; src/app/api/google-drive/upload/route.ts; src/app/api/google-drive/download/route.ts,src/lib/stores/notificationStore.ts,src/lib/services/familyService.ts; src/lib/services/loanService.ts; src/lib/services/notificationService.ts; src/lib/services/baseService.ts,users; family_members; document_meta; insurance_policies; loan_accounts; notifications; budget_plans; expense_entries; bank_accounts; subscriptions; identity_records; will_status; goals; income_streams,Needs WD Verification - no direct field-map row found in traced files,src/lib/supabase/client.ts: @supabase/ssr Supabase project createBrowserClient; src/lib/supabase/server.ts: @supabase/ssr Supabase project createServerClient; src/lib/middleware/auth.middleware.ts: supabase.auth Supabase Auth getUser; src/components/vault/FileUploader.tsx: supabase.auth Supabase Auth getUser; src/components/vault/FileUploader.tsx: supabase.storage Dynamic bucket from folder prop .from(folder).upload; getPublicUrl; src/app/api/google-drive/upload/route.ts: supabase.auth Supabase Auth getSession; src/app/api/google-drive/download/route.ts: supabase.auth Supabase Auth getSession,EditLoanPage; FileUploader,EditLoanPage; CreditCard,0,Implemented,"No duplicate/old route risk identified from supplied source; Needs WD Verification before deletion decisions. Static route-literal search found no reference outside the page file; dynamic navigation is possible, so linkage Needs WD Verification.",Strong Evidence,Yes,src/app/(dashboard)/rin/loans/[id]/edit/page.tsx; src/app/(dashboard)/layout.tsx; src/app/api/family/route.ts; src/app/api/loans/[id]/route.ts; src/app/api/documents/route.ts; src/app/api/notifications/route.ts; src/app/api/notifications/[id]/route.ts; src/app/api/notifications/read-all/route.ts; src/app/api/google-drive/upload/route.ts; src/app/api/google-drive/download/route.ts; src/lib/services/familyService.ts; src/lib/services/loanService.ts; src/lib/services/notificationService.ts; src/lib/services/baseService.ts; audit-output/02-database-and-dependencies/MODULE_DEPENDENCY_MATRIX.csv; audit-output/01-repository-and-architecture/REPOSITORY_INVENTORY.md; audit-output/01-repository-and-architecture/GOOGLE_AUTH_CODE_FLOW.md; audit-input/01-database-structure/schema.sql; +5 more
/rin/loans/add,(dashboard),src/app/(dashboard)/rin/loans/add/page.tsx,src/app/(dashboard)/layout.tsx,AddLoanPage,Rin / Loans,src/components/providers/ToastProvider.tsx; src/lib/vault.ts; src/components/vault/FileUploader.tsx,src/app/(dashboard)/rin/loans/add/page.tsx; src/components/providers/ToastProvider.tsx; src/lib/vault.ts; src/components/vault/FileUploader.tsx; src/lib/localVaultEngine.ts; src/lib/cloudDriveSync.ts; src/lib/supabase/client.ts; src/app/api/family/route.ts; src/app/api/loans/route.ts; src/app/api/google-drive/upload/route.ts; src/app/api/google-drive/download/route.ts; src/lib/services/familyService.ts; src/lib/prisma.ts; src/lib/middleware/auth.middleware.ts; src/lib/middleware/error.middleware.ts; src/lib/middleware/standardResponse.ts; src/lib/types/api.types.ts; src/lib/services/loanService.ts; src/lib/services/incomeService.ts; src/lib/supabase/server.ts; src/lib/googleAuth.ts; src/lib/services/baseService.ts,/api/family; /api/loans; /api/google-drive/upload; /api/google-drive/download,src/app/api/family/route.ts; src/app/api/loans/route.ts; src/app/api/google-drive/upload/route.ts; src/app/api/google-drive/download/route.ts,None found in traced files,src/lib/services/familyService.ts; src/lib/services/loanService.ts; src/lib/services/incomeService.ts; src/lib/services/baseService.ts,users; family_members; loan_accounts; income_streams,loan_accounts.type; loan_accounts.lenderName; loan_accounts.principal; loan_accounts.outstandingAmount; loan_accounts.emi; loan_accounts.interestRate; loan_accounts.tenure; loan_accounts.startDate; loan_accounts.endDate; loan_accounts.linkedPropertyId; loan_accounts.documentId,src/lib/supabase/client.ts: @supabase/ssr Supabase project createBrowserClient; src/lib/supabase/server.ts: @supabase/ssr Supabase project createServerClient; src/lib/middleware/auth.middleware.ts: supabase.auth Supabase Auth getUser; src/components/vault/FileUploader.tsx: supabase.auth Supabase Auth getUser; src/components/vault/FileUploader.tsx: supabase.storage Dynamic bucket from folder prop .from(folder).upload; getPublicUrl; src/app/api/google-drive/upload/route.ts: supabase.auth Supabase Auth getSession; src/app/api/google-drive/download/route.ts: supabase.auth Supabase Auth getSession,AddLoanPage; FileUploader,AddLoanPage; CreditCard,0,Implemented,"No duplicate/old route risk identified from supplied source; Needs WD Verification before deletion decisions. Static route-literal search found no reference outside the page file; dynamic navigation is possible, so linkage Needs WD Verification.",Strong Evidence,Yes,src/app/(dashboard)/rin/loans/add/page.tsx; src/app/(dashboard)/layout.tsx; src/app/api/family/route.ts; src/app/api/loans/route.ts; src/app/api/google-drive/upload/route.ts; src/app/api/google-drive/download/route.ts; src/lib/services/familyService.ts; src/lib/services/loanService.ts; src/lib/services/incomeService.ts; src/lib/services/baseService.ts; audit-output/02-database-and-dependencies/FRONTEND_DATABASE_FIELD_MAP.csv; audit-output/02-database-and-dependencies/MODULE_DEPENDENCY_MATRIX.csv; audit-output/01-repository-and-architecture/REPOSITORY_INVENTORY.md; audit-output/01-repository-and-architecture/GOOGLE_AUTH_CODE_FLOW.md; audit-input/01-database-structure/schema.sql; audit-input/01-database-structure/database.types.ts; audit-input/02-existing-team-outputs/2026-07-19_MODULE_CRUD_TRACE.csv; audit-input/02-existing-team-outputs/PM_MODULE_INVENTORY.csv; +2 more
/roadmap,(landing),src/app/(landing)/roadmap/page.tsx,src/app/(landing)/layout.tsx,RoadmapPage,Public Website / Landing,None found in traced files,src/app/(landing)/roadmap/page.tsx,None found in traced files,None found in traced files,None found in traced files,None found in traced files,Needs WD Verification - no direct table evidence found for this route,Needs WD Verification - no direct field-map row found in traced files,None found in traced files,No distinct form component found in this route,No distinct display/list component found in this route,2,Implemented,No duplicate/old route risk identified from supplied source; Needs WD Verification before deletion decisions.,Unconfirmed,Yes,src/app/(landing)/roadmap/page.tsx; src/app/(landing)/layout.tsx; audit-output/01-repository-and-architecture/REPOSITORY_INVENTORY.md; audit-output/03-prd-traceability/PRD_IMPLEMENTATION_TRACEABILITY.csv
/sampatti,(dashboard),src/app/(dashboard)/sampatti/page.tsx,src/app/(dashboard)/layout.tsx,SampattiPage,Sampatti / Asset Inventory,src/lib/stores/sampattiStore.ts; src/lib/stores/incomeStore.ts,src/app/(dashboard)/sampatti/page.tsx; src/lib/stores/sampattiStore.ts; src/lib/stores/incomeStore.ts; src/app/api/income/route.ts; src/app/api/income/[id]/route.ts; src/lib/services/incomeService.ts; src/lib/middleware/auth.middleware.ts; src/lib/middleware/error.middleware.ts; src/lib/middleware/standardResponse.ts; src/lib/types/api.types.ts; src/lib/prisma.ts; src/lib/services/baseService.ts; src/lib/supabase/server.ts,/api/income; /api/income/[id],src/app/api/income/route.ts; src/app/api/income/[id]/route.ts,src/lib/stores/sampattiStore.ts; src/lib/stores/incomeStore.ts,src/lib/services/incomeService.ts; src/lib/services/baseService.ts,income_streams; users; Not persisted to asset_inventory by this screen,Not persisted to asset_inventory by this screen.Not mapped,src/lib/supabase/server.ts: @supabase/ssr Supabase project createServerClient; src/lib/middleware/auth.middleware.ts: supabase.auth Supabase Auth getUser,formatRupee,SampattiPage,2,Partially Implemented,No duplicate/old route risk identified from supplied source; Needs WD Verification before deletion decisions.,Strong Evidence,Yes,src/app/(dashboard)/sampatti/page.tsx; src/app/(dashboard)/layout.tsx; src/app/api/income/route.ts; src/app/api/income/[id]/route.ts; src/lib/services/incomeService.ts; src/lib/services/baseService.ts; audit-output/02-database-and-dependencies/FRONTEND_DATABASE_FIELD_MAP.csv; audit-output/02-database-and-dependencies/MODULE_DEPENDENCY_MATRIX.csv; audit-output/01-repository-and-architecture/REPOSITORY_INVENTORY.md; audit-output/01-repository-and-architecture/GOOGLE_AUTH_CODE_FLOW.md; audit-input/01-database-structure/schema.sql; audit-input/01-database-structure/database.types.ts; audit-input/02-existing-team-outputs/2026-07-19_MODULE_CRUD_TRACE.csv; audit-output/03-prd-traceability/PRD_IMPLEMENTATION_TRACEABILITY.csv
/security,(landing),src/app/(landing)/security/page.tsx,src/app/(landing)/layout.tsx,SecurityPage,Public Website / Landing,src/components/landing/Navbar.tsx; src/components/landing/Footer.tsx,src/app/(landing)/security/page.tsx; src/components/landing/Navbar.tsx; src/components/landing/Footer.tsx; src/components/landing/ui/Button.tsx; src/context/landing/LanguageContext.tsx; src/lib/landing/cn.ts,None found in traced files,None found in traced files,src/context/landing/LanguageContext.tsx,None found in traced files,Needs WD Verification - no direct table evidence found for this route,Needs WD Verification - no direct field-map row found in traced files,None found in traced files,No distinct form component found in this route,SecurityPage,2,Implemented,No duplicate/old route risk identified from supplied source; Needs WD Verification before deletion decisions.,Probable,Yes,src/app/(landing)/security/page.tsx; src/app/(landing)/layout.tsx; audit-output/01-repository-and-architecture/REPOSITORY_INVENTORY.md; audit-output/03-prd-traceability/PRD_IMPLEMENTATION_TRACEABILITY.csv
/start,(auth),src/app/(auth)/start/page.tsx,src/app/(auth)/layout.tsx,AuthGateway,Authentication,src/lib/supabase/client.ts,src/app/(auth)/start/page.tsx; src/lib/supabase/client.ts; src/app/api/auth/send-confirmation/route.ts; src/app/api/auth/create-user/route.ts; src/app/api/check-user/route.ts; src/app/api/auth/send-reset/route.ts; src/app/api/profile/route.ts; src/app/api/auth/google/route.ts; src/lib/prisma.ts; src/lib/email-templates/html-templates.ts; src/lib/services/userService.ts; src/lib/supabase/server.ts; src/lib/middleware/auth.middleware.ts; src/lib/middleware/error.middleware.ts; src/lib/middleware/standardResponse.ts; src/lib/types/api.types.ts; src/lib/services/baseService.ts,/api/auth/send-confirmation; /api/auth/create-user; /api/check-user; /api/auth/send-reset; /api/profile; /api/auth/google,src/app/api/auth/send-confirmation/route.ts; src/app/api/auth/create-user/route.ts; src/app/api/check-user/route.ts; src/app/api/auth/send-reset/route.ts; src/app/api/profile/route.ts; src/app/api/auth/google/route.ts,None found in traced files,src/lib/services/userService.ts; src/lib/services/baseService.ts,users,Needs WD Verification - no direct field-map row found in traced files,src/lib/supabase/client.ts: @supabase/ssr Supabase project createBrowserClient; src/lib/supabase/server.ts: @supabase/ssr Supabase project createServerClient; src/lib/middleware/auth.middleware.ts: supabase.auth Supabase Auth getUser; src/app/(auth)/start/page.tsx: supabase.auth Supabase Auth signInWithPassword; getSession; signOut; src/app/api/profile/route.ts: supabase.auth Supabase Auth updateUser; src/app/api/auth/google/route.ts: supabase.auth Supabase Auth getSession; src/app/api/auth/send-confirmation/route.ts: supabaseAdmin.auth.admin Supabase Auth admin generateLink; src/app/api/auth/send-reset/route.ts: supabaseAdmin.auth.admin Supabase Auth admin generateLink; src/lib/services/userService.ts: supabaseAdmin.auth.admin Supabase Auth admin getUserById; updateUserById; deleteUser,AuthGateway,No distinct display/list component found in this route,13,Implemented,No duplicate/old route risk identified from supplied source; Needs WD Verification before deletion decisions.,Strong Evidence,Yes,src/app/(auth)/start/page.tsx; src/app/(auth)/layout.tsx; src/app/api/auth/send-confirmation/route.ts; src/app/api/auth/create-user/route.ts; src/app/api/check-user/route.ts; src/app/api/auth/send-reset/route.ts; src/app/api/profile/route.ts; src/app/api/auth/google/route.ts; src/lib/services/userService.ts; src/lib/services/baseService.ts; audit-output/01-repository-and-architecture/REPOSITORY_INVENTORY.md; audit-output/01-repository-and-architecture/GOOGLE_AUTH_CODE_FLOW.md; audit-input/01-database-structure/schema.sql; audit-input/01-database-structure/database.types.ts; audit-output/03-prd-traceability/PRD_IMPLEMENTATION_TRACEABILITY.csv
/subscriptions,(dashboard),src/app/(dashboard)/subscriptions/page.tsx,src/app/(dashboard)/layout.tsx,SubscriptionsModulePage,Leakage / Subscriptions,src/lib/subscriptionMetrics.ts,src/app/(dashboard)/subscriptions/page.tsx; src/lib/subscriptionMetrics.ts; src/app/api/subscriptions/route.ts; src/app/api/subscriptions/[id]/route.ts; src/lib/services/subscriptionService.ts; src/lib/middleware/auth.middleware.ts; src/lib/middleware/error.middleware.ts; src/lib/middleware/standardResponse.ts; src/lib/prisma.ts; src/lib/services/baseService.ts; src/lib/supabase/server.ts,/api/subscriptions; /api/subscriptions/[id],src/app/api/subscriptions/route.ts; src/app/api/subscriptions/[id]/route.ts,None found in traced files,src/lib/services/subscriptionService.ts; src/lib/services/baseService.ts,subscriptions; users,Needs WD Verification - no direct field-map row found in traced files,src/lib/supabase/server.ts: @supabase/ssr Supabase project createServerClient; src/lib/middleware/auth.middleware.ts: supabase.auth Supabase Auth getUser,No distinct form component found in this route,SubscriptionsModulePage,4,Duplicate / Old Version,Overlaps configured Leakage and /leakage/subscriptions route families; authoritative path needs WD verification.,Strong Evidence,Yes,src/app/(dashboard)/subscriptions/page.tsx; src/app/(dashboard)/layout.tsx; src/app/api/subscriptions/route.ts; src/app/api/subscriptions/[id]/route.ts; src/lib/services/subscriptionService.ts; src/lib/services/baseService.ts; audit-output/02-database-and-dependencies/MODULE_DEPENDENCY_MATRIX.csv; audit-output/01-repository-and-architecture/REPOSITORY_INVENTORY.md; audit-output/01-repository-and-architecture/GOOGLE_AUTH_CODE_FLOW.md; audit-output/01-repository-and-architecture/ARCHITECTURE_AND_COUPLING_RISKS.md; audit-input/01-database-structure/schema.sql; audit-input/01-database-structure/database.types.ts; audit-input/02-existing-team-outputs/2026-07-19_MODULE_CRUD_TRACE.csv; audit-input/02-existing-team-outputs/PM_MODULE_INVENTORY.csv; audit-input/02-existing-team-outputs/PM_SCREEN_INVENTORY.csv; audit-output/03-prd-traceability/PRD_IMPLEMENTATION_TRACEABILITY.csv
/succession,(dashboard),src/app/(dashboard)/succession/page.tsx,src/app/(dashboard)/layout.tsx,SuccessionIndex,Uttaradhikar Sabha / Succession,src/components/ui/PageGuide.tsx,src/app/(dashboard)/succession/page.tsx; src/components/ui/PageGuide.tsx; src/app/api/succession/nominees/route.ts; src/app/api/succession/will/route.ts; src/app/api/succession/emergency/route.ts; src/lib/prisma.ts; src/lib/middleware/auth.middleware.ts; src/lib/middleware/error.middleware.ts; src/lib/middleware/standardResponse.ts; src/lib/supabase/server.ts,/api/succession/nominees; /api/succession/will; /api/succession/emergency,src/app/api/succession/nominees/route.ts; src/app/api/succession/will/route.ts; src/app/api/succession/emergency/route.ts,None found in traced files,None found in traced files,succession_nominees; succession_wills; succession_emergency; users,Needs WD Verification - no direct field-map row found in traced files,src/lib/supabase/server.ts: @supabase/ssr Supabase project createServerClient; src/lib/middleware/auth.middleware.ts: supabase.auth Supabase Auth getUser,No distinct form component found in this route,SuccessionIndex,1,Implemented,No duplicate/old route risk identified from supplied source; Needs WD Verification before deletion decisions.,Strong Evidence,Yes,src/app/(dashboard)/succession/page.tsx; src/app/(dashboard)/layout.tsx; src/app/api/succession/nominees/route.ts; src/app/api/succession/will/route.ts; src/app/api/succession/emergency/route.ts; audit-output/01-repository-and-architecture/REPOSITORY_INVENTORY.md; audit-output/01-repository-and-architecture/GOOGLE_AUTH_CODE_FLOW.md; audit-input/01-database-structure/schema.sql; audit-input/01-database-structure/database.types.ts; audit-input/02-existing-team-outputs/2026-07-19_MODULE_CRUD_TRACE.csv; audit-output/03-prd-traceability/PRD_IMPLEMENTATION_TRACEABILITY.csv
/succession/emergency,(dashboard),src/app/(dashboard)/succession/emergency/page.tsx,src/app/(dashboard)/layout.tsx,EmergencyPage,Uttaradhikar Sabha / Succession,src/components/providers/ToastProvider.tsx; src/components/ui/ConfirmModal.tsx; src/components/ui/PageGuide.tsx,src/app/(dashboard)/succession/emergency/page.tsx; src/components/providers/ToastProvider.tsx; src/components/ui/ConfirmModal.tsx; src/components/ui/PageGuide.tsx; src/app/api/succession/emergency/route.ts; src/app/api/auth/send-otp/route.ts; src/app/api/auth/verify-otp/route.ts; src/lib/prisma.ts; src/lib/middleware/auth.middleware.ts; src/lib/middleware/error.middleware.ts; src/lib/middleware/standardResponse.ts; src/lib/email-templates/html-templates.ts; src/lib/supabase/server.ts,/api/succession/emergency; /api/auth/send-otp; /api/auth/verify-otp,src/app/api/succession/emergency/route.ts; src/app/api/auth/send-otp/route.ts; src/app/api/auth/verify-otp/route.ts,None found in traced files,None found in traced files,succession_emergency; email_verification_codes; users,succession_emergency.emergencyContactName; succession_emergency.emergencyContactPhone; succession_emergency.secondaryContactName; succession_emergency.secondaryContactPhone; succession_emergency.verificationMethod; succession_emergency.activationWaitingPeriod; succession_emergency.assetAccessScope,src/lib/supabase/server.ts: @supabase/ssr Supabase project createServerClient; src/lib/middleware/auth.middleware.ts: supabase.auth Supabase Auth getUser,No distinct form component found in this route,EmergencyPage,0,Implemented,"No duplicate/old route risk identified from supplied source; Needs WD Verification before deletion decisions. Static route-literal search found no reference outside the page file; dynamic navigation is possible, so linkage Needs WD Verification.",Strong Evidence,Yes,src/app/(dashboard)/succession/emergency/page.tsx; src/app/(dashboard)/layout.tsx; src/app/api/succession/emergency/route.ts; src/app/api/auth/send-otp/route.ts; src/app/api/auth/verify-otp/route.ts; audit-output/02-database-and-dependencies/FRONTEND_DATABASE_FIELD_MAP.csv; audit-output/01-repository-and-architecture/REPOSITORY_INVENTORY.md; audit-output/01-repository-and-architecture/GOOGLE_AUTH_CODE_FLOW.md; audit-input/01-database-structure/schema.sql; audit-input/01-database-structure/database.types.ts; audit-input/02-existing-team-outputs/2026-07-19_MODULE_CRUD_TRACE.csv; audit-output/03-prd-traceability/PRD_IMPLEMENTATION_TRACEABILITY.csv
/succession/nominees,(dashboard),src/app/(dashboard)/succession/nominees/page.tsx,src/app/(dashboard)/layout.tsx,NomineesPage,Uttaradhikar Sabha / Succession,src/components/providers/ToastProvider.tsx; src/components/ui/ConfirmModal.tsx; src/components/ui/PageGuide.tsx,src/app/(dashboard)/succession/nominees/page.tsx; src/components/providers/ToastProvider.tsx; src/components/ui/ConfirmModal.tsx; src/components/ui/PageGuide.tsx; src/app/api/succession/assets/route.ts; src/app/api/succession/nominees/route.ts; src/app/api/family/route.ts; src/app/api/succession/nominees/[id]/route.ts; src/lib/prisma.ts; src/lib/middleware/auth.middleware.ts; src/lib/middleware/error.middleware.ts; src/lib/middleware/standardResponse.ts; src/lib/services/familyService.ts; src/lib/types/api.types.ts; src/lib/supabase/server.ts; src/lib/services/baseService.ts,/api/succession/assets; /api/succession/nominees; /api/family; /api/succession/nominees/[id],src/app/api/succession/assets/route.ts; src/app/api/succession/nominees/route.ts; src/app/api/family/route.ts; src/app/api/succession/nominees/[id]/route.ts,None found in traced files,src/lib/services/familyService.ts; src/lib/services/baseService.ts,asset_inventory; property_assets; investment_holdings; insurance_policies; succession_nominees; users; family_members,succession_nominees.assetId; succession_nominees.assetType; succession_nominees.nomineeId; succession_nominees.nomineeName; succession_nominees.relationship; succession_nominees.sharePercentage,src/lib/supabase/server.ts: @supabase/ssr Supabase project createServerClient; src/lib/middleware/auth.middleware.ts: supabase.auth Supabase Auth getUser,No distinct form component found in this route,NomineesPage,0,Implemented,"No duplicate/old route risk identified from supplied source; Needs WD Verification before deletion decisions. Static route-literal search found no reference outside the page file; dynamic navigation is possible, so linkage Needs WD Verification.",Strong Evidence,Yes,src/app/(dashboard)/succession/nominees/page.tsx; src/app/(dashboard)/layout.tsx; src/app/api/succession/assets/route.ts; src/app/api/succession/nominees/route.ts; src/app/api/family/route.ts; src/app/api/succession/nominees/[id]/route.ts; src/lib/services/familyService.ts; src/lib/services/baseService.ts; audit-output/02-database-and-dependencies/FRONTEND_DATABASE_FIELD_MAP.csv; audit-output/01-repository-and-architecture/REPOSITORY_INVENTORY.md; audit-output/01-repository-and-architecture/GOOGLE_AUTH_CODE_FLOW.md; audit-input/01-database-structure/schema.sql; audit-input/01-database-structure/database.types.ts; audit-input/02-existing-team-outputs/2026-07-19_MODULE_CRUD_TRACE.csv; audit-output/03-prd-traceability/PRD_IMPLEMENTATION_TRACEABILITY.csv
/succession/scan,(dashboard),src/app/(dashboard)/succession/scan/page.tsx,src/app/(dashboard)/layout.tsx,ScanPage,Uttaradhikar Sabha / Succession,src/components/providers/ToastProvider.tsx; src/components/ui/PageGuide.tsx,src/app/(dashboard)/succession/scan/page.tsx; src/components/providers/ToastProvider.tsx; src/components/ui/PageGuide.tsx; src/app/api/succession/assets/route.ts; src/app/api/succession/nominees/route.ts; src/app/api/family/route.ts; src/app/api/succession/will/route.ts; src/lib/prisma.ts; src/lib/middleware/auth.middleware.ts; src/lib/middleware/error.middleware.ts; src/lib/middleware/standardResponse.ts; src/lib/services/familyService.ts; src/lib/types/api.types.ts; src/lib/supabase/server.ts; src/lib/services/baseService.ts,/api/succession/assets; /api/succession/nominees; /api/family; /api/succession/will,src/app/api/succession/assets/route.ts; src/app/api/succession/nominees/route.ts; src/app/api/family/route.ts; src/app/api/succession/will/route.ts,None found in traced files,src/lib/services/familyService.ts; src/lib/services/baseService.ts,asset_inventory; property_assets; investment_holdings; insurance_policies; succession_nominees; users; succession_wills; family_members,Needs WD Verification - no direct field-map row found in traced files,src/lib/supabase/server.ts: @supabase/ssr Supabase project createServerClient; src/lib/middleware/auth.middleware.ts: supabase.auth Supabase Auth getUser,No distinct form component found in this route,ScanPage,0,Implemented,"No duplicate/old route risk identified from supplied source; Needs WD Verification before deletion decisions. Static route-literal search found no reference outside the page file; dynamic navigation is possible, so linkage Needs WD Verification.",Strong Evidence,Yes,src/app/(dashboard)/succession/scan/page.tsx; src/app/(dashboard)/layout.tsx; src/app/api/succession/assets/route.ts; src/app/api/succession/nominees/route.ts; src/app/api/family/route.ts; src/app/api/succession/will/route.ts; src/lib/services/familyService.ts; src/lib/services/baseService.ts; audit-output/01-repository-and-architecture/REPOSITORY_INVENTORY.md; audit-output/01-repository-and-architecture/GOOGLE_AUTH_CODE_FLOW.md; audit-input/01-database-structure/schema.sql; audit-input/01-database-structure/database.types.ts; audit-input/02-existing-team-outputs/2026-07-19_MODULE_CRUD_TRACE.csv; audit-output/03-prd-traceability/PRD_IMPLEMENTATION_TRACEABILITY.csv
/succession/tutorial,(dashboard),src/app/(dashboard)/succession/tutorial/page.tsx,src/app/(dashboard)/layout.tsx,SuccessionTutorial,Uttaradhikar Sabha / Succession,src/components/ui/VideoTutorialPlaceholder.tsx; src/components/providers/ToastProvider.tsx; src/components/ui/PageGuide.tsx,src/app/(dashboard)/succession/tutorial/page.tsx; src/components/ui/VideoTutorialPlaceholder.tsx; src/components/providers/ToastProvider.tsx; src/components/ui/PageGuide.tsx; src/app/api/succession/assets/route.ts; src/app/api/family/route.ts; src/app/api/succession/nominees/route.ts; src/lib/prisma.ts; src/lib/middleware/auth.middleware.ts; src/lib/middleware/error.middleware.ts; src/lib/middleware/standardResponse.ts; src/lib/services/familyService.ts; src/lib/types/api.types.ts; src/lib/supabase/server.ts; src/lib/services/baseService.ts,/api/succession/assets; /api/family; /api/succession/nominees,src/app/api/succession/assets/route.ts; src/app/api/family/route.ts; src/app/api/succession/nominees/route.ts,None found in traced files,src/lib/services/familyService.ts; src/lib/services/baseService.ts,asset_inventory; property_assets; investment_holdings; insurance_policies; succession_nominees; users; family_members,Needs WD Verification - no direct field-map row found in traced files,src/lib/supabase/server.ts: @supabase/ssr Supabase project createServerClient; src/lib/middleware/auth.middleware.ts: supabase.auth Supabase Auth getUser,No distinct form component found in this route,SuccessionTutorial,0,Implemented,"No duplicate/old route risk identified from supplied source; Needs WD Verification before deletion decisions. Static route-literal search found no reference outside the page file; dynamic navigation is possible, so linkage Needs WD Verification.",Strong Evidence,Yes,src/app/(dashboard)/succession/tutorial/page.tsx; src/app/(dashboard)/layout.tsx; src/app/api/succession/assets/route.ts; src/app/api/family/route.ts; src/app/api/succession/nominees/route.ts; src/lib/services/familyService.ts; src/lib/services/baseService.ts; audit-output/01-repository-and-architecture/REPOSITORY_INVENTORY.md; audit-output/01-repository-and-architecture/GOOGLE_AUTH_CODE_FLOW.md; audit-input/01-database-structure/schema.sql; audit-input/01-database-structure/database.types.ts; audit-input/02-existing-team-outputs/2026-07-19_MODULE_CRUD_TRACE.csv; audit-output/03-prd-traceability/PRD_IMPLEMENTATION_TRACEABILITY.csv
/succession/will,(dashboard),src/app/(dashboard)/succession/will/page.tsx,src/app/(dashboard)/layout.tsx,WillPage,Uttaradhikar Sabha / Succession,src/components/vault/FileUploader.tsx; src/components/providers/ToastProvider.tsx; src/components/ui/PageGuide.tsx,src/app/(dashboard)/succession/will/page.tsx; src/components/vault/FileUploader.tsx; src/components/providers/ToastProvider.tsx; src/components/ui/PageGuide.tsx; src/lib/vault.ts; src/lib/cloudDriveSync.ts; src/lib/supabase/client.ts; src/lib/localVaultEngine.ts; src/app/api/succession/will/route.ts; src/app/api/family/route.ts; src/app/api/google-drive/upload/route.ts; src/app/api/google-drive/download/route.ts; src/lib/prisma.ts; src/lib/middleware/auth.middleware.ts; src/lib/middleware/error.middleware.ts; src/lib/middleware/standardResponse.ts; src/lib/services/familyService.ts; src/lib/types/api.types.ts; src/lib/supabase/server.ts; src/lib/googleAuth.ts; src/lib/services/baseService.ts,/api/succession/will; /api/vault/download/[id]; /api/family; /api/google-drive/upload; /api/google-drive/download,src/app/api/succession/will/route.ts; src/app/api/family/route.ts; src/app/api/google-drive/upload/route.ts; src/app/api/google-drive/download/route.ts,None found in traced files,src/lib/services/familyService.ts; src/lib/services/baseService.ts,succession_wills; users; family_members,succession_wills.willExists; succession_wills.executorName; succession_wills.executorContact; succession_wills.witnessNames; succession_wills.digitalCopyUrl,src/lib/supabase/client.ts: @supabase/ssr Supabase project createBrowserClient; src/lib/supabase/server.ts: @supabase/ssr Supabase project createServerClient; src/lib/middleware/auth.middleware.ts: supabase.auth Supabase Auth getUser; src/components/vault/FileUploader.tsx: supabase.auth Supabase Auth getUser; src/components/vault/FileUploader.tsx: supabase.storage Dynamic bucket from folder prop .from(folder).upload; getPublicUrl; src/app/api/google-drive/upload/route.ts: supabase.auth Supabase Auth getSession; src/app/api/google-drive/download/route.ts: supabase.auth Supabase Auth getSession,FileUploader,WillPage,0,Implemented,"No duplicate/old route risk identified from supplied source; Needs WD Verification before deletion decisions. Static route-literal search found no reference outside the page file; dynamic navigation is possible, so linkage Needs WD Verification.",Strong Evidence,Yes,src/app/(dashboard)/succession/will/page.tsx; src/app/(dashboard)/layout.tsx; src/app/api/succession/will/route.ts; src/app/api/family/route.ts; src/app/api/google-drive/upload/route.ts; src/app/api/google-drive/download/route.ts; src/lib/services/familyService.ts; src/lib/services/baseService.ts; audit-output/02-database-and-dependencies/FRONTEND_DATABASE_FIELD_MAP.csv; audit-output/01-repository-and-architecture/REPOSITORY_INVENTORY.md; audit-output/01-repository-and-architecture/GOOGLE_AUTH_CODE_FLOW.md; audit-input/01-database-structure/schema.sql; audit-input/01-database-structure/database.types.ts; audit-input/02-existing-team-outputs/2026-07-19_MODULE_CRUD_TRACE.csv; audit-output/03-prd-traceability/PRD_IMPLEMENTATION_TRACEABILITY.csv
/suchak,(dashboard),src/app/(dashboard)/suchak/page.tsx,src/app/(dashboard)/layout.tsx,Dashboard,Suchak / Dashboard,src/lib/stores/identityStore.ts; src/lib/credentialStore.ts; src/lib/stores/incomeStore.ts; src/lib/stores/expenseStore.ts; src/lib/stores/bankStore.ts; src/lib/stores/onboardingStore.ts; src/lib/stores/themeStore.ts; src/components/tutorials/TutorialCard.tsx; src/components/shared/UserAvatar.tsx; src/lib/bankApi.ts,src/app/(dashboard)/suchak/page.tsx; src/lib/stores/identityStore.ts; src/lib/credentialStore.ts; src/lib/stores/incomeStore.ts; src/lib/stores/expenseStore.ts; src/lib/stores/bankStore.ts; src/lib/stores/onboardingStore.ts; src/lib/stores/themeStore.ts; src/components/tutorials/TutorialCard.tsx; src/components/shared/UserAvatar.tsx; src/lib/bankApi.ts; src/lib/validators/contactValidator.ts; src/lib/supabase/client.ts; src/lib/bankStore.ts; src/lib/expenseStore.ts; src/lib/incomeStore.ts; src/app/api/identity/route.ts; src/app/api/credentials/route.ts; src/app/api/credentials/[id]/route.ts; src/app/api/income/route.ts; src/app/api/income/[id]/route.ts; src/app/api/expenses/route.ts; src/app/api/profile/route.ts; src/app/api/family/route.ts; src/app/api/bank/route.ts; src/app/api/expense-categories/route.ts; src/app/api/expenses/[id]/route.ts; src/app/api/subscriptions/route.ts; src/app/api/subscriptions/[id]/route.ts; src/app/api/budget/route.ts; +17 more,/api/identity; /api/credentials; /api/credentials/[id]; /api/income; /api/income/[id]; /api/expenses; /api/profile; /api/family; /api/bank; /api/expense-categories; /api/expenses/[id]; /api/subscriptions; /api/subscriptions/[id]; /api/budget,src/app/api/identity/route.ts; src/app/api/credentials/route.ts; src/app/api/credentials/[id]/route.ts; src/app/api/income/route.ts; src/app/api/income/[id]/route.ts; src/app/api/expenses/route.ts; src/app/api/profile/route.ts; src/app/api/family/route.ts; src/app/api/bank/route.ts; src/app/api/expense-categories/route.ts; src/app/api/expenses/[id]/route.ts; src/app/api/subscriptions/route.ts; src/app/api/subscriptions/[id]/route.ts; src/app/api/budget/route.ts,src/lib/stores/identityStore.ts; src/lib/credentialStore.ts; src/lib/stores/incomeStore.ts; src/lib/stores/expenseStore.ts; src/lib/stores/bankStore.ts; src/lib/stores/onboardingStore.ts; src/lib/stores/themeStore.ts; src/lib/bankStore.ts; src/lib/expenseStore.ts; src/lib/incomeStore.ts,src/lib/bankApi.ts; src/lib/services/identityService.ts; src/lib/services/credentialService.ts; src/lib/services/incomeService.ts; src/lib/services/expenseService.ts; src/lib/services/userService.ts; src/lib/services/familyService.ts; src/lib/services/bankService.ts; src/lib/services/expenseCategoryService.ts; src/lib/services/subscriptionService.ts; src/lib/services/budgetService.ts; src/lib/services/baseService.ts,document_meta; users; cash_wallets; identity_records; credential_records; income_streams; expense_entries; family_members; bank_accounts; expense_categories; subscriptions; budget_plans,Needs WD Verification - no direct field-map row found in traced files,src/lib/supabase/client.ts: @supabase/ssr Supabase project createBrowserClient; src/lib/supabase/server.ts: @supabase/ssr Supabase project createServerClient; src/lib/middleware/auth.middleware.ts: supabase.auth Supabase Auth getUser; src/components/shared/UserAvatar.tsx: supabase.auth Supabase Auth getUser; src/app/api/profile/route.ts: supabase.auth Supabase Auth updateUser; src/lib/services/userService.ts: supabaseAdmin.auth.admin Supabase Auth admin getUserById; updateUserById; deleteUser,formatRupee,Dashboard; OnboardingStore; fetchBankSummary,2,Partially Implemented,No duplicate/old route risk identified from supplied source; Needs WD Verification before deletion decisions.,Strong Evidence,Yes,src/app/(dashboard)/suchak/page.tsx; src/app/(dashboard)/layout.tsx; src/app/api/identity/route.ts; src/app/api/credentials/route.ts; src/app/api/credentials/[id]/route.ts; src/app/api/income/route.ts; src/app/api/income/[id]/route.ts; src/app/api/expenses/route.ts; src/app/api/profile/route.ts; src/app/api/family/route.ts; src/app/api/bank/route.ts; src/app/api/expense-categories/route.ts; src/app/api/expenses/[id]/route.ts; src/app/api/subscriptions/route.ts; src/app/api/subscriptions/[id]/route.ts; src/app/api/budget/route.ts; src/lib/bankApi.ts; src/lib/services/identityService.ts; +17 more
/suraksha,(dashboard),src/app/(dashboard)/suraksha/page.tsx,src/app/(dashboard)/layout.tsx,SurakshaPage,Suraksha / Security,None found in traced files,src/app/(dashboard)/suraksha/page.tsx,None found in traced files,None found in traced files,None found in traced files,None found in traced files,Needs WD Verification - no direct table evidence found for this route,Needs WD Verification - no direct field-map row found in traced files,None found in traced files,No distinct form component found in this route,No distinct display/list component found in this route,2,Placeholder,No duplicate/old route risk identified from supplied source; Needs WD Verification before deletion decisions.,Unconfirmed,Yes,src/app/(dashboard)/suraksha/page.tsx; src/app/(dashboard)/layout.tsx; audit-output/01-repository-and-architecture/REPOSITORY_INVENTORY.md; audit-output/01-repository-and-architecture/GOOGLE_AUTH_CODE_FLOW.md; audit-output/03-prd-traceability/PRD_IMPLEMENTATION_TRACEABILITY.csv
/terms,(landing),src/app/(landing)/terms/page.tsx,src/app/(landing)/layout.tsx,TermsPage,Public Website / Landing,src/components/landing/Navbar.tsx; src/components/landing/Footer.tsx,src/app/(landing)/terms/page.tsx; src/components/landing/Navbar.tsx; src/components/landing/Footer.tsx; src/components/landing/ui/Button.tsx; src/context/landing/LanguageContext.tsx; src/lib/landing/cn.ts,None found in traced files,None found in traced files,src/context/landing/LanguageContext.tsx,None found in traced files,Needs WD Verification - no direct table evidence found for this route,Needs WD Verification - no direct field-map row found in traced files,None found in traced files,No distinct form component found in this route,No distinct display/list component found in this route,3,Implemented,No duplicate/old route risk identified from supplied source; Needs WD Verification before deletion decisions.,Probable,Yes,src/app/(landing)/terms/page.tsx; src/app/(landing)/layout.tsx; audit-output/01-repository-and-architecture/REPOSITORY_INVENTORY.md; audit-output/03-prd-traceability/PRD_IMPLEMENTATION_TRACEABILITY.csv
/vault,(dashboard),src/app/(dashboard)/vault/page.tsx,src/app/(dashboard)/layout.tsx,VaultPage,Vault / Nidhi Vault,src/lib/vault.ts; src/components/vault/FileUploader.tsx; src/components/ui/PageGuide.tsx; src/components/ui/VideoTutorialPlaceholder.tsx,src/app/(dashboard)/vault/page.tsx; src/lib/vault.ts; src/components/vault/FileUploader.tsx; src/components/ui/PageGuide.tsx; src/components/ui/VideoTutorialPlaceholder.tsx; src/lib/localVaultEngine.ts; src/lib/cloudDriveSync.ts; src/lib/supabase/client.ts; src/components/providers/ToastProvider.tsx; src/app/api/family/route.ts; src/app/api/google-drive/upload/route.ts; src/app/api/google-drive/download/route.ts; src/lib/services/familyService.ts; src/lib/prisma.ts; src/lib/middleware/auth.middleware.ts; src/lib/middleware/error.middleware.ts; src/lib/middleware/standardResponse.ts; src/lib/types/api.types.ts; src/lib/supabase/server.ts; src/lib/googleAuth.ts; src/lib/services/baseService.ts,/api/family; /api/google-drive/upload; /api/google-drive/download,src/app/api/family/route.ts; src/app/api/google-drive/upload/route.ts; src/app/api/google-drive/download/route.ts,None found in traced files,src/lib/services/familyService.ts; src/lib/services/baseService.ts,users; family_members,Needs WD Verification - no direct field-map row found in traced files,src/lib/supabase/client.ts: @supabase/ssr Supabase project createBrowserClient; src/lib/supabase/server.ts: @supabase/ssr Supabase project createServerClient; src/lib/middleware/auth.middleware.ts: supabase.auth Supabase Auth getUser; src/components/vault/FileUploader.tsx: supabase.auth Supabase Auth getUser; src/components/vault/FileUploader.tsx: supabase.storage Dynamic bucket from folder prop .from(folder).upload; getPublicUrl; src/app/api/google-drive/upload/route.ts: supabase.auth Supabase Auth getSession; src/app/api/google-drive/download/route.ts: supabase.auth Supabase Auth getSession,FileUploader,VaultPage; CreditCard,5,Duplicate / Old Version,Overlaps configured Granthagaar document-vault implementation; authoritative path needs WD verification.,Strong Evidence,Yes,src/app/(dashboard)/vault/page.tsx; src/app/(dashboard)/layout.tsx; src/app/api/family/route.ts; src/app/api/google-drive/upload/route.ts; src/app/api/google-drive/download/route.ts; src/lib/services/familyService.ts; src/lib/services/baseService.ts; audit-output/02-database-and-dependencies/MODULE_DEPENDENCY_MATRIX.csv; audit-output/01-repository-and-architecture/REPOSITORY_INVENTORY.md; audit-output/01-repository-and-architecture/GOOGLE_AUTH_CODE_FLOW.md; audit-output/01-repository-and-architecture/ARCHITECTURE_AND_COUPLING_RISKS.md; audit-input/01-database-structure/schema.sql; audit-input/01-database-structure/database.types.ts; audit-input/02-existing-team-outputs/2026-07-19_MODULE_CRUD_TRACE.csv; audit-output/03-prd-traceability/PRD_IMPLEMENTATION_TRACEABILITY.csv
/verify-email,(auth),src/app/(auth)/verify-email/page.tsx,src/app/(auth)/layout.tsx,Page,Authentication,src/app/(auth)/verify-email/VerifyEmailClient.tsx,src/app/(auth)/verify-email/page.tsx; src/app/(auth)/verify-email/VerifyEmailClient.tsx; src/lib/supabase/client.ts,None found in traced files,None found in traced files,None found in traced files,None found in traced files,Needs WD Verification - no direct table evidence found for this route,Needs WD Verification - no direct field-map row found in traced files,src/lib/supabase/client.ts: @supabase/ssr Supabase project createBrowserClient; src/app/(auth)/verify-email/VerifyEmailClient.tsx: supabase.auth Supabase Auth resend,No distinct form component found in this route,No distinct display/list component found in this route,3,Implemented,No duplicate/old route risk identified from supplied source; Needs WD Verification before deletion decisions.,Unconfirmed,Yes,src/app/(auth)/verify-email/page.tsx; src/app/(auth)/layout.tsx; audit-output/01-repository-and-architecture/REPOSITORY_INVENTORY.md; audit-output/01-repository-and-architecture/GOOGLE_AUTH_CODE_FLOW.md
/vyaya,(dashboard),src/app/(dashboard)/vyaya/page.tsx,src/app/(dashboard)/layout.tsx,VyayaHub,Vyaya / Expenses,src/lib/expenseStore.ts; src/lib/incomeStore.ts; src/components/ui/PageGuide.tsx; src/components/ui/VideoTutorialPlaceholder.tsx,src/app/(dashboard)/vyaya/page.tsx; src/lib/expenseStore.ts; src/lib/incomeStore.ts; src/components/ui/PageGuide.tsx; src/components/ui/VideoTutorialPlaceholder.tsx; src/app/api/expense-categories/route.ts; src/app/api/expenses/route.ts; src/app/api/expenses/[id]/route.ts; src/app/api/subscriptions/route.ts; src/app/api/subscriptions/[id]/route.ts; src/app/api/budget/route.ts; src/app/api/income/route.ts; src/app/api/income/[id]/route.ts; src/lib/services/expenseCategoryService.ts; src/lib/middleware/auth.middleware.ts; src/lib/middleware/error.middleware.ts; src/lib/middleware/standardResponse.ts; src/lib/services/expenseService.ts; src/lib/types/api.types.ts; src/lib/services/subscriptionService.ts; src/lib/services/budgetService.ts; src/lib/services/incomeService.ts; src/lib/prisma.ts; src/lib/services/baseService.ts; src/lib/supabase/server.ts,/api/expense-categories; /api/expenses; /api/expenses/[id]; /api/subscriptions; /api/subscriptions/[id]; /api/budget; /api/income; /api/income/[id],src/app/api/expense-categories/route.ts; src/app/api/expenses/route.ts; src/app/api/expenses/[id]/route.ts; src/app/api/subscriptions/route.ts; src/app/api/subscriptions/[id]/route.ts; src/app/api/budget/route.ts; src/app/api/income/route.ts; src/app/api/income/[id]/route.ts,src/lib/expenseStore.ts; src/lib/incomeStore.ts,src/lib/services/expenseCategoryService.ts; src/lib/services/expenseService.ts; src/lib/services/subscriptionService.ts; src/lib/services/budgetService.ts; src/lib/services/incomeService.ts; src/lib/services/baseService.ts,expense_categories; users; expense_entries; subscriptions; budget_plans; income_streams,Needs WD Verification - no direct field-map row found in traced files,src/lib/supabase/server.ts: @supabase/ssr Supabase project createServerClient; src/lib/middleware/auth.middleware.ts: supabase.auth Supabase Auth getUser,formatRupee,VyayaHub; BarChart3; CreditCard,5,Implemented,Parallel Vyaya route/store family overlaps configured /vyaya/entry flow; do not delete without WD decision.,Strong Evidence,Yes,src/app/(dashboard)/vyaya/page.tsx; src/app/(dashboard)/layout.tsx; src/app/api/expense-categories/route.ts; src/app/api/expenses/route.ts; src/app/api/expenses/[id]/route.ts; src/app/api/subscriptions/route.ts; src/app/api/subscriptions/[id]/route.ts; src/app/api/budget/route.ts; src/app/api/income/route.ts; src/app/api/income/[id]/route.ts; src/lib/services/expenseCategoryService.ts; src/lib/services/expenseService.ts; src/lib/services/subscriptionService.ts; src/lib/services/budgetService.ts; src/lib/services/incomeService.ts; src/lib/services/baseService.ts; audit-output/02-database-and-dependencies/MODULE_DEPENDENCY_MATRIX.csv; audit-output/01-repository-and-architecture/REPOSITORY_INVENTORY.md; +8 more
/vyaya/add,(dashboard),src/app/(dashboard)/vyaya/add/page.tsx,src/app/(dashboard)/layout.tsx,AddExpensePage,Vyaya / Expenses,src/lib/expenseStore.ts; src/components/ui/VideoTutorialPlaceholder.tsx,src/app/(dashboard)/vyaya/add/page.tsx; src/lib/expenseStore.ts; src/components/ui/VideoTutorialPlaceholder.tsx; src/lib/incomeStore.ts; src/app/api/family/route.ts; src/app/api/bank/route.ts; src/app/api/expense-categories/route.ts; src/app/api/expenses/route.ts; src/app/api/expenses/[id]/route.ts; src/app/api/subscriptions/route.ts; src/app/api/subscriptions/[id]/route.ts; src/app/api/budget/route.ts; src/app/api/income/route.ts; src/app/api/income/[id]/route.ts; src/lib/services/familyService.ts; src/lib/prisma.ts; src/lib/middleware/auth.middleware.ts; src/lib/middleware/error.middleware.ts; src/lib/middleware/standardResponse.ts; src/lib/types/api.types.ts; src/lib/services/bankService.ts; src/lib/services/incomeService.ts; src/lib/services/expenseService.ts; src/lib/services/expenseCategoryService.ts; src/lib/services/subscriptionService.ts; src/lib/services/budgetService.ts; src/lib/services/baseService.ts; src/lib/supabase/server.ts,/api/family; /api/bank; /api/expense-categories; /api/expenses; /api/expenses/[id]; /api/subscriptions; /api/subscriptions/[id]; /api/budget; /api/income; /api/income/[id],src/app/api/family/route.ts; src/app/api/bank/route.ts; src/app/api/expense-categories/route.ts; src/app/api/expenses/route.ts; src/app/api/expenses/[id]/route.ts; src/app/api/subscriptions/route.ts; src/app/api/subscriptions/[id]/route.ts; src/app/api/budget/route.ts; src/app/api/income/route.ts; src/app/api/income/[id]/route.ts,src/lib/expenseStore.ts; src/lib/incomeStore.ts,src/lib/services/familyService.ts; src/lib/services/bankService.ts; src/lib/services/incomeService.ts; src/lib/services/expenseService.ts; src/lib/services/expenseCategoryService.ts; src/lib/services/subscriptionService.ts; src/lib/services/budgetService.ts; src/lib/services/baseService.ts,users; cash_wallets; family_members; bank_accounts; income_streams; expense_entries; expense_categories; subscriptions; budget_plans,expense_entries.date; expense_entries.amount; expense_entries.category; expense_entries.mode; expense_entries.accountId; expense_entries.description; expense_entries.isRecurring; expense_entries.frequency,src/lib/supabase/server.ts: @supabase/ssr Supabase project createServerClient; src/lib/middleware/auth.middleware.ts: supabase.auth Supabase Auth getUser,AddExpensePage; formatRupee,AddExpensePage,1,Implemented,Parallel Vyaya route/store family overlaps configured /vyaya/entry flow; do not delete without WD decision.,Strong Evidence,Yes,src/app/(dashboard)/vyaya/add/page.tsx; src/app/(dashboard)/layout.tsx; src/app/api/family/route.ts; src/app/api/bank/route.ts; src/app/api/expense-categories/route.ts; src/app/api/expenses/route.ts; src/app/api/expenses/[id]/route.ts; src/app/api/subscriptions/route.ts; src/app/api/subscriptions/[id]/route.ts; src/app/api/budget/route.ts; src/app/api/income/route.ts; src/app/api/income/[id]/route.ts; src/lib/services/familyService.ts; src/lib/services/bankService.ts; src/lib/services/incomeService.ts; src/lib/services/expenseService.ts; src/lib/services/expenseCategoryService.ts; src/lib/services/subscriptionService.ts; +13 more
/vyaya/analytics,(dashboard),src/app/(dashboard)/vyaya/analytics/page.tsx,src/app/(dashboard)/layout.tsx,VyayaAnalyticsPage,Vyaya / Expenses,src/lib/expenseStore.ts; src/components/providers/ToastProvider.tsx,src/app/(dashboard)/vyaya/analytics/page.tsx; src/lib/expenseStore.ts; src/components/providers/ToastProvider.tsx; src/lib/incomeStore.ts; src/app/api/expense-categories/route.ts; src/app/api/expenses/route.ts; src/app/api/expenses/[id]/route.ts; src/app/api/subscriptions/route.ts; src/app/api/subscriptions/[id]/route.ts; src/app/api/budget/route.ts; src/app/api/income/route.ts; src/app/api/income/[id]/route.ts; src/lib/services/expenseCategoryService.ts; src/lib/middleware/auth.middleware.ts; src/lib/middleware/error.middleware.ts; src/lib/middleware/standardResponse.ts; src/lib/services/expenseService.ts; src/lib/types/api.types.ts; src/lib/services/subscriptionService.ts; src/lib/services/budgetService.ts; src/lib/services/incomeService.ts; src/lib/prisma.ts; src/lib/services/baseService.ts; src/lib/supabase/server.ts,/api/expense-categories; /api/expenses; /api/expenses/[id]; /api/subscriptions; /api/subscriptions/[id]; /api/budget; /api/income; /api/income/[id],src/app/api/expense-categories/route.ts; src/app/api/expenses/route.ts; src/app/api/expenses/[id]/route.ts; src/app/api/subscriptions/route.ts; src/app/api/subscriptions/[id]/route.ts; src/app/api/budget/route.ts; src/app/api/income/route.ts; src/app/api/income/[id]/route.ts,src/lib/expenseStore.ts; src/lib/incomeStore.ts,src/lib/services/expenseCategoryService.ts; src/lib/services/expenseService.ts; src/lib/services/subscriptionService.ts; src/lib/services/budgetService.ts; src/lib/services/incomeService.ts; src/lib/services/baseService.ts,expense_categories; users; expense_entries; subscriptions; budget_plans; income_streams,Needs WD Verification - no direct field-map row found in traced files,src/lib/supabase/server.ts: @supabase/ssr Supabase project createServerClient; src/lib/middleware/auth.middleware.ts: supabase.auth Supabase Auth getUser,formatRupee,VyayaAnalyticsPage; CreditCard; PieChart,0,Implemented,"No duplicate/old route risk identified from supplied source; Needs WD Verification before deletion decisions. Static route-literal search found no reference outside the page file; dynamic navigation is possible, so linkage Needs WD Verification.",Strong Evidence,Yes,src/app/(dashboard)/vyaya/analytics/page.tsx; src/app/(dashboard)/layout.tsx; src/app/api/expense-categories/route.ts; src/app/api/expenses/route.ts; src/app/api/expenses/[id]/route.ts; src/app/api/subscriptions/route.ts; src/app/api/subscriptions/[id]/route.ts; src/app/api/budget/route.ts; src/app/api/income/route.ts; src/app/api/income/[id]/route.ts; src/lib/services/expenseCategoryService.ts; src/lib/services/expenseService.ts; src/lib/services/subscriptionService.ts; src/lib/services/budgetService.ts; src/lib/services/incomeService.ts; src/lib/services/baseService.ts; audit-output/02-database-and-dependencies/MODULE_DEPENDENCY_MATRIX.csv; audit-output/01-repository-and-architecture/REPOSITORY_INVENTORY.md; +7 more
/vyaya/budget,(dashboard),src/app/(dashboard)/vyaya/budget/page.tsx,src/app/(dashboard)/layout.tsx,BudgetPage,Vyaya / Expenses,src/lib/expenseStore.ts,src/app/(dashboard)/vyaya/budget/page.tsx; src/lib/expenseStore.ts; src/lib/incomeStore.ts; src/app/api/expense-categories/route.ts; src/app/api/expenses/route.ts; src/app/api/expenses/[id]/route.ts; src/app/api/subscriptions/route.ts; src/app/api/subscriptions/[id]/route.ts; src/app/api/budget/route.ts; src/app/api/income/route.ts; src/app/api/income/[id]/route.ts; src/lib/services/expenseCategoryService.ts; src/lib/middleware/auth.middleware.ts; src/lib/middleware/error.middleware.ts; src/lib/middleware/standardResponse.ts; src/lib/services/expenseService.ts; src/lib/types/api.types.ts; src/lib/services/subscriptionService.ts; src/lib/services/budgetService.ts; src/lib/services/incomeService.ts; src/lib/prisma.ts; src/lib/services/baseService.ts; src/lib/supabase/server.ts,/api/expense-categories; /api/expenses; /api/expenses/[id]; /api/subscriptions; /api/subscriptions/[id]; /api/budget; /api/income; /api/income/[id],src/app/api/expense-categories/route.ts; src/app/api/expenses/route.ts; src/app/api/expenses/[id]/route.ts; src/app/api/subscriptions/route.ts; src/app/api/subscriptions/[id]/route.ts; src/app/api/budget/route.ts; src/app/api/income/route.ts; src/app/api/income/[id]/route.ts,src/lib/expenseStore.ts; src/lib/incomeStore.ts,src/lib/services/expenseCategoryService.ts; src/lib/services/expenseService.ts; src/lib/services/subscriptionService.ts; src/lib/services/budgetService.ts; src/lib/services/incomeService.ts; src/lib/services/baseService.ts,expense_categories; users; expense_entries; subscriptions; budget_plans; income_streams,Needs WD Verification - no direct field-map row found in traced files,src/lib/supabase/server.ts: @supabase/ssr Supabase project createServerClient; src/lib/middleware/auth.middleware.ts: supabase.auth Supabase Auth getUser,formatRupee,BudgetPage,2,Implemented,No duplicate/old route risk identified from supplied source; Needs WD Verification before deletion decisions.,Strong Evidence,Yes,src/app/(dashboard)/vyaya/budget/page.tsx; src/app/(dashboard)/layout.tsx; src/app/api/expense-categories/route.ts; src/app/api/expenses/route.ts; src/app/api/expenses/[id]/route.ts; src/app/api/subscriptions/route.ts; src/app/api/subscriptions/[id]/route.ts; src/app/api/budget/route.ts; src/app/api/income/route.ts; src/app/api/income/[id]/route.ts; src/lib/services/expenseCategoryService.ts; src/lib/services/expenseService.ts; src/lib/services/subscriptionService.ts; src/lib/services/budgetService.ts; src/lib/services/incomeService.ts; src/lib/services/baseService.ts; audit-output/02-database-and-dependencies/MODULE_DEPENDENCY_MATRIX.csv; audit-output/01-repository-and-architecture/REPOSITORY_INVENTORY.md; +7 more
/vyaya/categories,(dashboard),src/app/(dashboard)/vyaya/categories/page.tsx,src/app/(dashboard)/layout.tsx,CategoriesPage,Vyaya / Expenses,src/lib/expenseStore.ts; src/components/ui/VideoTutorialPlaceholder.tsx,src/app/(dashboard)/vyaya/categories/page.tsx; src/lib/expenseStore.ts; src/components/ui/VideoTutorialPlaceholder.tsx; src/lib/incomeStore.ts; src/app/api/expense-categories/route.ts; src/app/api/expenses/route.ts; src/app/api/expenses/[id]/route.ts; src/app/api/subscriptions/route.ts; src/app/api/subscriptions/[id]/route.ts; src/app/api/budget/route.ts; src/app/api/income/route.ts; src/app/api/income/[id]/route.ts; src/lib/services/expenseCategoryService.ts; src/lib/middleware/auth.middleware.ts; src/lib/middleware/error.middleware.ts; src/lib/middleware/standardResponse.ts; src/lib/services/expenseService.ts; src/lib/types/api.types.ts; src/lib/services/subscriptionService.ts; src/lib/services/budgetService.ts; src/lib/services/incomeService.ts; src/lib/prisma.ts; src/lib/services/baseService.ts; src/lib/supabase/server.ts,/api/expense-categories; /api/expenses; /api/expenses/[id]; /api/subscriptions; /api/subscriptions/[id]; /api/budget; /api/income; /api/income/[id],src/app/api/expense-categories/route.ts; src/app/api/expenses/route.ts; src/app/api/expenses/[id]/route.ts; src/app/api/subscriptions/route.ts; src/app/api/subscriptions/[id]/route.ts; src/app/api/budget/route.ts; src/app/api/income/route.ts; src/app/api/income/[id]/route.ts,src/lib/expenseStore.ts; src/lib/incomeStore.ts,src/lib/services/expenseCategoryService.ts; src/lib/services/expenseService.ts; src/lib/services/subscriptionService.ts; src/lib/services/budgetService.ts; src/lib/services/incomeService.ts; src/lib/services/baseService.ts,expense_categories; users; expense_entries; subscriptions; budget_plans; income_streams,Needs WD Verification - no direct field-map row found in traced files,src/lib/supabase/server.ts: @supabase/ssr Supabase project createServerClient; src/lib/middleware/auth.middleware.ts: supabase.auth Supabase Auth getUser,formatRupee,CategoriesPage,0,Implemented,"No duplicate/old route risk identified from supplied source; Needs WD Verification before deletion decisions. Static route-literal search found no reference outside the page file; dynamic navigation is possible, so linkage Needs WD Verification.",Strong Evidence,Yes,src/app/(dashboard)/vyaya/categories/page.tsx; src/app/(dashboard)/layout.tsx; src/app/api/expense-categories/route.ts; src/app/api/expenses/route.ts; src/app/api/expenses/[id]/route.ts; src/app/api/subscriptions/route.ts; src/app/api/subscriptions/[id]/route.ts; src/app/api/budget/route.ts; src/app/api/income/route.ts; src/app/api/income/[id]/route.ts; src/lib/services/expenseCategoryService.ts; src/lib/services/expenseService.ts; src/lib/services/subscriptionService.ts; src/lib/services/budgetService.ts; src/lib/services/incomeService.ts; src/lib/services/baseService.ts; audit-output/02-database-and-dependencies/MODULE_DEPENDENCY_MATRIX.csv; audit-output/01-repository-and-architecture/REPOSITORY_INVENTORY.md; +7 more
/vyaya/entry,(dashboard),src/app/(dashboard)/vyaya/entry/page.tsx,src/app/(dashboard)/layout.tsx,VyayaHub,Vyaya / Expenses,src/lib/stores/expenseStore.ts; src/lib/stores/incomeStore.ts; src/components/shared/PageGuide.tsx; src/components/tutorials/TutorialCard.tsx,src/app/(dashboard)/vyaya/entry/page.tsx; src/lib/stores/expenseStore.ts; src/lib/stores/incomeStore.ts; src/components/shared/PageGuide.tsx; src/components/tutorials/TutorialCard.tsx; src/app/api/expenses/route.ts; src/app/api/income/route.ts; src/app/api/income/[id]/route.ts; src/lib/services/expenseService.ts; src/lib/middleware/auth.middleware.ts; src/lib/middleware/error.middleware.ts; src/lib/middleware/standardResponse.ts; src/lib/types/api.types.ts; src/lib/services/incomeService.ts; src/lib/prisma.ts; src/lib/services/baseService.ts; src/lib/supabase/server.ts,/api/expenses; /api/income; /api/income/[id],src/app/api/expenses/route.ts; src/app/api/income/route.ts; src/app/api/income/[id]/route.ts,src/lib/stores/expenseStore.ts; src/lib/stores/incomeStore.ts,src/lib/services/expenseService.ts; src/lib/services/incomeService.ts; src/lib/services/baseService.ts,expense_entries; users; income_streams,Needs WD Verification - no direct field-map row found in traced files,src/lib/supabase/server.ts: @supabase/ssr Supabase project createServerClient; src/lib/middleware/auth.middleware.ts: supabase.auth Supabase Auth getUser,formatRupee,VyayaHub; BarChart3; CreditCard,1,Implemented,No duplicate/old route risk identified from supplied source; Needs WD Verification before deletion decisions.,Strong Evidence,Yes,src/app/(dashboard)/vyaya/entry/page.tsx; src/app/(dashboard)/layout.tsx; src/app/api/expenses/route.ts; src/app/api/income/route.ts; src/app/api/income/[id]/route.ts; src/lib/services/expenseService.ts; src/lib/services/incomeService.ts; src/lib/services/baseService.ts; audit-output/02-database-and-dependencies/MODULE_DEPENDENCY_MATRIX.csv; audit-output/01-repository-and-architecture/REPOSITORY_INVENTORY.md; audit-output/01-repository-and-architecture/GOOGLE_AUTH_CODE_FLOW.md; audit-input/01-database-structure/schema.sql; audit-input/01-database-structure/database.types.ts; audit-input/02-existing-team-outputs/2026-07-19_MODULE_CRUD_TRACE.csv; audit-input/02-existing-team-outputs/PM_MODULE_INVENTORY.csv; audit-input/02-existing-team-outputs/PM_SCREEN_INVENTORY.csv; audit-output/03-prd-traceability/PRD_IMPLEMENTATION_TRACEABILITY.csv
/vyaya/entry/add,(dashboard),src/app/(dashboard)/vyaya/entry/add/page.tsx,src/app/(dashboard)/layout.tsx,AddExpensePage,Vyaya / Expenses,src/lib/stores/expenseStore.ts; src/components/tutorials/TutorialCard.tsx,src/app/(dashboard)/vyaya/entry/add/page.tsx; src/lib/stores/expenseStore.ts; src/components/tutorials/TutorialCard.tsx; src/lib/stores/incomeStore.ts; src/app/api/family/route.ts; src/app/api/expenses/route.ts; src/app/api/income/route.ts; src/app/api/income/[id]/route.ts; src/lib/services/familyService.ts; src/lib/prisma.ts; src/lib/middleware/auth.middleware.ts; src/lib/middleware/error.middleware.ts; src/lib/middleware/standardResponse.ts; src/lib/types/api.types.ts; src/lib/services/expenseService.ts; src/lib/services/incomeService.ts; src/lib/services/baseService.ts; src/lib/supabase/server.ts,/api/family; /api/expenses; /api/income; /api/income/[id],src/app/api/family/route.ts; src/app/api/expenses/route.ts; src/app/api/income/route.ts; src/app/api/income/[id]/route.ts,src/lib/stores/expenseStore.ts; src/lib/stores/incomeStore.ts,src/lib/services/familyService.ts; src/lib/services/expenseService.ts; src/lib/services/incomeService.ts; src/lib/services/baseService.ts,users; family_members; expense_entries; income_streams,Needs WD Verification - no direct field-map row found in traced files,src/lib/supabase/server.ts: @supabase/ssr Supabase project createServerClient; src/lib/middleware/auth.middleware.ts: supabase.auth Supabase Auth getUser,AddExpensePage; formatRupee,AddExpensePage,0,Implemented,"No duplicate/old route risk identified from supplied source; Needs WD Verification before deletion decisions. Static route-literal search found no reference outside the page file; dynamic navigation is possible, so linkage Needs WD Verification.",Strong Evidence,Yes,src/app/(dashboard)/vyaya/entry/add/page.tsx; src/app/(dashboard)/layout.tsx; src/app/api/family/route.ts; src/app/api/expenses/route.ts; src/app/api/income/route.ts; src/app/api/income/[id]/route.ts; src/lib/services/familyService.ts; src/lib/services/expenseService.ts; src/lib/services/incomeService.ts; src/lib/services/baseService.ts; audit-output/02-database-and-dependencies/MODULE_DEPENDENCY_MATRIX.csv; audit-output/01-repository-and-architecture/REPOSITORY_INVENTORY.md; audit-output/01-repository-and-architecture/GOOGLE_AUTH_CODE_FLOW.md; audit-input/01-database-structure/schema.sql; audit-input/01-database-structure/database.types.ts; audit-input/02-existing-team-outputs/2026-07-19_MODULE_CRUD_TRACE.csv; audit-input/02-existing-team-outputs/PM_MODULE_INVENTORY.csv; audit-input/02-existing-team-outputs/PM_SCREEN_INVENTORY.csv; +1 more
/vyaya/subscriptions,(dashboard),src/app/(dashboard)/vyaya/subscriptions/page.tsx,src/app/(dashboard)/layout.tsx,SubscriptionsPage,Vyaya / Expenses,src/lib/expenseStore.ts; src/components/providers/ToastProvider.tsx,src/app/(dashboard)/vyaya/subscriptions/page.tsx; src/lib/expenseStore.ts; src/components/providers/ToastProvider.tsx; src/lib/incomeStore.ts; src/app/api/expense-categories/route.ts; src/app/api/expenses/route.ts; src/app/api/expenses/[id]/route.ts; src/app/api/subscriptions/route.ts; src/app/api/subscriptions/[id]/route.ts; src/app/api/budget/route.ts; src/app/api/income/route.ts; src/app/api/income/[id]/route.ts; src/lib/services/expenseCategoryService.ts; src/lib/middleware/auth.middleware.ts; src/lib/middleware/error.middleware.ts; src/lib/middleware/standardResponse.ts; src/lib/services/expenseService.ts; src/lib/types/api.types.ts; src/lib/services/subscriptionService.ts; src/lib/services/budgetService.ts; src/lib/services/incomeService.ts; src/lib/prisma.ts; src/lib/services/baseService.ts; src/lib/supabase/server.ts,/api/expense-categories; /api/expenses; /api/expenses/[id]; /api/subscriptions; /api/subscriptions/[id]; /api/budget; /api/income; /api/income/[id],src/app/api/expense-categories/route.ts; src/app/api/expenses/route.ts; src/app/api/expenses/[id]/route.ts; src/app/api/subscriptions/route.ts; src/app/api/subscriptions/[id]/route.ts; src/app/api/budget/route.ts; src/app/api/income/route.ts; src/app/api/income/[id]/route.ts,src/lib/expenseStore.ts; src/lib/incomeStore.ts,src/lib/services/expenseCategoryService.ts; src/lib/services/expenseService.ts; src/lib/services/subscriptionService.ts; src/lib/services/budgetService.ts; src/lib/services/incomeService.ts; src/lib/services/baseService.ts,expense_categories; users; expense_entries; subscriptions; budget_plans; income_streams,Needs WD Verification - no direct field-map row found in traced files,src/lib/supabase/server.ts: @supabase/ssr Supabase project createServerClient; src/lib/middleware/auth.middleware.ts: supabase.auth Supabase Auth getUser,formatRupee,SubscriptionsPage; CreditCard,2,Implemented,No duplicate/old route risk identified from supplied source; Needs WD Verification before deletion decisions.,Strong Evidence,Yes,src/app/(dashboard)/vyaya/subscriptions/page.tsx; src/app/(dashboard)/layout.tsx; src/app/api/expense-categories/route.ts; src/app/api/expenses/route.ts; src/app/api/expenses/[id]/route.ts; src/app/api/subscriptions/route.ts; src/app/api/subscriptions/[id]/route.ts; src/app/api/budget/route.ts; src/app/api/income/route.ts; src/app/api/income/[id]/route.ts; src/lib/services/expenseCategoryService.ts; src/lib/services/expenseService.ts; src/lib/services/subscriptionService.ts; src/lib/services/budgetService.ts; src/lib/services/incomeService.ts; src/lib/services/baseService.ts; audit-output/02-database-and-dependencies/MODULE_DEPENDENCY_MATRIX.csv; audit-output/01-repository-and-architecture/REPOSITORY_INVENTORY.md; +7 more
/vyaya/subscriptions/add,(dashboard),src/app/(dashboard)/vyaya/subscriptions/add/page.tsx,src/app/(dashboard)/layout.tsx,AddSubscriptionPage,Vyaya / Expenses,src/lib/expenseStore.ts; src/components/providers/ToastProvider.tsx,src/app/(dashboard)/vyaya/subscriptions/add/page.tsx; src/lib/expenseStore.ts; src/components/providers/ToastProvider.tsx; src/lib/incomeStore.ts; src/app/api/expense-categories/route.ts; src/app/api/expenses/route.ts; src/app/api/expenses/[id]/route.ts; src/app/api/subscriptions/route.ts; src/app/api/subscriptions/[id]/route.ts; src/app/api/budget/route.ts; src/app/api/income/route.ts; src/app/api/income/[id]/route.ts; src/lib/services/expenseCategoryService.ts; src/lib/middleware/auth.middleware.ts; src/lib/middleware/error.middleware.ts; src/lib/middleware/standardResponse.ts; src/lib/services/expenseService.ts; src/lib/types/api.types.ts; src/lib/services/subscriptionService.ts; src/lib/services/budgetService.ts; src/lib/services/incomeService.ts; src/lib/prisma.ts; src/lib/services/baseService.ts; src/lib/supabase/server.ts,/api/expense-categories; /api/expenses; /api/expenses/[id]; /api/subscriptions; /api/subscriptions/[id]; /api/budget; /api/income; /api/income/[id],src/app/api/expense-categories/route.ts; src/app/api/expenses/route.ts; src/app/api/expenses/[id]/route.ts; src/app/api/subscriptions/route.ts; src/app/api/subscriptions/[id]/route.ts; src/app/api/budget/route.ts; src/app/api/income/route.ts; src/app/api/income/[id]/route.ts,src/lib/expenseStore.ts; src/lib/incomeStore.ts,src/lib/services/expenseCategoryService.ts; src/lib/services/expenseService.ts; src/lib/services/subscriptionService.ts; src/lib/services/budgetService.ts; src/lib/services/incomeService.ts; src/lib/services/baseService.ts,expense_categories; users; expense_entries; subscriptions; budget_plans; income_streams,Needs WD Verification - no direct field-map row found in traced files,src/lib/supabase/server.ts: @supabase/ssr Supabase project createServerClient; src/lib/middleware/auth.middleware.ts: supabase.auth Supabase Auth getUser,AddSubscriptionPage,AddSubscriptionPage,0,Implemented,"No duplicate/old route risk identified from supplied source; Needs WD Verification before deletion decisions. Static route-literal search found no reference outside the page file; dynamic navigation is possible, so linkage Needs WD Verification.",Strong Evidence,Yes,src/app/(dashboard)/vyaya/subscriptions/add/page.tsx; src/app/(dashboard)/layout.tsx; src/app/api/expense-categories/route.ts; src/app/api/expenses/route.ts; src/app/api/expenses/[id]/route.ts; src/app/api/subscriptions/route.ts; src/app/api/subscriptions/[id]/route.ts; src/app/api/budget/route.ts; src/app/api/income/route.ts; src/app/api/income/[id]/route.ts; src/lib/services/expenseCategoryService.ts; src/lib/services/expenseService.ts; src/lib/services/subscriptionService.ts; src/lib/services/budgetService.ts; src/lib/services/incomeService.ts; src/lib/services/baseService.ts; audit-output/02-database-and-dependencies/MODULE_DEPENDENCY_MATRIX.csv; audit-output/01-repository-and-architecture/REPOSITORY_INVENTORY.md; +7 more
