Usage ID,Module,Feature / Flow,Source File,Function / Component Name,Supabase Client File,Supabase Operation Type,Code Pattern Found,Table / Function / Bucket,Fields Read,Fields Written,Filters / Conditions Used,Insert / Update Payload Source,Delete Behaviour,RPC / Edge Function Name,Storage Bucket,Auth Usage,Error Handling Present,Loading State Present,Success Handling Present,Related Modules,Dashboard Impact,Reminder Impact,Document Vault Impact,Auth / Security Impact,Data Loss Risk,Calculation Risk,Shared Service Used,Direct Call or Service Layer,Duplicate Logic Risk,Hardcoded Table / Field Risk,RLS / Permission Risk,Evidence / Code Reference,Confidence,Needs WD Verification,Recommended Next Action,Notes
SBU-001,Authentication,Initialize Supabase client/session boundary,src/app/(auth)/reset-password/page.tsx,ResetPasswordPage,src/lib/supabase/client.ts,unknown,createClient(...),Supabase project client,Client configuration or imported helper,None - client initialization only,Client context and cookie/session options; exact runtime values not included,No payload argument,No delete operation in this usage,None,None,None,Yes,No,Yes,Profile / Foundation; Dashboard / Rajya; Protected routes; Documents / Vault,Yes,No,Probable,High - client/session construction boundary,Low,Low - no calculation logic in this usage,src/lib/supabase/client.ts,Direct Supabase call in page/component,Yes - 29 similar usages across 27 file(s); verify whether shared helper/service should be authoritative,No database table/field literal in this auth/client usage,No direct table/storage permission check in this client initialization; downstream calls determine risk,src/app/(auth)/reset-password/page.tsx:11; ResetPasswordPage; createClient(...); No direct Supabase public-table query in this usage; Not applicable,Strong Evidence,Yes,WD to confirm this is an approved canonical client path and verify environment/session separation,Static source evidence only. No direct Supabase public-table query in this usage. Not applicable. Safety basis: AUDIT_WORKSPACE_SAFETY_CHECKLIST.md; no live connection used.
SBU-002,Authentication,Create browser session from tokens,src/app/(auth)/reset-password/page.tsx,handleReset,src/lib/supabase/client.ts,auth,supabase.auth.setSession(...),Supabase Auth,Supabase Auth response - exact fields Needs WD Verification,access token and refresh token session,Auth method conditions in caller; Needs WD Verification,"{ access_token: accessToken, refresh_token: refreshToken || """", }",No delete operation in this usage,None,None,setSession; user/session auth context,Yes,Yes,Yes,Profile / Foundation; Dashboard / Rajya; Protected routes; Documents / Vault,Yes,No,Probable,"High - session, credential, redirect or user lifecycle behavior",Medium,Low - no calculation logic in this usage,src/lib/supabase/client.ts,Direct Supabase call in page/component,Yes - 2 similar usages across 2 file(s); verify whether shared helper/service should be authoritative,No database table/field literal in this auth/client usage,"Supabase Auth endpoint; public-table RLS is not the direct boundary, but session/profile authorization Needs Himanshu Verification",src/app/(auth)/reset-password/page.tsx:128; handleReset; supabase.auth.setSession(...); No direct Supabase public-table query in this usage; Not applicable,Strong Evidence,Yes,"Run isolated dummy-user auth flow and verify redirects, cookies, profile synchronization, error UI and logout/session restoration",Static source evidence only. No direct Supabase public-table query in this usage. Not applicable. Safety basis: AUDIT_WORKSPACE_SAFETY_CHECKLIST.md; no live connection used.
SBU-003,Authentication,Update Supabase Auth user metadata or password,src/app/(auth)/reset-password/page.tsx,handleReset,src/lib/supabase/client.ts,auth,supabase.auth.updateUser(...),Supabase Auth,Supabase Auth response - exact fields Needs WD Verification,password or user metadata supplied by caller,Auth method conditions in caller; Needs WD Verification,"{ password: password, }",No delete operation in this usage,None,None,updateUser; user/session auth context,Yes,Yes,Yes,Profile / Foundation; Dashboard / Rajya; Protected routes; Documents / Vault,Yes,No,Probable,"High - session, credential, redirect or user lifecycle behavior",Medium,Low - no calculation logic in this usage,src/lib/supabase/client.ts,Direct Supabase call in page/component,Yes - 5 similar usages across 4 file(s); verify whether shared helper/service should be authoritative,No database table/field literal in this auth/client usage,"Supabase Auth endpoint; public-table RLS is not the direct boundary, but session/profile authorization Needs Himanshu Verification",src/app/(auth)/reset-password/page.tsx:136; handleReset; supabase.auth.updateUser(...); No direct Supabase public-table query in this usage; Not applicable,Strong Evidence,Yes,"Run isolated dummy-user auth flow and verify redirects, cookies, profile synchronization, error UI and logout/session restoration",Static source evidence only. No direct Supabase public-table query in this usage. Not applicable. Safety basis: AUDIT_WORKSPACE_SAFETY_CHECKLIST.md; no live connection used.
SBU-004,Authentication,Logout and clear session,src/app/(auth)/reset-password/page.tsx,handleReset,src/lib/supabase/client.ts,auth,supabase.auth.signOut(...),Supabase Auth,Supabase Auth response - exact fields Needs WD Verification,session/token revocation,Current browser/server session or cookie context,Not applicable,Revokes/clears current auth session; does not delete application records,None,None,signOut; user/session auth context,Yes,Yes,Yes,Profile / Foundation; Dashboard / Rajya; Protected routes; Documents / Vault,Yes,No,Probable,"High - session, credential, redirect or user lifecycle behavior",Low,Low - no calculation logic in this usage,src/lib/supabase/client.ts,Direct Supabase call in page/component,Yes - 8 similar usages across 7 file(s); verify whether shared helper/service should be authoritative,No database table/field literal in this auth/client usage,"Supabase Auth endpoint; public-table RLS is not the direct boundary, but session/profile authorization Needs Himanshu Verification",src/app/(auth)/reset-password/page.tsx:143; handleReset; supabase.auth.signOut(...); No direct Supabase public-table query in this usage; Not applicable,Strong Evidence,Yes,"Run isolated dummy-user auth flow and verify redirects, cookies, profile synchronization, error UI and logout/session restoration",Static source evidence only. No direct Supabase public-table query in this usage. Not applicable. Safety basis: AUDIT_WORKSPACE_SAFETY_CHECKLIST.md; no live connection used.
SBU-005,Authentication,Initialize Supabase client/session boundary,src/app/(auth)/start/page.tsx,AuthGatewayContent,src/lib/supabase/client.ts,unknown,createClient(...),Supabase project client,Client configuration or imported helper,None - client initialization only,Client context and cookie/session options; exact runtime values not included,No payload argument,No delete operation in this usage,None,None,None,Yes,No,Not applicable,Profile / Foundation; Dashboard / Rajya; Protected routes; Documents / Vault,Yes,No,Probable,High - client/session construction boundary,Low,Low - no calculation logic in this usage,src/lib/supabase/client.ts,Direct Supabase call in page/component,Yes - 29 similar usages across 27 file(s); verify whether shared helper/service should be authoritative,No database table/field literal in this auth/client usage,No direct table/storage permission check in this client initialization; downstream calls determine risk,src/app/(auth)/start/page.tsx:94; AuthGatewayContent; createClient(...); No direct Supabase public-table query in this usage; Not applicable,Strong Evidence,Yes,WD to confirm this is an approved canonical client path and verify environment/session separation,Static source evidence only. No direct Supabase public-table query in this usage. Not applicable. Safety basis: AUDIT_WORKSPACE_SAFETY_CHECKLIST.md; no live connection used.
SBU-006,Authentication,Logout and clear session,src/app/(auth)/start/page.tsx,AuthGatewayContent,src/lib/supabase/client.ts,auth,supabase.auth.signOut(...),Supabase Auth,Supabase Auth response - exact fields Needs WD Verification,session/token revocation,Current browser/server session or cookie context,Not applicable,Revokes/clears current auth session; does not delete application records,None,None,signOut; user/session auth context,Yes,No,Partial,Profile / Foundation; Dashboard / Rajya; Protected routes; Documents / Vault,Yes,No,Probable,"High - session, credential, redirect or user lifecycle behavior",Low,Low - no calculation logic in this usage,src/lib/supabase/client.ts,Direct Supabase call in page/component,Yes - 8 similar usages across 7 file(s); verify whether shared helper/service should be authoritative,No database table/field literal in this auth/client usage,"Supabase Auth endpoint; public-table RLS is not the direct boundary, but session/profile authorization Needs Himanshu Verification",src/app/(auth)/start/page.tsx:157; AuthGatewayContent; supabase.auth.signOut(...); No direct Supabase public-table query in this usage; Not applicable,Strong Evidence,Yes,"Run isolated dummy-user auth flow and verify redirects, cookies, profile synchronization, error UI and logout/session restoration",Static source evidence only. No direct Supabase public-table query in this usage. Not applicable. Safety basis: AUDIT_WORKSPACE_SAFETY_CHECKLIST.md; no live connection used.
SBU-007,Authentication,Read or restore current session,src/app/(auth)/start/page.tsx,clearAutoSession,src/lib/supabase/client.ts,auth,supabase.auth.getSession(...),Supabase Auth,"session, user, access context",None identified,Current browser/server session or cookie context,Not applicable,No delete operation in this usage,None,None,getSession; user/session auth context,Yes,No,Partial,Profile / Foundation; Dashboard / Rajya; Protected routes; Documents / Vault,Yes,No,Probable,"High - session, credential, redirect or user lifecycle behavior",Low,Low - no calculation logic in this usage,src/lib/supabase/client.ts,Direct Supabase call in page/component,Yes - 9 similar usages across 9 file(s); verify whether shared helper/service should be authoritative,No database table/field literal in this auth/client usage,"Supabase Auth endpoint; public-table RLS is not the direct boundary, but session/profile authorization Needs Himanshu Verification",src/app/(auth)/start/page.tsx:228; clearAutoSession; supabase.auth.getSession(...); No direct Supabase public-table query in this usage; Not applicable,Strong Evidence,Yes,"Run isolated dummy-user auth flow and verify redirects, cookies, profile synchronization, error UI and logout/session restoration",Static source evidence only. No direct Supabase public-table query in this usage. Not applicable. Safety basis: AUDIT_WORKSPACE_SAFETY_CHECKLIST.md; no live connection used.
SBU-008,Authentication,Logout and clear session,src/app/(auth)/start/page.tsx,clearAutoSession,src/lib/supabase/client.ts,auth,supabase.auth.signOut(...),Supabase Auth,Supabase Auth response - exact fields Needs WD Verification,session/token revocation,Current browser/server session or cookie context,Not applicable,Revokes/clears current auth session; does not delete application records,None,None,signOut; user/session auth context,No,No,Partial,Profile / Foundation; Dashboard / Rajya; Protected routes; Documents / Vault,Yes,No,Probable,"High - session, credential, redirect or user lifecycle behavior",Low,Low - no calculation logic in this usage,src/lib/supabase/client.ts,Direct Supabase call in page/component,Yes - 8 similar usages across 7 file(s); verify whether shared helper/service should be authoritative,No database table/field literal in this auth/client usage,"Supabase Auth endpoint; public-table RLS is not the direct boundary, but session/profile authorization Needs Himanshu Verification",src/app/(auth)/start/page.tsx:231; clearAutoSession; supabase.auth.signOut(...); No direct Supabase public-table query in this usage; Not applicable,Strong Evidence,Yes,"Run isolated dummy-user auth flow and verify redirects, cookies, profile synchronization, error UI and logout/session restoration",Static source evidence only. No direct Supabase public-table query in this usage. Not applicable. Safety basis: AUDIT_WORKSPACE_SAFETY_CHECKLIST.md; no live connection used.
SBU-009,Authentication,Password login,src/app/(auth)/start/page.tsx,handleAuth,src/lib/supabase/client.ts,auth,supabase.auth.signInWithPassword(...),Supabase Auth,session and authenticated user returned by Supabase Auth,email and password submitted to Supabase Auth,Auth method conditions in caller; Needs WD Verification,"{ email: trimmedEmail, password: password, }",No delete operation in this usage,None,None,signInWithPassword; user/session auth context,Yes,No,Partial,Profile / Foundation; Dashboard / Rajya; Protected routes; Documents / Vault,Yes,No,Probable,"High - session, credential, redirect or user lifecycle behavior",Low,Low - no calculation logic in this usage,src/lib/supabase/client.ts,Direct Supabase call in page/component,Yes - 2 similar usages across 1 file(s); verify whether shared helper/service should be authoritative,No database table/field literal in this auth/client usage,"Supabase Auth endpoint; public-table RLS is not the direct boundary, but session/profile authorization Needs Himanshu Verification",src/app/(auth)/start/page.tsx:426; handleAuth; supabase.auth.signInWithPassword(...); No direct Supabase public-table query in this usage; Not applicable,Strong Evidence,Yes,"Run isolated dummy-user auth flow and verify redirects, cookies, profile synchronization, error UI and logout/session restoration",Static source evidence only. No direct Supabase public-table query in this usage. Not applicable. Safety basis: AUDIT_WORKSPACE_SAFETY_CHECKLIST.md; no live connection used.
SBU-010,Authentication,Password login,src/app/(auth)/start/page.tsx,Inline or module-scope call - Needs WD Verification,src/lib/supabase/client.ts,auth,supabase.auth.signInWithPassword(...),Supabase Auth,session and authenticated user returned by Supabase Auth,email and password submitted to Supabase Auth,Auth method conditions in caller; Needs WD Verification,"{ email: trimmedEmail, password, }",No delete operation in this usage,None,None,signInWithPassword; user/session auth context,Yes,No,Partial,Profile / Foundation; Dashboard / Rajya; Protected routes; Documents / Vault,Yes,No,Probable,"High - session, credential, redirect or user lifecycle behavior",Low,Low - no calculation logic in this usage,src/lib/supabase/client.ts,Direct Supabase call in page/component,Yes - 2 similar usages across 1 file(s); verify whether shared helper/service should be authoritative,No database table/field literal in this auth/client usage,"Supabase Auth endpoint; public-table RLS is not the direct boundary, but session/profile authorization Needs Himanshu Verification",src/app/(auth)/start/page.tsx:471; Inline or module-scope call - Needs WD Verification; supabase.auth.signInWithPassword(...); No direct Supabase public-table query in this usage; Not applicable,Strong Evidence,Yes,"Run isolated dummy-user auth flow and verify redirects, cookies, profile synchronization, error UI and logout/session restoration",Static source evidence only. No direct Supabase public-table query in this usage. Not applicable. Safety basis: AUDIT_WORKSPACE_SAFETY_CHECKLIST.md; no live connection used.
SBU-011,Authentication,Initialize Supabase client/session boundary,src/app/(auth)/verify-email/VerifyEmailClient.tsx,VerifyEmailClient,src/lib/supabase/client.ts,unknown,createClient(...),Supabase project client,Client configuration or imported helper,None - client initialization only,Client context and cookie/session options; exact runtime values not included,No payload argument,No delete operation in this usage,None,None,None,Yes,No,Not applicable,Profile / Foundation; Dashboard / Rajya; Protected routes; Documents / Vault,Yes,No,Probable,High - client/session construction boundary,Low,Low - no calculation logic in this usage,src/lib/supabase/client.ts,Direct Supabase call in page/component,Yes - 29 similar usages across 27 file(s); verify whether shared helper/service should be authoritative,No database table/field literal in this auth/client usage,No direct table/storage permission check in this client initialization; downstream calls determine risk,src/app/(auth)/verify-email/VerifyEmailClient.tsx:18; VerifyEmailClient; createClient(...); No direct Supabase public-table query in this usage; Not applicable,Strong Evidence,Yes,WD to confirm this is an approved canonical client path and verify environment/session separation,Static source evidence only. No direct Supabase public-table query in this usage. Not applicable. Safety basis: AUDIT_WORKSPACE_SAFETY_CHECKLIST.md; no live connection used.
SBU-012,Authentication,Resend email verification,src/app/(auth)/verify-email/VerifyEmailClient.tsx,handleResend,src/lib/supabase/client.ts,auth,supabase.auth.resend(...),Supabase Auth,Supabase Auth response - exact fields Needs WD Verification,verification-email request,Auth method conditions in caller; Needs WD Verification,"{ type: ""signup"", email: email.trim(), }",No delete operation in this usage,None,None,resend; user/session auth context,Yes,No,Partial,Profile / Foundation; Dashboard / Rajya; Protected routes; Documents / Vault,Yes,No,Probable,"High - session, credential, redirect or user lifecycle behavior",Low,Low - no calculation logic in this usage,src/lib/supabase/client.ts,Direct Supabase call in page/component,No duplicate operation found by static operation/resource grouping,No database table/field literal in this auth/client usage,"Supabase Auth endpoint; public-table RLS is not the direct boundary, but session/profile authorization Needs Himanshu Verification",src/app/(auth)/verify-email/VerifyEmailClient.tsx:47; handleResend; supabase.auth.resend(...); No direct Supabase public-table query in this usage; Not applicable,Strong Evidence,Yes,"Run isolated dummy-user auth flow and verify redirects, cookies, profile synchronization, error UI and logout/session restoration",Static source evidence only. No direct Supabase public-table query in this usage. Not applicable. Safety basis: AUDIT_WORKSPACE_SAFETY_CHECKLIST.md; no live connection used.
SBU-013,Profile / Foundation,Initialize Supabase client/session boundary,src/app/(dashboard)/foundation/page.tsx,FoundationHub,src/lib/supabase/client.ts,unknown,createClient(...),Supabase project client,Client configuration or imported helper,None - client initialization only,Client context and cookie/session options; exact runtime values not included,No payload argument,No delete operation in this usage,None,None,None,Partial,No,Not applicable,Auth; Rin; Raksha; Most user-owned modules,Probable,Probable,Probable,High - client/session construction boundary,Low,Low - no calculation logic in this usage,src/lib/supabase/client.ts,Direct Supabase call in page/component,Yes - 29 similar usages across 27 file(s); verify whether shared helper/service should be authoritative,No database table/field literal in this auth/client usage,No direct table/storage permission check in this client initialization; downstream calls determine risk,src/app/(dashboard)/foundation/page.tsx:53; FoundationHub; createClient(...); No direct Supabase public-table query in this usage; Not applicable,Strong Evidence,Yes,WD to confirm this is an approved canonical client path and verify environment/session separation,Static source evidence only. No direct Supabase public-table query in this usage. Not applicable. Safety basis: AUDIT_WORKSPACE_SAFETY_CHECKLIST.md; no live connection used.
SBU-014,Profile / Foundation,Resolve authenticated user,src/app/(dashboard)/foundation/page.tsx,fetchProfile,src/lib/supabase/client.ts,auth,supabase.auth.getUser(...),Supabase Auth,authenticated user and user metadata,None identified,Current browser/server session or cookie context,Not applicable,No delete operation in this usage,None,None,getUser; user/session auth context,Yes,No,Partial,Auth; Rin; Raksha; Most user-owned modules,Probable,Probable,Probable,"High - session, credential, redirect or user lifecycle behavior",Low,Low - no calculation logic in this usage,src/lib/supabase/client.ts,Direct Supabase call in page/component,Yes - 7 similar usages across 6 file(s); verify whether shared helper/service should be authoritative,No database table/field literal in this auth/client usage,"Supabase Auth endpoint; public-table RLS is not the direct boundary, but session/profile authorization Needs Himanshu Verification",src/app/(dashboard)/foundation/page.tsx:114; fetchProfile; supabase.auth.getUser(...); No direct Supabase public-table query in this usage; Not applicable,Strong Evidence,Yes,"Run isolated dummy-user auth flow and verify redirects, cookies, profile synchronization, error UI and logout/session restoration",Static source evidence only. No direct Supabase public-table query in this usage. Not applicable. Safety basis: AUDIT_WORKSPACE_SAFETY_CHECKLIST.md; no live connection used.
SBU-015,Profile / Foundation,Profile photo storage,src/app/(dashboard)/foundation/page.tsx,fetchProfile,src/lib/supabase/client.ts,storage-upload,"supabase.storage.from(""profile-photos"").upload(...)",storage bucket: profile-photos,None identified,storage object path and file bytes/options,"Bucket profile-photos; object/path argument filePath, file","filePath, file",No delete operation in this usage,None,profile-photos,None,Yes,No,Partial,Auth; Rin; Raksha; Most user-owned modules,Probable,Probable,Probable,High - authenticated bucket access and object ownership policy,Medium,Low - no calculation logic in this usage,src/lib/supabase/client.ts,Direct Supabase call in page/component,No duplicate operation found by static operation/resource grouping,Yes - literal resource name profile-photos is embedded in code,Supplied storage policy checks authenticated role but no per-user object ownership condition is visible - Needs Himanshu Verification,"src/app/(dashboard)/foundation/page.tsx:121; fetchProfile; supabase.storage.from(""profile-photos"").upload(...); No direct Supabase public-table query in this usage; Bucket profile-photos appears in SUPABASE_STORAGE_BUCKETS.csv",Strong Evidence,Yes,"Verify bucket RLS, per-user object paths, metadata creation, failure cleanup and delete rollback with dummy files",Static source evidence only. No direct Supabase public-table query in this usage. Bucket profile-photos appears in SUPABASE_STORAGE_BUCKETS.csv. Safety basis: AUDIT_WORKSPACE_SAFETY_CHECKLIST.md; no live connection used.
SBU-016,Profile / Foundation,Profile photo storage,src/app/(dashboard)/foundation/page.tsx,fetchProfile,src/lib/supabase/client.ts,storage-download,"supabase.storage.from(""profile-photos"").getPublicUrl(...)",storage bucket: profile-photos,storage object path and returned URL/object metadata,None identified,Bucket profile-photos; object/path argument filePath,Not applicable,No delete operation in this usage,None,profile-photos,None,Yes,No,Partial,Auth; Rin; Raksha; Most user-owned modules,Probable,Probable,Probable,High - authenticated bucket access and object ownership policy,Low,Low - no calculation logic in this usage,src/lib/supabase/client.ts,Direct Supabase call in page/component,No duplicate operation found by static operation/resource grouping,Yes - literal resource name profile-photos is embedded in code,Supplied storage policy checks authenticated role but no per-user object ownership condition is visible - Needs Himanshu Verification,"src/app/(dashboard)/foundation/page.tsx:127; fetchProfile; supabase.storage.from(""profile-photos"").getPublicUrl(...); No direct Supabase public-table query in this usage; Bucket profile-photos appears in SUPABASE_STORAGE_BUCKETS.csv",Strong Evidence,Yes,"Verify bucket RLS, per-user object paths, metadata creation, failure cleanup and delete rollback with dummy files",Static source evidence only. No direct Supabase public-table query in this usage. Bucket profile-photos appears in SUPABASE_STORAGE_BUCKETS.csv. Safety basis: AUDIT_WORKSPACE_SAFETY_CHECKLIST.md; no live connection used.
SBU-017,Profile / Foundation,Update Supabase Auth user metadata or password,src/app/(dashboard)/foundation/page.tsx,fetchProfile,src/lib/supabase/client.ts,auth,supabase.auth.updateUser(...),Supabase Auth,Supabase Auth response - exact fields Needs WD Verification,password or user metadata supplied by caller,Auth method conditions in caller; Needs WD Verification,{ data: { profile_photo: publicUrl } },No delete operation in this usage,None,None,updateUser; user/session auth context,Yes,No,Partial,Auth; Rin; Raksha; Most user-owned modules,Probable,Probable,Probable,"High - session, credential, redirect or user lifecycle behavior",Medium,Low - no calculation logic in this usage,src/lib/supabase/client.ts,Direct Supabase call in page/component,Yes - 5 similar usages across 4 file(s); verify whether shared helper/service should be authoritative,No database table/field literal in this auth/client usage,"Supabase Auth endpoint; public-table RLS is not the direct boundary, but session/profile authorization Needs Himanshu Verification",src/app/(dashboard)/foundation/page.tsx:133; fetchProfile; supabase.auth.updateUser(...); No direct Supabase public-table query in this usage; Not applicable,Strong Evidence,Yes,"Run isolated dummy-user auth flow and verify redirects, cookies, profile synchronization, error UI and logout/session restoration",Static source evidence only. No direct Supabase public-table query in this usage. Not applicable. Safety basis: AUDIT_WORKSPACE_SAFETY_CHECKLIST.md; no live connection used.
SBU-018,Profile / Foundation,Remove previous profile photo,src/app/(dashboard)/foundation/page.tsx,fetchProfile,src/lib/supabase/client.ts,storage-delete,"supabase.storage.from(""profile-photos"").remove(...)",storage bucket: profile-photos,None identified,None identified,Bucket profile-photos; object/path argument [fileName],Not applicable,Deletes storage object path(s): [fileName]; metadata/rollback cleanup Needs WD Verification,None,profile-photos,None,Yes,No,Yes,Auth; Rin; Raksha; Most user-owned modules,Probable,Probable,Probable,High - authenticated bucket access and object ownership policy,High,Low - no calculation logic in this usage,src/lib/supabase/client.ts,Direct Supabase call in page/component,No duplicate operation found by static operation/resource grouping,Yes - literal resource name profile-photos is embedded in code,Supplied storage policy checks authenticated role but no per-user object ownership condition is visible - Needs Himanshu Verification,"src/app/(dashboard)/foundation/page.tsx:158; fetchProfile; supabase.storage.from(""profile-photos"").remove(...); No direct Supabase public-table query in this usage; Bucket profile-photos appears in SUPABASE_STORAGE_BUCKETS.csv",Strong Evidence,Yes,"Verify bucket RLS, per-user object paths, metadata creation, failure cleanup and delete rollback with dummy files",Static source evidence only. No direct Supabase public-table query in this usage. Bucket profile-photos appears in SUPABASE_STORAGE_BUCKETS.csv. Safety basis: AUDIT_WORKSPACE_SAFETY_CHECKLIST.md; no live connection used.
SBU-019,Profile / Foundation,Update Supabase Auth user metadata or password,src/app/(dashboard)/foundation/page.tsx,fetchProfile,src/lib/supabase/client.ts,auth,supabase.auth.updateUser(...),Supabase Auth,Supabase Auth response - exact fields Needs WD Verification,password or user metadata supplied by caller,Auth method conditions in caller; Needs WD Verification,{ data: { profile_photo: null } },No delete operation in this usage,None,None,updateUser; user/session auth context,Yes,No,Yes,Auth; Rin; Raksha; Most user-owned modules,Probable,Probable,Probable,"High - session, credential, redirect or user lifecycle behavior",Medium,Low - no calculation logic in this usage,src/lib/supabase/client.ts,Direct Supabase call in page/component,Yes - 5 similar usages across 4 file(s); verify whether shared helper/service should be authoritative,No database table/field literal in this auth/client usage,"Supabase Auth endpoint; public-table RLS is not the direct boundary, but session/profile authorization Needs Himanshu Verification",src/app/(dashboard)/foundation/page.tsx:164; fetchProfile; supabase.auth.updateUser(...); No direct Supabase public-table query in this usage; Not applicable,Strong Evidence,Yes,"Run isolated dummy-user auth flow and verify redirects, cookies, profile synchronization, error UI and logout/session restoration",Static source evidence only. No direct Supabase public-table query in this usage. Not applicable. Safety basis: AUDIT_WORKSPACE_SAFETY_CHECKLIST.md; no live connection used.
SBU-020,Public Website / Landing,Initialize Supabase client/session boundary,src/app/(landing)/forget-password/page.tsx,ForgotPasswordPage,src/lib/supabase/client.ts,unknown,createClient(...),Supabase project client,Client configuration or imported helper,None - client initialization only,Client context and cookie/session options; exact runtime values not included,No payload argument,No delete operation in this usage,None,None,None,Yes,Yes,Yes,Lakshya; Mitra; Succession; Rajya,Probable,Probable,No,High - client/session construction boundary,Low,Low - no calculation logic in this usage,src/lib/supabase/client.ts,Direct Supabase call in page/component,Yes - 29 similar usages across 27 file(s); verify whether shared helper/service should be authoritative,No database table/field literal in this auth/client usage,No direct table/storage permission check in this client initialization; downstream calls determine risk,src/app/(landing)/forget-password/page.tsx:15; ForgotPasswordPage; createClient(...); No direct Supabase public-table query in this usage; Not applicable,Strong Evidence,Yes,WD to confirm this is an approved canonical client path and verify environment/session separation,Static source evidence only. No direct Supabase public-table query in this usage. Not applicable. Safety basis: AUDIT_WORKSPACE_SAFETY_CHECKLIST.md; no live connection used.
SBU-021,Public Website / Landing,Request password recovery,src/app/(landing)/forget-password/page.tsx,handleSubmit,src/lib/supabase/client.ts,auth,supabase.auth.resetPasswordForEmail(...),Supabase Auth,Supabase Auth response - exact fields Needs WD Verification,password-recovery email request,Auth method conditions in caller; Needs WD Verification,"trimmedEmail, { redirectTo: `${window.location.origin}/auth/reset-password`, }",No delete operation in this usage,None,None,resetPasswordForEmail; user/session auth context,Yes,Yes,Yes,Lakshya; Mitra; Succession; Rajya,Probable,Probable,No,"High - session, credential, redirect or user lifecycle behavior",Low,Low - no calculation logic in this usage,src/lib/supabase/client.ts,Direct Supabase call in page/component,No duplicate operation found by static operation/resource grouping,No database table/field literal in this auth/client usage,"Supabase Auth endpoint; public-table RLS is not the direct boundary, but session/profile authorization Needs Himanshu Verification",src/app/(landing)/forget-password/page.tsx:42; handleSubmit; supabase.auth.resetPasswordForEmail(...); No direct Supabase public-table query in this usage; Not applicable,Strong Evidence,Yes,"Run isolated dummy-user auth flow and verify redirects, cookies, profile synchronization, error UI and logout/session restoration",Static source evidence only. No direct Supabase public-table query in this usage. Not applicable. Safety basis: AUDIT_WORKSPACE_SAFETY_CHECKLIST.md; no live connection used.
SBU-022,Onboarding,Initialize Supabase client/session boundary,src/app/(onboarding)/onboarding/firstwin/page.tsx,handleGoToDashboard,src/lib/supabase/client.ts,unknown,createClient(...),Supabase project client,Client configuration or imported helper,None - client initialization only,Client context and cookie/session options; exact runtime values not included,No payload argument,No delete operation in this usage,None,None,None,Partial,Yes,Yes,Needs WD Verification,Needs WD Verification,No,Needs WD Verification,High - client/session construction boundary,Low,Low - no calculation logic in this usage,src/lib/supabase/client.ts,Direct Supabase call in page/component,Yes - 29 similar usages across 27 file(s); verify whether shared helper/service should be authoritative,No database table/field literal in this auth/client usage,No direct table/storage permission check in this client initialization; downstream calls determine risk,src/app/(onboarding)/onboarding/firstwin/page.tsx:88; handleGoToDashboard; createClient(...); No direct Supabase public-table query in this usage; Not applicable,Strong Evidence,Yes,WD to confirm this is an approved canonical client path and verify environment/session separation,Static source evidence only. No direct Supabase public-table query in this usage. Not applicable. Safety basis: AUDIT_WORKSPACE_SAFETY_CHECKLIST.md; no live connection used.
SBU-023,Onboarding,Update Supabase Auth user metadata or password,src/app/(onboarding)/onboarding/firstwin/page.tsx,handleGoToDashboard,src/lib/supabase/client.ts,auth,supabase.auth.updateUser(...),Supabase Auth,Supabase Auth response - exact fields Needs WD Verification,password or user metadata supplied by caller,Auth method conditions in caller; Needs WD Verification,{ data: { onboarding_completed: true } },No delete operation in this usage,None,None,updateUser; user/session auth context,Partial,Yes,Yes,Needs WD Verification,Needs WD Verification,No,Needs WD Verification,"High - session, credential, redirect or user lifecycle behavior",Medium,Low - no calculation logic in this usage,src/lib/supabase/client.ts,Direct Supabase call in page/component,Yes - 5 similar usages across 4 file(s); verify whether shared helper/service should be authoritative,No database table/field literal in this auth/client usage,"Supabase Auth endpoint; public-table RLS is not the direct boundary, but session/profile authorization Needs Himanshu Verification",src/app/(onboarding)/onboarding/firstwin/page.tsx:89; handleGoToDashboard; supabase.auth.updateUser(...); No direct Supabase public-table query in this usage; Not applicable,Strong Evidence,Yes,"Run isolated dummy-user auth flow and verify redirects, cookies, profile synchronization, error UI and logout/session restoration",Static source evidence only. No direct Supabase public-table query in this usage. Not applicable. Safety basis: AUDIT_WORKSPACE_SAFETY_CHECKLIST.md; no live connection used.
SBU-024,Authentication,Initialize Supabase client/session boundary,src/app/api/auth/google-callback/route.ts,Inline or module-scope call - Needs WD Verification,Direct @supabase/supabase-js createClient in src/app/api/auth/google-callback/route.ts,unknown,createClient(...),Supabase project client,Client configuration or imported helper,None - client initialization only,Client context and cookie/session options; exact runtime values not included,"process.env.NEXT_PUBLIC_SUPABASE_URL!, process.env.SUPABASE_SERVICE_ROLE_KEY!, { auth: { autoRefreshToken: false, persistSession: false, }, }",No delete operation in this usage,None,None,None,Unknown,No,Not applicable,Profile / Foundation; Dashboard / Rajya; Protected routes; Documents / Vault,Yes,No,Probable,High - administrative auth client and service-role boundary,Low,Low - no calculation logic in this usage,Direct @supabase/supabase-js createClient in src/app/api/auth/google-callback/route.ts,API route,Yes - 29 similar usages across 27 file(s); verify whether shared helper/service should be authoritative,No database table/field literal in this auth/client usage,Administrative/service-role boundary can bypass RLS; authorization and key isolation Need Himanshu/Harsh Verification,src/app/api/auth/google-callback/route.ts:7; Inline or module-scope call - Needs WD Verification; createClient(...); No direct Supabase public-table query in this usage; Not applicable,Strong Evidence,Yes,"Himanshu/Harsh to verify server-only authorization, service-role key isolation and audit logging",Static source evidence only. No direct Supabase public-table query in this usage. Not applicable. Safety basis: AUDIT_WORKSPACE_SAFETY_CHECKLIST.md; no live connection used.
SBU-025,Authentication,Find Supabase Auth user during Google callback,src/app/api/auth/google-callback/route.ts,GET,Direct @supabase/supabase-js createClient in src/app/api/auth/google-callback/route.ts,auth,supabaseAdmin.auth.admin.listUsers(...),Supabase Auth,Supabase Auth user list,None identified,Auth method conditions in caller; Needs WD Verification,Not applicable,No delete operation in this usage,None,None,listUsers; admin auth context,Partial,Not applicable - request scoped,Partial,Profile / Foundation; Dashboard / Rajya; Protected routes; Documents / Vault,Yes,No,Probable,High - administrative auth client and service-role boundary,Low,Low - no calculation logic in this usage,Direct @supabase/supabase-js createClient in src/app/api/auth/google-callback/route.ts,API route,No duplicate operation found by static operation/resource grouping,No database table/field literal in this auth/client usage,Administrative/service-role boundary can bypass RLS; authorization and key isolation Need Himanshu/Harsh Verification,src/app/api/auth/google-callback/route.ts:179; GET; supabaseAdmin.auth.admin.listUsers(...); No direct Supabase public-table query in this usage; Not applicable,Strong Evidence,Yes,"Himanshu/Harsh to verify server-only authorization, service-role key isolation and audit logging",Static source evidence only. No direct Supabase public-table query in this usage. Not applicable. Safety basis: AUDIT_WORKSPACE_SAFETY_CHECKLIST.md; no live connection used.
SBU-026,Authentication,Create Supabase Auth user during Google callback,src/app/api/auth/google-callback/route.ts,Inline or module-scope call - Needs WD Verification,Direct @supabase/supabase-js createClient in src/app/api/auth/google-callback/route.ts,auth,supabaseAdmin.auth.admin.createUser(...),Supabase Auth,created auth user,"email, password and user metadata",Auth method conditions in caller; Needs WD Verification,"{ email, email_confirm: true, user_metadata: { name }, }",No delete operation in this usage,None,None,createUser; admin auth context,Partial,Not applicable - request scoped,Partial,Profile / Foundation; Dashboard / Rajya; Protected routes; Documents / Vault,Yes,No,Probable,High - administrative auth client and service-role boundary,Medium,Low - no calculation logic in this usage,Direct @supabase/supabase-js createClient in src/app/api/auth/google-callback/route.ts,API route,No duplicate operation found by static operation/resource grouping,No database table/field literal in this auth/client usage,Administrative/service-role boundary can bypass RLS; authorization and key isolation Need Himanshu/Harsh Verification,src/app/api/auth/google-callback/route.ts:195; Inline or module-scope call - Needs WD Verification; supabaseAdmin.auth.admin.createUser(...); No direct Supabase public-table query in this usage; Not applicable,Strong Evidence,Yes,"Himanshu/Harsh to verify server-only authorization, service-role key isolation and audit logging",Static source evidence only. No direct Supabase public-table query in this usage. Not applicable. Safety basis: AUDIT_WORKSPACE_SAFETY_CHECKLIST.md; no live connection used.
SBU-027,Authentication,Generate administrative auth link,src/app/api/auth/google-callback/route.ts,Inline or module-scope call - Needs WD Verification,Direct @supabase/supabase-js createClient in src/app/api/auth/google-callback/route.ts,auth,supabaseAdmin.auth.admin.generateLink(...),Supabase Auth,action link and auth properties,auth action-link request,Auth method conditions in caller; Needs WD Verification,"{ type: 'magiclink', email: email, options: { redirectTo: `${process.env.NEXT_PUBLIC_SITE_URL || 'https://svarajya.com'}/start?success=${isNewUser ? 'Google_Signup' : 'Google_Login'}`, }, }",No delete operation in this usage,None,None,generateLink; admin auth context,Partial,Not applicable - request scoped,Partial,Profile / Foundation; Dashboard / Rajya; Protected routes; Documents / Vault,Yes,No,Probable,High - administrative auth client and service-role boundary,Low,Low - no calculation logic in this usage,Direct @supabase/supabase-js createClient in src/app/api/auth/google-callback/route.ts,API route,Yes - 3 similar usages across 3 file(s); verify whether shared helper/service should be authoritative,No database table/field literal in this auth/client usage,Administrative/service-role boundary can bypass RLS; authorization and key isolation Need Himanshu/Harsh Verification,src/app/api/auth/google-callback/route.ts:233; Inline or module-scope call - Needs WD Verification; supabaseAdmin.auth.admin.generateLink(...); No direct Supabase public-table query in this usage; Not applicable,Strong Evidence,Yes,"Himanshu/Harsh to verify server-only authorization, service-role key isolation and audit logging",Static source evidence only. No direct Supabase public-table query in this usage. Not applicable. Safety basis: AUDIT_WORKSPACE_SAFETY_CHECKLIST.md; no live connection used.
SBU-028,Authentication,Initialize Supabase client/session boundary,src/app/api/auth/google-status/route.ts,GET,src/lib/supabase/server.ts,unknown,createClient(...),Supabase project client,Client configuration or imported helper,None - client initialization only,Client context and cookie/session options; exact runtime values not included,No payload argument,No delete operation in this usage,None,None,None,Yes,Not applicable - request scoped,Yes,Profile / Foundation; Dashboard / Rajya; Protected routes; Documents / Vault,Yes,No,Probable,High - client/session construction boundary,Low,Low - no calculation logic in this usage,src/lib/supabase/server.ts,API route,Yes - 29 similar usages across 27 file(s); verify whether shared helper/service should be authoritative,No database table/field literal in this auth/client usage,No direct table/storage permission check in this client initialization; downstream calls determine risk,src/app/api/auth/google-status/route.ts:7; GET; createClient(...); No direct Supabase public-table query in this usage; Not applicable,Strong Evidence,Yes,WD to confirm this is an approved canonical client path and verify environment/session separation,Static source evidence only. No direct Supabase public-table query in this usage. Not applicable. Safety basis: AUDIT_WORKSPACE_SAFETY_CHECKLIST.md; no live connection used.
SBU-029,Authentication,Read or restore current session,src/app/api/auth/google-status/route.ts,GET,src/lib/supabase/server.ts,auth,supabase.auth.getSession(...),Supabase Auth,"session, user, access context",None identified,Current browser/server session or cookie context,Not applicable,No delete operation in this usage,None,None,getSession; user/session auth context,Yes,Not applicable - request scoped,Yes,Profile / Foundation; Dashboard / Rajya; Protected routes; Documents / Vault,Yes,No,Probable,"High - session, credential, redirect or user lifecycle behavior",Low,Low - no calculation logic in this usage,src/lib/supabase/server.ts,API route,Yes - 9 similar usages across 9 file(s); verify whether shared helper/service should be authoritative,No database table/field literal in this auth/client usage,"Supabase Auth endpoint; public-table RLS is not the direct boundary, but session/profile authorization Needs Himanshu Verification",src/app/api/auth/google-status/route.ts:8; GET; supabase.auth.getSession(...); No direct Supabase public-table query in this usage; Not applicable,Strong Evidence,Yes,"Run isolated dummy-user auth flow and verify redirects, cookies, profile synchronization, error UI and logout/session restoration",Static source evidence only. No direct Supabase public-table query in this usage. Not applicable. Safety basis: AUDIT_WORKSPACE_SAFETY_CHECKLIST.md; no live connection used.
SBU-030,Authentication,Initialize Supabase client/session boundary,src/app/api/auth/google/route.ts,GET,src/lib/supabase/server.ts,unknown,createClient(...),Supabase project client,Client configuration or imported helper,None - client initialization only,Client context and cookie/session options; exact runtime values not included,No payload argument,No delete operation in this usage,None,None,None,Yes,Not applicable - request scoped,Yes,Profile / Foundation; Dashboard / Rajya; Protected routes; Documents / Vault,Yes,No,Probable,High - client/session construction boundary,Low,Low - no calculation logic in this usage,src/lib/supabase/server.ts,API route,Yes - 29 similar usages across 27 file(s); verify whether shared helper/service should be authoritative,No database table/field literal in this auth/client usage,No direct table/storage permission check in this client initialization; downstream calls determine risk,src/app/api/auth/google/route.ts:6; GET; createClient(...); No direct Supabase public-table query in this usage; Not applicable,Strong Evidence,Yes,WD to confirm this is an approved canonical client path and verify environment/session separation,Static source evidence only. No direct Supabase public-table query in this usage. Not applicable. Safety basis: AUDIT_WORKSPACE_SAFETY_CHECKLIST.md; no live connection used.
SBU-031,Authentication,Read or restore current session,src/app/api/auth/google/route.ts,GET,src/lib/supabase/server.ts,auth,supabase.auth.getSession(...),Supabase Auth,"session, user, access context",None identified,Current browser/server session or cookie context,Not applicable,No delete operation in this usage,None,None,getSession; user/session auth context,Yes,Not applicable - request scoped,Yes,Profile / Foundation; Dashboard / Rajya; Protected routes; Documents / Vault,Yes,No,Probable,"High - session, credential, redirect or user lifecycle behavior",Low,Low - no calculation logic in this usage,src/lib/supabase/server.ts,API route,Yes - 9 similar usages across 9 file(s); verify whether shared helper/service should be authoritative,No database table/field literal in this auth/client usage,"Supabase Auth endpoint; public-table RLS is not the direct boundary, but session/profile authorization Needs Himanshu Verification",src/app/api/auth/google/route.ts:7; GET; supabase.auth.getSession(...); No direct Supabase public-table query in this usage; Not applicable,Strong Evidence,Yes,"Run isolated dummy-user auth flow and verify redirects, cookies, profile synchronization, error UI and logout/session restoration",Static source evidence only. No direct Supabase public-table query in this usage. Not applicable. Safety basis: AUDIT_WORKSPACE_SAFETY_CHECKLIST.md; no live connection used.
SBU-032,Authentication,Initialize Supabase client/session boundary,src/app/api/auth/link-google/route.ts,GET,src/lib/supabase/server.ts,unknown,createClient(...),Supabase project client,Client configuration or imported helper,None - client initialization only,Client context and cookie/session options; exact runtime values not included,No payload argument,No delete operation in this usage,None,None,None,Yes,Not applicable - request scoped,Yes,Profile / Foundation; Dashboard / Rajya; Protected routes; Documents / Vault,Yes,No,Probable,High - client/session construction boundary,Low,Low - no calculation logic in this usage,src/lib/supabase/server.ts,API route,Yes - 29 similar usages across 27 file(s); verify whether shared helper/service should be authoritative,No database table/field literal in this auth/client usage,No direct table/storage permission check in this client initialization; downstream calls determine risk,src/app/api/auth/link-google/route.ts:6; GET; createClient(...); No direct Supabase public-table query in this usage; Not applicable,Strong Evidence,Yes,WD to confirm this is an approved canonical client path and verify environment/session separation,Static source evidence only. No direct Supabase public-table query in this usage. Not applicable. Safety basis: AUDIT_WORKSPACE_SAFETY_CHECKLIST.md; no live connection used.
SBU-033,Authentication,Read or restore current session,src/app/api/auth/link-google/route.ts,GET,src/lib/supabase/server.ts,auth,supabase.auth.getSession(...),Supabase Auth,"session, user, access context",None identified,Current browser/server session or cookie context,Not applicable,No delete operation in this usage,None,None,getSession; user/session auth context,Yes,Not applicable - request scoped,Yes,Profile / Foundation; Dashboard / Rajya; Protected routes; Documents / Vault,Yes,No,Probable,"High - session, credential, redirect or user lifecycle behavior",Low,Low - no calculation logic in this usage,src/lib/supabase/server.ts,API route,Yes - 9 similar usages across 9 file(s); verify whether shared helper/service should be authoritative,No database table/field literal in this auth/client usage,"Supabase Auth endpoint; public-table RLS is not the direct boundary, but session/profile authorization Needs Himanshu Verification",src/app/api/auth/link-google/route.ts:7; GET; supabase.auth.getSession(...); No direct Supabase public-table query in this usage; Not applicable,Strong Evidence,Yes,"Run isolated dummy-user auth flow and verify redirects, cookies, profile synchronization, error UI and logout/session restoration",Static source evidence only. No direct Supabase public-table query in this usage. Not applicable. Safety basis: AUDIT_WORKSPACE_SAFETY_CHECKLIST.md; no live connection used.
SBU-034,Authentication,Initialize Supabase client/session boundary,src/app/api/auth/send-confirmation/route.ts,Inline or module-scope call - Needs WD Verification,Direct @supabase/supabase-js createClient in src/app/api/auth/send-confirmation/route.ts,unknown,createClient(...),Supabase project client,Client configuration or imported helper,None - client initialization only,Client context and cookie/session options; exact runtime values not included,"process.env.NEXT_PUBLIC_SUPABASE_URL!, process.env.SUPABASE_SERVICE_ROLE_KEY!",No delete operation in this usage,None,None,None,Yes,Not applicable - request scoped,Yes,Profile / Foundation; Dashboard / Rajya; Protected routes; Documents / Vault,Yes,No,Probable,High - administrative auth client and service-role boundary,Low,Low - no calculation logic in this usage,Direct @supabase/supabase-js createClient in src/app/api/auth/send-confirmation/route.ts,API route,Yes - 29 similar usages across 27 file(s); verify whether shared helper/service should be authoritative,No database table/field literal in this auth/client usage,Administrative/service-role boundary can bypass RLS; authorization and key isolation Need Himanshu/Harsh Verification,src/app/api/auth/send-confirmation/route.ts:9; Inline or module-scope call - Needs WD Verification; createClient(...); No direct Supabase public-table query in this usage; Not applicable,Strong Evidence,Yes,"Himanshu/Harsh to verify server-only authorization, service-role key isolation and audit logging",Static source evidence only. No direct Supabase public-table query in this usage. Not applicable. Safety basis: AUDIT_WORKSPACE_SAFETY_CHECKLIST.md; no live connection used.
SBU-035,Authentication,Generate administrative auth link,src/app/api/auth/send-confirmation/route.ts,POST,Direct @supabase/supabase-js createClient in src/app/api/auth/send-confirmation/route.ts,auth,supabaseAdmin.auth.admin.generateLink(...),Supabase Auth,action link and auth properties,auth action-link request,Auth method conditions in caller; Needs WD Verification,"{ type: 'signup', email, password, }",No delete operation in this usage,None,None,generateLink; admin auth context,Yes,Not applicable - request scoped,Yes,Profile / Foundation; Dashboard / Rajya; Protected routes; Documents / Vault,Yes,No,Probable,High - administrative auth client and service-role boundary,Low,Low - no calculation logic in this usage,Direct @supabase/supabase-js createClient in src/app/api/auth/send-confirmation/route.ts,API route,Yes - 3 similar usages across 3 file(s); verify whether shared helper/service should be authoritative,No database table/field literal in this auth/client usage,Administrative/service-role boundary can bypass RLS; authorization and key isolation Need Himanshu/Harsh Verification,src/app/api/auth/send-confirmation/route.ts:35; POST; supabaseAdmin.auth.admin.generateLink(...); No direct Supabase public-table query in this usage; Not applicable,Strong Evidence,Yes,"Himanshu/Harsh to verify server-only authorization, service-role key isolation and audit logging",Static source evidence only. No direct Supabase public-table query in this usage. Not applicable. Safety basis: AUDIT_WORKSPACE_SAFETY_CHECKLIST.md; no live connection used.
SBU-036,Authentication,Initialize Supabase client/session boundary,src/app/api/auth/send-reset/route.ts,Inline or module-scope call - Needs WD Verification,Direct @supabase/supabase-js createClient in src/app/api/auth/send-reset/route.ts,unknown,createClient(...),Supabase project client,Client configuration or imported helper,None - client initialization only,Client context and cookie/session options; exact runtime values not included,"process.env.NEXT_PUBLIC_SUPABASE_URL!, process.env.SUPABASE_SERVICE_ROLE_KEY!",No delete operation in this usage,None,None,None,Yes,Not applicable - request scoped,Yes,Profile / Foundation; Dashboard / Rajya; Protected routes; Documents / Vault,Yes,No,Probable,High - administrative auth client and service-role boundary,Low,Low - no calculation logic in this usage,Direct @supabase/supabase-js createClient in src/app/api/auth/send-reset/route.ts,API route,Yes - 29 similar usages across 27 file(s); verify whether shared helper/service should be authoritative,No database table/field literal in this auth/client usage,Administrative/service-role boundary can bypass RLS; authorization and key isolation Need Himanshu/Harsh Verification,src/app/api/auth/send-reset/route.ts:8; Inline or module-scope call - Needs WD Verification; createClient(...); No direct Supabase public-table query in this usage; Not applicable,Strong Evidence,Yes,"Himanshu/Harsh to verify server-only authorization, service-role key isolation and audit logging",Static source evidence only. No direct Supabase public-table query in this usage. Not applicable. Safety basis: AUDIT_WORKSPACE_SAFETY_CHECKLIST.md; no live connection used.
SBU-037,Authentication,Generate administrative auth link,src/app/api/auth/send-reset/route.ts,POST,Direct @supabase/supabase-js createClient in src/app/api/auth/send-reset/route.ts,auth,supabaseAdmin.auth.admin.generateLink(...),Supabase Auth,action link and auth properties,auth action-link request,Auth method conditions in caller; Needs WD Verification,"{ type: 'recovery', email, }",No delete operation in this usage,None,None,generateLink; admin auth context,Yes,Not applicable - request scoped,Yes,Profile / Foundation; Dashboard / Rajya; Protected routes; Documents / Vault,Yes,No,Probable,High - administrative auth client and service-role boundary,Low,Low - no calculation logic in this usage,Direct @supabase/supabase-js createClient in src/app/api/auth/send-reset/route.ts,API route,Yes - 3 similar usages across 3 file(s); verify whether shared helper/service should be authoritative,No database table/field literal in this auth/client usage,Administrative/service-role boundary can bypass RLS; authorization and key isolation Need Himanshu/Harsh Verification,src/app/api/auth/send-reset/route.ts:21; POST; supabaseAdmin.auth.admin.generateLink(...); No direct Supabase public-table query in this usage; Not applicable,Strong Evidence,Yes,"Himanshu/Harsh to verify server-only authorization, service-role key isolation and audit logging",Static source evidence only. No direct Supabase public-table query in this usage. Not applicable. Safety basis: AUDIT_WORKSPACE_SAFETY_CHECKLIST.md; no live connection used.
SBU-038,Documents / Vault,Initialize Supabase client/session boundary,src/app/api/google-drive/download/route.ts,GET,src/lib/supabase/server.ts,unknown,createClient(...),Supabase project client,Client configuration or imported helper,None - client initialization only,Client context and cookie/session options; exact runtime values not included,No payload argument,No delete operation in this usage,None,None,None,Yes,Not applicable - request scoped,Yes,All upload-capable modules,Probable,Probable,Needs WD Verification,High - client/session construction boundary,Low,Low - no calculation logic in this usage,src/lib/supabase/server.ts,API route,Yes - 29 similar usages across 27 file(s); verify whether shared helper/service should be authoritative,No database table/field literal in this auth/client usage,No direct table/storage permission check in this client initialization; downstream calls determine risk,src/app/api/google-drive/download/route.ts:18; GET; createClient(...); No direct Supabase public-table query in this usage; Not applicable,Strong Evidence,Yes,WD to confirm this is an approved canonical client path and verify environment/session separation,Static source evidence only. No direct Supabase public-table query in this usage. Not applicable. Safety basis: AUDIT_WORKSPACE_SAFETY_CHECKLIST.md; no live connection used.
SBU-039,Documents / Vault,Authorize Google Drive request,src/app/api/google-drive/download/route.ts,GET,src/lib/supabase/server.ts,auth,supabase.auth.getSession(...),Supabase Auth,"session, user, access context",None identified,Current browser/server session or cookie context,Not applicable,No delete operation in this usage,None,None,getSession; user/session auth context,Yes,Not applicable - request scoped,Yes,All upload-capable modules,Probable,Probable,Needs WD Verification,"High - session, credential, redirect or user lifecycle behavior",Low,Low - no calculation logic in this usage,src/lib/supabase/server.ts,API route,Yes - 9 similar usages across 9 file(s); verify whether shared helper/service should be authoritative,No database table/field literal in this auth/client usage,"Supabase Auth endpoint; public-table RLS is not the direct boundary, but session/profile authorization Needs Himanshu Verification",src/app/api/google-drive/download/route.ts:19; GET; supabase.auth.getSession(...); No direct Supabase public-table query in this usage; Not applicable,Strong Evidence,Yes,"Run isolated dummy-user auth flow and verify redirects, cookies, profile synchronization, error UI and logout/session restoration",Static source evidence only. No direct Supabase public-table query in this usage. Not applicable. Safety basis: AUDIT_WORKSPACE_SAFETY_CHECKLIST.md; no live connection used.
SBU-040,Documents / Vault,Initialize Supabase client/session boundary,src/app/api/google-drive/upload/route.ts,POST,src/lib/supabase/server.ts,unknown,createClient(...),Supabase project client,Client configuration or imported helper,None - client initialization only,Client context and cookie/session options; exact runtime values not included,No payload argument,No delete operation in this usage,None,None,None,Yes,Not applicable - request scoped,Yes,All upload-capable modules,Probable,Probable,Needs WD Verification,High - client/session construction boundary,Low,Low - no calculation logic in this usage,src/lib/supabase/server.ts,API route,Yes - 29 similar usages across 27 file(s); verify whether shared helper/service should be authoritative,No database table/field literal in this auth/client usage,No direct table/storage permission check in this client initialization; downstream calls determine risk,src/app/api/google-drive/upload/route.ts:16; POST; createClient(...); No direct Supabase public-table query in this usage; Not applicable,Strong Evidence,Yes,WD to confirm this is an approved canonical client path and verify environment/session separation,Static source evidence only. No direct Supabase public-table query in this usage. Not applicable. Safety basis: AUDIT_WORKSPACE_SAFETY_CHECKLIST.md; no live connection used.
SBU-041,Documents / Vault,Authorize Google Drive request,src/app/api/google-drive/upload/route.ts,POST,src/lib/supabase/server.ts,auth,supabase.auth.getSession(...),Supabase Auth,"session, user, access context",None identified,Current browser/server session or cookie context,Not applicable,No delete operation in this usage,None,None,getSession; user/session auth context,Yes,Not applicable - request scoped,Yes,All upload-capable modules,Probable,Probable,Needs WD Verification,"High - session, credential, redirect or user lifecycle behavior",Low,Low - no calculation logic in this usage,src/lib/supabase/server.ts,API route,Yes - 9 similar usages across 9 file(s); verify whether shared helper/service should be authoritative,No database table/field literal in this auth/client usage,"Supabase Auth endpoint; public-table RLS is not the direct boundary, but session/profile authorization Needs Himanshu Verification",src/app/api/google-drive/upload/route.ts:17; POST; supabase.auth.getSession(...); No direct Supabase public-table query in this usage; Not applicable,Strong Evidence,Yes,"Run isolated dummy-user auth flow and verify redirects, cookies, profile synchronization, error UI and logout/session restoration",Static source evidence only. No direct Supabase public-table query in this usage. Not applicable. Safety basis: AUDIT_WORKSPACE_SAFETY_CHECKLIST.md; no live connection used.
SBU-042,Documents / Vault,Initialize Supabase client/session boundary,src/app/api/google-drive/view/route.ts,GET,src/lib/supabase/server.ts,unknown,createClient(...),Supabase project client,Client configuration or imported helper,None - client initialization only,Client context and cookie/session options; exact runtime values not included,No payload argument,No delete operation in this usage,None,None,None,Yes,Not applicable - request scoped,Yes,All upload-capable modules,Probable,Probable,Needs WD Verification,High - client/session construction boundary,Low,Low - no calculation logic in this usage,src/lib/supabase/server.ts,API route,Yes - 29 similar usages across 27 file(s); verify whether shared helper/service should be authoritative,No database table/field literal in this auth/client usage,No direct table/storage permission check in this client initialization; downstream calls determine risk,src/app/api/google-drive/view/route.ts:18; GET; createClient(...); No direct Supabase public-table query in this usage; Not applicable,Strong Evidence,Yes,WD to confirm this is an approved canonical client path and verify environment/session separation,Static source evidence only. No direct Supabase public-table query in this usage. Not applicable. Safety basis: AUDIT_WORKSPACE_SAFETY_CHECKLIST.md; no live connection used.
SBU-043,Documents / Vault,Authorize Google Drive request,src/app/api/google-drive/view/route.ts,GET,src/lib/supabase/server.ts,auth,supabase.auth.getSession(...),Supabase Auth,"session, user, access context",None identified,Current browser/server session or cookie context,Not applicable,No delete operation in this usage,None,None,getSession; user/session auth context,Yes,Not applicable - request scoped,Yes,All upload-capable modules,Probable,Probable,Needs WD Verification,"High - session, credential, redirect or user lifecycle behavior",Low,Low - no calculation logic in this usage,src/lib/supabase/server.ts,API route,Yes - 9 similar usages across 9 file(s); verify whether shared helper/service should be authoritative,No database table/field literal in this auth/client usage,"Supabase Auth endpoint; public-table RLS is not the direct boundary, but session/profile authorization Needs Himanshu Verification",src/app/api/google-drive/view/route.ts:19; GET; supabase.auth.getSession(...); No direct Supabase public-table query in this usage; Not applicable,Strong Evidence,Yes,"Run isolated dummy-user auth flow and verify redirects, cookies, profile synchronization, error UI and logout/session restoration",Static source evidence only. No direct Supabase public-table query in this usage. Not applicable. Safety basis: AUDIT_WORKSPACE_SAFETY_CHECKLIST.md; no live connection used.
SBU-044,Profile / Foundation,Initialize Supabase client/session boundary,src/app/api/profile/route.ts,postHandler,src/lib/supabase/server.ts,unknown,createClient(...),Supabase project client,Client configuration or imported helper,None - client initialization only,Client context and cookie/session options; exact runtime values not included,No payload argument,No delete operation in this usage,None,None,None,Partial,Not applicable - request scoped,Not applicable,Auth; Rin; Raksha; Most user-owned modules,Probable,Probable,Probable,High - client/session construction boundary,Low,Low - no calculation logic in this usage,src/lib/supabase/server.ts,API route,Yes - 29 similar usages across 27 file(s); verify whether shared helper/service should be authoritative,No database table/field literal in this auth/client usage,No direct table/storage permission check in this client initialization; downstream calls determine risk,src/app/api/profile/route.ts:213; postHandler; createClient(...); No direct Supabase public-table query in this usage; Not applicable,Strong Evidence,Yes,WD to confirm this is an approved canonical client path and verify environment/session separation,Static source evidence only. No direct Supabase public-table query in this usage. Not applicable. Safety basis: AUDIT_WORKSPACE_SAFETY_CHECKLIST.md; no live connection used.
SBU-045,Profile / Foundation,Update Supabase Auth user metadata or password,src/app/api/profile/route.ts,postHandler,src/lib/supabase/server.ts,auth,supabase.auth.updateUser(...),Supabase Auth,Supabase Auth response - exact fields Needs WD Verification,password or user metadata supplied by caller,Auth method conditions in caller; Needs WD Verification,{ data: updateData },No delete operation in this usage,None,None,updateUser; user/session auth context,Partial,Not applicable - request scoped,Partial,Auth; Rin; Raksha; Most user-owned modules,Probable,Probable,Probable,"High - session, credential, redirect or user lifecycle behavior",Medium,Low - no calculation logic in this usage,src/lib/supabase/server.ts,API route,Yes - 5 similar usages across 4 file(s); verify whether shared helper/service should be authoritative,No database table/field literal in this auth/client usage,"Supabase Auth endpoint; public-table RLS is not the direct boundary, but session/profile authorization Needs Himanshu Verification",src/app/api/profile/route.ts:218; postHandler; supabase.auth.updateUser(...); No direct Supabase public-table query in this usage; Not applicable,Strong Evidence,Yes,"Run isolated dummy-user auth flow and verify redirects, cookies, profile synchronization, error UI and logout/session restoration",Static source evidence only. No direct Supabase public-table query in this usage. Not applicable. Safety basis: AUDIT_WORKSPACE_SAFETY_CHECKLIST.md; no live connection used.
SBU-046,Authentication,Initialize Supabase client/session boundary,src/components/auth/OAuthFragmentHandler.tsx,OAuthFragmentHandler,src/lib/supabase/client.ts,unknown,createClient(...),Supabase project client,Client configuration or imported helper,None - client initialization only,Client context and cookie/session options; exact runtime values not included,No payload argument,No delete operation in this usage,None,None,None,Partial,No,Yes,Profile / Foundation; Dashboard / Rajya; Protected routes; Documents / Vault,Yes,No,Probable,High - client/session construction boundary,Low,Low - no calculation logic in this usage,src/lib/supabase/client.ts,Direct Supabase call in page/component,Yes - 29 similar usages across 27 file(s); verify whether shared helper/service should be authoritative,No database table/field literal in this auth/client usage,No direct table/storage permission check in this client initialization; downstream calls determine risk,src/components/auth/OAuthFragmentHandler.tsx:9; OAuthFragmentHandler; createClient(...); No direct Supabase public-table query in this usage; Not applicable,Strong Evidence,Yes,WD to confirm this is an approved canonical client path and verify environment/session separation,Static source evidence only. No direct Supabase public-table query in this usage. Not applicable. Safety basis: AUDIT_WORKSPACE_SAFETY_CHECKLIST.md; no live connection used.
SBU-047,Authentication,Create browser session from tokens,src/components/auth/OAuthFragmentHandler.tsx,handleOAuthSession,src/lib/supabase/client.ts,auth,supabase.auth.setSession(...),Supabase Auth,Supabase Auth response - exact fields Needs WD Verification,access token and refresh token session,Auth method conditions in caller; Needs WD Verification,"{ access_token: accessToken, refresh_token: refreshToken, }",No delete operation in this usage,None,None,setSession; user/session auth context,Partial,No,Yes,Profile / Foundation; Dashboard / Rajya; Protected routes; Documents / Vault,Yes,No,Probable,"High - session, credential, redirect or user lifecycle behavior",Medium,Low - no calculation logic in this usage,src/lib/supabase/client.ts,Direct Supabase call in page/component,Yes - 2 similar usages across 2 file(s); verify whether shared helper/service should be authoritative,No database table/field literal in this auth/client usage,"Supabase Auth endpoint; public-table RLS is not the direct boundary, but session/profile authorization Needs Himanshu Verification",src/components/auth/OAuthFragmentHandler.tsx:37; handleOAuthSession; supabase.auth.setSession(...); No direct Supabase public-table query in this usage; Not applicable,Strong Evidence,Yes,"Run isolated dummy-user auth flow and verify redirects, cookies, profile synchronization, error UI and logout/session restoration",Static source evidence only. No direct Supabase public-table query in this usage. Not applicable. Safety basis: AUDIT_WORKSPACE_SAFETY_CHECKLIST.md; no live connection used.
SBU-048,Shared Navigation / Authentication,Initialize Supabase client/session boundary,src/components/layouts/BottomNav.tsx,handleLogout,src/lib/supabase/client.ts,unknown,createClient(...),Supabase project client,Client configuration or imported helper,None - client initialization only,Client context and cookie/session options; exact runtime values not included,No payload argument,No delete operation in this usage,None,None,None,Partial,No,Yes,Profile / Foundation; Dashboard / Rajya; Protected routes; Documents / Vault,Yes,No,Probable,High - client/session construction boundary,Low,Low - no calculation logic in this usage,src/lib/supabase/client.ts,Direct Supabase call in page/component,Yes - 29 similar usages across 27 file(s); verify whether shared helper/service should be authoritative,No database table/field literal in this auth/client usage,No direct table/storage permission check in this client initialization; downstream calls determine risk,src/components/layouts/BottomNav.tsx:61; handleLogout; createClient(...); No direct Supabase public-table query in this usage; Not applicable,Strong Evidence,Yes,WD to confirm this is an approved canonical client path and verify environment/session separation,Static source evidence only. No direct Supabase public-table query in this usage. Not applicable. Safety basis: AUDIT_WORKSPACE_SAFETY_CHECKLIST.md; no live connection used.
SBU-049,Shared Navigation / Authentication,Logout and clear session,src/components/layouts/BottomNav.tsx,handleLogout,src/lib/supabase/client.ts,auth,supabase.auth.signOut(...),Supabase Auth,Supabase Auth response - exact fields Needs WD Verification,session/token revocation,Current browser/server session or cookie context,Not applicable,Revokes/clears current auth session; does not delete application records,None,None,signOut; user/session auth context,Partial,No,Yes,Profile / Foundation; Dashboard / Rajya; Protected routes; Documents / Vault,Yes,No,Probable,"High - session, credential, redirect or user lifecycle behavior",Low,Low - no calculation logic in this usage,src/lib/supabase/client.ts,Direct Supabase call in page/component,Yes - 8 similar usages across 7 file(s); verify whether shared helper/service should be authoritative,No database table/field literal in this auth/client usage,"Supabase Auth endpoint; public-table RLS is not the direct boundary, but session/profile authorization Needs Himanshu Verification",src/components/layouts/BottomNav.tsx:62; handleLogout; supabase.auth.signOut(...); No direct Supabase public-table query in this usage; Not applicable,Strong Evidence,Yes,"Run isolated dummy-user auth flow and verify redirects, cookies, profile synchronization, error UI and logout/session restoration",Static source evidence only. No direct Supabase public-table query in this usage. Not applicable. Safety basis: AUDIT_WORKSPACE_SAFETY_CHECKLIST.md; no live connection used.
SBU-050,Shared Navigation / Authentication,Initialize Supabase client/session boundary,src/components/layouts/DesktopSidebar.tsx,refreshUser,src/lib/supabase/client.ts,unknown,createClient(...),Supabase project client,Client configuration or imported helper,None - client initialization only,Client context and cookie/session options; exact runtime values not included,No payload argument,No delete operation in this usage,None,None,None,Partial,No,Yes,Profile / Foundation; Dashboard / Rajya; Protected routes; Documents / Vault,Yes,No,Probable,High - client/session construction boundary,Low,Low - no calculation logic in this usage,src/lib/supabase/client.ts,Direct Supabase call in page/component,Yes - 29 similar usages across 27 file(s); verify whether shared helper/service should be authoritative,No database table/field literal in this auth/client usage,No direct table/storage permission check in this client initialization; downstream calls determine risk,src/components/layouts/DesktopSidebar.tsx:87; refreshUser; createClient(...); No direct Supabase public-table query in this usage; Not applicable,Strong Evidence,Yes,WD to confirm this is an approved canonical client path and verify environment/session separation,Static source evidence only. No direct Supabase public-table query in this usage. Not applicable. Safety basis: AUDIT_WORKSPACE_SAFETY_CHECKLIST.md; no live connection used.
SBU-051,Shared Navigation / Authentication,Resolve authenticated user,src/components/layouts/DesktopSidebar.tsx,refreshUser,src/lib/supabase/client.ts,auth,supabase.auth.getUser(...),Supabase Auth,authenticated user and user metadata,None identified,Current browser/server session or cookie context,Not applicable,No delete operation in this usage,None,None,getUser; user/session auth context,Partial,No,Yes,Profile / Foundation; Dashboard / Rajya; Protected routes; Documents / Vault,Yes,No,Probable,"High - session, credential, redirect or user lifecycle behavior",Low,Low - no calculation logic in this usage,src/lib/supabase/client.ts,Direct Supabase call in page/component,Yes - 7 similar usages across 6 file(s); verify whether shared helper/service should be authoritative,No database table/field literal in this auth/client usage,"Supabase Auth endpoint; public-table RLS is not the direct boundary, but session/profile authorization Needs Himanshu Verification",src/components/layouts/DesktopSidebar.tsx:88; refreshUser; supabase.auth.getUser(...); No direct Supabase public-table query in this usage; Not applicable,Strong Evidence,Yes,"Run isolated dummy-user auth flow and verify redirects, cookies, profile synchronization, error UI and logout/session restoration",Static source evidence only. No direct Supabase public-table query in this usage. Not applicable. Safety basis: AUDIT_WORKSPACE_SAFETY_CHECKLIST.md; no live connection used.
SBU-052,Shared Navigation / Authentication,Initialize Supabase client/session boundary,src/components/layouts/DesktopSidebar.tsx,handleLogout,src/lib/supabase/client.ts,unknown,createClient(...),Supabase project client,Client configuration or imported helper,None - client initialization only,Client context and cookie/session options; exact runtime values not included,No payload argument,No delete operation in this usage,None,None,None,Partial,No,Yes,Profile / Foundation; Dashboard / Rajya; Protected routes; Documents / Vault,Yes,No,Probable,High - client/session construction boundary,Low,Low - no calculation logic in this usage,src/lib/supabase/client.ts,Direct Supabase call in page/component,Yes - 29 similar usages across 27 file(s); verify whether shared helper/service should be authoritative,No database table/field literal in this auth/client usage,No direct table/storage permission check in this client initialization; downstream calls determine risk,src/components/layouts/DesktopSidebar.tsx:118; handleLogout; createClient(...); No direct Supabase public-table query in this usage; Not applicable,Strong Evidence,Yes,WD to confirm this is an approved canonical client path and verify environment/session separation,Static source evidence only. No direct Supabase public-table query in this usage. Not applicable. Safety basis: AUDIT_WORKSPACE_SAFETY_CHECKLIST.md; no live connection used.
SBU-053,Shared Navigation / Authentication,Logout and clear session,src/components/layouts/DesktopSidebar.tsx,handleLogout,src/lib/supabase/client.ts,auth,supabase.auth.signOut(...),Supabase Auth,Supabase Auth response - exact fields Needs WD Verification,session/token revocation,Current browser/server session or cookie context,Not applicable,Revokes/clears current auth session; does not delete application records,None,None,signOut; user/session auth context,Partial,No,Yes,Profile / Foundation; Dashboard / Rajya; Protected routes; Documents / Vault,Yes,No,Probable,"High - session, credential, redirect or user lifecycle behavior",Low,Low - no calculation logic in this usage,src/lib/supabase/client.ts,Direct Supabase call in page/component,Yes - 8 similar usages across 7 file(s); verify whether shared helper/service should be authoritative,No database table/field literal in this auth/client usage,"Supabase Auth endpoint; public-table RLS is not the direct boundary, but session/profile authorization Needs Himanshu Verification",src/components/layouts/DesktopSidebar.tsx:119; handleLogout; supabase.auth.signOut(...); No direct Supabase public-table query in this usage; Not applicable,Strong Evidence,Yes,"Run isolated dummy-user auth flow and verify redirects, cookies, profile synchronization, error UI and logout/session restoration",Static source evidence only. No direct Supabase public-table query in this usage. Not applicable. Safety basis: AUDIT_WORKSPACE_SAFETY_CHECKLIST.md; no live connection used.
SBU-054,Authentication,Initialize Supabase client/session boundary,src/components/providers/AuthProvider.tsx,AuthProvider,src/lib/supabase/client.ts,unknown,createClient(...),Supabase project client,Client configuration or imported helper,None - client initialization only,Client context and cookie/session options; exact runtime values not included,No payload argument,No delete operation in this usage,None,None,None,Unknown,Yes,Not applicable,Profile / Foundation; Dashboard / Rajya; Protected routes; Documents / Vault,Yes,No,Probable,High - client/session construction boundary,Low,Low - no calculation logic in this usage,src/lib/supabase/client.ts,Direct Supabase call in page/component,Yes - 29 similar usages across 27 file(s); verify whether shared helper/service should be authoritative,No database table/field literal in this auth/client usage,No direct table/storage permission check in this client initialization; downstream calls determine risk,src/components/providers/AuthProvider.tsx:25; AuthProvider; createClient(...); No direct Supabase public-table query in this usage; Not applicable,Strong Evidence,Yes,WD to confirm this is an approved canonical client path and verify environment/session separation,Static source evidence only. No direct Supabase public-table query in this usage. Not applicable. Safety basis: AUDIT_WORKSPACE_SAFETY_CHECKLIST.md; no live connection used.
SBU-055,Authentication,Read or restore current session,src/components/providers/AuthProvider.tsx,AuthProvider,src/lib/supabase/client.ts,auth,supabase.auth.getSession(...),Supabase Auth,"session, user, access context",None identified,Current browser/server session or cookie context,Not applicable,No delete operation in this usage,None,None,getSession; user/session auth context,No,Yes,Partial,Profile / Foundation; Dashboard / Rajya; Protected routes; Documents / Vault,Yes,No,Probable,"High - session, credential, redirect or user lifecycle behavior",Low,Low - no calculation logic in this usage,src/lib/supabase/client.ts,Direct Supabase call in page/component,Yes - 9 similar usages across 9 file(s); verify whether shared helper/service should be authoritative,No database table/field literal in this auth/client usage,"Supabase Auth endpoint; public-table RLS is not the direct boundary, but session/profile authorization Needs Himanshu Verification",src/components/providers/AuthProvider.tsx:29; AuthProvider; supabase.auth.getSession(...); No direct Supabase public-table query in this usage; Not applicable,Strong Evidence,Yes,"Run isolated dummy-user auth flow and verify redirects, cookies, profile synchronization, error UI and logout/session restoration",Static source evidence only. No direct Supabase public-table query in this usage. Not applicable. Safety basis: AUDIT_WORKSPACE_SAFETY_CHECKLIST.md; no live connection used.
SBU-056,Authentication,Restore and monitor auth session,src/components/providers/AuthProvider.tsx,AuthProvider,src/lib/supabase/client.ts,auth,supabase.auth.onAuthStateChange(...),Supabase Auth,auth event and session,None identified,Current browser/server session or cookie context,Not applicable,No delete operation in this usage,None,None,onAuthStateChange; user/session auth context,No,Yes,Partial,Profile / Foundation; Dashboard / Rajya; Protected routes; Documents / Vault,Yes,No,Probable,"High - session, credential, redirect or user lifecycle behavior",Low,Low - no calculation logic in this usage,src/lib/supabase/client.ts,Direct Supabase call in page/component,No duplicate operation found by static operation/resource grouping,No database table/field literal in this auth/client usage,"Supabase Auth endpoint; public-table RLS is not the direct boundary, but session/profile authorization Needs Himanshu Verification",src/components/providers/AuthProvider.tsx:36; AuthProvider; supabase.auth.onAuthStateChange(...); No direct Supabase public-table query in this usage; Not applicable,Strong Evidence,Yes,"Run isolated dummy-user auth flow and verify redirects, cookies, profile synchronization, error UI and logout/session restoration",Static source evidence only. No direct Supabase public-table query in this usage. Not applicable. Safety basis: AUDIT_WORKSPACE_SAFETY_CHECKLIST.md; no live connection used.
SBU-057,Authentication,Logout and clear session,src/components/providers/AuthProvider.tsx,signOut,src/lib/supabase/client.ts,auth,supabase.auth.signOut(...),Supabase Auth,Supabase Auth response - exact fields Needs WD Verification,session/token revocation,Current browser/server session or cookie context,Not applicable,Revokes/clears current auth session; does not delete application records,None,None,signOut; user/session auth context,No,Yes,Partial,Profile / Foundation; Dashboard / Rajya; Protected routes; Documents / Vault,Yes,No,Probable,"High - session, credential, redirect or user lifecycle behavior",Low,Low - no calculation logic in this usage,src/lib/supabase/client.ts,Direct Supabase call in page/component,Yes - 8 similar usages across 7 file(s); verify whether shared helper/service should be authoritative,No database table/field literal in this auth/client usage,"Supabase Auth endpoint; public-table RLS is not the direct boundary, but session/profile authorization Needs Himanshu Verification",src/components/providers/AuthProvider.tsx:48; signOut; supabase.auth.signOut(...); No direct Supabase public-table query in this usage; Not applicable,Strong Evidence,Yes,"Run isolated dummy-user auth flow and verify redirects, cookies, profile synchronization, error UI and logout/session restoration",Static source evidence only. No direct Supabase public-table query in this usage. Not applicable. Safety basis: AUDIT_WORKSPACE_SAFETY_CHECKLIST.md; no live connection used.
SBU-058,Authentication,Initialize Supabase client/session boundary,src/components/shared/AuthSync.tsx,syncUserData,src/lib/supabase/client.ts,unknown,createClient(...),Supabase project client,Client configuration or imported helper,None - client initialization only,Client context and cookie/session options; exact runtime values not included,No payload argument,No delete operation in this usage,None,None,None,Partial,No,Yes,Profile / Foundation; Dashboard / Rajya; Protected routes; Documents / Vault,Yes,No,Probable,High - client/session construction boundary,Low,Low - no calculation logic in this usage,src/lib/supabase/client.ts,Direct Supabase call in page/component,Yes - 29 similar usages across 27 file(s); verify whether shared helper/service should be authoritative,No database table/field literal in this auth/client usage,No direct table/storage permission check in this client initialization; downstream calls determine risk,src/components/shared/AuthSync.tsx:70; syncUserData; createClient(...); No direct Supabase public-table query in this usage; Not applicable,Strong Evidence,Yes,WD to confirm this is an approved canonical client path and verify environment/session separation,Static source evidence only. No direct Supabase public-table query in this usage. Not applicable. Safety basis: AUDIT_WORKSPACE_SAFETY_CHECKLIST.md; no live connection used.
SBU-059,Authentication,Read or restore current session,src/components/shared/AuthSync.tsx,syncUserData,src/lib/supabase/client.ts,auth,supabase.auth.getSession(...),Supabase Auth,"session, user, access context",None identified,Current browser/server session or cookie context,Not applicable,No delete operation in this usage,None,None,getSession; user/session auth context,Partial,No,Yes,Profile / Foundation; Dashboard / Rajya; Protected routes; Documents / Vault,Yes,No,Probable,"High - session, credential, redirect or user lifecycle behavior",Low,Low - no calculation logic in this usage,src/lib/supabase/client.ts,Direct Supabase call in page/component,Yes - 9 similar usages across 9 file(s); verify whether shared helper/service should be authoritative,No database table/field literal in this auth/client usage,"Supabase Auth endpoint; public-table RLS is not the direct boundary, but session/profile authorization Needs Himanshu Verification",src/components/shared/AuthSync.tsx:73; syncUserData; supabase.auth.getSession(...); No direct Supabase public-table query in this usage; Not applicable,Strong Evidence,Yes,"Run isolated dummy-user auth flow and verify redirects, cookies, profile synchronization, error UI and logout/session restoration",Static source evidence only. No direct Supabase public-table query in this usage. Not applicable. Safety basis: AUDIT_WORKSPACE_SAFETY_CHECKLIST.md; no live connection used.
SBU-060,Shared Navigation / Authentication,Initialize Supabase client/session boundary,src/components/shared/GlobalTopRightMenu.tsx,handleLogout,src/lib/supabase/client.ts,unknown,createClient(...),Supabase project client,Client configuration or imported helper,None - client initialization only,Client context and cookie/session options; exact runtime values not included,No payload argument,No delete operation in this usage,None,None,None,Unknown,No,Not applicable,Profile / Foundation; Dashboard / Rajya; Protected routes; Documents / Vault,Yes,No,Probable,High - client/session construction boundary,Low,Low - no calculation logic in this usage,src/lib/supabase/client.ts,Direct Supabase call in page/component,Yes - 29 similar usages across 27 file(s); verify whether shared helper/service should be authoritative,No database table/field literal in this auth/client usage,No direct table/storage permission check in this client initialization; downstream calls determine risk,src/components/shared/GlobalTopRightMenu.tsx:37; handleLogout; createClient(...); No direct Supabase public-table query in this usage; Not applicable,Strong Evidence,Yes,WD to confirm this is an approved canonical client path and verify environment/session separation,Static source evidence only. No direct Supabase public-table query in this usage. Not applicable. Safety basis: AUDIT_WORKSPACE_SAFETY_CHECKLIST.md; no live connection used.
SBU-061,Shared Navigation / Authentication,Logout and clear session,src/components/shared/GlobalTopRightMenu.tsx,handleLogout,src/lib/supabase/client.ts,auth,supabase.auth.signOut(...),Supabase Auth,Supabase Auth response - exact fields Needs WD Verification,session/token revocation,Current browser/server session or cookie context,Not applicable,Revokes/clears current auth session; does not delete application records,None,None,signOut; user/session auth context,No,No,Partial,Profile / Foundation; Dashboard / Rajya; Protected routes; Documents / Vault,Yes,No,Probable,"High - session, credential, redirect or user lifecycle behavior",Low,Low - no calculation logic in this usage,src/lib/supabase/client.ts,Direct Supabase call in page/component,Yes - 8 similar usages across 7 file(s); verify whether shared helper/service should be authoritative,No database table/field literal in this auth/client usage,"Supabase Auth endpoint; public-table RLS is not the direct boundary, but session/profile authorization Needs Himanshu Verification",src/components/shared/GlobalTopRightMenu.tsx:38; handleLogout; supabase.auth.signOut(...); No direct Supabase public-table query in this usage; Not applicable,Strong Evidence,Yes,"Run isolated dummy-user auth flow and verify redirects, cookies, profile synchronization, error UI and logout/session restoration",Static source evidence only. No direct Supabase public-table query in this usage. Not applicable. Safety basis: AUDIT_WORKSPACE_SAFETY_CHECKLIST.md; no live connection used.
SBU-062,Shared Navigation / Authentication,Initialize Supabase client/session boundary,src/components/shared/UserAvatar.tsx,fetchUser,src/lib/supabase/client.ts,unknown,createClient(...),Supabase project client,Client configuration or imported helper,None - client initialization only,Client context and cookie/session options; exact runtime values not included,No payload argument,No delete operation in this usage,None,None,None,Unknown,Yes,Not applicable,Profile / Foundation; Dashboard / Rajya; Protected routes; Documents / Vault,Yes,No,Probable,High - client/session construction boundary,Low,Low - no calculation logic in this usage,src/lib/supabase/client.ts,Direct Supabase call in page/component,Yes - 29 similar usages across 27 file(s); verify whether shared helper/service should be authoritative,No database table/field literal in this auth/client usage,No direct table/storage permission check in this client initialization; downstream calls determine risk,src/components/shared/UserAvatar.tsx:43; fetchUser; createClient(...); No direct Supabase public-table query in this usage; Not applicable,Strong Evidence,Yes,WD to confirm this is an approved canonical client path and verify environment/session separation,Static source evidence only. No direct Supabase public-table query in this usage. Not applicable. Safety basis: AUDIT_WORKSPACE_SAFETY_CHECKLIST.md; no live connection used.
SBU-063,Shared Navigation / Authentication,Resolve authenticated user,src/components/shared/UserAvatar.tsx,fetchUser,src/lib/supabase/client.ts,auth,supabase.auth.getUser(...),Supabase Auth,authenticated user and user metadata,None identified,Current browser/server session or cookie context,Not applicable,No delete operation in this usage,None,None,getUser; user/session auth context,No,Yes,Partial,Profile / Foundation; Dashboard / Rajya; Protected routes; Documents / Vault,Yes,No,Probable,"High - session, credential, redirect or user lifecycle behavior",Low,Low - no calculation logic in this usage,src/lib/supabase/client.ts,Direct Supabase call in page/component,Yes - 7 similar usages across 6 file(s); verify whether shared helper/service should be authoritative,No database table/field literal in this auth/client usage,"Supabase Auth endpoint; public-table RLS is not the direct boundary, but session/profile authorization Needs Himanshu Verification",src/components/shared/UserAvatar.tsx:44; fetchUser; supabase.auth.getUser(...); No direct Supabase public-table query in this usage; Not applicable,Strong Evidence,Yes,"Run isolated dummy-user auth flow and verify redirects, cookies, profile synchronization, error UI and logout/session restoration",Static source evidence only. No direct Supabase public-table query in this usage. Not applicable. Safety basis: AUDIT_WORKSPACE_SAFETY_CHECKLIST.md; no live connection used.
SBU-064,Shared Navigation / Authentication,Initialize Supabase client/session boundary,src/components/ui/GlobalTopRightMenu.tsx,handleLogout,src/lib/supabase/client.ts,unknown,createClient(...),Supabase project client,Client configuration or imported helper,None - client initialization only,Client context and cookie/session options; exact runtime values not included,No payload argument,No delete operation in this usage,None,None,None,Unknown,No,Not applicable,Profile / Foundation; Dashboard / Rajya; Protected routes; Documents / Vault,Yes,No,Probable,High - client/session construction boundary,Low,Low - no calculation logic in this usage,src/lib/supabase/client.ts,Direct Supabase call in page/component,Yes - 29 similar usages across 27 file(s); verify whether shared helper/service should be authoritative,No database table/field literal in this auth/client usage,No direct table/storage permission check in this client initialization; downstream calls determine risk,src/components/ui/GlobalTopRightMenu.tsx:31; handleLogout; createClient(...); No direct Supabase public-table query in this usage; Not applicable,Strong Evidence,Yes,WD to confirm this is an approved canonical client path and verify environment/session separation,Static source evidence only. No direct Supabase public-table query in this usage. Not applicable. Safety basis: AUDIT_WORKSPACE_SAFETY_CHECKLIST.md; no live connection used.
SBU-065,Shared Navigation / Authentication,Logout and clear session,src/components/ui/GlobalTopRightMenu.tsx,handleLogout,src/lib/supabase/client.ts,auth,supabase.auth.signOut(...),Supabase Auth,Supabase Auth response - exact fields Needs WD Verification,session/token revocation,Current browser/server session or cookie context,Not applicable,Revokes/clears current auth session; does not delete application records,None,None,signOut; user/session auth context,No,No,Partial,Profile / Foundation; Dashboard / Rajya; Protected routes; Documents / Vault,Yes,No,Probable,"High - session, credential, redirect or user lifecycle behavior",Low,Low - no calculation logic in this usage,src/lib/supabase/client.ts,Direct Supabase call in page/component,Yes - 8 similar usages across 7 file(s); verify whether shared helper/service should be authoritative,No database table/field literal in this auth/client usage,"Supabase Auth endpoint; public-table RLS is not the direct boundary, but session/profile authorization Needs Himanshu Verification",src/components/ui/GlobalTopRightMenu.tsx:32; handleLogout; supabase.auth.signOut(...); No direct Supabase public-table query in this usage; Not applicable,Strong Evidence,Yes,"Run isolated dummy-user auth flow and verify redirects, cookies, profile synchronization, error UI and logout/session restoration",Static source evidence only. No direct Supabase public-table query in this usage. Not applicable. Safety basis: AUDIT_WORKSPACE_SAFETY_CHECKLIST.md; no live connection used.
SBU-066,Documents / Vault,Initialize Supabase client/session boundary,src/components/vault/FileUploader.tsx,FileUploader,src/lib/supabase/client.ts,unknown,createClient(...),Supabase project client,Client configuration or imported helper,None - client initialization only,Client context and cookie/session options; exact runtime values not included,No payload argument,No delete operation in this usage,None,None,None,Yes,No,Not applicable,All upload-capable modules,Probable,Probable,Needs WD Verification,High - client/session construction boundary,Low,Low - no calculation logic in this usage,src/lib/supabase/client.ts,Direct Supabase call in page/component,Yes - 29 similar usages across 27 file(s); verify whether shared helper/service should be authoritative,No database table/field literal in this auth/client usage,No direct table/storage permission check in this client initialization; downstream calls determine risk,src/components/vault/FileUploader.tsx:58; FileUploader; createClient(...); No direct Supabase public-table query in this usage; Not applicable,Strong Evidence,Yes,WD to confirm this is an approved canonical client path and verify environment/session separation,Static source evidence only. No direct Supabase public-table query in this usage. Not applicable. Safety basis: AUDIT_WORKSPACE_SAFETY_CHECKLIST.md; no live connection used.
SBU-067,Documents / Vault,Resolve authenticated user,src/components/vault/FileUploader.tsx,handleFile,src/lib/supabase/client.ts,auth,supabase.auth.getUser(...),Supabase Auth,authenticated user and user metadata,None identified,Current browser/server session or cookie context,Not applicable,No delete operation in this usage,None,None,getUser; user/session auth context,Yes,No,Partial,All upload-capable modules,Probable,Probable,Needs WD Verification,"High - session, credential, redirect or user lifecycle behavior",Low,Low - no calculation logic in this usage,src/lib/supabase/client.ts,Direct Supabase call in page/component,Yes - 7 similar usages across 6 file(s); verify whether shared helper/service should be authoritative,No database table/field literal in this auth/client usage,"Supabase Auth endpoint; public-table RLS is not the direct boundary, but session/profile authorization Needs Himanshu Verification",src/components/vault/FileUploader.tsx:123; handleFile; supabase.auth.getUser(...); No direct Supabase public-table query in this usage; Not applicable,Strong Evidence,Yes,"Run isolated dummy-user auth flow and verify redirects, cookies, profile synchronization, error UI and logout/session restoration",Static source evidence only. No direct Supabase public-table query in this usage. Not applicable. Safety basis: AUDIT_WORKSPACE_SAFETY_CHECKLIST.md; no live connection used.
SBU-068,Documents / Vault,Document upload and URL retrieval,src/components/vault/FileUploader.tsx,handleFile,src/lib/supabase/client.ts,storage-upload,supabase.storage.from(folder).upload(...),storage bucket: folder,None identified,storage object path and file bytes/options,"Bucket folder; object/path argument filePath, file","filePath, file",No delete operation in this usage,None,folder - runtime variable; Needs WD Verification,None,Yes,No,Partial,All upload-capable modules,Probable,Probable,Yes,High - authenticated bucket access and object ownership policy,Medium,Low - no calculation logic in this usage,src/lib/supabase/client.ts,Direct Supabase call in page/component,No duplicate operation found by static operation/resource grouping,No literal resource; runtime value folder Needs WD Verification,Supplied storage policy checks authenticated role but no per-user object ownership condition is visible - Needs Himanshu Verification,src/components/vault/FileUploader.tsx:130; handleFile; supabase.storage.from(folder).upload(...); No direct Supabase public-table query in this usage; Runtime bucket variable cannot be cross-checked statically,Strong Evidence,Yes,"Verify bucket RLS, per-user object paths, metadata creation, failure cleanup and delete rollback with dummy files",Static source evidence only. No direct Supabase public-table query in this usage. Runtime bucket variable cannot be cross-checked statically. Safety basis: AUDIT_WORKSPACE_SAFETY_CHECKLIST.md; no live connection used.
SBU-069,Documents / Vault,Document upload and URL retrieval,src/components/vault/FileUploader.tsx,handleFile,src/lib/supabase/client.ts,storage-download,supabase.storage.from(folder).getPublicUrl(...),storage bucket: folder,storage object path and returned URL/object metadata,None identified,Bucket folder; object/path argument filePath,Not applicable,No delete operation in this usage,None,folder - runtime variable; Needs WD Verification,None,Yes,No,Partial,All upload-capable modules,Probable,Probable,Yes,High - authenticated bucket access and object ownership policy,Low,Low - no calculation logic in this usage,src/lib/supabase/client.ts,Direct Supabase call in page/component,No duplicate operation found by static operation/resource grouping,No literal resource; runtime value folder Needs WD Verification,Supplied storage policy checks authenticated role but no per-user object ownership condition is visible - Needs Himanshu Verification,src/components/vault/FileUploader.tsx:136; handleFile; supabase.storage.from(folder).getPublicUrl(...); No direct Supabase public-table query in this usage; Runtime bucket variable cannot be cross-checked statically,Strong Evidence,Yes,"Verify bucket RLS, per-user object paths, metadata creation, failure cleanup and delete rollback with dummy files",Static source evidence only. No direct Supabase public-table query in this usage. Runtime bucket variable cannot be cross-checked statically. Safety basis: AUDIT_WORKSPACE_SAFETY_CHECKLIST.md; no live connection used.
SBU-070,Authentication,Initialize Supabase client/session boundary,src/lib/middleware/auth.middleware.ts,withAuth,src/lib/supabase/server.ts,unknown,createClient(...),Supabase project client,Client configuration or imported helper,None - client initialization only,Client context and cookie/session options; exact runtime values not included,No payload argument,No delete operation in this usage,None,None,None,Partial,No,Not applicable,Profile / Foundation; Dashboard / Rajya; Protected routes; Documents / Vault,Yes,No,Probable,High - client/session construction boundary,Low,Low - no calculation logic in this usage,src/lib/supabase/server.ts,Unknown,Yes - 29 similar usages across 27 file(s); verify whether shared helper/service should be authoritative,No database table/field literal in this auth/client usage,No direct table/storage permission check in this client initialization; downstream calls determine risk,src/lib/middleware/auth.middleware.ts:55; withAuth; createClient(...); No direct Supabase public-table query in this usage; Not applicable,Strong Evidence,Yes,WD to confirm this is an approved canonical client path and verify environment/session separation,Static source evidence only. No direct Supabase public-table query in this usage. Not applicable. Safety basis: AUDIT_WORKSPACE_SAFETY_CHECKLIST.md; no live connection used.
SBU-071,Authentication,Resolve authenticated user,src/lib/middleware/auth.middleware.ts,withAuth,src/lib/supabase/server.ts,auth,supabase.auth.getUser(...),Supabase Auth,authenticated user and user metadata,None identified,Current browser/server session or cookie context,Not applicable,No delete operation in this usage,None,None,getUser; user/session auth context,Partial,No,Partial,Profile / Foundation; Dashboard / Rajya; Protected routes; Documents / Vault,Yes,No,Probable,"High - session, credential, redirect or user lifecycle behavior",Low,Low - no calculation logic in this usage,src/lib/supabase/server.ts,Unknown,Yes - 7 similar usages across 6 file(s); verify whether shared helper/service should be authoritative,No database table/field literal in this auth/client usage,"Supabase Auth endpoint; public-table RLS is not the direct boundary, but session/profile authorization Needs Himanshu Verification",src/lib/middleware/auth.middleware.ts:58; withAuth; supabase.auth.getUser(...); No direct Supabase public-table query in this usage; Not applicable,Strong Evidence,Yes,"Run isolated dummy-user auth flow and verify redirects, cookies, profile synchronization, error UI and logout/session restoration",Static source evidence only. No direct Supabase public-table query in this usage. Not applicable. Safety basis: AUDIT_WORKSPACE_SAFETY_CHECKLIST.md; no live connection used.
SBU-072,Profile / Foundation,Initialize Supabase client/session boundary,src/lib/services/userService.ts,Inline or module-scope call - Needs WD Verification,Direct @supabase/supabase-js createClient in src/lib/services/userService.ts,unknown,createClient(...),Supabase project client,Client configuration or imported helper,None - client initialization only,Client context and cookie/session options; exact runtime values not included,"supabaseUrl, supabaseServiceKey, { auth: { autoRefreshToken: false, persistSession: false } }",No delete operation in this usage,None,None,None,Yes,No,Not applicable,Auth; Rin; Raksha; Most user-owned modules,Probable,Probable,Probable,High - administrative auth client and service-role boundary,Low,Low - no calculation logic in this usage,src/lib/services/userService.ts,Service layer,Yes - 29 similar usages across 27 file(s); verify whether shared helper/service should be authoritative,No database table/field literal in this auth/client usage,Administrative/service-role boundary can bypass RLS; authorization and key isolation Need Himanshu/Harsh Verification,src/lib/services/userService.ts:174; Inline or module-scope call - Needs WD Verification; createClient(...); No direct Supabase public-table query in this usage; Not applicable,Strong Evidence,Yes,"Himanshu/Harsh to verify server-only authorization, service-role key isolation and audit logging",Static source evidence only. No direct Supabase public-table query in this usage. Not applicable. Safety basis: AUDIT_WORKSPACE_SAFETY_CHECKLIST.md; no live connection used.
SBU-073,Profile / Foundation,Read Supabase Auth user metadata,src/lib/services/userService.ts,Inline or module-scope call - Needs WD Verification,Direct @supabase/supabase-js createClient in src/lib/services/userService.ts,auth,supabaseAdmin.auth.admin.getUserById(...),Supabase Auth,"user id, email, user metadata",None identified,Auth user ID argument: user.id,Not applicable,No delete operation in this usage,None,None,getUserById; admin auth context,Yes,No,Partial,Auth; Rin; Raksha; Most user-owned modules,Probable,Probable,Probable,High - administrative auth client and service-role boundary,Low,Low - no calculation logic in this usage,src/lib/services/userService.ts,Service layer,No duplicate operation found by static operation/resource grouping,No database table/field literal in this auth/client usage,Administrative/service-role boundary can bypass RLS; authorization and key isolation Need Himanshu/Harsh Verification,src/lib/services/userService.ts:191; Inline or module-scope call - Needs WD Verification; supabaseAdmin.auth.admin.getUserById(...); No direct Supabase public-table query in this usage; Not applicable,Strong Evidence,Yes,"Himanshu/Harsh to verify server-only authorization, service-role key isolation and audit logging",Static source evidence only. No direct Supabase public-table query in this usage. Not applicable. Safety basis: AUDIT_WORKSPACE_SAFETY_CHECKLIST.md; no live connection used.
SBU-074,Profile / Foundation,Synchronize Supabase Auth user metadata,src/lib/services/userService.ts,Inline or module-scope call - Needs WD Verification,Direct @supabase/supabase-js createClient in src/lib/services/userService.ts,auth,supabaseAdmin.auth.admin.updateUserById(...),Supabase Auth,Supabase Auth response - exact fields Needs WD Verification,auth user metadata,"Auth user ID argument: user.id, updateData","user.id, updateData",No delete operation in this usage,None,None,updateUserById; admin auth context,Yes,No,Partial,Auth; Rin; Raksha; Most user-owned modules,Probable,Probable,Probable,High - administrative auth client and service-role boundary,Medium,Low - no calculation logic in this usage,src/lib/services/userService.ts,Service layer,No duplicate operation found by static operation/resource grouping,No database table/field literal in this auth/client usage,Administrative/service-role boundary can bypass RLS; authorization and key isolation Need Himanshu/Harsh Verification,src/lib/services/userService.ts:196; Inline or module-scope call - Needs WD Verification; supabaseAdmin.auth.admin.updateUserById(...); No direct Supabase public-table query in this usage; Not applicable,Strong Evidence,Yes,"Himanshu/Harsh to verify server-only authorization, service-role key isolation and audit logging",Static source evidence only. No direct Supabase public-table query in this usage. Not applicable. Safety basis: AUDIT_WORKSPACE_SAFETY_CHECKLIST.md; no live connection used.
SBU-075,Profile / Foundation,Initialize Supabase client/session boundary,src/lib/services/userService.ts,Inline or module-scope call - Needs WD Verification,Direct @supabase/supabase-js createClient in src/lib/services/userService.ts,unknown,createClient(...),Supabase project client,Client configuration or imported helper,None - client initialization only,Client context and cookie/session options; exact runtime values not included,"supabaseUrl, supabaseServiceKey, { auth: { autoRefreshToken: false, persistSession: false } }",No delete operation in this usage,None,None,None,Yes,No,Not applicable,Auth; Rin; Raksha; Most user-owned modules,Probable,Probable,Probable,High - administrative auth client and service-role boundary,Low,Low - no calculation logic in this usage,src/lib/services/userService.ts,Service layer,Yes - 29 similar usages across 27 file(s); verify whether shared helper/service should be authoritative,No database table/field literal in this auth/client usage,Administrative/service-role boundary can bypass RLS; authorization and key isolation Need Himanshu/Harsh Verification,src/lib/services/userService.ts:220; Inline or module-scope call - Needs WD Verification; createClient(...); No direct Supabase public-table query in this usage; Not applicable,Strong Evidence,Yes,"Himanshu/Harsh to verify server-only authorization, service-role key isolation and audit logging",Static source evidence only. No direct Supabase public-table query in this usage. Not applicable. Safety basis: AUDIT_WORKSPACE_SAFETY_CHECKLIST.md; no live connection used.
SBU-076,Profile / Foundation,Delete Supabase Auth user,src/lib/services/userService.ts,Inline or module-scope call - Needs WD Verification,Direct @supabase/supabase-js createClient in src/lib/services/userService.ts,auth,supabaseAdmin.auth.admin.deleteUser(...),Supabase Auth,Supabase Auth response - exact fields Needs WD Verification,auth user record,Auth method conditions in caller; Needs WD Verification,Not applicable,Deletes Supabase Auth user identified by id; downstream Prisma/data cleanup requires WD verification,None,None,deleteUser; admin auth context,Yes,No,Partial,Auth; Rin; Raksha; Most user-owned modules,Probable,Probable,Probable,High - administrative auth client and service-role boundary,High,Low - no calculation logic in this usage,src/lib/services/userService.ts,Service layer,No duplicate operation found by static operation/resource grouping,No database table/field literal in this auth/client usage,Administrative/service-role boundary can bypass RLS; authorization and key isolation Need Himanshu/Harsh Verification,src/lib/services/userService.ts:227; Inline or module-scope call - Needs WD Verification; supabaseAdmin.auth.admin.deleteUser(...); No direct Supabase public-table query in this usage; Not applicable,Strong Evidence,Yes,"Himanshu/Harsh to verify server-only authorization, service-role key isolation and audit logging",Static source evidence only. No direct Supabase public-table query in this usage. Not applicable. Safety basis: AUDIT_WORKSPACE_SAFETY_CHECKLIST.md; no live connection used.
SBU-077,Authentication,Initialize Supabase client/session boundary,src/lib/supabase/client.ts,createClient,src/lib/supabase/client.ts,unknown,createBrowserClient(...),Supabase project client,NEXT_PUBLIC_SUPABASE_URL; NEXT_PUBLIC_SUPABASE_ANON_KEY; cookie context for server client where applicable,None - client initialization only,Client context and cookie/session options; exact runtime values not included,"process.env.NEXT_PUBLIC_SUPABASE_URL!, process.env.NEXT_PUBLIC_SUPABASE_ANON_KEY!",No delete operation in this usage,None,None,None,Unknown,No,Not applicable,Profile / Foundation; Dashboard / Rajya; Protected routes; Documents / Vault,Yes,No,Probable,High - client/session construction boundary,Low,Low - no calculation logic in this usage,src/lib/supabase/client.ts,Unknown,No duplicate operation found by static operation/resource grouping,No database table/field literal in this auth/client usage,No direct table/storage permission check in this client initialization; downstream calls determine risk,src/lib/supabase/client.ts:4; createClient; createBrowserClient(...); No direct Supabase public-table query in this usage; Not applicable,Strong Evidence,Yes,WD to confirm this is an approved canonical client path and verify environment/session separation,Static source evidence only. No direct Supabase public-table query in this usage. Not applicable. Safety basis: AUDIT_WORKSPACE_SAFETY_CHECKLIST.md; no live connection used.
SBU-078,Authentication,Initialize Supabase client/session boundary,src/lib/supabase/middleware.ts,updateSession,src/lib/supabase/middleware.ts,unknown,createServerClient(...),Supabase project client,NEXT_PUBLIC_SUPABASE_URL; NEXT_PUBLIC_SUPABASE_ANON_KEY; cookie context for server client where applicable,None - client initialization only,Client context and cookie/session options; exact runtime values not included,"process.env.NEXT_PUBLIC_SUPABASE_URL!, process.env.NEXT_PUBLIC_SUPABASE_ANON_KEY!, { cookies: { getAll() { return request.cookies.getAll() }, setAll(cookiesToSet) { cookiesToSet.forEach(({ name, value }) => request.cookies.set(name, value)) supabaseResponse = ",No delete operation in this usage,None,None,None,Unknown,No,Not applicable,Profile / Foundation; Dashboard / Rajya; Protected routes; Documents / Vault,Yes,No,Probable,High - client/session construction boundary,Low,Low - no calculation logic in this usage,src/lib/supabase/middleware.ts,Unknown,Yes - 2 similar usages across 2 file(s); verify whether shared helper/service should be authoritative,No database table/field literal in this auth/client usage,No direct table/storage permission check in this client initialization; downstream calls determine risk,src/lib/supabase/middleware.ts:9; updateSession; createServerClient(...); No direct Supabase public-table query in this usage; Not applicable,Strong Evidence,Yes,WD to confirm this is an approved canonical client path and verify environment/session separation,Static source evidence only. No direct Supabase public-table query in this usage. Not applicable. Safety basis: AUDIT_WORKSPACE_SAFETY_CHECKLIST.md; no live connection used.
SBU-079,Authentication,Resolve authenticated user,src/lib/supabase/middleware.ts,setAll,src/lib/supabase/middleware.ts,auth,supabase.auth.getUser(...),Supabase Auth,authenticated user and user metadata,None identified,Current browser/server session or cookie context,Not applicable,No delete operation in this usage,None,None,getUser; user/session auth context,No,No,Partial,Profile / Foundation; Dashboard / Rajya; Protected routes; Documents / Vault,Yes,No,Probable,"High - session, credential, redirect or user lifecycle behavior",Low,Low - no calculation logic in this usage,src/lib/supabase/middleware.ts,Unknown,Yes - 7 similar usages across 6 file(s); verify whether shared helper/service should be authoritative,No database table/field literal in this auth/client usage,"Supabase Auth endpoint; public-table RLS is not the direct boundary, but session/profile authorization Needs Himanshu Verification",src/lib/supabase/middleware.ts:31; setAll; supabase.auth.getUser(...); No direct Supabase public-table query in this usage; Not applicable,Strong Evidence,Yes,"Run isolated dummy-user auth flow and verify redirects, cookies, profile synchronization, error UI and logout/session restoration",Static source evidence only. No direct Supabase public-table query in this usage. Not applicable. Safety basis: AUDIT_WORKSPACE_SAFETY_CHECKLIST.md; no live connection used.
SBU-080,Authentication,Resolve authenticated user,src/lib/supabase/middleware.ts,setAll,src/lib/supabase/middleware.ts,auth,supabase.auth.getUser(...),Supabase Auth,authenticated user and user metadata,None identified,Current browser/server session or cookie context,Not applicable,No delete operation in this usage,None,None,getUser; user/session auth context,No,No,Partial,Profile / Foundation; Dashboard / Rajya; Protected routes; Documents / Vault,Yes,No,Probable,"High - session, credential, redirect or user lifecycle behavior",Low,Low - no calculation logic in this usage,src/lib/supabase/middleware.ts,Unknown,Yes - 7 similar usages across 6 file(s); verify whether shared helper/service should be authoritative,No database table/field literal in this auth/client usage,"Supabase Auth endpoint; public-table RLS is not the direct boundary, but session/profile authorization Needs Himanshu Verification",src/lib/supabase/middleware.ts:35; setAll; supabase.auth.getUser(...); No direct Supabase public-table query in this usage; Not applicable,Strong Evidence,Yes,"Run isolated dummy-user auth flow and verify redirects, cookies, profile synchronization, error UI and logout/session restoration",Static source evidence only. No direct Supabase public-table query in this usage. Not applicable. Safety basis: AUDIT_WORKSPACE_SAFETY_CHECKLIST.md; no live connection used.
SBU-081,Authentication,Initialize Supabase client/session boundary,src/lib/supabase/server.ts,createClient,src/lib/supabase/server.ts,unknown,createServerClient(...),Supabase project client,NEXT_PUBLIC_SUPABASE_URL; NEXT_PUBLIC_SUPABASE_ANON_KEY; cookie context for server client where applicable,None - client initialization only,Client context and cookie/session options; exact runtime values not included,"process.env.NEXT_PUBLIC_SUPABASE_URL!, process.env.NEXT_PUBLIC_SUPABASE_ANON_KEY!, { cookies: { getAll() { return cookieStore.getAll() }, setAll(cookiesToSet) { try { cookiesToSet.forEach(({ name, value, options }) => cookieStore.set(name, value, options) ) } ",No delete operation in this usage,None,None,None,Unknown,No,Not applicable,Profile / Foundation; Dashboard / Rajya; Protected routes; Documents / Vault,Yes,No,Probable,High - client/session construction boundary,Low,Low - no calculation logic in this usage,src/lib/supabase/server.ts,Unknown,Yes - 2 similar usages across 2 file(s); verify whether shared helper/service should be authoritative,No database table/field literal in this auth/client usage,No direct table/storage permission check in this client initialization; downstream calls determine risk,src/lib/supabase/server.ts:7; createClient; createServerClient(...); No direct Supabase public-table query in this usage; Not applicable,Strong Evidence,Yes,WD to confirm this is an approved canonical client path and verify environment/session separation,Static source evidence only. No direct Supabase public-table query in this usage. Not applicable. Safety basis: AUDIT_WORKSPACE_SAFETY_CHECKLIST.md; no live connection used.
